y_true,y_pred,y_proba_pathogenic
0,0,0.007831837462694271
0,0,0.0035418333307745903
0,0,0.004840431656893243
1,1,0.9990270822601857
1,1,0.9990900995514294
0,0,0.004852351240449784
1,1,0.7088974509439397
0,1,0.6745695145603641
0,0,0.005116807582607593
1,1,0.9989114103816171
1,1,0.7928580801076681
1,1,0.6671489290215294
0,1,0.6643392139767924
0,0,0.0037005861203737635
0,0,0.006784373777507189
1,1,0.6647513308834937
1,1,0.9992515782918919
0,0,0.0033631143699656522
1,1,0.9986169408835442
1,1,0.6660055092850385
1,1,0.7532488030779672
1,1,0.998625635242814
1,1,0.9984175640047304
1,1,0.9990923994623998
1,1,0.5701549631072835
0,0,0.0046334343136115235
1,1,0.998468068271592
1,1,0.9987876460696162
1,1,0.9989490273607359
1,1,0.9972546966292367
1,1,0.7111956700620125
0,0,0.008976657340932464
0,0,0.006459872141255148
1,1,0.7211165045746325
0,0,0.00319879707937097
0,0,0.006288417499557777
1,1,0.9991032040468841
0,0,0.0032875752786927885
1,1,0.9994228138355594
1,1,0.9993838794970757
1,1,0.9983823745166451
1,1,0.9987921380630869
0,0,0.0032928388757818513
0,0,0.010265941571293624
0,1,0.5816295868147194
0,0,0.0035627845362651363
1,1,0.9991721515646328
0,1,0.7893156467187993
1,1,0.9984052419033757
0,0,0.002829363841281632
0,0,0.005443168108500636
0,0,0.005689658914980667
1,1,0.9986450913568251
0,0,0.005970404335565784
0,0,0.0049327203004594965
0,0,0.00678727337663366
0,0,0.005817247071815865
0,0,0.003155122245123322
0,0,0.0071048210551202225
1,1,0.9991684298849947
0,0,0.00484910405168744
0,0,0.005280276440244491
1,1,0.9989354829035616
0,0,0.007008047126361064
0,0,0.007791790468453622
0,0,0.005338574797180203
0,0,0.0028145572197417258
0,0,0.006922440228120423
1,1,0.7647634388090991
1,1,0.9976360146611536
0,0,0.005015948757812535
0,0,0.01026944197694865
1,1,0.6685982453931462
1,1,0.8539770756549224
1,1,0.9990912880730595
0,0,0.006735725226195149
0,0,0.005205956712633405
0,0,0.008144811637812513
0,0,0.00792597599621038
0,0,0.03764516930112917
1,1,0.9976784536002226
1,1,0.8223079915059192
1,1,0.9983867404581255
0,0,0.003218639684359556
0,1,0.7216023073306608
1,1,0.7389171483912611
1,1,0.9988058970094721
1,1,0.9986297021457778
0,0,0.005104719776715352
1,1,0.9985804146881522
0,0,0.005006412914238064
0,1,0.7158710280899685
0,0,0.002650973830318104
1,1,0.8528143599847547
0,0,0.007142762862710541
1,1,0.9986517176229882
0,0,0.010521838215307644
1,1,0.9310339689668627
0,0,0.004536785947551101
0,1,0.7296862514332859
1,1,0.6917127388516233
1,1,0.9988875690798712
0,1,0.7058241901872321
1,1,0.6721176547605356
1,1,0.9988984027288796
0,0,0.007770401560373584
1,1,0.7629837651758863
0,0,0.19874394753813665
0,0,0.005009430095580639
1,1,0.6736119178954063
0,0,0.004223198173822596
0,0,0.008362649501741917
0,1,0.7377038350064291
0,0,0.006251510793227548
0,0,0.004981003832411083
1,1,0.9988623922880083
0,0,0.0068945722965995755
1,1,0.7053248322850951
1,1,0.9977850934159578
1,1,0.9958968711884449
1,1,0.773762306287189
0,0,0.01392503173436743
0,0,0.006547133381989634
1,1,0.9984345915361399
1,1,0.7533763711035214
0,1,0.8150387346782954
0,0,0.005983111577199212
0,0,0.002682145466528872
0,0,0.005285590099950532
0,0,0.0359255367637063
1,1,0.7152749781309425
1,1,0.9991014005546647
0,0,0.005368199625387827
1,1,0.9984023815347746
0,0,0.00659440920023428
0,0,0.00463453528670944
1,1,0.7530500575599615
0,0,0.009344480581664791
1,1,0.9991359136178548
0,0,0.0026257467193619806
0,0,0.009081558054879507
0,0,0.0039641689206093575
1,1,0.7356096816595409
1,1,0.99868940511288
1,1,0.9991708118683532
1,1,0.9989034207408333
0,0,0.051996288710737505
1,1,0.9973175122818189
1,1,0.9993364639070338
1,1,0.9974131080144418
1,1,0.9991134273846377
0,0,0.0030867486829526656
1,1,0.7413569645368663
1,1,0.9982963405718279
0,0,0.0052897386573750056
0,0,0.0077466887090595765
0,0,0.007005404019249541
0,1,0.6756808674461653
0,0,0.005253049122437962
1,1,0.9985430567635469
1,1,0.9987892331216766
1,1,0.6812976497778074
0,0,0.007326606058382681
1,1,0.7037737283796863
1,1,0.7067020895547361
1,1,0.8126611831058156
0,0,0.005998155925099499
0,0,0.006787602467898719
1,1,0.9984825489374136
1,1,0.7273684548076003
1,1,0.8000730072067314
1,1,0.7523675257928795
0,0,0.005270673508923069
1,1,0.9987270598453357
1,1,0.9977555679039363
0,0,0.004336465536882253
0,0,0.004796779298189704
0,0,0.006992094114947349
0,0,0.005370895939225845
0,1,0.7237022761082624
1,1,0.8299698350775713
1,1,0.9365853957931839
0,0,0.010570790628573773
0,0,0.0065218542255986445
1,1,0.5316439915102379
0,0,0.005106624166568651
1,1,0.9962211790085875
0,0,0.011599695755628407
0,0,0.004495620883299378
1,1,0.7312728279898024
0,0,0.008695666065106591
0,0,0.005967713593675261
0,0,0.006317602830147042
0,0,0.005979933839127742
0,0,0.006700362903034812
0,1,0.7401528955268686
0,0,0.005227819983916066
1,1,0.9990579408055446
0,1,0.9982999602190008
1,1,0.9983716465918183
0,0,0.008577943386026172
0,1,0.6288186939531673
1,1,0.7297045933830706
1,1,0.9983834689611957
1,1,0.6817028565937331
1,1,0.997758286548533
1,1,0.9991250592419012
0,0,0.0385649522682564
1,1,0.9987419095163529
1,1,0.6549962622151971
0,0,0.006826422992109256
1,1,0.998542550808203
1,1,0.9984077887710868
0,0,0.0026918654840789175
1,1,0.8305903620397551
0,0,0.004841631798466779
0,1,0.6681773395801307
1,1,0.9988855725530092
1,1,0.9982874924265108
1,1,0.7963556615275502
0,1,0.6293667884396286
1,1,0.9985687792073522
0,0,0.005600805950184208
1,1,0.7256030822459241
1,1,0.9974204960623524
0,0,0.009783125530762275
0,0,0.006940776939325263
1,1,0.7556442072530596
1,1,0.9984812867951304
1,1,0.9976705433834937
1,1,0.6776349629875638
0,0,0.008335373652966563
0,0,0.008287517079273912
0,0,0.007646671580816393
1,1,0.9988733937608522
1,1,0.9990526820069893
0,0,0.006342684615132489
0,0,0.005290966418404598
0,0,0.011004353054458758
0,1,0.713905452377632
1,1,0.7084642556915098
0,0,0.0034727806023962457
1,1,0.7720435111532447
1,1,0.9978713066089884
1,1,0.998624738420257
0,0,0.013594575791238196
0,0,0.015172370063992144
0,0,0.0062324675687300555
1,1,0.9973824967816071
1,1,0.6758521150544745
0,0,0.0031580400006682966
0,0,0.008035278241742964
1,1,0.9985358292116595
1,1,0.9982847774430852
0,0,0.0049820286164566786
0,1,0.6678589378861632
1,1,0.9988278042339829
1,1,0.9991683713628878
1,1,0.9980741087840399
1,1,0.998533847450534
0,0,0.0072238936302670064
1,1,0.7532242519891476
0,0,0.0067217162964899645
1,1,0.8132739355223845
1,0,0.20784835297464288
0,0,0.006364497810783385
1,1,0.9988489260998099
0,0,0.007017607595855959
1,1,0.6719699977734901
1,1,0.8162305108226386
1,1,0.9744837758081266
0,1,0.7628405909128078
0,0,0.007641526598714425
1,1,0.9986067869436825
0,0,0.005844170406159079
0,0,0.005117109085186491
1,1,0.7857469519199897
0,1,0.6646012430070173
1,1,0.9974136153595916
0,1,0.7153907865857703
1,1,0.9983607647410374
1,1,0.6854993225456255
0,0,0.010899814745576535
1,1,0.9993410071998168
0,0,0.00575437466408795
0,0,0.007723774841175238
1,1,0.9986233517532591
0,0,0.010369846661723066
1,1,0.9985772106783766
0,0,0.004911582784723593
1,1,0.771050852045566
1,1,0.7944375897805784
1,1,0.7298114630485487
1,1,0.9990526821267556
0,0,0.00508959889090143
1,1,0.7259628962458083
1,1,0.7258704090483217
1,1,0.9987160865857238
1,1,0.998454689748479
1,1,0.6593153482009897
0,0,0.008373720517417093
1,1,0.9984813430762144
1,1,0.9985822178794537
0,0,0.008503215173019042
0,0,0.005080584384382273
1,1,0.8919992749588705
1,1,0.9989336191703284
0,0,0.00510354214167061
1,1,0.9988944941436206
0,0,0.0063304787453602315
0,0,0.009780623656270778
0,0,0.006096766933464388
1,1,0.9987212155190467
1,1,0.9985935216211522
1,1,0.9992222892967842
1,1,0.9989272975060621
0,0,0.024253999075570815
0,0,0.005174686784177867
1,1,0.9987330708274793
0,1,0.6640507665075366
0,0,0.007512391997105696
0,0,0.009156675834653554
0,0,0.010672373613444733
1,1,0.99869331618716
0,0,0.00971029526564202
0,0,0.004783392451659617
0,0,0.00502338096125547
1,1,0.6066559638215592
1,1,0.9981526551502855
0,0,0.006009288524006463
0,0,0.005699710398839518
1,1,0.9993740272690118
0,0,0.005280120015546309
0,0,0.009146251765350376
0,0,0.00520219479249785
0,0,0.005340996146622311
0,0,0.004981634645539228
1,1,0.7203569773318056
1,1,0.9991577237899745
1,1,0.7284499522282868
0,0,0.007869374567474939
1,1,0.9991035155897289
1,1,0.8369130775123232
1,1,0.7860242226852886
0,0,0.0034733604614812616
1,1,0.9993430855266967
0,0,0.0042742015915527565
1,1,0.7669575873400847
1,1,0.7624330240341451
1,1,0.7710524374291137
1,1,0.9980805076473342
1,1,0.5918734447006677
0,0,0.0031447007280371846
0,0,0.008204713114699983
1,1,0.9993709939541109
1,1,0.9974898841032366
0,0,0.005388180492856793
0,0,0.005340397974483034
0,0,0.005280384935246772
1,1,0.7964918177863111
1,1,0.5244383050834877
1,1,0.999108590232547
1,0,0.006629411554247407
0,0,0.00460265821268693
0,0,0.003691021705973252
1,1,0.6923125648927487
1,1,0.9977711097688831
1,1,0.9989559614817811
0,0,0.004498029860367501
0,0,0.006378294445143257
1,1,0.709985641861471
0,0,0.006378340244574804
0,0,0.006944917743823833
1,1,0.6845796939838105
0,0,0.008584900152453797
0,0,0.006458973967527349
0,0,0.005237067446060838
0,1,0.6836992902156066
0,0,0.003548674778269768
1,1,0.8210289780157434
1,1,0.998387226577306
0,0,0.00526732854399447
1,1,0.5762078513000625
1,1,0.9986284395482136
1,1,0.9989515433301054
0,0,0.005831331222980426
0,0,0.008418938388028107
1,1,0.9988412439950553
0,0,0.0045019266380267545
1,1,0.99869436671181
0,0,0.006235173412998637
1,1,0.9988901522590478
1,1,0.9995179300319924
0,0,0.004135966918177469
1,1,0.9971348151527153
0,0,0.00583915891233108
0,0,0.005173026036257555
0,0,0.0037017956617814976
0,0,0.007716321324593745
1,1,0.9986745147512692
1,1,0.7039982522223786
0,0,0.00584084768806992
1,1,0.9708873466491797
0,0,0.01134616205465576
1,0,0.05203101878553876
0,0,0.046374537616113556
1,1,0.7158733344609804
0,0,0.004290566894390849
0,0,0.01092149681968833
1,1,0.9991152310570509
0,0,0.005112417205336399
1,1,0.9986118890842921
0,0,0.009797103202365858
0,0,0.006557564713271338
0,0,0.043921929805223636
1,1,0.9987852599678726
1,1,0.9979963508822102
1,1,0.9991081065758373
0,0,0.0076538346039549225
1,1,0.848145347755619
0,0,0.0052383555924801145
0,1,0.7026184783001996
0,0,0.0063756439437056235
0,0,0.0058746451731856416
1,1,0.8154905565487655
1,1,0.9992890590325347
1,1,0.9993625272770623
1,1,0.680327971701636
0,0,0.009297016516676696
0,0,0.00847531259125583
0,0,0.007482264113098632
1,1,0.9985320142499623
1,1,0.9986922005878608
1,1,0.7211583206069568
1,1,0.9249066804970046
1,1,0.998653392316855
1,1,0.9983705614263417
0,0,0.007072735723393254
1,1,0.7553825596793349
0,0,0.0048376380594797866
0,0,0.009335901143367643
0,0,0.012993652810841737
1,1,0.7704295166874082
1,1,0.9992796876634195
0,0,0.007837409610107118
1,1,0.998828218736751
0,0,0.00593273825617737
0,0,0.006335996915221211
1,1,0.9992759289815715
0,0,0.004100597797293049
0,0,0.0046345122633537645
1,1,0.9984888728319155
1,1,0.9989519545766482
0,0,0.006117235699971643
1,1,0.8572214835658044
1,1,0.7772261693339009
0,0,0.02550459157066911
1,1,0.9993142478274878
1,1,0.9986111613833013
1,1,0.9978818280113614
0,1,0.6885586502943598
1,1,0.6691863971877146
1,0,0.006311270026661758
0,0,0.004927878430232862
1,1,0.9989352071171055
0,0,0.005816001353541211
0,0,0.005008450459250614
0,0,0.009939895193615223
1,1,0.8132744431951897
0,0,0.007022405478726289
1,1,0.9986580352599669
1,1,0.7521993291035242
0,0,0.005311226820964376
1,1,0.9986884784184542
0,1,0.759577543241078
0,0,0.004641791569418269
1,1,0.8528144018617883
1,1,0.9985369391844958
1,1,0.9984153349958778
0,0,0.007552493532351194
0,1,0.6784522610445471
0,1,0.8219673657177805
1,1,0.9977825652338366
1,1,0.7387187444167542
0,0,0.0067010429264633495
1,1,0.7616443029259764
0,0,0.00448519932954561
0,0,0.005943550516972177
0,0,0.01147433138844564
1,1,0.7627007204548953
0,0,0.00527577002004406
0,1,0.6616104887084719
0,0,0.005145078572651754
1,1,0.9985342307340043
1,1,0.9970478959813804
0,1,0.8159703717233514
0,0,0.007776378571870344
0,0,0.004237435638236949
0,0,0.008105145519059396
0,0,0.006792861860531064
1,1,0.9984577004800179
0,0,0.0052454113282005225
1,1,0.7471074104174094
1,1,0.597908502618102
1,1,0.9988223163331194
1,1,0.9679633466641688
0,1,0.7229847078518746
0,0,0.00712428581717988
1,1,0.9974482004364859
0,0,0.006569758636742273
1,1,0.9988093738785772
1,1,0.9993722311086742
0,0,0.006819550888351865
1,1,0.9990502296720717
0,0,0.0054320505056603755
1,1,0.9991708115552334
1,1,0.9988492677305567
1,1,0.9989173223446479
1,1,0.9978977622423455
1,1,0.9980745541207058
1,1,0.9989429758451442
0,0,0.011658955071629796
1,1,0.7640318917441472
1,1,0.9993568006152442
1,1,0.8331560321556989
0,0,0.009200109594555956
1,1,0.9991185868361443
1,1,0.999253841615129
0,0,0.004513550147926802
1,1,0.9977354009151755
1,1,0.7639418460962019
1,1,0.722259140881802
1,1,0.6410911482054232
0,0,0.004791830098963073
1,1,0.7049251858878447
0,0,0.004596599097553748
0,0,0.005019215599080341
0,0,0.005615494821006836
1,1,0.9983697667945147
0,0,0.005153735758070221
0,0,0.010674986429246663
1,1,0.9983728844095227
0,0,0.0037608618832713284
0,0,0.019257209519032873
1,1,0.8400606518684887
0,0,0.008951614513057394
1,1,0.6599308405183573
1,1,0.9990912880225775
1,1,0.81236890733585
0,0,0.009788506597642799
0,0,0.005399848689659349
1,1,0.6336816157499648
0,0,0.0064839410707741105
0,1,0.6822892435438616
1,1,0.9990810981558506
1,1,0.6357940845369703
1,1,0.9990710383007252
0,0,0.007907351447632193
1,1,0.9950126142736259
1,1,0.9982450728425212
0,0,0.007726775798529388
1,1,0.9972833638793236
1,1,0.9987885161295568
1,1,0.8067166285973869
0,1,0.7828257536612849
1,1,0.9992295974261577
1,1,0.9987921433531931
0,0,0.004831340712099745
0,1,0.6440350057529829
0,0,0.006447835277337989
1,1,0.9984529171368286
1,1,0.7056262632847053
1,1,0.7075830221615886
1,1,0.7630016354196822
0,0,0.006689622930140372
1,1,0.9992829201269157
1,1,0.6786624994302758
1,1,0.9988246406858894
0,0,0.009056801703945601
1,1,0.9980716632311711
1,1,0.76300131223894
1,1,0.9990647702360824
0,0,0.0032881713949512986
0,0,0.004956572059391731
0,0,0.004338413124826693
1,1,0.6497106852723781
1,1,0.72762705481726
0,1,0.7255299981858161
1,1,0.9986568282894822
0,0,0.003571089050970701
0,0,0.011588092643399923
1,1,0.9972338689279774
1,1,0.9988259282740131
1,1,0.6666245994617106
1,1,0.9989043443838264
1,1,0.9984354904599217
0,0,0.003473777194716631
1,1,0.9982705515122946
1,1,0.9951406249293917
0,0,0.00639627812873276
1,1,0.9992433189563218
0,1,0.755433745181037
1,1,0.7549360786030145
1,1,0.9988144407079848
1,1,0.9985356782964692
0,1,0.666560183421928
1,1,0.9985602986778987
0,0,0.010893698987838343
1,1,0.9987735206269438
1,1,0.9988191949098816
1,1,0.9993603387446622
1,1,0.9983660213815718
1,1,0.6697384117604361
0,0,0.006433345850301621
0,0,0.005008963677840623
1,1,0.9987457356293356
1,1,0.9991957170891389
1,1,0.9986187229729542
0,0,0.005085908245875844
0,0,0.011213138341632043
1,1,0.9969456974575471
1,1,0.6670365109458982
1,1,0.7195753873477578
1,1,0.6706001525333806
0,0,0.008353018856658997
0,1,0.724987629459438
1,1,0.9982354209805927
1,1,0.9974651352429155
0,0,0.007231750256862747
0,0,0.0049829224511891606
1,1,0.7109530016874973
1,1,0.7385982817172269
0,0,0.008122906197128167
0,0,0.011069368577955069
1,1,0.9990486209334772
1,1,0.9992450406139743
1,1,0.9244236523903925
1,1,0.704719408099793
1,1,0.7635571250086485
1,1,0.9988936709778027
0,0,0.002841055191653791
1,1,0.999235501911424
1,1,0.9982850152619517
0,0,0.007689970174703989
1,1,0.6436142341114118
1,1,0.9990999206232172
1,0,0.0049187844966093195
1,1,0.9993232120919351
1,1,0.9985230149696199
0,0,0.004928037316524293
0,0,0.004354710706253258
1,1,0.8043514395468974
1,1,0.9991770630999672
1,1,0.9978603708344289
0,0,0.006119336697310463
1,1,0.7085239445756609
1,1,0.9982498204677585
0,0,0.0026944047125169717
0,0,0.005245694119678083
1,1,0.7508415767349703
0,0,0.0027951327788884183
0,0,0.008474713591773583
1,1,0.7581344950248505
1,1,0.9989891489906098
0,0,0.004887327661369525
1,1,0.9991583382559468
1,1,0.9992433270081488
1,1,0.9988511401494746
1,1,0.9990451897430419
0,1,0.763646095965392
0,0,0.010852800763039726
1,1,0.9978926202841376
0,0,0.007773826610140277
1,1,0.9991001484951785
1,1,0.998772685397977
0,0,0.006007201052030298
0,0,0.003301250516758681
0,0,0.005332072553374682
0,0,0.007202737502545578
1,1,0.9977380205395957
0,0,0.005947848330054452
1,1,0.9992331893111056
0,0,0.0031835308224005075
1,1,0.737419442614947
1,1,0.7620100539001846
0,0,0.008301018894312562
1,1,0.785713017736518
1,1,0.8048198986900447
1,1,0.6788406551234549
0,0,0.008191873582242366
1,1,0.5126099384689147
0,0,0.005020725215707332
1,1,0.6382317065027407
0,0,0.006726062774154551
1,1,0.9992340710482754
0,0,0.0063648849276325805
0,0,0.010681274832191055
1,1,0.9982551466793795
0,0,0.006711191943444759
0,0,0.007703020616928453
1,1,0.9983142800480748
1,1,0.9984928897654296
1,1,0.6884364910092159
1,1,0.9992525464692454
1,1,0.9983778722514765
0,0,0.009266276672001299
1,1,0.9522574994492604
0,1,0.6785589498172684
0,0,0.004323377217594835
1,1,0.9988263967480463
0,0,0.008182541860200773
1,1,0.6891132821539698
1,1,0.9973831737220351
0,0,0.0048661438489487185
0,0,0.0050160427812986795
1,1,0.9988904582008258
1,1,0.6960911418437408
1,0,0.009221125372700745
0,0,0.005688298632112561
0,0,0.00675786570657615
0,0,0.04837607896881529
1,1,0.8111288476998089
0,0,0.00911407785963869
0,0,0.004253615601856619
0,0,0.005731705039373822
0,0,0.005565444795178608
0,0,0.03278543811848372
1,1,0.9986070472718787
1,1,0.9993732604654999
1,1,0.9984680769092737
1,1,0.6619704370488421
1,1,0.9986394705253838
0,0,0.010975663746160208
0,0,0.005307247587898299
1,1,0.9986304841187992
0,0,0.0067093139255095064
0,0,0.005536648041941241
1,1,0.9991420366478866
1,1,0.9968295566998947
0,0,0.007503663852992538
1,1,0.7252620142869473
1,1,0.7794386615028368
1,1,0.9988785257131889
1,1,0.7812977180508989
1,1,0.9983255656015889
0,0,0.003059937913035178
0,0,0.0053753392479738244
1,1,0.9980643118248903
0,0,0.012192789007741508
1,1,0.675325089164981
1,1,0.9990484061661514
0,0,0.008077837638785142
0,0,0.00636360179300845
1,1,0.99748027777524
0,0,0.011675854234335894
1,1,0.9988944735425669
1,1,0.9983073127295667
1,1,0.9987426214043024
1,1,0.7577791773089874
0,0,0.0026260753974338366
1,1,0.9979822410243727
1,1,0.8111020778358156
0,0,0.005830744256461399
1,1,0.9973673681237061
0,0,0.007544980729984654
1,1,0.9978740934892397
1,1,0.9975262873260519
0,0,0.004521306568991271
0,0,0.008145253727305604
1,1,0.6483762632426139
1,1,0.9986460647406139
1,1,0.9986847433717545
0,0,0.0069402823003710595
0,0,0.006976723175217989
0,0,0.005220193921531985
0,0,0.009298786558103497
1,1,0.9979262077205729
1,1,0.9992043285887153
0,0,0.00589689265700866
0,0,0.009046769519620617
0,0,0.0098953464929774
1,1,0.7545733043602397
1,1,0.9986670641771517
0,0,0.0035088374403234295
1,1,0.9986813975276608
0,0,0.004295258738737403
1,1,0.9986816838672757
0,0,0.00821919243831741
0,0,0.005036805828342901
0,0,0.0037358075610740113
0,0,0.00858724837583773
0,0,0.0064938811226668705
0,0,0.008002129218640667
0,0,0.01058651123997319
0,0,0.005274239852645537
0,0,0.0062872553123872145
1,1,0.7660948645524478
1,1,0.998936653376059
1,1,0.9994853328645833
0,0,0.007823998905246318
0,0,0.005245749293448956
0,0,0.005337266381314779
1,1,0.9988706460412846
0,0,0.008144786813420016
0,0,0.008289786427545062
1,1,0.9977336765908741
1,1,0.9989137636786389
0,0,0.005430455333678208
1,1,0.7172521908021117
1,1,0.7723823427756368
0,0,0.004469674477444743
0,0,0.002626636451443663
1,1,0.8145437987269564
1,1,0.8071932181490065
0,0,0.0067897910096437804
0,0,0.005481228278236135
0,0,0.004840512020956122
1,1,0.723848221245302
1,1,0.6788815379888135
1,1,0.8378882598049715
1,1,0.9973677178275787
1,1,0.9993129143342194
0,0,0.00425098861097346
1,1,0.9538387736564476
0,1,0.7070503263235509
1,1,0.9992457569398566
1,1,0.9993249623262903
0,0,0.004991963783690235
0,1,0.6432739755028523
0,0,0.00498035964704093
0,0,0.004981790859022424
1,1,0.9972828386775197
1,1,0.6787753566763733
1,1,0.9987700681972556
1,1,0.9988829776271931
1,1,0.7109530431907307
1,1,0.8067968812068766
0,0,0.012212875134175722
1,1,0.999204175451408
0,0,0.005050078170941225
0,0,0.0066208460547256456
1,1,0.998553202335036
1,1,0.7561310635603743
0,0,0.008624006439494968
1,1,0.6702757998615324
1,1,0.9985758921432952
0,0,0.0026972374440788734
0,1,0.6643119842121274
0,0,0.00652443627486806
0,0,0.004771864238318429
0,0,0.005840857783848211
0,0,0.005043416835014959
0,0,0.00923022676336573
0,0,0.010922808401945257
0,0,0.005580995805733564
1,1,0.9986717727589013
1,1,0.9982967144377847
1,1,0.9983758715356068
1,1,0.7471074106589192
1,1,0.725870406123305
1,1,0.9989398216974291
0,0,0.007767978959746388
0,0,0.031089950013181197
0,0,0.006239271179362822
0,0,0.0744212761896237
0,0,0.004917655134529278
0,0,0.009113359613839188
0,0,0.0031580052353931474
1,1,0.7176471612287415
0,0,0.005234675852163129
0,0,0.005601135804464355
0,0,0.00804971076049587
1,1,0.72059298785488
1,1,0.997293961830309
0,0,0.0363111947223114
1,1,0.8322702367131743
0,0,0.0049757419160619985
1,1,0.9989214572650131
0,0,0.007436399217196596
0,0,0.00784274480817559
1,1,0.7160941355361086
1,1,0.997382753380915
0,0,0.009226831327020374
1,1,0.5966888596879176
0,0,0.007223297519524965
1,1,0.9981983716872846
1,1,0.7113721729361882
0,0,0.0063505085935301854
0,0,0.004535049896632417
1,1,0.6813967254703592
0,0,0.008887110330387332
1,1,0.9989071841106906
1,1,0.998286993821373
1,1,0.9988547764726317
1,1,0.9986510301378888
0,0,0.010959405333243525
0,0,0.003333554967734071
1,1,0.9989559637701273
1,1,0.9985764776051715
0,0,0.009217951833599388
1,1,0.8045658681223345
1,1,0.9968993866291973
1,1,0.9968727779911917
1,1,0.9982658912904958
0,1,0.7202129721166834
1,1,0.9984874517776403
1,1,0.9985258602222277
0,0,0.010164686904399402
1,1,0.6943139101318706
0,0,0.004988533693777059
1,1,0.7581511193851277
1,1,0.7583856050454788
0,1,0.7508478058982092
0,0,0.005572289928208703
1,1,0.99891864337716
1,1,0.9991036849486206
1,1,0.998704594219046
0,0,0.0063597870264767145
0,1,0.7218409536446765
1,1,0.9978316426724038
0,0,0.059386089225338896
0,0,0.0066839449774009204
1,1,0.6961758702319755
1,1,0.7720584746974912
0,0,0.006940731335656469
1,1,0.9987525724269862
1,1,0.7577609405549568
0,1,0.7014242453678735
0,0,0.00489959611915112
1,1,0.9975933117248242
1,1,0.9974426902147246
0,0,0.00694302141384085
0,0,0.0034092155874737044
0,0,0.4016714143175193
1,1,0.8049774598913935
1,1,0.9984529190540647
1,1,0.9987730505587711
0,0,0.005073334444291527
0,0,0.05521722490605425
1,1,0.7203390149637647
1,1,0.9977630671187103
1,1,0.998848925787261
1,1,0.9991523968434659
1,1,0.6857359563968867
0,0,0.0053573508365501845
1,1,0.998936405912984
0,0,0.006401128012786979
1,1,0.9984001031561699
1,1,0.9992020077990825
1,1,0.9992155500889448
1,1,0.9991529333131675
1,1,0.7398436581817126
1,1,0.9987990333676127
1,1,0.9985531942738851
1,1,0.9986258096097402
0,0,0.005227824231684154
0,0,0.004934472011417296
1,1,0.9988367620370533
1,1,0.9985039941056384
1,1,0.6718526870178256
1,1,0.998893638012638
1,1,0.6095801643358436
0,0,0.007845260260585357
0,1,0.7553196289932348
0,0,0.005633446079571955
1,1,0.9961393670474799
0,1,0.7500147144994388
0,0,0.007654112995742235
1,1,0.9975295196743071
0,0,0.00821820098023075
1,1,0.7668043257908496
0,0,0.009616371007532903
1,1,0.9978183444311135
1,1,0.9986012239343364
0,0,0.008137896070059531
0,0,0.00832579505544608
0,0,0.011675857656427457
0,0,0.006153997692783959
1,1,0.9984825440616701
1,1,0.9988892084943151
1,1,0.9992524413393257
1,1,0.9988255224454144
0,0,0.0037650413332609815
1,1,0.998411046785077
1,1,0.9985991301341071
0,0,0.005222741424323813
1,1,0.997383651385608
0,0,0.006525596009792404
1,1,0.7619708226383214
0,0,0.010526862623656002
0,0,0.004888846856109849
0,0,0.0747675449309656
0,0,0.004897420214222926
0,0,0.003218627044476763
0,0,0.007227030514878129
0,0,0.009534466742171874
0,0,0.004752361202068331
0,0,0.005107856689098831
1,1,0.673933853859209
0,0,0.009163463518978518
0,1,0.701293545268673
0,0,0.003287534942471837
0,0,0.007503992671763343
0,0,0.006779222825642035
1,1,0.7020829920285434
1,1,0.9986216253162222
1,1,0.7564315824301914
0,0,0.004974542086408583
1,1,0.7836367964855474
0,0,0.007810098181099568
1,1,0.8232373929907977
0,0,0.006499916341401888
1,1,0.9986014381480939
0,1,0.6845358852993001
1,1,0.7836368530513816
0,0,0.00452418538265287
0,0,0.005381254020140633
1,1,0.998879589934461
0,0,0.0064597615675220516
0,0,0.004954927600425056
0,1,0.6841150554627496
1,1,0.9978113397357405
0,0,0.005443170652700465
0,1,0.668515177742089
1,1,0.9992058379940787
1,1,0.6650426319619864
1,1,0.9976985579751966
1,1,0.999334377187987
1,1,0.9988193091505115
1,1,0.6700363911339098
0,0,0.006432598017752741
0,0,0.0027008936412658154
1,1,0.9992047011621397
0,1,0.721838434566025
0,0,0.011658734426395076
1,1,0.8136463095032405
1,1,0.7630012909734901
0,0,0.005286693046927953
1,1,0.9988106278786786
0,0,0.006215700807349952
1,1,0.9987743317200312
0,0,0.004465657048493944
0,1,0.679532703768833
1,1,0.9990916538149599
1,1,0.8137767478435229
1,1,0.9985770167360187
0,0,0.007845052522241608
0,0,0.009695726664027746
1,1,0.9985189801551211
0,0,0.011043162753344445
0,0,0.006695235569156789
1,1,0.8045687210793329
0,0,0.005295678834168742
0,0,0.007043819596043081
0,0,0.005217932691050431
1,1,0.7732619165553319
1,1,0.9990139616913365
1,1,0.998953091496057
1,1,0.9991475585022965
1,1,0.6787765991085439
0,0,0.0033052937209362785
0,0,0.007824944917352496
0,0,0.007730041900512573
1,1,0.998661735830988
1,1,0.6787753375848312
1,1,0.6437989803525854
1,1,0.999071061395144
1,1,0.8535713066501474
1,1,0.998540050910266
1,1,0.7026053996283395
1,1,0.8138514749414688
1,1,0.9983682020820277
1,1,0.9977146727582232
0,0,0.005076432283435243
0,0,0.006365478216540797
1,1,0.9988521657657417
1,1,0.9985674458404123
0,0,0.007731023832528615
0,0,0.007933392831356769
1,1,0.998506601322765
1,1,0.9986847438662242
0,0,0.002667881750968091
1,1,0.7660907159396334
0,0,0.005028088602497088
0,1,0.7525589450965516
0,0,0.00583699754700332
0,0,0.00587080288422228
0,0,0.006504471243475925
0,0,0.007701340689618325
1,1,0.9990894531776549
0,0,0.005986053156074676
1,1,0.998918650853197
0,0,0.007764856444012102
1,1,0.8046419872357208
1,1,0.7296084131043161
0,0,0.005382538834394911
1,1,0.9986477764374884
0,0,0.006071618986853054
1,1,0.7084246165911038
1,1,0.9980532821338914
1,1,0.9983871159398385
0,0,0.003529263858135237
0,0,0.006535844936501199
1,1,0.9991134289784753
1,1,0.9991296364152144
1,1,0.6767766066348713
1,1,0.9973675852813803
0,0,0.005310209004445454
1,1,0.8374246528757248
0,0,0.007446001264260803
0,0,0.0033264516375030246
1,1,0.9976785261600737
0,0,0.008584378535588064
0,0,0.003289303000865461
0,0,0.005910854161561843
1,1,0.9983388196961925
1,1,0.9985093940309823
1,1,0.9987776941654075
0,0,0.3107247463054623
0,1,0.6342799147565834
1,1,0.6860136426834357
0,0,0.006699541490782044
0,0,0.003350646244832077
0,1,0.56042464448365
1,1,0.9988933382965127
0,0,0.006893487203441766
1,1,0.9985940752903895
0,0,0.003289436327082768
1,1,0.999320800028328
0,0,0.011642026122138298
1,1,0.9986329398615393
1,1,0.9981447125798297
1,1,0.7627422181166591
0,0,0.011599443669924594
1,1,0.9989462480535608
0,0,0.010277638903100988
0,0,0.007874693048756968
1,1,0.9978221845562003
0,0,0.008177299414172527
1,1,0.998360564865376
1,1,0.729704582710139
1,1,0.9964463626343645
1,1,0.6275721820258392
0,0,0.005839160351872747
1,1,0.9991217878250964
1,1,0.6989203586136528
0,0,0.006771760494869824
1,1,0.9985215319760055
1,1,0.9991081310583285
1,1,0.7028810607717297
0,0,0.003161655850282865
1,1,0.7561308841887102
0,1,0.727469716007069
1,1,0.7554007600514636
0,0,0.0044947515257697645
1,1,0.7028655056183801
1,1,0.9990058136479204
1,1,0.9988824856732403
0,0,0.005349079004320277
0,0,0.007118084422035919
1,1,0.9990894090156887
1,1,0.9991424199606126
0,0,0.006990442179746235
0,0,0.006556103680389747
0,0,0.004224165644531029
1,1,0.9982827448656397
1,1,0.7692447544268958
0,0,0.01036266606132108
0,0,0.006031488186566462
0,0,0.004535057271508983
1,1,0.9976788959712848
1,1,0.9977879930252097
1,1,0.9982882936261477
1,1,0.8474905399517504
0,0,0.008506676598729482
0,0,0.0052092310839606665
1,1,0.998024967019608
1,1,0.99859730703992
1,1,0.8004760654105653
1,1,0.9987951993981927
1,1,0.706545364891776
1,1,0.7533711317937247
1,1,0.7601075206029723
0,0,0.0066220502503518165
1,1,0.9976217945028819
1,1,0.9988572616323074
1,1,0.9989303880264313
1,1,0.8532144573716164
0,0,0.4061537443158221
0,0,0.010418688395998908
0,0,0.00669879286249178
1,1,0.7232703190101861
0,0,0.007697916132432024
0,0,0.005618809874633898
0,0,0.00571608218263865
0,0,0.005785304541113407
1,1,0.7077701854702532
1,1,0.9979122333265628
0,1,0.6463163757976401
0,0,0.01014610843891657
1,1,0.7297047802013495
0,0,0.00490367216978546
0,0,0.0066349388534165925
0,0,0.009432902970472598
1,1,0.9985421058784569
1,1,0.7884819067472656
1,1,0.9990562492098013
1,1,0.7963582362936587
0,0,0.0045200618895525355
1,1,0.7618467599263826
1,1,0.8270671789598399
1,1,0.6629481905633647
0,0,0.005382136105829763
0,0,0.005478043328321462
0,0,0.005338000077724074
0,0,0.0031837460772908516
0,0,0.008020514123530305
1,1,0.9979796096903786
1,1,0.998976220144704
1,1,0.6757457751365212
0,0,0.0066119435505037506
1,1,0.9985716061979473
1,1,0.8539587428993529
0,0,0.008065120697627772
1,1,0.9985944576807942
1,1,0.7175829235752508
0,0,0.006671599944553409
1,1,0.9989816013729269
1,1,0.7549537003570433
0,0,0.003907018451811357
0,0,0.005020728971456372
0,0,0.0031465176702143213
1,1,0.9990626681705737
0,0,0.006096781681245078
0,0,0.005888747143591562
0,0,0.006966527571654939
0,0,0.005071349689596793
1,1,0.9985953699286438
0,0,0.004245162132935024
1,1,0.9986094051480111
0,0,0.008892685708441738
1,1,0.9984367242450768
0,0,0.007713214923773596
0,0,0.007351229683827069
1,1,0.6249778054417
0,1,0.9607202642667653
0,0,0.00678730637959786
1,1,0.9984642074855274
1,1,0.7617841569713875
0,0,0.008129730601900932
0,0,0.004987495190326586
0,0,0.008215495425664278
1,1,0.9979104240373632
1,1,0.9993567896918555
0,0,0.008178068252850178
0,0,0.004917653414383643
0,1,0.7954478430865576
0,0,0.0107860023244961
0,0,0.0057257716827943195
1,1,0.9985936269655763
1,1,0.9993366114875759
0,0,0.0060303203670255545
0,0,0.005156034145228437
1,1,0.9988259518804361
0,1,0.7275318282349903
0,0,0.0035065907406478295
0,1,0.764633609175182
1,1,0.9993331937637385
1,1,0.9988984220395197
0,0,0.007200385077819646
1,1,0.998874839943531
1,1,0.7635790174475264
1,1,0.9991715799099861
0,0,0.010325020119241976
0,0,0.0053382290558084185
1,1,0.9973331846557063
1,1,0.9992515305232886
0,0,0.005430513596134622
1,1,0.9991075040149056
0,0,0.005933711171007517
1,1,0.9989133307936009
1,1,0.6688777783237665
1,1,0.5508779252117042
1,1,0.6744528547477063
0,0,0.0053088678901455945
1,1,0.9988452839630011
1,1,0.9985506935113689
0,0,0.006551457975875867
1,1,0.9976258231310712
0,0,0.010459942692332597
0,0,0.007374615725299869
1,1,0.9988478071730273
0,0,0.006779051637524578
0,0,0.0027947820201240977
0,0,0.006573781711559667
1,1,0.9986482716114812
0,0,0.005042864429104459
1,1,0.7156786060642066
1,1,0.9975229317187737
1,1,0.7874204181832367
0,1,0.6875940157177898
1,1,0.9978952547443174
0,0,0.01154578746411874
0,1,0.8058195523443724
0,0,0.005042046512854775
0,1,0.6904130239561407
1,1,0.6890869563222736
0,1,0.7246823594784769
0,0,0.005430419031425171
1,0,0.01278409864837825
1,1,0.6423688988006455
1,1,0.9993145494872273
1,1,0.8442839403205887
1,1,0.6907976048018184
0,0,0.004365594655611848
1,1,0.9992051443820167
1,1,0.9988573771013197
1,1,0.6569932636611119
0,0,0.004976473203568933
0,0,0.010340514630757424
0,0,0.004453845430042589
1,1,0.9983888289586613
1,1,0.998902837418186
0,0,0.004262026103065684
0,0,0.005279460042057287
0,0,0.008178223512269678
0,0,0.005090842263554909
1,1,0.9980635625859122
0,0,0.01039956579141311
0,0,0.006059127329681216
1,1,0.9990108563218155
0,0,0.005114951533771253
0,0,0.010575868403465602
0,0,0.005220645114008727
0,0,0.005596971434284747
0,0,0.01099297376715095
0,1,0.7859542035067882
1,1,0.9986305761591265
0,0,0.009686693815001377
1,1,0.9977032444343349
0,0,0.00596382150050418
0,0,0.00647155585428614
1,1,0.998452757030345
0,0,0.006787306365236224
0,1,0.7278717633507188
1,1,0.8299677053349294
1,1,0.9993304740533032
1,1,0.6413380161753779
0,0,0.005087070541812242
1,1,0.9988743864361829
1,1,0.9992003830869723
1,1,0.6520416689689436
0,0,0.009674782226194056
0,0,0.005801705715097704
1,1,0.9985512609281375
1,1,0.9965949050275438
1,1,0.8442652381467831
0,1,0.707499355945486
0,0,0.00637893503989499
0,0,0.006217449002624174
1,1,0.998936485670061
1,1,0.9986619437210675
1,1,0.9980816227304097
1,1,0.9969013738009056
0,0,0.008575150084457191
1,1,0.9990780202467442
1,1,0.9989425402430288
1,1,0.99886330023445
1,1,0.9984091244942359
1,1,0.9985340630245945
1,1,0.9992047409926468
0,0,0.004465651993707302
0,0,0.006114835350506092
1,1,0.998742562800648
0,0,0.00832243263665627
0,0,0.011587982149643383
1,1,0.9990965589686781
0,1,0.6649209451506405
1,1,0.5282185831089953
0,0,0.0052823957637650725
1,1,0.7944373231765065
1,1,0.9993908781215277
1,1,0.9993336859805463
1,1,0.9988900861376029
0,0,0.006015988274893716
0,0,0.0052731062915612895
0,0,0.006439325187863654
0,1,0.7601964894633781
0,0,0.005926525323421523
0,0,0.005050866000048601
1,1,0.7049494809362054
0,1,0.7396508778156815
1,1,0.6937101685667809
1,1,0.9979667539161031
0,1,0.6753143394541671
0,0,0.005233422217603551
0,0,0.009171072839234887
0,0,0.03528818276179227
1,1,0.998760212298835
1,1,0.7564779015284286
0,0,0.006906785707246096
1,1,0.99827274899888
0,0,0.006801471479110012
0,0,0.008458176082688718
0,0,0.005019428774520612
1,1,0.9985626179909604
0,0,0.00951217383623807
0,0,0.009208661562990352
1,1,0.7692035269847519
0,0,0.006122378570305595
1,1,0.9985635994677425
0,0,0.00807605148432359
1,1,0.9977380054409817
0,0,0.005253713014068303
0,0,0.005930779542031456
1,1,0.9986923449331074
1,1,0.7359221445586822
1,1,0.9992468554697834
0,0,0.006285460068800894
1,1,0.6556089126010979
1,1,0.9983746187340095
0,0,0.004469942751522197
1,1,0.7575150502649615
1,1,0.9606265343685121
0,0,0.004975958699258701
0,0,0.006030454817179533
0,0,0.006957835100916967
1,1,0.9990890733006331
1,1,0.9976773950749067
1,1,0.7369761630368155
0,0,0.006826339602560606
0,0,0.04178533701043989
0,0,0.007028476912201359
1,1,0.9990664639338881
1,1,0.9985130977375863
0,1,0.7026622888711255
1,1,0.9974174599317415
1,1,0.6761270984891468
1,1,0.9977618412113926
0,0,0.005583793048778745
0,0,0.010373718844184457
1,1,0.9995121585305007
0,0,0.011474333389274624
0,1,0.6274403172024748
1,1,0.9977838251463407
1,1,0.9972546872276854
0,0,0.0047723880247165585
0,1,0.7506648065744506
0,0,0.005337751145767511
1,1,0.9984889212207113
0,1,0.8238087990326416
1,1,0.9977558913604577
1,1,0.9987952190149539
1,1,0.9980419258080444
1,1,0.9988510649860189
0,1,0.7596956599854056
1,1,0.7600444183205673
1,1,0.7834948373635928
1,1,0.617337469345033
0,0,0.010736879170371083
0,0,0.010236892223954517
0,1,0.6579831501985282
1,1,0.999247278959386
0,0,0.009584061662256584
0,0,0.004317147954209892
0,0,0.0050048682967236725
0,0,0.005019240820769431
1,1,0.9978019730392853
1,1,0.9404403287671824
1,1,0.6789575881071419
1,1,0.7155776351208938
0,0,0.004501984039367482
1,1,0.9993603513858454
1,1,0.9985333728246804
0,0,0.009719513494709486
0,0,0.006317343733998111
0,0,0.004969568556605567
1,1,0.9991502716831092
0,1,0.6748764945393964
0,0,0.005654327419469364
0,0,0.008059406386146323
1,1,0.7049158721481744
1,1,0.9991715509146762
0,1,0.7057428073633366
1,1,0.7533763164786969
1,1,0.7740596834439453
1,1,0.999204629036011
1,1,0.9984403057335949
0,0,0.0052357160315480164
1,1,0.9985470396439108
1,1,0.9988844847743602
1,1,0.9991310814722982
0,0,0.004547764177485781
1,1,0.9990894548507947
0,0,0.006419317659576249
0,0,0.004317038207755442
1,1,0.9985984983569205
1,1,0.7102267968185594
1,1,0.9989307490543755
1,1,0.9991085952594515
0,0,0.006693384511622271
1,1,0.9985262951535204
0,0,0.005363933327836499
0,0,0.004594008723816248
1,1,0.9984992229511601
1,1,0.9982850166570676
0,0,0.0031514393039002416
0,0,0.0030526991441004905
1,1,0.9985185976544773
1,1,0.9992026616416894
1,1,0.9987770740439365
0,0,0.004851779066064852
1,1,0.9983398667709953
1,1,0.9988893007600154
1,1,0.6677264362759584
1,1,0.6973498474969092
1,1,0.6663754401959036
1,1,0.6660709635748409
0,0,0.007728638294525311
0,0,0.006490544467126184
0,1,0.8478739425892539
1,1,0.7257623475812196
1,0,0.008723874979936286
1,1,0.9972047682030006
1,1,0.9987489875471441
0,0,0.0067009807844426745
1,1,0.7195753861870566
1,1,0.6447703521138786
0,0,0.0056432651818347735
1,1,0.9982658913203685
0,0,0.0053008245985353775
0,0,0.011665597582230893
0,1,0.6564440303300711
1,1,0.9985434169507036
0,0,0.006507245360009093
1,1,0.9984883487459174
0,1,0.8457050595425827
0,0,0.012074769444417715
1,1,0.8139705140002085
1,1,0.9977970840107082
0,1,0.7278500637522588
0,0,0.01284009365933501
0,1,0.7574041534834915
1,1,0.9985209426219274
1,1,0.7210498557206817
1,1,0.7195755977785465
1,1,0.7195759822282556
0,0,0.006796279260955545
1,1,0.630907661603829
1,1,0.7770002995335904
0,1,0.7423400278554937
0,0,0.0060211213435261025
1,1,0.7580323722069775
1,1,0.9989207849407548
0,0,0.004232566864797318
1,1,0.730684177920406
1,1,0.6159523961861826
1,1,0.9983065954854283
0,0,0.21883276251322922
0,0,0.005379436051255372
1,1,0.9993975630608889
0,0,0.008065997326876892
1,1,0.9986315126258248
0,0,0.010056604191780241
0,0,0.0058043803894903935
1,1,0.9992857207079255
1,1,0.9986256419456456
0,0,0.006681242086655549
1,1,0.8331488354369047
1,1,0.9991509809332233
1,1,0.9975614917640842
1,1,0.9988908412374737
1,1,0.9987989942126029
0,0,0.0048265192231494005
1,1,0.9986524912444773
1,1,0.6264295002396394
1,1,0.7946949221730973
0,0,0.005223475525750348
0,0,0.008586680615736694
1,1,0.9985984821876329
0,0,0.005201982846528857
0,0,0.004140332200334085
1,1,0.9988241057089325
1,1,0.997864344565137
1,1,0.9985129501126612
0,0,0.006610168395481133
1,1,0.9990936792595473
1,1,0.9985657666422197
0,0,0.0032469033992082704
0,0,0.006220850932957101
1,1,0.9607727649506306
0,0,0.00547029317664224
1,1,0.6751950481169541
0,0,0.008449730508876789
1,1,0.9986798904409065
1,1,0.9983911107767446
1,1,0.755589720556794
0,0,0.04553709362621757
1,1,0.9982803349199828
1,1,0.9992342542480547
0,0,0.0035809702843873146
1,1,0.755382367101991
1,1,0.9979429569939959
0,0,0.005359903680939669
0,1,0.7708500858116211
0,0,0.006292756238402334
0,1,0.6173047863259237
1,1,0.9982444525721926
1,1,0.7577392465352636
1,1,0.8021829045445932
0,1,0.7671233014868248
1,1,0.9984737802674
0,0,0.0072954989669615205
1,1,0.7114606618604232
1,1,0.9986329379597193
0,0,0.005245394415950025
0,0,0.002794781671004655
0,0,0.005140544805383761
0,1,0.7519159671599775
1,1,0.8134519949946691
1,1,0.7111523729594155
0,0,0.005095614911059136
1,1,0.7666176481629599
0,0,0.007840093924443703
0,0,0.008227990019157508
1,1,0.8384667193940581
0,0,0.005224322137973081
1,1,0.8378881917722986
1,1,0.717595529994363
0,0,0.005114516545341977
0,0,0.00621561051129999
0,0,0.005102285235040912
1,1,0.9992826205863473
1,1,0.9990713950337451
0,1,0.6998653793768828
1,1,0.6013506793249356
1,1,0.9991529318826065
0,0,0.3495660078623298
1,1,0.9983707171104812
1,1,0.7026369499706884
0,0,0.006683336170491347
1,1,0.998880601822145
0,0,0.0032870055451527146
1,1,0.7533707745896204
1,1,0.9978715825368462
0,1,0.6428288162573405
1,1,0.7250337698827294
0,0,0.006787586059548528
1,1,0.9982655045508059
1,1,0.9970465297730657
0,0,0.006783102086015336
1,1,0.9993710065219865
1,1,0.9990986386554165
1,1,0.670193119015478
1,1,0.9973357764701691
0,0,0.0069220121849185925
0,0,0.05584586007924111
0,0,0.00534432104710431
0,1,0.6424478905150375
1,1,0.9985040604252118
1,1,0.9967092998609497
0,1,0.6420496870474859
0,0,0.005456311123112352
1,1,0.6646788518153034
0,0,0.010902984136395571
1,1,0.9536526455672798
1,1,0.998493044178025
1,1,0.9993395178050374
1,1,0.998887877529447
0,0,0.008324753082072138
0,0,0.009749587503383849
0,0,0.00543591678636244
1,1,0.9985733781136317
1,1,0.9970413983774481
0,1,0.7158674386218944
0,0,0.005283862739992941
1,1,0.9990526329262145
1,1,0.9984009140443423
0,0,0.04204937255993757
1,1,0.9988315223312078
0,0,0.004913020829493704
0,1,0.726545823443217
1,0,0.010973544951943501
0,0,0.005273704613714992
1,1,0.9988489218118076
1,1,0.9986086680693568
1,1,0.996665764575579
1,1,0.9990535872156512
1,1,0.7391695357592045
0,0,0.006607911766215831
1,1,0.9586656672790607
0,0,0.00825020131882998
0,0,0.007790017054551821
0,0,0.00600601542089481
1,1,0.7800418165064553
0,1,0.7172972112074159
1,1,0.998402135769101
1,1,0.9983202098975809
0,0,0.003189236986326069
0,0,0.004908972856585491
0,0,0.00451776105580604
1,1,0.6439114657293683
1,1,0.8367863823102545
1,1,0.9977356871926115
1,1,0.9988232735911694
1,1,0.998837908283454
0,0,0.004507804777375396
0,1,0.6663795409385846
1,1,0.821984006097019
1,1,0.7254100960479941
0,0,0.0070083785341633455
1,1,0.997367715574121
0,0,0.008089072303856535
0,0,0.008575345598181976
0,0,0.010277639494708462
1,1,0.7585977215642117
0,0,0.0058391616116930676
0,0,0.005070534389816799
0,0,0.006016714131287027
1,1,0.7534558509422173
0,0,0.004290711765478526
0,0,0.006276248980693182
0,0,0.008237629141693365
0,0,0.004850262638711149
0,0,0.003151454875211427
1,1,0.9972338470912238
0,0,0.0058556900218617895
0,0,0.0074887548093311275
1,1,0.7271685642123303
1,1,0.690643591479103
1,1,0.8380508919590879
1,1,0.9986181729173861
0,0,0.00752053126874997
0,0,0.006896701290154342
1,1,0.9985374565095608
1,1,0.7970632438306666
0,0,0.004948600172566171
0,0,0.004988474520601853
1,1,0.998023959474844
0,1,0.566865675457009
1,1,0.7264371942753318
0,1,0.745776863837102
0,0,0.007903008430819494
0,0,0.005017049459104953
0,1,0.6775070668161254
0,0,0.010164836906837015
0,0,0.006787497035872697
0,0,0.004273087781950672
1,1,0.9990010517073246
1,1,0.998893624049356
1,1,0.9988838167920161
0,0,0.00592115972816043
1,1,0.9990913692457746
1,1,0.9976086822830502
0,0,0.009091439662610378
0,0,0.009686012504143249
1,1,0.7056920625354958
1,1,0.6613799555164055
1,1,0.9993635339437634
1,1,0.9959032040976269
1,1,0.9993539366241807
0,1,0.7243919564166502
1,1,0.9981038720615424
1,1,0.9988095524069575
0,0,0.002856124126856548
1,1,0.999235321885293
0,0,0.00600274002122355
0,0,0.005932781496065734
1,1,0.9985601376626991
1,1,0.6685981401740911
1,1,0.6562357238173131
0,0,0.0030756973169063046
1,1,0.998551797228671
1,1,0.9980805147886627
1,1,0.9982426964926383
0,0,0.007222931805337215
0,0,0.006000774345623508
0,0,0.01134471202917402
0,0,0.00669515994169756
0,1,0.7573901070099979
0,0,0.012193017864934524
0,0,0.011710606022200913
1,1,0.9985232428607212
0,0,0.004946031973486179
1,1,0.7094209245632155
1,1,0.998633495097902
0,0,0.0047839173621826575
0,0,0.004248291042395092
1,1,0.6649863944872381
1,1,0.7938432031989817
1,1,0.9985850707483858
0,0,0.02546280487570359
1,1,0.7861542140691085
1,1,0.9985666008123167
0,0,0.0086001674216961
0,0,0.004987295891379377
1,1,0.6786212073136296
0,0,0.01427895968999387
0,0,0.0066349386343709385
0,0,0.006060755492389452
1,1,0.9978957899788271
1,1,0.9992504697611976
0,0,0.0049744424929526205
1,1,0.7532431910676259
0,0,0.0050263852768517615
1,1,0.9991418302263784
0,0,0.006644952217960019
1,1,0.9986095031596803
1,1,0.9989526571424691
1,1,0.999057939336216
0,0,0.007732992179200031
0,0,0.007835933172321528
1,1,0.9988408170952678
1,1,0.9990455000648538
1,1,0.7644345248756539
0,0,0.002821849089055799
1,1,0.9993526899297357
1,1,0.9746764072978485
1,1,0.9985258353091833
0,0,0.006431166945987185
1,1,0.9990066595897631
1,1,0.9992717181764831
0,0,0.012117844556193323
0,0,0.009174260296665758
1,1,0.9992515847918688
1,1,0.7754215225511217
0,0,0.011602579644467901
1,1,0.99790427384885
0,0,0.012242668512746807
1,1,0.9985115630320861
0,0,0.006316053348325331
0,0,0.0052856947926124154
0,0,0.00824124257526162
0,0,0.007872803465565395
1,1,0.9985341010216527
1,1,0.9987212155721032
0,1,0.6579796987630574
1,1,0.9989322247365268
1,1,0.9978560866738714
0,0,0.004971341058251738
0,0,0.006031417579130401
0,0,0.008188018739564698
1,1,0.9985912727520296
1,0,0.054365938450930774
1,1,0.7280935280131935
0,0,0.005228809328052976
1,1,0.9983732872807419
1,1,0.9986151227788879
0,0,0.01131199565816463
0,0,0.006857153299981622
0,0,0.007028515348432864
1,1,0.7593001059146571
1,1,0.9985938102117741
0,0,0.005011715201752767
1,1,0.6474666414203549
1,1,0.7172412758470669
0,0,0.009780673676961796
1,1,0.7581340566796269
0,1,0.6466095424876936
0,0,0.007724757347210574
0,0,0.010726929574176347
1,1,0.9984950203351142
1,1,0.6715895973497601
0,0,0.004577972517673128
1,1,0.9983733357932043
0,0,0.009299338757607214
1,1,0.999166010493677
1,1,0.9974363164879751
1,1,0.9990991012805253
0,0,0.006294245076739205
0,0,0.006926136626819691
0,0,0.0397925054467696
1,1,0.9984891053962308
1,1,0.9985281384777134
1,1,0.9992551055194274
1,1,0.9992733709834373
1,1,0.9990539132397304
1,1,0.6963891421003985
1,1,0.9988875694527214
0,1,0.7771208710580728
1,1,0.9992341291452435
1,1,0.9992361668955273
1,1,0.99890582658398
0,0,0.008584379857359735
1,1,0.6779925674677024
0,0,0.0035140173642626447
1,1,0.9986064463533959
0,0,0.006921706272653776
0,0,0.006683129500127148
1,1,0.8134481684875767
0,0,0.006729075264080791
0,0,0.005437252584509336
0,0,0.004785175515530939
0,0,0.003333417015925758
0,1,0.5418594721540005
0,1,0.789833482451135
0,0,0.007984076759833956
0,0,0.003009808946474086
1,1,0.8401505493875832
0,0,0.006307873479201838
0,0,0.006437456949554282
0,0,0.007046412057639392
1,1,0.9970332036489156
1,1,0.9985131007101794
0,1,0.6787201706557004
0,1,0.7665067531532072
1,1,0.7860220798472192
1,1,0.9992427023162719
1,1,0.7648097470861199
1,1,0.9986386340125516
0,1,0.6632319560855016
0,0,0.006022543916821263
1,1,0.9991378582852646
1,1,0.9989351359258635
0,1,0.6311046653724345
1,1,0.6477274291797447
0,0,0.007132944553717081
1,1,0.8241599665159113
1,1,0.9983043799511612
0,0,0.013060067498332098
0,0,0.004752581897181488
1,1,0.9988805377397322
1,1,0.998544881381369
1,1,0.7249044621219864
1,1,0.9989021050583445
0,0,0.008352023742390342
0,0,0.004248681327944424
1,1,0.7834730291538572
0,0,0.0050117337685200965
1,1,0.7016294626837111
1,1,0.9978978518694307
1,1,0.8238087019359032
0,0,0.009187580931397066
1,1,0.9985269753344519
0,0,0.009696712080657996
0,0,0.005407402905163052
0,0,0.004996620676425642
0,1,0.6106230672311598
0,0,0.006255060969241615
0,0,0.05816933798918706
1,1,0.7693132403839547
1,1,0.9989763822187583
1,1,0.9987620790224804
1,1,0.7431985975392615
0,0,0.004537219964323169
0,0,0.003577887949912103
1,1,0.7656565982346287
0,0,0.006128822461722553
0,0,0.00566514570865896
1,1,0.9983669866436615
1,0,0.005924749666191156
1,1,0.688500629202498
1,1,0.7562192217884504
0,0,0.004782237720556938
0,0,0.00640447404946345
1,1,0.9993798816549339
1,1,0.998828030946094
0,0,0.005649677065880958
0,1,0.7109685754399259
0,1,0.7000349543330575
0,0,0.003354255693594161
1,1,0.9988748266959322
1,1,0.835610192937447
0,0,0.008305748026911397
0,0,0.005013895984169943
1,1,0.9990612111606251
0,0,0.06490532218996664
1,1,0.9991065389154143
0,0,0.004908479763821497
0,0,0.007653951512880445
0,0,0.004897820429478606
1,1,0.9988151370723011
0,0,0.005352914277140582
1,1,0.7258197485255863
0,1,0.808138440617703
1,1,0.9987049077302089
1,1,0.7156177291205491
0,0,0.008242954563101883
0,0,0.0033319661553648204
0,0,0.0045482247576820005
0,0,0.006305518188542014
0,0,0.003519538189565186
0,0,0.0047848072369329085
0,0,0.00537552948808584
0,0,0.008122267282575955
0,0,0.011058230885256454
0,0,0.007030780825622992
1,1,0.9983196676455635
0,0,0.005218720532609778
0,0,0.014247996317951116
1,1,0.6650425845046571
0,0,0.04173098645182015
0,0,0.005204088529137676
1,1,0.9972472052725568
1,1,0.7585927622826472
0,0,0.006274270483204715
1,1,0.9991007006243106
0,0,0.009218258456342589
0,1,0.7590306043108324
0,0,0.011427496948641078
1,1,0.7720539860036417
0,0,0.04190676057339863
0,0,0.007654251558645279
1,1,0.9988868778791303
1,1,0.7275227506574693
1,1,0.7533710801764865
0,0,0.00678326297421528
0,0,0.00669061213977029
1,1,0.8455481808385322
0,0,0.00535750895622394
1,1,0.999328760771691
0,1,0.8149326593828595
1,1,0.688865211298251
1,1,0.9984664194095877
0,0,0.005564479100586668
0,0,0.005126133792841252
1,1,0.9985778011560122
0,0,0.003280171237699974
1,1,0.9986458597909088
1,1,0.9974504223019826
1,1,0.998582408995714
1,1,0.9984536512821985
0,0,0.007579137838095382
0,0,0.00733815010491498
0,0,0.006849230459262347
0,1,0.8060254052891083
0,0,0.00583990242898736
1,1,0.9988948297718445
0,0,0.011043411291158205
0,0,0.006054191043774678
1,1,0.99853855683644
1,1,0.6529942164330464
0,0,0.006782896414374914
1,1,0.9977938968528648
0,1,0.839716873030442
0,0,0.005397204267989298
1,1,0.759159987878994
0,0,0.00822369102973315
1,1,0.9985222373229786
0,0,0.0054293511167809345
1,1,0.6837965184626142
1,1,0.702959587816815
1,1,0.9988220256492403
0,0,0.008458035284620654
1,1,0.6745763446258882
0,0,0.004866146383703616
1,1,0.9983697581370583
0,0,0.006763704927331215
1,1,0.5962463418215254
0,1,0.6822102434754388
1,1,0.9986850387337899
1,1,0.9978811037562703
0,0,0.007405915014426905
0,0,0.008282990867681844
0,1,0.6639753417137217
0,0,0.005147473880483169
0,0,0.004371659278928271
0,0,0.005810159856107697
1,1,0.9993319850982775
1,1,0.6702762371728135
0,0,0.0067879730888890395
0,0,0.0032802658195709555
0,0,0.004250997798748887
1,1,0.9983530447491191
1,1,0.9992414752201131
0,0,0.0042784221214179005
1,1,0.9972472756642098
0,0,0.005880048272860671
0,0,0.006721073979129122
0,0,0.012286882860603567
0,1,0.7175168771017095
0,1,0.5810204993406218
0,0,0.0026944156393396254
1,1,0.9990736425123133
0,0,0.006643178103287174
1,1,0.737140132223351
1,1,0.9961684611852561
0,0,0.0077330022457428454
0,1,0.7548211578479762
1,1,0.9986093685472857
0,0,0.005326876333535475
0,0,0.0061558610748223795
1,1,0.998283295331646
1,1,0.5946619286327884
1,1,0.9989176470124245
0,1,0.7676392582904104
1,1,0.7175643313098983
1,1,0.7282119170458484
1,1,0.997407955506191
1,1,0.7745000713888412
0,0,0.0026959936851995614
1,1,0.7256192040564953
0,0,0.011034110481185634
0,0,0.006938697940728427
1,1,0.9986154631645634
1,1,0.6896563618815209
1,1,0.9989407442491824
0,0,0.004826372221113496
1,1,0.9989248540882242
1,1,0.6808547103809552
0,1,0.8110200008992495
0,0,0.006349198654599074
1,1,0.9987717534248747
0,0,0.005491058899883124
0,0,0.008731753811576867
0,0,0.007674708875532887
0,0,0.00602205674903912
0,0,0.005329689878364949
1,1,0.9984680501748928
1,1,0.7561308856422261
1,1,0.998333391096267
0,0,0.006787439023536559
1,1,0.9982999681521703
1,1,0.9983783616978821
0,0,0.0064149762671627635
0,1,0.7686396855333232
1,1,0.7866468720615495
1,1,0.9986946151372872
1,1,0.9985768220916604
1,1,0.9991173205049878
1,1,0.9983644385544352
1,1,0.9992489389664774
0,1,0.7145453335592633
0,0,0.005821160767735877
0,0,0.04566785916354461
0,0,0.011044402852006276
1,1,0.9990923994687746
0,0,0.00488748536993305
0,1,0.6885503243116574
1,1,0.7499868608958661
1,1,0.9984961618429228
0,0,0.005757755073627629
1,1,0.9991612256883047
1,1,0.9987979907234207
0,0,0.014278989492857047
0,0,0.005010358553244641
0,0,0.007711985946872692
1,1,0.6604252764443664
0,0,0.005200984575655759
0,0,0.009985265076721421
0,0,0.0070693029571577025
1,1,0.8365605125129277
0,0,0.004592313127678224
1,1,0.9989421669660516
1,1,0.998571790978028
1,1,0.7258671608688237
1,1,0.9985054957249803
1,1,0.7125619276796846
1,1,0.9983735014073403
1,1,0.998946868848583
0,0,0.005288709851091709
1,1,0.9985114021948401
1,1,0.5313551947487627
1,1,0.7274259964396255
1,1,0.7528696871266114
1,1,0.6687351899889286
0,0,0.00777719817189874
1,1,0.9987707488675345
1,1,0.9987003490955287
0,0,0.00642185390032433
1,1,0.8237137910914795
0,0,0.005725065837273845
1,1,0.9989300419105043
0,0,0.005070537638808248
0,0,0.005383289884686083
0,0,0.004276814650459922
1,1,0.9974065137248563
0,0,0.005638449249344761
0,0,0.009968781526932265
1,1,0.6735013442947071
1,1,0.9990936850890441
1,1,0.9982129541806479
0,0,0.005310377536175638
0,0,0.0050263879697307265
1,1,0.9987891326414197
0,0,0.006552691974839545
0,0,0.0031084951360175954
0,0,0.006215607174045286
0,0,0.008002149818490534
0,0,0.008131389366558751
1,1,0.9989050394047732
1,1,0.6785726970555614
0,0,0.004918241280341925
1,1,0.8305835258677727
1,1,0.998422591454408
1,1,0.7182122113813408
1,1,0.998426593883498
0,0,0.008578997912454228
1,1,0.9982839660285086
1,1,0.998198188707344
1,1,0.6070328460393332
1,1,0.9973800647770658
1,1,0.7690373112749255
0,0,0.005026327716439267
0,0,0.0031614519850342577
1,1,0.9985435246859452
0,0,0.005478500052068061
0,0,0.0047714756807868824
0,0,0.006121789214917774
0,0,0.03776530147233539
0,0,0.00269475612071123
1,1,0.9977890942389533
1,1,0.9986495288786071
1,1,0.9985573493397246
1,1,0.6754201651017183
0,0,0.008111710816742685
0,0,0.008324220720607038
1,1,0.7113788802833935
1,1,0.7188952019346925
1,1,0.9993555511300422
0,0,0.007654219266076862
1,1,0.9984254817171833
1,1,0.7798599053123418
1,1,0.9976238221994203
1,1,0.9993567919175758
0,0,0.007180188073682767
0,0,0.003109787733216013
0,0,0.008160566699519835
1,1,0.9984945621313159
1,1,0.9988646620325488
0,0,0.006349662694253449
0,0,0.004864451199515426
1,1,0.9983641227475136
1,1,0.9987348168044913
0,0,0.0050414352208656915
0,0,0.006990958230169852
1,1,0.9978402627074154
0,0,0.006453732217486081
1,1,0.9978150614228679
1,1,0.9991001484733438
0,0,0.005689653332325736
1,1,0.9991214160633219
0,1,0.700937966384533
1,1,0.8137675698593091
1,1,0.6896121847386444
0,0,0.006693385310485601
0,0,0.005330921579337099
0,0,0.006595791349121592
0,0,0.013075149013856148
0,0,0.005879075804455863
0,0,0.00570051703880881
0,0,0.003292622514059425
0,0,0.005231069265334372
0,0,0.004272802769286067
0,0,0.010931757519355106
0,0,0.004810842349569467
1,1,0.7234541279093574
1,1,0.8288243581090777
1,1,0.6634195344707007
1,1,0.9983050890637124
0,0,0.006493205642902765
0,0,0.004215875247539043
1,1,0.68970385193788
1,1,0.998943097477575
1,1,0.6702608520452084
0,0,0.007825936845228788
1,1,0.998630903220795
0,0,0.00916687666097284
0,0,0.005164432081374887
1,1,0.9988937120225249
0,0,0.010007306624762716
0,0,0.010689914454700102
1,1,0.9988410157435809
1,1,0.9989727883121072
0,0,0.005286891970425088
0,0,0.0031833292247967246
1,1,0.736244847731862
0,0,0.006438440142954236
1,1,0.9976205065272625
0,0,0.006000809092909963
1,1,0.9973703664370647
1,1,0.9988077436455643
1,1,0.7728291834036811
1,1,0.6885657319650087
1,1,0.8401698139275833
1,1,0.9977313630722641
0,0,0.004282749890444582
1,1,0.7937546992308527
0,0,0.004945806669895518
1,1,0.7755433756502338
1,1,0.6750186701484328
0,0,0.03744894459027212
0,0,0.005765921995241
0,0,0.04625865057990367
1,1,0.8299673321414889
0,0,0.008585307986691174
0,0,0.010226982796859675
0,0,0.00836293921044288
1,1,0.9983823824827378
0,0,0.004556481392120351
1,1,0.9983709309112774
1,1,0.724993838547476
0,0,0.004548193028798978
1,1,0.7305468370514466
1,1,0.6989987305396506
1,1,0.999117317171026
0,0,0.00776979479437437
1,1,0.9985211646699015
1,1,0.9992320812681726
0,0,0.010741850083438592
0,0,0.013509209464654426
0,1,0.7182466265588742
0,0,0.009114088968708398
0,0,0.008344747416997578
1,1,0.9976359826205634
1,1,0.9990270831936578
1,1,0.99835321085342
1,1,0.9985795012330312
0,0,0.006327180181936736
1,1,0.8500887679036161
1,1,0.7736822299948373
1,1,0.9990158497572595
1,1,0.9988653633236101
0,0,0.0051893451105700615
0,0,0.006663781609583318
0,1,0.8976606570492714
1,1,0.9983536166100003
1,1,0.9984680770363606
1,1,0.9987346084129156
1,1,0.9985053961212488
1,1,0.8299646956870073
1,1,0.6660223435011116
0,1,0.6904633827202898
1,1,0.9985756066306544
0,0,0.0131014262169498
1,1,0.7682140742940547
0,0,0.006806906607874718
0,0,0.010322582530900026
0,0,0.005284367142574767
1,1,0.9988518519144297
1,1,0.6787208938302638
0,0,0.005279516339885154
1,1,0.9991815660538617
1,1,0.9989248278227535
1,1,0.9985768717574924
0,0,0.005095417249024813
1,1,0.9984453447411669
0,0,0.004522364459716239
0,0,0.01221911328230416
1,1,0.6901932105649649
0,0,0.003491190160371263
0,0,0.007859430060096734
0,0,0.007055584401191103
0,0,0.005268113466408085
0,0,0.014247958105046428
1,1,0.7693449452144234
0,0,0.004288153925648178
1,1,0.7899564807174347
1,1,0.7965365218619106
0,0,0.00969622429360131
0,0,0.004575801757674531
1,1,0.7122939981371278
0,0,0.00538358944476505
1,1,0.8381291267354355
1,1,0.9635610169181325
0,1,0.6803815212591081
0,0,0.014370002508348238
0,0,0.006942904034990951
1,1,0.7106667746999785
1,1,0.9983114663212665
1,1,0.7335972519779467
1,1,0.9988792747400322
1,1,0.9984640089394733
1,1,0.7832903776647543
1,1,0.6540381920637196
0,0,0.009402994536776808
0,0,0.0066549395032407515
0,0,0.2722202284996004
0,0,0.004839185855383988
0,0,0.005177572853264173
0,0,0.004464393819788115
1,1,0.6524065909558547
0,0,0.005048708161954688
1,1,0.9991030105830743
1,1,0.7639420238214296
1,1,0.9990710385336434
0,0,0.00953440956498069
1,1,0.612065771559609
0,0,0.007833788296013626
1,1,0.9992392861609775
1,1,0.6701744059848608
0,0,0.007001935618093006
1,1,0.999197108247086
1,1,0.8139701966654284
1,1,0.9987872781458873
1,1,0.780221947813845
0,0,0.006216812039433796
1,1,0.8391172733045286
0,0,0.003487332379541738
0,0,0.005819994607053826
1,1,0.998939163198386
0,0,0.0061540606548257035
1,1,0.6787296131899548
1,1,0.8299668031214589
1,1,0.999009894532662
0,0,0.006718319518371365
1,1,0.9986318705761683
0,1,0.5117643091926232
0,1,0.764216421074102
1,1,0.9973797916115469
1,1,0.9989186569960868
0,0,0.007766425423379786
1,1,0.9986400719285826
1,1,0.9991205145120269
1,1,0.9952996221583077
0,0,0.00922130397451452
1,1,0.7676825502852438
1,1,0.9972567573052088
1,1,0.9989773225878742
0,0,0.009126806862758376
1,1,0.7777121309493518
0,0,0.005150472424772341
1,1,0.8313767676373622
1,1,0.7184142112834919
1,1,0.998296492017545
1,1,0.5274855402097639
1,1,0.7924112606700452
1,1,0.9984715814986356
1,1,0.9986070558916404
0,0,0.00614812856843481
1,1,0.6629448160513474
0,0,0.0053385873789564345
0,0,0.00915256844204616
0,0,0.037912017553378925
1,1,0.9984769614155493
1,1,0.9982850153111911
0,0,0.005329466614359198
0,0,0.004852073454620329
0,0,0.006084672017502293
0,0,0.003561953960159134
1,1,0.9983491497049783
0,0,0.007555622368638661
1,1,0.659823387778691
1,1,0.9989085603523309
0,0,0.007470926481574368
1,1,0.9990587460639868
0,1,0.5662333163883554
0,0,0.007050238481499796
1,1,0.9989463152124558
0,0,0.004751214476605806
0,0,0.01134585640138375
1,1,0.9990055073628018
1,1,0.8368233576484578
1,1,0.9983834614739032
1,1,0.7920701696451775
1,1,0.8134505778343464
1,1,0.7190256119945009
0,0,0.0037300383188270036
1,1,0.9989727930398417
1,1,0.9976983749001583
1,1,0.9989035796869575
1,1,0.9983070706828059
0,1,0.5538877809990013
0,0,0.006068939262821308
1,1,0.9291787654782987
1,1,0.9993674383765235
1,1,0.9980341797081113
0,0,0.006520781323118588
0,0,0.010274327777177654
0,0,0.007021758396982145
1,1,0.998816696822386
1,1,0.9985946072816992
1,1,0.9992704661326254
1,1,0.9987629791118561
0,0,0.010945914722604245
1,1,0.6807827082306444
1,1,0.9973287132532552
0,0,0.04752595309196621
0,0,0.005817245737445463
0,0,0.006937291119387359
1,1,0.9988623890269173
1,1,0.9987748044939574
1,1,0.9985779623994453
0,0,0.03069129793560768
1,1,0.9991082951066196
0,0,0.0026755537276262347
1,1,0.9985571703794474
1,1,0.9993531987749305
1,1,0.9989490228721801
1,1,0.9992524923742582
1,1,0.7506116491977911
0,0,0.006404193470725187
1,1,0.99888424378288
0,0,0.007054409722826207
1,1,0.9972244314448598
1,1,0.9988524548775848
0,1,0.5670529737262707
0,1,0.850109528445424
0,0,0.0070105894676027285
0,0,0.007481582556542178
1,1,0.9988624118788073
1,1,0.9985626151389299
1,1,0.9958447298857823
1,1,0.9988321220092966
0,0,0.023921241317791057
1,1,0.771482681467795
1,1,0.9973738125058031
0,1,0.6413087699133541
1,1,0.9993901678463282
1,1,0.9992057583133928
1,1,0.7928146399078542
0,0,0.005367457605425338
1,1,0.9991219349450393
1,1,0.6817033006926781
1,1,0.7489031554674646
0,0,0.005019860915428274
1,1,0.9977671132765878
1,1,0.9983191733803649
0,0,0.007557413562930329
1,1,0.9993125272167086
0,0,0.0064734621872759345
0,0,0.003156124996944669
0,0,0.006072661806591993
0,0,0.037783501929351336
1,1,0.9985204395603317
1,1,0.9978950349780793
0,0,0.0029703109276322417
0,0,0.008480819072341012
0,0,0.009532304478724394
0,0,0.07168240995633512
1,1,0.9414919756311851
0,0,0.005938420593399582
1,1,0.9984528436577674
1,1,0.7157643398485171
0,0,0.007004729516319132
1,1,0.9985999509166222
1,1,0.9987323322386109
1,1,0.9986329050354191
0,1,0.6639117089715326
0,0,0.006621124215047138
0,0,0.003218564888796835
0,0,0.005014149273598015
0,0,0.0059806283259151586
0,0,0.0057680352876880525
0,1,0.6454812093723618
1,1,0.9985437373427406
1,1,0.999134038779789
0,0,0.006982431186189909
0,0,0.005562995293930526
1,1,0.8128685502183546
1,1,0.6649852942863707
1,1,0.9988597615647632
0,0,0.0037632107838835864
1,1,0.6823641669134717
1,1,0.997527755640845
1,1,0.582172417479792
0,0,0.004905368012656113
1,1,0.9983193603819794
0,0,0.0121876044693058
1,1,0.9975970088112349
0,1,0.6916493870127864
1,1,0.9977972001936893
1,1,0.7181601497202547
0,0,0.006427327984703179
0,1,0.6993445751683534
1,1,0.9988489302768369
0,0,0.006327606651171249
0,0,0.005166458597297604
1,1,0.6688328436856734
1,1,0.7502825634377701
0,0,0.006763259190621991
0,0,0.0030709738708089504
1,1,0.7569073517714916
0,0,0.00574833123763408
0,1,0.7598488156037383
0,0,0.006691760269892184
0,0,0.005466117421100405
1,1,0.9993274174637354
1,1,0.9985833528265138
0,1,0.6599737294688091
0,0,0.00489780781084571
1,1,0.9973180230327783
1,1,0.9975638068517859
1,1,0.9992396409671308
1,1,0.8053002012213789
0,0,0.009850667588951603
0,0,0.008579994649467378
1,1,0.999010212739579
0,0,0.0052519467463066506
0,0,0.007825980172199036
0,0,0.008564421405157225
0,1,0.710672062903878
0,0,0.005548728071809793
1,1,0.5781800413172976
1,1,0.994939488148497
1,1,0.6612965222383217
1,1,0.9988489263648396
1,1,0.7026080103187214
0,0,0.004092787766587947
1,1,0.9987956846597613
1,1,0.9990546151949478
0,0,0.004548224607211633
1,1,0.9991960534924035
0,0,0.006275180103348784
0,0,0.005228205900248996
1,1,0.8112057183895421
0,0,0.003086686601860175
1,1,0.8150673243925471
0,1,0.8196102441924675
0,0,0.0065220571298369254
1,1,0.6719937875191808
0,0,0.0067873140831847725
0,0,0.006091420285150901
0,0,0.006964347075240346
1,1,0.9988512661469878
0,0,0.008480162081994985
0,0,0.003857782572792483
0,0,0.005370875566523879
1,1,0.9978738450663754
1,1,0.9993414974361283
1,1,0.8479354579132158
1,1,0.9981783270018312
0,0,0.0033612561644447976
1,1,0.9989050560120886
1,1,0.9991007227228035
0,0,0.0026801691440166103
0,1,0.6663589863563671
0,0,0.009780601876107622
0,0,0.008214187429784846
0,1,0.658760254063107
1,1,0.9970412818988036
0,0,0.0028145376603266837
0,0,0.00629734232339074
1,1,0.8210302147868562
1,1,0.6813409680629687
0,1,0.6908831303223186
1,1,0.9976725979828392
0,1,0.641782669016289
0,0,0.007845091098940738
1,1,0.9990766901045959
1,1,0.9983050876870602
1,1,0.9978714135275376
0,0,0.008033166266821191
0,0,0.006291777742261079
0,0,0.006524526653258689
1,1,0.8119495886605244
0,0,0.0062996548290256416
0,0,0.009695095453712964
1,1,0.7629894090058684
1,1,0.9985635991478071
0,0,0.005016152488061004
0,0,0.005699165862185601
0,1,0.7002923016777257
1,1,0.7297047705368882
0,0,0.005224133855956772
1,1,0.9977001696854727
1,1,0.9985812855441979
1,1,0.6688757295826561
0,0,0.01220013836318453
1,1,0.9982904392828762
1,1,0.9992331989364928
1,1,0.9994232422674177
0,0,0.006486589867251242
0,0,0.0066963526787702935
1,1,0.9985230288090946
0,1,0.7328783116595259
0,1,0.6418295156948907
1,1,0.9990634050408673
1,1,0.6728264635220325
0,0,0.004297571485809677
0,0,0.0052611692611573176
1,1,0.9991041004960295
1,1,0.998896440363528
0,0,0.004146822803475708
0,0,0.006377726091441659
0,0,0.00793648901221435
0,0,0.009774440611171567
1,1,0.9957698696438946
1,1,0.7026839124302106
1,1,0.9976360018444671
1,1,0.9983017059997376
1,1,0.998576144696534
1,1,0.7858373191888606
1,1,0.9985930136853609
0,0,0.005426182264549286
0,0,0.003289479330064565
0,0,0.0053135947100999064
1,1,0.6656485802660466
1,1,0.7265579173279082
0,0,0.005220539405561601
0,0,0.007815339282608092
1,1,0.8045668128472944
1,1,0.5325879240278806
1,1,0.9972047613085577
0,0,0.006305940510929182
1,1,0.8196103977453529
1,1,0.9988633320155575
1,1,0.7143340306571934
1,1,0.9988984560842937
1,1,0.9977141656781032
1,1,0.7333495287150394
0,0,0.00657533791121069
1,1,0.9986446833489463
1,1,0.9988983343200328
1,1,0.9979248444027417
1,1,0.9989960455434781
0,0,0.008154356269060253
0,0,0.0052330378280742796
0,0,0.008951366195793316
1,1,0.8145394948630874
0,0,0.0028678416403122293
1,1,0.9983530281273303
1,1,0.6267948985619989
0,0,0.004978653658936871
0,0,0.003687650850248696
0,0,0.008940647041234977
0,0,0.0068376355866420924
0,0,0.006316196273902453
1,1,0.998413294837628
1,1,0.5574802062358812
0,0,0.00784085312563441
0,0,0.003287578959011923
0,0,0.004992971304256209
1,1,0.998507051971379
1,1,0.7852077002982534
1,1,0.9984014309478496
1,1,0.9988937170676614
1,1,0.9990113115142826
0,0,0.004910489113297237
1,1,0.6702929867993087
0,0,0.007824852400103617
1,1,0.9984542695162658
1,1,0.6633723606759686
0,0,0.005138412495578978
0,1,0.5958163390137821
0,0,0.006061700707882896
1,1,0.8211825818577213
1,1,0.7148726990145252
1,1,0.9986670983825663
1,1,0.9971871173468804
0,0,0.0034324736027896447
1,1,0.9993395253489662
1,1,0.7033097104050903
1,1,0.999325153764964
0,1,0.7219248744930012
0,0,0.005862649831951321
1,1,0.9985635996416138
1,1,0.9991166997485648
0,0,0.0055563817921989375
1,1,0.9988018030917617
1,1,0.6677379127855128
1,1,0.9984470052165131
1,1,0.999366156499137
0,0,0.01095984238027448
0,0,0.010903964050217308
1,1,0.9983833665879358
1,1,0.7690846927978392
0,1,0.5657732825125754
1,1,0.9990999196342719
1,1,0.9976313789935042
0,1,0.7714736043272651
1,1,0.9991077637534637
1,1,0.8134506132990172
1,1,0.9991161038317178
0,0,0.004495637176805398
1,1,0.9990625605457777
1,1,0.9978916486477626
0,0,0.005399849486008721
0,0,0.0064999282746795615
0,0,0.008306158776567867
1,1,0.998403229035445
1,1,0.9987763083690089
1,1,0.997580489702298
0,0,0.0035144678962725183
0,0,0.006368364990092665
1,1,0.7553708835600679
0,0,0.006316074918182576
0,0,0.00603266448513017
0,0,0.0076561378257556266
1,1,0.9974454439501553
0,0,0.008500432565146727
1,1,0.7116366456349514
1,1,0.998516724857515
0,0,0.007223295958168066
0,0,0.004527650328548651
1,1,0.7620002121293085
0,0,0.004012471471830324
1,1,0.6803755614869562
1,1,0.9982849995960884
1,1,0.6787750382516704
0,0,0.006648516650279565
1,1,0.9985852749790102
0,0,0.0026492059006866546
1,1,0.9988073920309507
1,1,0.6343316043066595
1,1,0.7399937454939229
1,1,0.9990556606757124
0,0,0.0051504939277754675
0,1,0.6341073384768552
1,1,0.7212730625331191
0,0,0.007008160377169062
1,1,0.8111287950551704
1,1,0.9993557146615477
0,0,0.004623743767470707
0,0,0.00821545845187442
1,1,0.9985628743426818
0,0,0.004901846308009553
0,0,0.005079096037332895
0,0,0.004920365559068101
0,0,0.048056523542823866
0,0,0.010146089098989647
0,0,0.003230088544341863
0,0,0.008245106478223923
1,1,0.9984969630798866
0,0,0.008129355197841569
0,0,0.007174030959080596
1,1,0.9991058843367819
1,1,0.6716257970655501
1,1,0.5697305628836515
0,0,0.0045025489135127805
0,0,0.0101388142294909
0,0,0.0066945044041997375
1,1,0.7374522155299433
0,1,0.8148904565322563
1,1,0.7373879155076407
0,0,0.008729174594621907
0,1,0.7555625340694405
0,0,0.005568160243516114
1,1,0.9992071347257313
0,0,0.005820499854704292
1,1,0.7564101483414737
1,1,0.9990014841125884
0,0,0.009030961476085016
1,1,0.998756513939967
0,0,0.05490025301671317
0,0,0.004917934876763462
0,0,0.00504149295340941
0,0,0.008581345317112602
0,0,0.004839963084189314
0,0,0.007716904526934994
0,0,0.007090931909469384
1,1,0.9988918505243746
1,1,0.9989709191682951
1,1,0.9985764423500534
0,0,0.01057380952872464
1,1,0.8050306645249867
0,0,0.005144217663426275
1,1,0.9982860576141203
0,0,0.005035391037919259
0,0,0.006318545690020123
1,1,0.647566235680195
0,0,0.005271430548990977
1,1,0.9977962708981246
0,0,0.006059346912982846
1,1,0.9993481624078999
0,0,0.005478255927628287
0,0,0.007555634314207921
1,1,0.7081059658565876
1,1,0.9987841155972841
1,1,0.9968294943703798
0,0,0.0074823205850004185
0,0,0.0062740827945278865
1,1,0.9975953375886305
1,1,0.99855561288428
0,1,0.7205726325332311
1,1,0.998119413013329
0,0,0.005689663532245367
1,1,0.9986234106064364
0,0,0.0043614484328495726
0,0,0.0057160785986657804
1,1,0.9985513214803006
1,1,0.9992465098557066
1,1,0.5932874138941059
0,1,0.597944523969256
0,0,0.006223025480030756
0,0,0.003187424256655246
0,1,0.6534615340041698
0,0,0.008186436240193053
0,0,0.007005355076005176
0,0,0.009441065423950306
0,0,0.005038925889658617
0,1,0.667559129726237
1,1,0.9983452889376357
0,0,0.004556407427539523
0,0,0.04938904734564653
0,0,0.006779233232693689
0,0,0.004844179860806676
0,0,0.006396772587043929
1,1,0.9977711917006576
1,1,0.997888819264016
1,1,0.9957980073446082
1,1,0.7588629178496561
0,0,0.010062897719077687
0,0,0.005025285012191164
0,0,0.006217341995682742
0,0,0.0042768433638684725
1,1,0.6421865651489819
0,0,0.005978286096543025
1,1,0.7533707920856629
1,1,0.6619605990338807
1,1,0.9987909449594984
0,0,0.0061217881040648015
0,0,0.00911339530673018
0,1,0.7635220967780697
0,1,0.7508207411786455
0,0,0.009337041491775182
0,0,0.008285658052012094
1,1,0.9976764369605388
1,1,0.9992484265983581
1,1,0.9985209580800051
1,1,0.7555119846829867
0,0,0.008346337344722989
1,1,0.7217802019374192
1,1,0.9990065516469713
1,1,0.9985956187024593
1,1,0.9989569006869996
0,0,0.004942849295801794
0,0,0.012065349744594092
0,0,0.004842470774627978
1,1,0.9959077694558073
0,0,0.005907515085188973
0,1,0.678721324705688
1,1,0.7284499499526256
1,1,0.9985655313761103
0,0,0.005312513754336795
0,0,0.005274830579643452
1,1,0.783905938382965
1,1,0.9986234639627795
1,1,0.9984527527077165
1,1,0.9988766614546214
1,1,0.9992331994224437
1,1,0.998644381237323
0,0,0.0050384694408726165
1,1,0.9983533229796673
1,1,0.9983950505004507
0,0,0.003303246250354785
1,1,0.7967540628816917
0,0,0.0028695416921925673
0,0,0.043782486636575794
0,0,0.005315078071564261
0,0,0.004465650754873443
1,1,0.9983452890136546
1,1,0.9984813442133346
1,1,0.7116446610207428
1,1,0.9987863702673344
1,1,0.704509569840904
0,0,0.0071210317524826585
0,0,0.005866475665321749
0,0,0.007198175412394047
0,1,0.7717509294534914
0,0,0.006144539361826593
0,0,0.008786398358374862
1,1,0.9988328374903318
1,1,0.9992835291775725
1,1,0.9985956095526897
0,0,0.0066787373682010145
0,0,0.006582553723609212
0,0,0.0031606757315550903
0,0,0.004948664452920934
1,1,0.9984097628497061
0,0,0.006350550800262936
1,1,0.999079785202929
1,1,0.6264303772890137
1,1,0.9986642250301159
1,1,0.9988223126099484
0,0,0.006288437061474353
1,1,0.6677943641216246
0,0,0.004783446099389803
0,0,0.005601151613435878
0,0,0.010777048321348195
1,1,0.9989826562529761
0,0,0.005027068844234069
1,1,0.9991160974354941
0,1,0.7289570227409502
1,1,0.737452769340324
0,0,0.009170313106823614
0,0,0.007069218662985847
1,1,0.998456859747059
0,0,0.00646363176166655
0,0,0.01291414806480316
0,0,0.008612098967469829
0,0,0.00680532354269875
0,0,0.006642031944124725
1,1,0.9993372652958331
1,1,0.7155423569927515
0,0,0.07229344729796634
0,0,0.00781210802949511
1,1,0.9984140542183944
1,1,0.9995261887995182
0,0,0.005205004681732497
0,0,0.007745341363067366
0,1,0.6440207251207787
1,1,0.9983040695055906
0,0,0.005127883641087541
0,1,0.811812430217567
0,0,0.0075394295777043725
1,1,0.7663843331393366
0,1,0.7395037172120302
0,0,0.00739358901551875
1,1,0.5816218798301193
0,0,0.006302408632900346
0,0,0.005104494213047933
0,0,0.00599174491848523
0,0,0.00700966971407274
0,0,0.0084582407865445
0,0,0.004922633701559186
1,1,0.8152292150496884
0,0,0.009192393243226757
1,1,0.9993223720475893
0,0,0.005347260519218464
0,0,0.04793668759691541
1,1,0.9993494362037683
0,0,0.006375835460878556
0,1,0.6311856026998731
1,1,0.6542646645218406
0,0,0.005633712131966256
0,0,0.003290939863231119
0,0,0.0054748032464233655
0,0,0.005249700929648972
0,0,0.0053026430138342915
1,1,0.7235237654931894
1,1,0.9990749950410736
0,0,0.004915446663639298
0,0,0.005314042743630601
1,1,0.999152122297527
1,1,0.7024762120585011
1,1,0.9985541576373518
1,1,0.696390440391874
0,0,0.010889673780311217
0,0,0.005043788597797241
1,1,0.6418693539938319
0,0,0.0060741805772237265
0,1,0.7113015897007915
0,0,0.006293462615825535
1,1,0.9986162640336621
0,0,0.005917071800056205
1,1,0.9989186891449305
0,0,0.005359359116372229
1,1,0.9988827457745986
0,1,0.5324756615232894
1,1,0.9981235941393807
0,1,0.7175173838260216
1,1,0.703416117292164
1,1,0.9985094941285365
0,0,0.004537307834134886
0,0,0.005931861594958565
1,1,0.661009423049142
0,0,0.005300778845210691
0,0,0.006286442503710352
0,1,0.7841883189573116
0,0,0.006562324640104797
1,1,0.8210302139416418
0,0,0.006306081929784643
0,0,0.0029784868891494123
1,1,0.9987763127019534
1,1,0.9988300716750335
1,1,0.9976218106272386
1,1,0.7094934890267887
1,1,0.9987714205432134
1,1,0.7397957424419527
0,0,0.004918253428112728
0,0,0.03732357899230217
0,0,0.010901463451722136
1,1,0.9976789548491991
0,0,0.0049179664073435506
0,0,0.0064973386074696
1,1,0.7026184584469012
1,1,0.6979520413214871
0,1,0.7461896210668085
0,0,0.006171640688066701
0,0,0.0031117741805367846
0,0,0.007874489405295233
0,0,0.00560789069877581
0,1,0.7485714155891217
1,1,0.7531290036926457
0,0,0.007330171173709336
1,1,0.9959956394969338
0,0,0.0031339855501673433
1,1,0.9990811024993778
1,1,0.7075649372415195
0,0,0.007840660025879133
0,0,0.03713867535636962
1,1,0.9970412313144944
1,1,0.7207218614728136
1,1,0.9983050882948205
0,0,0.006632288620873319
1,1,0.9987620693050879
0,0,0.00489285790146813
1,1,0.998501933330186
0,0,0.006378325982595983
1,1,0.9983613897886999
0,1,0.8373465213613004
1,1,0.9988884364304491
0,0,0.009106975118414065
0,0,0.004841931518784159
1,1,0.9985347070589838
0,0,0.005303445074289828
1,1,0.9977105802352241
1,1,0.7667205230119292
0,0,0.0045062682429163605
0,0,0.008219187586154421
0,0,0.007575765647243009
1,1,0.9986808933926723
0,0,0.0032921174686419076
1,1,0.9989521034092332
0,0,0.00530886791714571
0,0,0.006074791178064088
1,1,0.9986923391342739
0,0,0.005147465056637809
1,1,0.997198262963378
1,1,0.9978927905250949
1,1,0.9989443179557208
1,1,0.8289904637809218
1,1,0.7620007826329567
0,1,0.7525491559511648
0,0,0.0106968449617758
0,0,0.008268043318149832
0,0,0.0047517185894471745
0,0,0.005435249799439544
1,1,0.8270671909957673
0,1,0.5483335169976686
0,1,0.7665407655585452
0,0,0.005913991717498562
0,0,0.004627785790082167
0,0,0.005682006029864407
1,1,0.9986062049727115
1,1,0.9993218445112819
0,0,0.0037122960099914473
1,1,0.7939447426512892
1,1,0.9985800161814694
1,1,0.999251531797814
0,0,0.005024040560581237
1,1,0.9973925914283552
0,0,0.008342920910540329
1,1,0.9986822422856074
1,1,0.9992796940272463
1,1,0.9971915030333597
0,0,0.008212479372061566
0,0,0.0026528707231392086
1,1,0.7196498840023335
1,1,0.9990200237908503
0,0,0.0069572528330544186
0,0,0.008447308704690097
0,1,0.7770790070981984
1,1,0.7105164271363175
0,0,0.053707370515128375
0,0,0.008305696311267076
0,1,0.7635298832991302
0,0,0.004494562207928968
0,0,0.007654315629021178
0,0,0.00524569921121311
1,1,0.998965882666686
0,0,0.005313595091814333
0,1,0.8032269609080168
1,1,0.9977853620092677
0,0,0.008059966074164685
1,1,0.704339436787371
0,0,0.008267998788731544
0,0,0.005095401697212438
0,0,0.0053780507568029524
0,0,0.007556104098609936
1,1,0.761649898792581
0,0,0.008225037956566894
0,0,0.0027971969366582246
0,0,0.005839192051560007
0,0,0.005159967874061747
1,1,0.6683206151436498
0,0,0.0064598772113196755
0,0,0.007619019254966045
0,1,0.8390986610875262
1,1,0.8294444926688495
0,1,0.5750773587686526
1,1,0.741434892831833
1,1,0.998832320878744
0,1,0.645004647791221
1,1,0.7713834604917341
1,1,0.9983726104234723
0,0,0.008910622880124843
0,0,0.006336036136990452
0,0,0.005196003172156249
0,0,0.005845944452159543
1,1,0.9988890895280765
1,1,0.6325232262350403
1,1,0.7053862631850925
1,1,0.9515153167138135
0,1,0.6763954465940193
0,0,0.002773852076406013
1,1,0.9977622065285088
1,1,0.9983760438029123
1,1,0.6685981344151295
1,1,0.9990682435091774
0,0,0.006276260660061861
1,1,0.9990657466110093
0,0,0.00622084709637687
1,1,0.9983388305417905
0,0,0.005764474674712713
1,1,0.7671453126863966
1,1,0.7307152018630403
1,1,0.721857117459798
0,0,0.0066600511958335275
0,0,0.00851944495926057
1,1,0.7898720136166664
0,0,0.009221702552333245
0,1,0.7147195222501973
0,0,0.008217124043723606
0,0,0.006602368761973798
1,1,0.9991351671208216
0,0,0.0075410307749659
1,1,0.9986690859810871
1,1,0.9988011737294538
0,0,0.005019266223455254
1,1,0.7873042543373846
0,0,0.00573969144763194
0,0,0.00803859126891792
1,1,0.9989020998243195
1,1,0.7617405939303618
0,1,0.7148294123793107
1,1,0.8113705053805518
1,1,0.8145435113368734
1,1,0.9984962746568657
1,1,0.7848773960263979
1,1,0.9990688215728412
1,1,0.9990701182490738
1,1,0.9984502632925776
0,0,0.014470923990540143
1,1,0.7066172697931901
0,0,0.0037786659381786867
1,1,0.7083270753753218
1,1,0.9986472584283224
0,0,0.0066060424309407105
1,1,0.9984769258814172
0,1,0.666033236589838
1,1,0.6787043806449516
1,1,0.6702763403326563
0,1,0.6835255618732174
1,1,0.6583985976901867
0,0,0.014119841566752134
1,1,0.9993399554394508
0,1,0.7900989271816068
1,1,0.9989595539688959
0,0,0.003872350010498355
0,0,0.003293854873084335
1,1,0.9985304680885171
0,0,0.007005351176244799
0,1,0.6710946468598902
0,0,0.00906612014280873
0,0,0.005475036350619691
1,1,0.9952310487936968
0,0,0.004535342648846279
1,1,0.664407162047832
0,1,0.760262363332366
1,1,0.6813972482834987
1,1,0.9985515254256668
0,0,0.010314732873928178
0,1,0.7307241941601599
1,1,0.9976723712741038
1,1,0.9591926521116335
1,1,0.9973757534825154
0,0,0.004841648404801506
1,1,0.99935951425389
1,1,0.8150033112045636
1,1,0.9990778137713254
0,0,0.008644843487989549
0,1,0.7958914083582672
1,1,0.9983708769898885
1,1,0.7735481546059931
1,1,0.7077702485254157
1,1,0.9981800934340027
0,0,0.006567345601622887
0,0,0.010391934827398714
0,0,0.005488177548075639
0,0,0.009359094345649228
0,1,0.5104440085848498
1,1,0.9993630739960494
1,1,0.9984522453856516
1,1,0.7734627529547914
1,1,0.9993287577387935
0,0,0.008450177105391301
0,0,0.039330807217436814
0,1,0.7623729204945549
1,1,0.7254413313136328
1,1,0.7514961699335526
0,0,0.005229042583420387
1,1,0.7578150629359792
1,1,0.9985766626751236
0,0,0.006600952178060782
1,1,0.6339426329075205
0,0,0.0044656521840785845
0,0,0.004633434768527645
1,1,0.6329356264062923
1,1,0.9983352882461396
1,1,0.9983735859766644
1,1,0.6329291054935434
0,1,0.712329814249808
1,1,0.7297045937612454
1,1,0.6470679166622187
1,1,0.9677363019535231
1,1,0.9985261445244279
1,1,0.9986156749095814
1,1,0.997645595621488
1,1,0.9987628918855865
0,0,0.003364047075834578
0,0,0.008218129991626848
1,1,0.9977970856768434
1,1,0.6439114685137147
1,1,0.7547289239015954
0,0,0.008206095046032107
0,0,0.0039390719811112414
0,0,0.007199114297754294
1,1,0.7780975770213511
1,1,0.5527474575557981
1,1,0.9991461325597735
1,1,0.9990633127185079
0,0,0.006074047116929749
0,0,0.004967121495151345
1,1,0.9993723529102759
0,0,0.008623958869420698
1,1,0.7274901003304971
1,1,0.9986804415579628
0,0,0.004772515199575126
1,1,0.9988375370819613
0,0,0.0026569246261708085
0,0,0.008051252924473569
0,0,0.00311427808720814
1,1,0.9993210528196113
0,0,0.007440776026374758
1,1,0.9984767974173934
0,0,0.006524818315455622
0,0,0.008212475875572722
0,0,0.0067832323432464835
1,1,0.9983050414868545
0,0,0.008458190567490592
0,0,0.012074635964990444
1,1,0.8002011742977289
1,1,0.9992705481480458
1,1,0.9985512783148225
1,1,0.6964809786698334
0,0,0.006383558834891791
1,1,0.9974251329494451
1,1,0.8101385202531809
1,1,0.7880014210919988
0,0,0.005002472534547964
0,0,0.007241396853936486
1,1,0.7124335887951059
0,0,0.0032946427267428976
1,1,0.626736784757697
1,1,0.9988838056602558
1,1,0.9982474158279379
1,1,0.998840137096054
0,0,0.006234799875139143
1,1,0.9985518693141248
0,0,0.00661560811963202
0,0,0.005288549862227248
1,1,0.6767136310100133
0,0,0.006230173788447438
0,0,0.007861112769722723
0,0,0.010225312214697786
0,0,0.007574893815222086
0,1,0.6752006637205201
0,0,0.0045274482894360635
1,1,0.9989034090754825
1,1,0.709291907808525
0,0,0.004538356705223069
1,1,0.9972625197142488
0,0,0.005024027663984068
0,0,0.007031348086986715
0,0,0.0055524450876874645
0,0,0.004734835266617523
1,1,0.6987534689668967
1,1,0.9990543697471688
1,1,0.999324418406929
0,0,0.0032870056791623565
0,0,0.006283571326837034
1,1,0.7561311393788563
0,0,0.004715251800817723
0,0,0.010237174710382645
1,1,0.7223306593696492
1,1,0.9988342732733724
0,0,0.007588293080833215
0,0,0.004601701375782827
0,0,0.007653857827023573
0,0,0.006364596735075686
1,1,0.9988742157570486
1,1,0.9988986333508427
0,0,0.004280098111099949
1,1,0.9977378240260388
0,1,0.796255050240295
0,1,0.7848064148230809
1,1,0.6944945369628341
1,1,0.8474906038620664
0,0,0.01134577177236356
1,1,0.9975262460750922
1,1,0.9988510888044418
0,0,0.007520523745819592
0,0,0.0031256489207963246
1,1,0.9993335792036314
0,0,0.005016447710354947
0,0,0.005733947752929357
1,1,0.9985316902193214
1,1,0.998480502504251
0,0,0.0037161593721642275
1,1,0.999068246262817
0,1,0.7693178156166699
0,0,0.007772193855256377
1,1,0.7510633575777611
1,1,0.998939162614564
0,0,0.005034916525463152
0,1,0.713816371253977
0,0,0.00614341507345186
0,0,0.008324786162540782
0,0,0.00620326147998526
1,1,0.9991112050488437
1,1,0.5700345650853988
0,0,0.007199162263506457
0,1,0.7049150237478514
1,1,0.9979688514033987
1,1,0.7053217853109411
1,1,0.9983449475755606
1,1,0.9985971948112325
1,1,0.9973773436331359
0,1,0.6922821815095292
0,0,0.005456459190994718
1,1,0.661403102624511
0,0,0.005795345273739908
0,0,0.01067528750624941
0,1,0.6889807290887769
1,1,0.8139089622833081
1,1,0.9988539847048507
0,0,0.006938593790233071
0,0,0.010734350366618291
1,1,0.998790210278324
0,0,0.008290585430578125
0,0,0.006696281897586935
0,0,0.0046346107190449945
0,0,0.007847858592960156
0,0,0.005068466587881375
1,1,0.9983826792452216
1,1,0.9985977848717448
1,1,0.9986626942842715
1,1,0.9979207947815941
1,1,0.9982318797048213
0,0,0.010665873603985625
0,0,0.008644900432718572
0,0,0.003336178598887171
0,0,0.00483845519590864
0,0,0.006288816124814479
1,1,0.9989183462604535
1,1,0.7167163602619115
0,0,0.005185035448856356
0,1,0.6845307615871357
1,1,0.7605720899345785
0,0,0.009054313844237091
1,1,0.9974567065151888
1,1,0.9984529179986967
1,1,0.9432766222898665
1,1,0.9978860012158897
1,1,0.7654841162809757
0,0,0.0060484888908123036
0,0,0.00475228585949904
0,0,0.0077304234551428585
1,1,0.7632681424054625
1,1,0.9989358670630384
0,0,0.006405318019898129
1,1,0.6638329929420642
1,1,0.9985839247554161
0,0,0.006300858236198925
0,0,0.006584054620790138
1,1,0.9984136601463712
1,1,0.9986027040772145
0,0,0.00571853977257206
0,0,0.006610613251312021
0,0,0.005318133424343878
0,0,0.008219200758550529
0,1,0.7249919322744484
1,1,0.7085239032626085
1,1,0.7800473895003545
1,1,0.6581910643541582
0,0,0.010788068371960014
0,0,0.008844160350843204
1,1,0.6771970639855224
1,1,0.9991456248560056
1,1,0.9993626042862941
0,1,0.7135193685551012
0,0,0.008172674908249338
1,1,0.735294414714301
1,1,0.6555425087535511
0,0,0.008344509939640806
0,0,0.004996655294216357
0,0,0.006810981041598335
0,0,0.005445842017105617
0,0,0.008584376174893502
1,1,0.9984813636870326
1,1,0.998311177674279
1,1,0.9988624089793514
0,0,0.004783893269928741
1,1,0.9987928307568444
0,0,0.009359090892974316
1,1,0.9988130976903301
1,1,0.9988329642558197
1,1,0.9987660696270425
1,1,0.7876731940714846
0,0,0.00601020128662104
0,0,0.006370742778923444
0,0,0.011545301390061768
1,1,0.9987851720655406
0,0,0.005019135973975162
1,1,0.9992041686400968
1,1,0.9985301686158113
1,1,0.9985135041430258
1,1,0.9993221781119255
1,1,0.7237052785328074
1,1,0.9986465052857042
1,1,0.8210295228056649
0,0,0.005053415889470655
1,1,0.83097819462671
1,1,0.9977381850610306
0,0,0.006686658494232408
1,1,0.9984394048428474
1,1,0.9988437662793619
1,1,0.7173907297008214
1,1,0.5664066743230771
1,1,0.999098158232458
0,1,0.9974075559593324
1,1,0.9985099286116994
1,1,0.9989816540529947
1,1,0.673054356153402
1,1,0.9982850056339786
0,0,0.0049870534914166305
0,1,0.6937657943339127
1,1,0.9987565775420852
1,1,0.998631790877289
0,0,0.006123254574128849
1,1,0.9978136310416714
0,0,0.00593316549646167
0,0,0.005684841384542569
1,1,0.9981712172255293
0,0,0.007909068210328926
1,1,0.9988536448842906
1,1,0.7372489294297824
1,1,0.9607368467154158
0,0,0.005250464641288167
0,0,0.01311772277817301
0,0,0.003494057095133114
1,1,0.9984611589499073
1,1,0.7494130265935922
1,1,0.9985918829456369
0,0,0.009159692800525166
0,0,0.005294434415376773
0,0,0.008278383456147616
0,0,0.007250267664648817
1,1,0.9983834563793199
1,1,0.9987039749822848
0,0,0.007883367510453638
0,0,0.006607712221412736
0,0,0.005084664228100451
1,1,0.9985854832854705
1,1,0.9985935197968357
1,1,0.8524307588502921
0,0,0.00611574884098275
0,1,0.7660243911825497
1,1,0.9978713039738769
1,1,0.9983833544619052
0,1,0.6581616448864169
1,1,0.7057259923433195
0,0,0.005166921835205925
1,1,0.9968480421450915
0,0,0.0051504850110861925
1,1,0.9988818194057498
0,0,0.01217883141789298
0,0,0.004811754168835756
0,0,0.004950322305990665
1,1,0.6675795711521352
0,0,0.009200096922891596
1,1,0.998521036890848
1,1,0.7616441969536129
0,0,0.007286060935585795
1,1,0.8146535828687536
0,1,0.724944260580101
1,1,0.821030214254684
0,0,0.005087901928478849
0,1,0.6425679524402752
1,1,0.998649651387896
1,1,0.9990270832247182
1,1,0.6125857824455654
0,0,0.005244333442028823
0,1,0.6811632360894977
1,1,0.9982040607993615
1,1,0.9984406457871674
1,1,0.7104562914596568
0,0,0.00559660517509002
1,1,0.9990870000071844
0,0,0.005385038536261339
1,1,0.7685613767822526
1,1,0.9988012007271153
0,1,0.7210165902852479
0,0,0.004949375433304206
1,1,0.9989977144553539
1,1,0.6540415271936763
1,1,0.9987789971739532
1,1,0.9989619984045686
1,1,0.998647953243517
1,1,0.9976924619374595
1,1,0.9984074009885082
0,0,0.005277722476694951
0,1,0.8213222914196725
0,0,0.004840388985767767
1,1,0.9988391708531673
1,1,0.9988748266360725
1,1,0.6582030056078165
0,0,0.006113581246247945
0,0,0.0091522314295532
1,1,0.9988390245101739
1,1,0.9990909021101201
0,0,0.004244986064267087
0,0,0.006754312599219108
0,0,0.00498441368230345
0,0,0.006523062309096575
0,0,0.005301622565061389
0,0,0.006032556682961367
0,1,0.7589536943960098
0,0,0.00435435640589523
0,0,0.034381616782019404
1,1,0.9988455219859871
0,0,0.013631430023522486
1,1,0.9986318433894592
1,1,0.9966039465326245
1,1,0.9991479408485588
1,1,0.6992373601050994
0,0,0.005343120810937275
0,0,0.006316074559843171
1,1,0.5103958379774528
0,0,0.005025271556421684
0,0,0.005294020491226295
1,1,0.9990664601890519
1,1,0.6967854058052619
1,1,0.9986020582799358
1,1,0.9983731399062263
0,0,0.004471383952321796
1,1,0.9990511048116865
1,1,0.6477163428133924
0,0,0.006897720447984224
1,1,0.7308986338364543
0,0,0.008033115823005322
1,1,0.6799792921054193
1,1,0.7533893544923504
0,0,0.003161450888652549
1,1,0.9989058349788641
0,0,0.005598941460786336
1,1,0.999140648375457
0,0,0.005284428048084266
0,1,0.8227486012094474
1,1,0.9977766738276367
1,1,0.9985829536375204
1,1,0.9993595299122234
0,0,0.008218192313715766
0,1,0.7165104206174016
0,0,0.005341318042611467
0,0,0.005937897794585725
0,0,0.010971074395296841
0,0,0.004494305819178634
0,1,0.6478603354918234
1,1,0.7533705152760063
0,0,0.005637896188249403
1,1,0.9984889112482276
0,0,0.004465650286048793
0,0,0.006422069414351507
0,0,0.007907460266664789
1,1,0.9988073759962588
1,1,0.8023010082682838
1,1,0.5500389915176173
0,0,0.006940188292671462
0,0,0.0035067414790067846
0,0,0.006826496557858772
1,1,0.667037777932383
1,1,0.9970180719688251
0,0,0.005140542924872877
1,1,0.7924108667005713
1,1,0.5934981638856699
0,0,0.01091518526004029
1,1,0.9988595278627284
1,1,0.6698301901674387
0,0,0.00434560648849337
0,0,0.0109306771600015
1,1,0.7179104872677973
0,0,0.004288950984744415
0,0,0.009780607919499727
0,0,0.007641457073408695
0,0,0.0067363775064514155
1,1,0.999271903800275
1,1,0.997349530166561
1,1,0.6471003456990934
0,1,0.6655599800444112
0,0,0.008342009734007847
1,1,0.9957808525994163
1,1,0.6673618374955943
0,0,0.00847479913344986
1,1,0.9988802250870887
0,0,0.010314686981397108
0,0,0.0062534771886520735
1,1,0.9990065555183475
0,0,0.00518852760580981
0,1,0.8150387262959837
1,1,0.9991612086795073
0,0,0.01022841782614309
0,1,0.6802263177618361
0,0,0.00517008474212189
1,1,0.7253240240128134
0,0,0.003151466067515182
0,0,0.004087088835460242
0,0,0.0053753002993920575
1,1,0.7954419390323868
0,0,0.00414914701141944
1,1,0.9986141237957433
0,0,0.010959363178507334
0,0,0.005817061487212467
0,0,0.012179401441741459
1,1,0.9985518666299502
0,0,0.006316915889464336
0,0,0.05761021519629003
1,1,0.9985628733973723
1,1,0.8586271461492226
1,1,0.9986775963831964
1,1,0.7078760744628857
0,0,0.005983221433928337
1,1,0.7294712139004782
1,1,0.6634820740287867
1,1,0.9985030937143575
1,1,0.9989165348824698
0,0,0.005807110122954041
1,1,0.7627003913619544
0,1,0.7947713898154385
1,1,0.9992515867180959
0,0,0.005370934480386422
0,0,0.004049450017814548
0,0,0.007504076565589752
0,0,0.007826252433527544
0,0,0.006622119779834585
1,1,0.8200610877537411
1,1,0.7994452816910722
1,1,0.9977376077386614
1,1,0.9978779503311627
0,0,0.0060426594417085245
1,1,0.7415578139002847
0,0,0.005051045390431052
0,0,0.005442972597316582
0,0,0.008875886966375266
0,0,0.008458139626907927
1,1,0.9989216544043448
1,1,0.5566665813451341
1,1,0.9988416619561872
0,0,0.005023447607831225
0,0,0.00458866753239633
1,1,0.7569510560626319
1,1,0.7532431904340647
0,0,0.005071373653043817
1,1,0.9976380410671836
1,1,0.9993722161036388
0,0,0.008646894542114111
0,0,0.0059160585505676514
0,0,0.006199431139941784
0,0,0.002691150604046107
1,1,0.8299669698609209
0,1,0.6342561458631808
0,0,0.007756553710775398
1,1,0.9977614285390582
1,1,0.9984633682246332
1,1,0.9984125068227396
1,1,0.9983226674502835
0,0,0.007447453259925625
0,0,0.01077841758897627
1,1,0.7882938894184026
0,0,0.0075205709968156065
0,1,0.7425189364112663
1,1,0.9988525057760552
1,1,0.9981354862442416
1,1,0.9985090328264168
1,1,0.9971870088534042
1,1,0.998064754860493
1,1,0.999242710735448
1,1,0.9985456173987917
1,1,0.6688328076814326
0,0,0.006114616765976253
0,0,0.00811787584675275
1,1,0.9985034150795187
0,0,0.007959700938727646
1,1,0.9995249582938188
1,1,0.8197115775704279
1,1,0.9986590121928332
1,1,0.7533296072566781
1,1,0.9976838914014432
0,0,0.05903446872544212
1,1,0.9991234652556776
0,0,0.003504842222166513
0,0,0.014222028258422467
1,1,0.9987903340258427
1,1,0.7370126176335016
0,0,0.007654185986554953
0,0,0.00817269039673588
1,1,0.8137429339141635
0,0,0.006293462567861624
0,1,0.6755271305236932
1,1,0.9967698468696143
1,1,0.9989244323761873
0,0,0.006030462087086401
0,0,0.0059298965289729345
1,1,0.726022919841338
0,0,0.004183403889384962
1,0,0.005276704711248416
1,1,0.7053250991097669
1,1,0.9986007254050253
1,1,0.9988232694473491
1,1,0.6687293700474963
0,0,0.005754077484228729
1,1,0.9990598961002862
0,0,0.0032615751434782
1,1,0.9987002180659884
1,1,0.9986141256175586
1,1,0.999252113789256
1,1,0.9982282534901503
1,1,0.998878552416909
0,0,0.009152440461352827
1,1,0.9979640203143776
1,1,0.6726382876012257
1,1,0.9989727422346875
1,1,0.9984874553596584
0,0,0.00590327760345254
1,1,0.9985394843091963
0,0,0.007818181552445678
0,0,0.0033529197582935094
0,0,0.005259167200533595
0,0,0.005116550499487964
0,0,0.005443358176413689
0,0,0.007654673160887973
0,0,0.005649661301445576
1,1,0.9990729454199363
1,1,0.8210294151813494
0,0,0.004182337748058408
0,0,0.005770727637574379
1,1,0.9986765041917411
1,1,0.6711027234415767
0,0,0.006289018942650441
1,1,0.6845931287829605
0,1,0.629211033100695
0,0,0.007930278906898519
1,1,0.998396447446156
0,0,0.015074001260728767
0,0,0.005127035007819873
1,1,0.9958947999406543
0,0,0.008695045890101488
1,1,0.9992072565595398
1,1,0.9992667870838505
0,0,0.0026509000626446138
0,0,0.0065895081576494725
1,1,0.9987778099144885
1,1,0.9974240877174866
0,0,0.00786873046166395
1,1,0.9980188153273558
0,0,0.008215728565700856
0,0,0.008342605640296574
1,1,0.6762547589192103
0,0,0.007532788717924483
1,1,0.9993795815398971
0,0,0.003298042068313404
1,1,0.9983530455103035
1,1,0.9979855765357429
0,0,0.009822349766875519
1,1,0.9985607237148284
0,0,0.00637470780102901
0,0,0.004546706773378479
1,1,0.7171603810154618
0,0,0.006483942543351001
0,1,0.7416654844682762
0,0,0.009705794842148998
1,1,0.9978953989055168
0,0,0.0045205662840722746
1,1,0.692470977856177
0,0,0.010664792626079445
1,1,0.6113060206201059
0,0,0.00655956301903611
0,0,0.004954927272708107
1,1,0.7226897751160034
0,0,0.047140811359484745
1,1,0.6488195112733127
0,0,0.006276015484058278
1,1,0.5157916446545845
0,0,0.004826230640484616
1,1,0.9988999155363576
0,0,0.00527191606657202
1,1,0.9986522949477961
1,1,0.999070114112553
0,0,0.00328888556393728
1,1,0.6775117618007007
1,1,0.761562333486082
0,1,0.7275078956403627
0,0,0.006654018880429416
0,0,0.006193673496857026
1,1,0.9988300583425238
0,0,0.006284707397217507
1,1,0.9990999852076097
0,0,0.007032115520785246
1,1,0.9991145950010751
1,1,0.998543910598585
1,1,0.9973720150033599
0,0,0.008036340322819652
1,1,0.9993884674164973
0,0,0.003363310956526101
1,1,0.9988512221510852
0,0,0.0031782377309260935
1,1,0.717908823498577
1,1,0.9982849941242548
1,1,0.9989342777290888
1,1,0.9989058383069488
0,0,0.005600808577143033
1,1,0.7854993901691466
1,1,0.81454369780255
1,1,0.9978461835556178
0,0,0.004909080591158379
0,0,0.006615947437960173
1,1,0.998720191047684
1,1,0.9981691437228236
0,1,0.7079274208575103
0,0,0.014424132374443016
1,1,0.9986848298757511
0,0,0.008580533692341274
0,0,0.0027951335395654067
1,1,0.6351939392535162
0,0,0.008457836757289835
1,1,0.998557340177163
0,0,0.007682746968341498
1,1,0.6775912448646136
1,1,0.9989429971001957
0,0,0.008600085762401665
1,1,0.9993555224690562
1,1,0.6409362765987279
1,1,0.8130774142364926
0,0,0.006128816471582406
1,1,0.6773137087663339
0,0,0.0049129389613482115
0,0,0.00516377693220245
0,0,0.005839160934367789
1,1,0.9984243270539952
1,1,0.7530120589658627
1,1,0.9978406469869485
0,0,0.00609357608318779
0,0,0.005824540389969146
1,1,0.7147013080841291
1,1,0.7965656229922151
1,1,0.9962379573006963
0,0,0.005831615101280483
1,1,0.9980544402046834
1,1,0.7574185040766162
1,1,0.8235256362031472
1,1,0.999051229519454
1,1,0.9985993776536259
1,1,0.99909018235731
0,0,0.0047723777775742484
1,1,0.6702078838075982
1,1,0.9992331880360583
0,0,0.0050265776713634665
0,0,0.0052470240016384995
1,1,0.5598319474352227
0,0,0.005588795381991542
0,1,0.607281666134514
0,0,0.003242886946764922
1,1,0.9991081239694573
0,0,0.0093488321368362
0,1,0.6542572927829928
1,1,0.9986133766090975
0,1,0.8116677353031698
0,0,0.007609048876577589
1,1,0.757814997795694
0,0,0.005081126555471718
0,0,0.00486452579457425
1,1,0.9986874023914046
1,1,0.7334031791677024
1,1,0.6733968735148117
0,0,0.009705829808194878
1,1,0.7144049635573702
1,1,0.9978606407035969
0,0,0.007875162082545413
1,1,0.9978893951683966
1,1,0.9988999306056023
0,0,0.005648786443854458
1,1,0.7934682121426696
1,1,0.9988759331420597
0,0,0.008458182225370902
0,0,0.008657115749900053
1,1,0.6800832359825701
1,1,0.9988567269331653
0,0,0.004310481940958494
1,1,0.998550736468786
1,1,0.9990535744619478
1,1,0.9986814638683057
1,1,0.6426184148530798
1,1,0.9985616674060802
0,1,0.7400936496416339
0,0,0.006612679123414404
1,1,0.9984345923952151
0,0,0.005814770847373884
1,1,0.9988829943031182
1,1,0.8228016713688122
0,0,0.007184034320901237
1,1,0.9988360921018001
0,0,0.00841238165353504
1,1,0.7089444254333668
0,0,0.005335658694985345
0,0,0.010902953860469503
1,1,0.7640041018453343
1,1,0.998445086236909
0,0,0.006699257380132414
1,1,0.9992055495050784
1,1,0.9979619561868924
0,1,0.7252949362686744
0,0,0.006824155469548579
0,0,0.006212447299678555
0,0,0.005310376199291934
1,1,0.6513639274216524
1,1,0.9993171330065908
1,1,0.9984680193965885
0,1,0.7705049498452327
1,1,0.7044408881565092
0,0,0.004973430257066117
1,1,0.9988311821995289
1,1,0.9987484144264538
1,1,0.690706480626148
0,0,0.007872150320124494
0,0,0.00627640747382698
0,0,0.002797532746089253
0,0,0.010665074285196276
1,1,0.9977664369843173
1,1,0.7372963202185081
1,1,0.9971743644562825
0,1,0.678772344104033
1,1,0.6419436891914317
1,1,0.6493564516914612
1,1,0.9992024228074101
0,0,0.00480287208360203
0,0,0.005041851345895322
0,0,0.0120653965129508
1,1,0.9985359640770682
0,0,0.007674681564320174
1,1,0.996242414517829
1,1,0.7858373082174583
0,0,0.005272116457556493
1,1,0.7714757837174983
0,0,0.008474861573470655
0,0,0.007772154876819768
1,1,0.9982551684095488
0,0,0.0026728406088701064
0,0,0.0051271015451289
0,0,0.005862122149889166
0,0,0.004244967967469514
1,1,0.9986661877439595
0,0,0.006760418914046174
1,1,0.9977447129510502
0,0,0.004961784006614428
0,0,0.011638834528360129
0,0,0.005104481463052191
0,1,0.6754351282348227
1,1,0.763600162887685
0,0,0.007745348267559842
1,1,0.7920702679235029
1,1,0.9993263537422034
0,0,0.005105313054630523
0,0,0.006232485012533574
0,0,0.0064079798827645345
1,1,0.998680744912104
1,1,0.9985056876707699
1,1,0.6772176374199791
0,0,0.005249492741548079
1,1,0.998406979205014
0,0,0.0037938875032207525
0,0,0.010224430104398783
1,1,0.9984664199504525
0,0,0.007730982993777552
1,1,0.7601866385113402
0,0,0.005221152270442612
1,1,0.7359388602916316
1,1,0.9984070428983474
0,0,0.006729377416486698
1,1,0.9991685271024721
1,1,0.9989806384534753
0,0,0.006063018786241622
1,1,0.7361439531373948
0,0,0.0052242690585984864
0,0,0.007451293459469317
0,0,0.005006417213773955
1,1,0.5795715103384037
1,1,0.7636895762305278
1,1,0.9988505597219214
0,0,0.006621904684027926
0,0,0.007553957453187068
0,1,0.8134450506717927
1,1,0.9984633495298983
0,0,0.005650388089540945
0,0,0.22745224397383515
0,1,0.7396634546122288
0,0,0.005569002938504613
1,1,0.8527895721855211
1,1,0.9959956183917027
1,1,0.9991652395923992
0,0,0.007641424708394272
0,0,0.006453785491754119
0,0,0.010690156175925055
0,1,0.7233566857071684
0,0,0.011025107152168015
1,1,0.7507762924204024
1,1,0.998274622242751
0,0,0.004610598552214998
1,1,0.9973366224051117
1,1,0.9983050878157494
1,1,0.9985715283307699
1,1,0.9980126500539079
0,0,0.012204432236209754
0,0,0.0028021137132314797
0,0,0.005901474091692184
0,0,0.005294677898048245
0,0,0.275729238579699
1,1,0.9988667936183382
0,0,0.006936209676885829
0,0,0.009813115545426404
0,0,0.004980172011219503
1,1,0.9985779797688188
1,1,0.9985694458128517
1,1,0.7871029739492017
1,1,0.9989033138808378
0,0,0.010146084548046339
1,1,0.9992515843025842
0,0,0.0050458307025144965
1,1,0.7526717754933915
0,0,0.0046586608427949565
0,0,0.006071393479717429
0,0,0.012619176766944412
1,1,0.9990294590179204
1,1,0.9988580965578078
0,0,0.008117098600963879
0,0,0.0055888290027063265
0,0,0.005872014659443904
0,0,0.023955965317837728
0,0,0.006378547632152109
1,1,0.7644420812917778
0,0,0.002877971436684711
0,0,0.00768112216224867
1,1,0.790084215831851
1,1,0.9985252339238437
0,0,0.0026896366113682126
1,1,0.7126889115604074
1,1,0.6773036362594175
0,0,0.008002181727137797
1,1,0.998655883271891
1,1,0.6807876206391072
1,1,0.9989548248950102
1,1,0.6837965235296094
0,0,0.006249043949226907
0,0,0.007925797513827305
1,1,0.9992056802173664
1,1,0.9963873235093357
0,0,0.00495380171589372
0,0,0.004984880293246532
1,1,0.9989773806921804
0,0,0.002795137850666063
1,1,0.9987137382373319
0,1,0.7224215798650088
0,1,0.7957777650633836
1,1,0.9977765954546746
0,0,0.006500283643538107
1,1,0.9985359472920194
0,0,0.00492936425211214
0,0,0.007881237786323145
1,1,0.6179945630986945
1,1,0.9990899555352928
1,1,0.6558057554882771
0,1,0.6581215882451545
1,1,0.5812659941930707
0,0,0.008934618432016077
0,0,0.0077388046291236795
1,1,0.6775115766818555
0,0,0.004548208958320092
0,0,0.005305351384424995
0,0,0.004897831274832204
1,1,0.9988854025323646
1,1,0.9563035546726264
1,1,0.9977541638747708
0,0,0.036857173317091936
1,1,0.9993213945588076
1,1,0.6309053624969234
0,1,0.6874082116023317
1,1,0.813841245416587
0,0,0.007805828414568768
0,0,0.0037035378305899135
1,1,0.9988944811431717
1,1,0.7189163031607638
0,0,0.05456575926076142
1,1,0.9984527478486122
1,1,0.9977570661524982
1,1,0.9985142232788754
1,1,0.669002005062099
0,0,0.006507021628192498
1,1,0.9991971081978634
1,1,0.9988640082661296
0,0,0.0049716801082288304
1,1,0.710265212558951
1,1,0.651314674678833
0,1,0.7340107874783736
0,0,0.006657235111007054
0,0,0.005285078300108462
1,1,0.9974891260852973
1,1,0.7895156465255729
1,1,0.9670748425795203
0,0,0.006588890966709203
1,1,0.8119495149503256
0,1,0.6634210700809662
1,1,0.7832205645463738
0,0,0.01064183985227962
1,1,0.847076215182436
0,0,0.009141780907766872
0,0,0.0042493209202338665
1,1,0.9982850147903475
1,1,0.7158296812266527
0,0,0.007989255023148177
0,0,0.007398569197184787
0,0,0.004123578397622477
1,1,0.997308285330347
1,1,0.8276774912493916
0,0,0.008081656589001627
1,1,0.7626814568148127
1,1,0.998359294308129
0,0,0.008145021508814009
1,1,0.9993668329257113
0,0,0.006116796232407906
0,0,0.006598785927635336
0,0,0.006669947281807063
0,0,0.010927386499048411
0,0,0.007838187081946541
0,0,0.006623147860474602
0,0,0.005204452827665009
1,1,0.9994356733346136
0,0,0.006372293517964245
0,0,0.03843139886969109
1,1,0.9976031862489835
0,0,0.00759490490918295
1,1,0.9989473049739407
1,1,0.9988259527953715
0,0,0.0065149374673339295
1,1,0.8538415376652215
1,1,0.9991406396367633
0,0,0.01076315913808252
0,0,0.004752579264100504
0,0,0.00435078524352932
0,0,0.011072990606349059
0,0,0.005308909868744267
1,1,0.998443962405999
1,1,0.9990535497146724
0,1,0.7646086986338657
1,1,0.794436447691882
0,0,0.009696238470097132
0,0,0.004840178628060459
0,0,0.006763798567348367
1,1,0.99906179040619
0,0,0.005224318636105088
1,1,0.9985403483028715
0,1,0.6573107154431305
0,0,0.005275563699754217
0,0,0.004520199274662599
1,1,0.9991764950352029
0,0,0.01154599642606195
1,1,0.728549728097569
0,0,0.005856362913502694
1,1,0.9986137154533595
1,1,0.9988375374366828
0,0,0.003364465624448486
1,1,0.7882038895533627
0,0,0.006368483190019047
1,1,0.7339249169551849
1,1,0.7681967169607589
0,0,0.00935930284372726
0,1,0.5503288734917802
1,1,0.9985358209847145
1,1,0.9983793892532972
1,1,0.9973667860774518
0,0,0.009166762656332516
1,1,0.998869471287574
0,0,0.006883822661249755
0,0,0.004108137035758549
1,1,0.6691868286280388
0,1,0.7210165059920961
1,1,0.998823271230428
0,0,0.006415138576346277
1,1,0.9984405655559613
0,0,0.009200236868460672
1,1,0.9984680683087406
0,0,0.006293403764383748
0,0,0.006290034819409352
0,0,0.005998203553657765
1,1,0.9985555074993777
0,0,0.005105344458086771
0,0,0.004499159981910857
1,1,0.6112857683315324
0,0,0.00640417563435725
1,1,0.7498397172245553
0,0,0.009677058931397834
1,1,0.9989248124612526
1,1,0.8141338922000311
1,1,0.9988623540568132
0,0,0.005153416494103566
0,0,0.005648848265591896
1,1,0.9984123921209725
1,1,0.6912239199842385
0,0,0.0062827575068935635
1,0,0.0109415459010842
0,0,0.009774880523528937
1,1,0.9991134289037465
0,0,0.005168564931811873
0,0,0.006025102015818564
0,0,0.004852106057635983
0,0,0.05823806806615161
0,0,0.009787517397677428
1,1,0.998555281163011
0,0,0.004517703600438863
1,1,0.7155422942034282
0,0,0.00286292252524129
1,1,0.998635818368839
1,1,0.8101430330315289
0,0,0.005278684328230667
0,0,0.008744336551568416
1,1,0.9977429747050865
0,0,0.0058417330338233105
0,1,0.7867523659404319
0,0,0.00630764968178274
0,0,0.007816119923194335
1,1,0.9977249796131268
1,1,0.9993035906225007
1,1,0.9988593942054858
0,0,0.005330274667450849
1,1,0.6976602370649132
1,1,0.6439710041135931
1,1,0.9990317299465763
1,1,0.9988936249362702
1,1,0.998298287176176
0,0,0.007859126268189532
1,1,0.9988144150186773
0,0,0.0067874882046608945
1,1,0.9993340945118709
0,0,0.007856251080861675
0,0,0.0036997820547601517
1,1,0.9974124876713363
0,0,0.008130845317925576
0,0,0.007930240715815912
0,0,0.009594591870979614
1,1,0.5160401554742581
1,1,0.6684708204984178
1,1,0.9990101025265796
1,1,0.9989058469434363
1,1,0.9988505544488866
0,0,0.006831014147645548
0,0,0.0053475735327259254
1,1,0.9978314479605179
0,0,0.006521901249154435
1,1,0.9977051996851567
1,1,0.844684172446019
0,0,0.003575415573050862
0,0,0.003142233152233588
0,0,0.004971475088555097
0,0,0.005653167811487032
1,1,0.9990229905167971
0,0,0.005440888311707086
1,1,0.9977118319413547
0,0,0.006393639567076412
0,0,0.009359314410847676
0,0,0.008884248910683335
0,0,0.008458236686034291
0,0,0.007454871217294855
1,1,0.9983767133508992
1,1,0.8152849443272926
1,1,0.8111288449582409
0,0,0.006488173451228236
1,1,0.997157536303573
0,0,0.010472445328382813
1,1,0.7720428096833456
1,1,0.9983050881488282
1,1,0.998848912274583
1,1,0.6645137814564203
1,1,0.7845554585161619
1,1,0.9989186560256627
0,0,0.004561192631457099
1,1,0.7341833165048341
1,1,0.9988489316757075
1,1,0.9983011074236225
1,1,0.9459351687734742
0,0,0.007146817053022399
0,0,0.0070421996882718075
1,1,0.998905839233213
0,0,0.008127817062794852
1,1,0.9988834695040419
1,1,0.9990936788519305
0,0,0.006015996772112027
1,1,0.9985968836944409
0,0,0.008021349945218286
1,1,0.9989507889817179
1,1,0.7098743029186454
0,0,0.006223036713152994
0,0,0.005398363034785614
1,1,0.9983158058132614
0,0,0.07097076205749388
0,0,0.005051410978311395
1,1,0.9988270776266369
0,0,0.04737844099417279
0,0,0.012795804823620818
0,1,0.839844913931355
1,1,0.7482826591164442
0,0,0.006132257242883352
0,0,0.003515819665270705
1,1,0.9990659567763321
0,1,0.6649865862307888
0,1,0.7280939410478761
1,1,0.9992111572033254
0,0,0.006903977912486727
0,0,0.00575705840459077
0,0,0.006324438772983999
0,1,0.6893076038004776
1,1,0.812647920677455
0,0,0.006490626592345393
0,1,0.7299186342769489
1,1,0.9993657417257584
1,1,0.9977390110227445
0,0,0.03438295167807458
1,1,0.9984344499466727
1,1,0.9985541574777183
1,1,0.9988683960801522
0,0,0.0032055278141449256
0,0,0.005648661736225406
1,1,0.7945681493734673
1,1,0.9979764884458454
0,0,0.0049176946016206095
1,1,0.998890396664795
1,1,0.9993900074540922
0,0,0.004784861215240026
1,1,0.9987918664130431
1,1,0.9987577311897614
0,0,0.00607404116456434
0,1,0.7690796255476074
1,1,0.727739156509327
0,0,0.006513721830344053
0,0,0.005307766111791283
0,0,0.048159459991682495
1,1,0.7064066205816801
0,0,0.0077806773830462195
1,1,0.9993336894072586
0,0,0.008228478452627142
0,0,0.007554020989674973
0,0,0.006394776691221526
1,1,0.9988854020952218
0,0,0.00488733128777344
0,0,0.009696775665467169
0,1,0.675136663460585
0,0,0.005691041165148026
1,1,0.9983956931517634
0,0,0.006684238033054482
1,1,0.9990842800901815
1,1,0.7026184640556806
1,1,0.7944388797607471
1,1,0.999099920059967
1,1,0.9985519844532854
1,1,0.9986639749416373
0,0,0.00545463996938497
0,0,0.006729308528505171
1,1,0.9979762523822533
1,1,0.9984813569793891
0,1,0.7500334698436584
0,0,0.004961696288662777
0,1,0.7794004028759745
1,1,0.998417451286998
0,1,0.6423103126683065
0,0,0.04688593566675285
1,1,0.9974252411027399
0,0,0.006521904995490564
1,1,0.9976976059081252
1,1,0.9976592075177331
0,0,0.006602369323685177
0,0,0.00782400111140957
0,0,0.00935944768658735
0,0,0.006317270686118961
1,1,0.9988875292986954
0,1,0.7550910121009559
1,1,0.9984743716312434
1,1,0.810153804292562
0,0,0.006288416218876665
0,0,0.008651849259624375
0,0,0.006696352657514568
1,1,0.9992550575048449
0,0,0.005386580900007999
0,0,0.006266826216987816
0,0,0.006938703033131328
0,1,0.6582708445002003
1,1,0.7886454935654331
0,1,0.7208317534529108
1,1,0.7836370693451631
1,1,0.9968610643648651
1,1,0.998273891527041
0,0,0.0060897727274591765
1,1,0.9993362610725309
0,0,0.006942919507952039
1,1,0.9994738597913602
1,1,0.9977614266342655
1,1,0.9990568339431446
1,1,0.9986336681718905
1,1,0.8038263530065215
1,1,0.9985186638591588
0,0,0.008132834009036917
0,1,0.8358754748952869
0,0,0.005432234577008829
1,1,0.9994662042873192
1,1,0.9977222201313621
0,0,0.010284546040198721
0,0,0.16179626257357946
1,1,0.9992222384688328
0,0,0.006228973273315821
1,0,0.05966783813842882
0,0,0.010893353991215257
0,0,0.006453735061581187
1,1,0.8392092217037017
1,1,0.6413380191156522
0,0,0.00532556895068645
1,1,0.8166254250706676
1,1,0.998383458526907
0,0,0.005679026428948919
1,1,0.7264176946619457
0,0,0.00421726711415666
1,1,0.8062965551684628
1,1,0.9990894572695066
0,0,0.008853590614386299
1,1,0.9985694505969341
1,1,0.9991052937030558
0,1,0.7658566676726183
1,1,0.6586680834188597
1,1,0.9988973066016985
0,0,0.006496950224147311
1,1,0.7550282188088694
0,1,0.6866418448539956
0,0,0.0026280135590201967
1,1,0.9989394578467949
1,1,0.7600888736585358
0,0,0.005139820886698804
1,1,0.9989186059922894
0,1,0.7741185134904847
0,0,0.004282101372727471
0,0,0.00498400695692617
0,0,0.09042065570135657
1,1,0.9990566991327067
1,1,0.9990924029419713
1,1,0.7551862019882954
0,0,0.0045720347789713735
0,0,0.014511189024628939
0,1,0.710079715383032
1,1,0.9983726004917236
1,1,0.9993474254203322
0,0,0.005220714521636085
0,1,0.7950677076225453
1,1,0.7640296138730853
0,0,0.006198227321175883
1,1,0.8156219211186942
1,1,0.9988412142762176
1,1,0.9991091554219558
1,1,0.9979250281892506
1,1,0.9991406585133862
1,1,0.7533707383308511
0,0,0.004902869966689117
1,1,0.6439826422148306
0,0,0.007072662832347365
1,1,0.72517871601027
1,1,0.9990664440255009
1,1,0.7239442863604485
0,0,0.00600720744049649
0,0,0.00519249726534483
0,0,0.004938404637018445
1,1,0.6159491763273063
1,1,0.6653526807896122
1,1,0.6799793710555123
0,0,0.0045224058817183825
0,0,0.006493276963303279
1,1,0.9990404703001681
1,1,0.6643553097643122
0,0,0.006490572442855044
1,1,0.9984883477844595
1,1,0.7382417430687758
1,1,0.7333491681906018
1,1,0.9991480918532982
0,0,0.008250628338102486
1,1,0.7554068572525297
0,0,0.0032372085098523974
1,1,0.9983078263334821
0,0,0.006698852499548542
0,0,0.002852745160782204
0,0,0.006288546319829221
1,1,0.9990837535470612
0,0,0.0044832099723852185
0,0,0.007863124090670663
1,1,0.7070038872067512
0,0,0.0053931928348108175
1,1,0.9989186399050324
1,1,0.999068360428029
1,1,0.9975047290214922
1,1,0.9989972617296876
1,1,0.7297047796971168
0,1,0.8061324888137468
0,0,0.00747358298467047
0,1,0.725174843437443
0,0,0.0079331384007351
0,1,0.7309040622605278
0,0,0.00693520630237817
1,1,0.9990176249132212
1,1,0.9988806406924824
1,1,0.9988197464573628
1,1,0.9966437870408709
0,0,0.005232136036434521
1,1,0.9990354664299691
0,0,0.007076393071762826
1,1,0.9986881617959965
1,1,0.9976091347708693
0,0,0.0051046120699191596
0,0,0.005374379797138679
0,0,0.005029176318082424
1,1,0.715303546454223
0,0,0.088442811720122
1,1,0.9986663123695115
1,1,0.9993304748261618
0,0,0.004265793111949712
1,1,0.9972200233666564
0,0,0.0059527777599122506
1,1,0.998981683806031
0,0,0.008612076676465182
1,1,0.8455471595842781
0,1,0.7057100992017178
1,1,0.9983043039531609
1,1,0.9988459941608868
1,1,0.845547386338478
0,0,0.005881335554364303
0,1,0.6658967270972366
1,1,0.998610008496612
1,1,0.9984632058503976
0,0,0.00566616052994519
1,1,0.9982879148664782
0,0,0.009200499187359214
1,1,0.9985934693521795
1,1,0.9987952191303157
1,1,0.9985400606057857
0,0,0.004549033436768936
0,0,0.0032345950389266525
0,0,0.006302703444167244
0,0,0.0047545251356361125
0,0,0.3148430711172311
0,0,0.0031606829257733063
0,0,0.04475209981026964
1,1,0.9991979042333702
1,1,0.7670089778406461
1,1,0.9988463630378016
0,1,0.8060725971913983
0,0,0.006644826329589483
1,1,0.9993227477704676
0,0,0.008003290563373887
1,1,0.9986873352377512
0,0,0.0027039158674345316
0,0,0.00627185014075574
0,0,0.0035148893779459044
0,0,0.003050491234499748
0,0,0.002762454157570356
1,1,0.7152472042789525
0,0,0.0067874663313394305
1,1,0.8194773289604953
1,1,0.9982450744981077
0,0,0.009787526806698392
0,0,0.004890859280015455
0,0,0.00543367746627902
0,0,0.004281965216125807
1,1,0.9976090202760937
0,0,0.012199005782188771
1,1,0.9985763814598055
1,1,0.9979771796513475
1,1,0.9988369773813777
1,1,0.729704772091606
1,1,0.9980519106282983
0,0,0.004190825040643143
1,1,0.7171935702797109
1,1,0.7104582805126249
1,1,0.9973974691320053
1,1,0.9985474552358998
1,1,0.8411623551451254
1,1,0.999388064912754
0,0,0.005931786624168506
1,1,0.999060386844228
0,1,0.7014957160877865
1,1,0.7560529280084116
0,0,0.006793017363343154
1,1,0.99887177959542
1,1,0.9976367097710898
1,1,0.9972503528537565
0,0,0.004772399667245292
0,0,0.006805619402656683
1,1,0.9972623215117169
1,1,0.9985347126881586
1,1,0.6330581908302423
1,1,0.7179274666797154
1,1,0.7832514142751004
1,1,0.6854852625995361
1,1,0.761548658383189
0,1,0.814437958938112
1,1,0.7666634129983894
1,1,0.9982456601818818
0,1,0.6336079590189072
1,1,0.9990764988928909
0,0,0.006826194146304719
0,0,0.0070024601677728116
1,1,0.9985918276386283
0,0,0.0044723427128386525
1,1,0.999050491076008
0,0,0.006114255893926492
0,0,0.007801520207283168
0,1,0.6461152157418372
0,0,0.00354692535669331
1,1,0.7631207272496245
0,0,0.006063015504739017
1,1,0.9984588641366682
0,1,0.7176226162155722
1,1,0.998880659560151
1,1,0.6653541676538417
1,1,0.999455876145934
0,0,0.004933753978726225
1,1,0.6443441174233848
1,1,0.7016766373639713
0,0,0.005371098500250822
1,1,0.9978494474768309
0,0,0.00523129678931686
1,1,0.6555712898275586
1,1,0.8576227077490597
0,0,0.007557420560028755
1,1,0.9982416779515189
1,1,0.998629727580104
1,1,0.7885665193425302
0,0,0.006621118760042301
1,1,0.99891768101641
1,1,0.683717253748545
1,1,0.9989502561869364
0,0,0.005019205942822057
0,0,0.006072274229468446
0,1,0.6343310061251588
1,1,0.6785729325031374
0,0,0.004987038306522998
1,1,0.9989058377215718
1,1,0.9986064725507584
0,1,0.7739831555086678
0,0,0.006653818808313149
1,1,0.7928580836415261
1,1,0.9990778631510232
0,0,0.008707805979674743
1,1,0.6835537362127665
0,0,0.005220215159457746
0,0,0.026916377344421934
1,0,0.007046012057342794
1,1,0.9985269621933021
1,1,0.9977538837170646
1,1,0.9970963560512865
1,1,0.9978991722025728
1,1,0.7372513120866729
0,0,0.0049870444612411255
0,0,0.0050394224190736785
1,1,0.8196144264011794
1,1,0.9984051620624597
0,0,0.005892649200669821
1,1,0.9986994286441578
0,0,0.008033091976299011
1,1,0.9985933567669075
0,0,0.00349903537636865
0,0,0.0032902579292915885
0,1,0.7166565736168845
1,1,0.9987072252942173
1,1,0.9982666882202209
1,1,0.9983681628719775
1,1,0.9982498787620594
1,1,0.9986142533122379
1,0,0.007841450605635509
1,1,0.9991957160564124
1,1,0.786021169719474
0,0,0.006490664215678549
1,1,0.7100371899810007
1,1,0.9989801599682484
1,1,0.7868288562539287
0,0,0.004987027842885256
1,1,0.6906493875401004
1,1,0.9978964279742315
1,1,0.9980181229002282
0,0,0.012178947778534524
0,1,0.7265731454599113
1,1,0.6928666266092058
0,0,0.006394795889940758
0,0,0.008223031095364425
0,0,0.006290480009499221
1,1,0.9989955046842179
0,0,0.0071272553123758065
0,0,0.0031837945284252257
0,0,0.00492038166766226
0,0,0.00482825527118245
1,1,0.7297042383188662
1,1,0.7621932019536136
0,0,0.005380806505121038
1,1,0.9993335822524577
1,1,0.6755397371394016
0,0,0.006388166952940633
0,0,0.005298265640212557
0,1,0.7573765424196365
0,0,0.006784596915477648
0,0,0.006021339640972692
1,1,0.9986060644573866
1,1,0.7713296960661802
0,0,0.00692283869558329
0,0,0.012209188813146237
0,0,0.004302418299411077
0,0,0.006149748694613763
1,1,0.7485711980226034
1,1,0.7056920985081095
1,1,0.821031143644273
1,1,0.8210322127084136
0,0,0.0027957344996903956
1,1,0.9988007064671707
1,1,0.9990710528299325
0,0,0.005105357312339401
1,1,0.9464391884198756
1,1,0.99856433007657
0,0,0.007823367211495739
1,1,0.6887629537926933
0,1,0.7453852010193288
1,1,0.667110685017381
1,1,0.998771483257352
1,1,0.8210326387549547
0,1,0.7410256927407607
1,1,0.9988259343087665
1,1,0.7272583457237795
1,1,0.9991430536093281
1,1,0.9972200257662793
0,0,0.010352955751062822
0,1,0.8195917713673111
0,0,0.006995862271473949
1,1,0.9988997492033308
1,1,0.9989140582362186
0,0,0.0028683714601071427
0,0,0.007231445975642709
0,0,0.004540618495854824
1,1,0.9991209966999012
0,0,0.005435504368803882
1,1,0.9987490845942708
0,0,0.006078376774047335
1,1,0.9985213221211185
0,0,0.0064610539027358275
0,0,0.007731357125443058
0,0,0.005043848583081051
0,0,0.007026193267638046
1,1,0.8101796793848076
0,1,0.6703100585600099
0,0,0.005840828634670632
1,1,0.9023496559549459
0,0,0.007933383295778884
1,1,0.9978660454180897
1,1,0.726222788333345
0,0,0.009193247774177554
1,1,0.7026184383265173
1,1,0.675325126020528
1,1,0.9987467581029135
0,0,0.006297244584478579
1,1,0.9991145475089457
1,1,0.998372314992447
0,0,0.005866297828092928
0,1,0.5540438361565551
1,1,0.6650729897617302
0,0,0.004838074850712696
1,1,0.9982752018932868
1,1,0.998827396818451
1,1,0.9984363076964463
0,0,0.006558156915855687
1,1,0.9979593121503313
0,0,0.0052189732289461355
0,0,0.002680185737474571
0,0,0.003183785198646162
0,0,0.00732070686942598
1,1,0.9987999318765849
0,0,0.005099336918103256
1,1,0.9985908700392503
0,0,0.006703588917202009
0,0,0.0051915470875189265
0,1,0.6971490004985869
0,0,0.07186129012479944
1,1,0.725042886555538
1,1,0.9985474861278014
1,1,0.9992435127532325
1,1,0.678239530361363
1,1,0.9984353086373224
0,1,0.6821995373253504
0,0,0.0035138402524294223
0,0,0.005862691049566086
1,1,0.9980639278458171
0,1,0.7148281021500482
1,1,0.9983050825174847
1,1,0.6355089658942858
1,1,0.9987076678602083
0,0,0.0715012569995388
0,0,0.009710285260243513
0,1,0.5836819031821402
0,0,0.006138264864151581
1,1,0.9954366170069955
1,1,0.9986110160450097
0,0,0.006995715858331141
1,1,0.9985755836147263
1,1,0.9989468680280634
0,1,0.6651506922870025
1,1,0.9974651336667886
1,1,0.998584938859185
1,1,0.9993414966427587
1,1,0.5667148933934089
0,1,0.8112859042442444
0,0,0.004965859628118656
1,1,0.9989529061792446
1,1,0.9991080565059935
0,0,0.006772343192600085
0,0,0.007520508402626667
0,0,0.011545268886973936
0,0,0.005139412682986438
0,0,0.005167374838584966
0,0,0.006290855036262751
1,1,0.9983837496646009
0,1,0.7790234435266555
1,1,0.9978122317903267
0,0,0.005618294884182547
0,0,0.005112468853778247
0,0,0.005655441749672984
1,1,0.9986330270356424
0,0,0.004109489608303483
0,0,0.0035050053127253073
0,0,0.007996687045300028
1,1,0.5528282227738006
0,0,0.006215594800162569
1,1,0.6706664149830638
0,0,0.006628588535171953
0,0,0.004601942292120779
1,1,0.9988524601707556
1,1,0.6749114824274001
0,1,0.7563522053005013
0,1,0.8160135517942695
1,1,0.99820986111161
1,1,0.9973834600367296
1,1,0.9988321219578538
0,0,0.004634535945167095
1,1,0.9986155809116584
0,0,0.006284583895005221
0,0,0.003290968804839671
0,0,0.008339622719153927
0,1,0.7644636902232299
0,0,0.01352208328665431
0,0,0.007536898021541586
0,0,0.006043008105786257
1,1,0.9990649996280202
1,1,0.9987563938397492
1,1,0.7629445282212507
1,1,0.7872886370244336
0,0,0.007610605966659601
0,0,0.008138824700277188
0,0,0.005227009560316144
1,1,0.9979024652638456
1,1,0.7533708458008831
1,1,0.998779157785215
0,0,0.007025974295467171
0,0,0.0076977989770361955
1,1,0.9985029713153952
0,0,0.034381605684677824
1,1,0.6101968105350262
0,0,0.007783420380472877
1,1,0.6497106944361222
1,1,0.7346130327551286
1,1,0.8200606988512487
1,1,0.76953423815221
0,0,0.006734575813135744
1,1,0.7941185246403292
1,1,0.8101538296868075
1,1,0.9990621895602319
1,1,0.9983272644204864
1,1,0.6992246512996458
0,0,0.00706519004513216
0,0,0.005157285441035797
0,0,0.008204261220726776
1,1,0.9984266825430231
0,0,0.006787568608030434
1,1,0.9990313192275053
1,1,0.9986222320873692
1,1,0.9988455218820697
0,0,0.005754374324024249
0,0,0.008082614515488112
0,0,0.006978426192459969
1,1,0.9974184429562886
0,0,0.007042203574941045
1,1,0.9974094188763379
0,0,0.005892632978181141
0,0,0.004784291241393043
0,0,0.009831943704145037
0,0,0.007627355541398328
1,1,0.9990710356160305
1,1,0.7339481998842075
1,1,0.9987793224893204
1,1,0.9991516050694504
0,0,0.0032054927428869636
1,1,0.9616639861479724
0,1,0.7078893283460491
1,1,0.9640816093219816
0,1,0.6540519157183992
0,1,0.8602693574337543
0,0,0.00280953631025734
0,1,0.5518281308325578
0,0,0.006317357988363847
0,0,0.007654668626467994
1,1,0.7546525271782848
0,0,0.006290471181643818
1,1,0.8301512752269536
0,0,0.005016180956621219
0,0,0.006954477423323221
1,1,0.9989525138508463
0,0,0.00513486728195974
0,0,0.0032864754156143074
0,0,0.009787521921522028
1,1,0.9982802912508788
0,0,0.0031612072609552714
1,1,0.9979311106111338
1,1,0.9988223167308213
1,1,0.7533233177380801
1,1,0.9990916528829195
0,1,0.685229704909432
0,1,0.7325528814616616
0,0,0.0028799440876575017
1,1,0.9982849928483909
0,0,0.00456514750653548
1,1,0.7564169414471399
1,1,0.9988396158573571
0,0,0.006703499520968651
1,1,0.6787750008582408
0,1,0.7354594955136778
1,1,0.6617929632144787
0,0,0.0059599336515656
1,1,0.9985031682318017
0,0,0.003195987620681118
1,1,0.5236909199346507
1,1,0.8118899104483605
0,0,0.005338572738275858
1,1,0.7676817455293541
0,0,0.005900413347460125
0,0,0.008268511314139967
1,1,0.9988437788999653
1,1,0.9985777868605938
0,0,0.039440214849756405
0,0,0.008418929450287998
0,0,0.007762712677087801
0,1,0.6407513557344443
1,1,0.7890519365237039
0,0,0.009697318712926558
0,1,0.7553227857497565
1,1,0.6754008370568759
1,1,0.9991075060055885
1,1,0.7174293408549712
1,1,0.8045689778429111
0,0,0.005898747276203871
0,0,0.004106759552887732
0,1,0.8480349296725515
1,1,0.9989220059574282
0,0,0.004563314962268507
1,1,0.9987404023807481
1,1,0.9984195678859991
0,0,0.007552683712920486
1,1,0.9990778115704039
0,0,0.009638687919171973
1,1,0.9984930861700053
1,1,0.9987198095590529
1,1,0.9983912358445362
1,1,0.9991915673919819
0,1,0.787961645420176
1,1,0.99786280946831
1,1,0.9988879879761271
1,1,0.9983339378433608
0,0,0.003289027042880382
0,0,0.00348733525582481
0,0,0.007493646520442361
0,0,0.005346052672688531
0,0,0.007840368706320098
0,0,0.005372891994188771
1,1,0.9983609340181953
0,0,0.005894148393152957
0,0,0.004548896797178347
0,0,0.005952257044157511
0,0,0.04441903125241444
1,1,0.9990923891452552
1,1,0.6312251508314699
1,1,0.9991378463146469
0,0,0.005931793225612222
0,0,0.0037267147115642987
0,0,0.00594885399472449
1,1,0.9989623745776524
0,0,0.007770503670312505
1,1,0.5781800723883281
1,1,0.9972568397656218
1,1,0.9989324555353744
1,1,0.9972434558157319
1,1,0.9988232734436858
1,1,0.9988272913199772
0,0,0.005119576759774358
1,1,0.7109531689700229
1,1,0.9990404664105189
1,1,0.7352101790184086
1,1,0.9984562992437211
0,0,0.004921876290485322
0,0,0.006787239339800976
1,1,0.6419436694573203
0,0,0.010839545284451878
1,1,0.9987170242034744
1,1,0.6619841583361467
0,1,0.7119729343937005
1,1,0.9986027204701549
0,0,0.010203050732294588
0,0,0.009702644332563393
0,0,0.005480812933089639
1,1,0.7836363693517459
1,1,0.9976954507480486
1,1,0.9984628652135296
0,0,0.006078522722424595
0,0,0.006531897046223778
0,0,0.006831031994368303
0,0,0.0048816095056963184
1,1,0.9992515758268027
1,1,0.9987047117473147
0,0,0.009723342051167604
0,0,0.00582051305297623
0,0,0.005175432285903727
1,1,0.9986510897549977
1,1,0.9976218484764132
0,0,0.00507989074206257
1,1,0.7641965396823094
0,0,0.0076542514227171685
0,1,0.703076152229807
0,0,0.008319346844206111
0,0,0.008105198608944488
0,0,0.005902763660648928
0,0,0.00390434388164026
1,1,0.8099233341941059
1,1,0.9985691710473277
1,1,0.9980731239789253
0,0,0.005026325360764725
0,0,0.008270565030959241
1,0,0.02422249201770748
0,0,0.006319116945483596
0,0,0.004097488603472028
1,1,0.6412546480485678
1,1,0.7128405433175544
1,1,0.998304790702846
0,0,0.005242115811250904
1,1,0.7109307114885638
0,0,0.007271674717076958
1,1,0.9986093395302736
0,0,0.005928206585584324
0,1,0.7364886204971622
1,1,0.9985024687521008
1,1,0.9991039156137914
1,1,0.9989538953091224
0,0,0.01193775594529118
1,1,0.9983457458790945
0,0,0.006077181363813422
1,1,0.9985391114854176
0,0,0.006128827742030739
1,0,0.03642107160899409
1,1,0.9986305772190379
0,0,0.005970424252904515
1,1,0.9988215686141566
1,1,0.6987536299590361
1,1,0.8127616896341092
0,0,0.013093247315593087
1,1,0.9973860510988418
1,1,0.9995180278714453
1,1,0.8195894722564651
1,1,0.9984642074874877
1,1,0.9987197527621421
1,1,0.9972242940388942
1,1,0.6497165536339745
1,1,0.9990058291243032
1,1,0.9978445666859723
0,1,0.7754714862074062
1,1,0.9988412057325643
0,1,0.7872916946742469
0,1,0.5274854913582812
1,1,0.6697392476889514
0,0,0.007449259368732368
0,0,0.008458115301104782
1,1,0.9978932521172716
0,0,0.003158049161348609
0,0,0.004252340803426859
1,1,0.9983735854314784
0,0,0.00839072768573991
0,1,0.7691927396877664
0,0,0.012070994150073148
0,1,0.6664756618599113
1,1,0.998975672387803
0,0,0.03499161184407555
0,0,0.005117904672104263
0,0,0.006171592513214975
0,0,0.005266493319694922
0,0,0.0026507811464696316
0,0,0.004536759301192862
0,1,0.6642329619383559
1,1,0.6680099771785613
0,0,0.005910094219094604
1,1,0.9984813450277317
1,1,0.7407422818475308
1,1,0.9976913370765663
1,1,0.7057104338721347
0,0,0.006898772381571322
1,1,0.5951862656625343
0,0,0.005632977450330363
0,0,0.006021319701441787
1,1,0.9983403582266951
1,1,0.9982548492297645
1,0,0.005217972387558645
1,1,0.9987039636941624
1,1,0.9992443350882376
0,0,0.008281377073062804
1,1,0.7874693626644838
0,0,0.00511491215946443
1,1,0.7601094266909573
1,1,0.9981368568919361
0,0,0.005430425910190529
0,0,0.009823013681155505
1,1,0.7441933452265084
1,1,0.7977047428528855
1,1,0.6966081738619324
0,0,0.004989554424160221
0,1,0.7240073124344487
1,1,0.99889371206137
1,1,0.9980106345010835
0,0,0.005388146427432901
0,1,0.7071851978434536
1,1,0.9983823771015954
0,0,0.054537744545336275
0,0,0.00695658084157042
0,0,0.00534888149901271
1,1,0.9987039616541497
1,1,0.9985755172910094
0,1,0.5174845363217061
1,1,0.5665026346938157
1,1,0.7718799811127546
0,0,0.006364470038164831
1,1,0.9991482278458441
1,1,0.9982966947941688
0,1,0.8060632214345377
1,1,0.7563590681660916
0,1,0.6773124433936674
1,1,0.9985569319362285
1,1,0.7028051875129586
0,0,0.004986941498093338
0,0,0.005879593693110566
1,1,0.9986233613397572
0,0,0.006547679773808745
0,0,0.007934517071816166
1,1,0.6774528690282576
1,1,0.7220792813134552
0,1,0.7257469934454471
0,0,0.0052938804516130126
0,1,0.7346832410464417
1,1,0.9990707677523215
1,1,0.9983066277254372
1,1,0.9988742035909615
1,1,0.7297041361695714
1,1,0.9991375370508825
0,0,0.005288539893412554
0,0,0.005271353016337648
1,1,0.9985776242505517
1,1,0.7258248202108013
1,1,0.9971979629308881
1,1,0.6575512304523583
1,1,0.9988232723339276
1,1,0.8455473880913009
0,0,0.004967644655013737
0,0,0.004465649587073951
0,0,0.004909140447606362
1,1,0.7786882937475049
1,1,0.9982860180029047
1,1,0.9993346588344046
1,1,0.675374213728777
0,0,0.009416618664047548
1,1,0.6751107356940992
1,1,0.9985448123522769
1,1,0.6777577271257347
1,1,0.690516638135242
1,1,0.5563701108289291
1,1,0.6813965699305871
0,0,0.00535929054308728
1,1,0.7114603622380206
1,1,0.9977122193794924
1,1,0.665590245603937
1,1,0.6857359544686287
1,1,0.9980078377068895
1,1,0.7232632091804009
0,1,0.6649205212822543
1,1,0.72692492470237
1,1,0.9988894996906792
1,1,0.9988939863176959
0,0,0.006507889010181502
1,1,0.9986126509513725
1,1,0.9987940537812348
0,0,0.004282013136396478
1,1,0.9978903460372451
0,0,0.004701499210607551
0,0,0.007885817108242493
0,0,0.003469813690032081
1,1,0.9990636318463534
1,1,0.789870292245198
1,1,0.9992898292650183
1,1,0.760799646206125
0,0,0.008581274053191083
0,0,0.006146882372960727
0,0,0.005016141381655498
1,1,0.9988609075218555
0,0,0.004987043052061605
0,1,0.6970586049910464
0,1,0.7514660533392108
1,1,0.9993887782221177
0,0,0.010944580641838085
1,1,0.7182817710727342
0,0,0.005889685603559854
0,0,0.006298362663326591
1,1,0.7564776238213992
0,0,0.005684841572401248
0,0,0.005338282619217613
1,1,0.7195755414200752
0,0,0.004529087055193297
0,0,0.008883389134473283
0,0,0.00920896225414814
1,1,0.999045184355461
0,1,0.8135803884810995
1,1,0.7143357895027768
0,0,0.003109709325806151
0,0,0.005844748358837759
0,0,0.007198859909889257
0,1,0.718499972780929
1,1,0.9980872495063204
0,0,0.007870757616207738
0,0,0.005866638866140295
1,1,0.9987762979474053
0,0,0.0086263422580779
0,0,0.004310519741402075
1,1,0.998663834956358
0,0,0.0067062067675606775
0,1,0.6738332850851405
0,0,0.005211576299066541
1,1,0.9992725926592004
1,1,0.9988914770247249
1,1,0.7635980165857037
0,1,0.6891896214834232
0,0,0.007067414581328434
1,1,0.8022033198939854
1,1,0.9990626897323512
1,1,0.9990530941444441
1,1,0.9991895785894701
0,0,0.0053052842573097945
1,1,0.9973949132123996
1,1,0.8134506124261403
0,0,0.008353780565271616
1,1,0.9991417208967971
0,0,0.006713765039044314
0,0,0.004224327332978721
1,1,0.7297045256897877
1,1,0.9989811810743234
1,1,0.9989173204831996
1,1,0.9992360976133826
0,0,0.006981174935474462
1,1,0.9986734302983944
0,0,0.006728911551611179
1,1,0.9981714211390007
1,1,0.9987184752727585
1,1,0.9988489282286185
0,0,0.007627419576002418
1,1,0.7280922921543905
1,1,0.9984813384275802
0,0,0.006386844670063249
0,0,0.0075537097791857945
1,1,0.9990710716616285
0,0,0.007641009868612709
1,1,0.998864158287339
1,1,0.7853144973121198
0,0,0.038178265831912445
1,1,0.9992469444919688
0,0,0.00480726823111778
0,0,0.04953499371303216
0,1,0.7032811723559081
1,1,0.9991989563956545
0,0,0.0061183313200488055
1,1,0.9993309594213465
0,0,0.004332091474418383
1,0,0.057928001241704656
1,1,0.9988489130890321
1,1,0.9990764918860047
1,1,0.7629798912544475
0,0,0.006062162941942409
1,0,0.047740337693827246
0,0,0.008229782962418613
0,0,0.004864505269260889
0,0,0.004955515847196142
1,1,0.9992412293601113
0,0,0.008947609774562744
0,0,0.013155417495084223
1,1,0.9988950439532884
0,0,0.006885768256393819
0,0,0.0053821069709032035
1,1,0.7128837846074495
1,1,0.6357935172200709
0,0,0.006391521132499401
0,0,0.0035099128832485798
1,1,0.9984694539023194
0,0,0.00816091089569737
1,1,0.9989078987865193
0,0,0.00834917494932396
1,1,0.9994253449358595
1,1,0.9983656509903575
0,1,0.6997526232601626
0,0,0.01066649746119683
0,0,0.005279460797251503
0,0,0.005123538972924421
0,0,0.00748244952395858
1,1,0.9420655885004581
1,1,0.9646776175684605
1,1,0.6614052806497229
1,1,0.7141741355326449
1,1,0.9989058368204536
1,1,0.9991516152861442
0,1,0.7163534415288544
0,0,0.007883320332543409
1,1,0.9989586104516396
0,0,0.004548789729768002
1,1,0.804566661367268
0,0,0.00845775717756549
0,0,0.008646391088191383
1,1,0.9982608637369965
0,0,0.004843914655480553
1,1,0.9990526855767865
1,1,0.6721593266925984
0,0,0.006477476532022754
1,1,0.6568169679998926
0,0,0.005419064994862288
0,0,0.005936636341512341
0,0,0.006415019402016584
1,1,0.7053685569762722
1,1,0.9990984833983577
0,0,0.046653934281615954
1,1,0.8025949548484381
1,1,0.6561533515675587
0,0,0.008235988094668988
1,1,0.9979024477335813
1,1,0.6999105873523809
0,0,0.012913117324108369
1,1,0.9988364084961155
1,1,0.9977520274480512
1,1,0.6983829498222808
1,1,0.9987950386813286
0,0,0.006365982778924122
1,1,0.9988638792297926
0,0,0.005228842878977257
1,1,0.9965982107269585
1,1,0.9994714546918617
0,0,0.004897601805952364
0,1,0.693368722541309
0,0,0.006317052209356565
1,1,0.9987763054082456
1,1,0.998534939319701
1,1,0.757904540236634
1,1,0.8178253134205619
0,0,0.006511842330409737
0,0,0.005421272611427707
1,1,0.998560163524118
1,1,0.9670750789318913
1,1,0.7132288077889942
0,0,0.006657177156928459
0,0,0.005962990139291456
0,0,0.0028169876967843854
0,0,0.00678732988389486
0,0,0.0028449129412192156
1,0,0.007009666611200867
0,0,0.003511360620965738
0,1,0.6349431753721105
0,0,0.009743038283469107
0,0,0.006513279527088656
0,0,0.005335494603749686
0,0,0.007040995690546239
0,0,0.00504385476906706
0,1,0.6970135554758324
0,0,0.006518637026401825
0,0,0.006521494385480152
1,1,0.9980518370745863
1,1,0.9978873115265748
1,1,0.9978922370067681
1,1,0.9986254039204513
1,1,0.9990600301113536
1,1,0.9991102918809376
0,0,0.00636690485827322
1,1,0.786531964532553
0,0,0.005020559596186821
0,0,0.03606924589117538
1,1,0.9993615801507088
1,1,0.9990993686943612
1,1,0.9986232222836627
0,0,0.004989831988881794
1,1,0.6883319800207709
1,1,0.996448030685828
0,0,0.009142126664355767
0,0,0.005618375062531018
1,1,0.6820142143645497
1,1,0.9982869372559464
1,1,0.9988471711968989
1,1,0.6483210467474233
0,0,0.005341553155634218
0,0,0.012876997167978707
1,1,0.998802672401938
0,0,0.005336122759396839
0,1,0.7061196278711365
0,0,0.004535049847582021
1,1,0.814556685443562
1,1,0.9977928923062005
1,1,0.9989483914524375
0,0,0.010441245813039539
0,0,0.0048879303771128865
0,1,0.5573264229979188
1,1,0.7793748012830161
0,0,0.008204150086243402
1,1,0.9985607948916547
1,1,0.7747927210420096
1,1,0.7218382703297764
0,0,0.0063427373573442525
0,0,0.005015310455522634
1,1,0.997881191464173
1,1,0.9985122628851701
1,1,0.9990664448761375
1,1,0.6832624730925416
1,1,0.7164489845759568
1,1,0.9990627334671683
1,1,0.9993487533340025
0,0,0.005339146284348284
0,0,0.0239666385703545
0,0,0.0066636759588700935
1,1,0.9985944787365872
0,0,0.005042614139213107
1,1,0.9991195362742201
0,1,0.6753377858424906
1,1,0.9986994264500801
1,1,0.6727123856225669
1,1,0.9959250695889171
1,1,0.6777527797984566
0,0,0.008447232122845106
1,1,0.6983646121979529
0,0,0.005347733406265489
0,1,0.7850695880560645
1,1,0.7914272908978043
0,0,0.0052737555460235395
1,1,0.7626816372764353
0,0,0.004961747320281703
0,0,0.009134836249134299
0,0,0.012355291927003867
1,1,0.9988489256280472
1,1,0.721009761766465
1,1,0.7265120334791966
0,1,0.829967125476284
0,0,0.005276026356413749
0,0,0.005248233433508516
1,1,0.9988463825428088
1,1,0.5825899367407248
1,1,0.7233060718278076
0,0,0.005233005078807578
1,1,0.9988452058366069
1,1,0.99844406411136
0,0,0.0053420672129520135
0,1,0.764768614383238
0,1,0.6338638900164287
1,1,0.997096352198131
0,0,0.005255669331680407
0,0,0.005308893451365522
1,1,0.9975228621973049
0,0,0.004790304164325764
0,0,0.0031614692666919082
1,1,0.7866001908348184
0,0,0.004909873365254455
1,1,0.9986899210955913
0,0,0.004485384006702113
0,0,0.006517825575252485
0,0,0.002825054631645072
0,0,0.010265960961972975
0,0,0.004844185902723226
1,1,0.9993723259966902
1,1,0.9988699961519905
1,1,0.7710528883904393
0,0,0.005147466836024805
0,0,0.005578451128973351
0,0,0.005079115493726863
0,1,0.7362716426686112
1,1,0.9990467567332721
1,1,0.6569747444556937
0,0,0.006388821468913669
0,0,0.007980504488201402
1,1,0.7247428396567217
0,0,0.00652650784346239
0,0,0.004984892258191271
1,1,0.9985126148860735
1,1,0.8583551132074883
0,0,0.004877355281216426
0,0,0.004488640874164997
0,0,0.003369360004946017
1,1,0.9992369355191357
1,1,0.998864841607672
1,1,0.66930802375607
0,0,0.008068937739346986
0,0,0.006763751690645903
1,1,0.9985126152638591
0,0,0.006364153232070601
1,1,0.9986798826299754
0,0,0.003763210975572341
1,1,0.9984988874858034
1,1,0.9987654738607395
1,1,0.6774449874388436
1,1,0.7161832166711537
1,1,0.9987004816112907
1,1,0.9988454102479651
0,0,0.006373712720554911
1,1,0.9986100389820562
0,0,0.010959847502328243
0,0,0.008585376220541015
0,0,0.002844966193113314
1,1,0.9986149041189967
0,0,0.004967708750807785
1,1,0.6330452418028778
1,1,0.997707268134304
1,1,0.6994542924476599
1,1,0.99826898482777
1,1,0.7322837520169669
0,0,0.005241078658688104
1,1,0.7860229779327176
0,0,0.008114961081502987
0,0,0.006676640993487886
1,1,0.9977706195115494
0,1,0.8195946389709535
1,1,0.9989386772858991
1,1,0.9985806118912818
1,1,0.758456349126431
1,1,0.9992515268407123
1,1,0.9995427871952728
0,0,0.010260853524220346
1,1,0.9985053807530595
0,0,0.021882193362948308
1,1,0.9984709252511788
1,1,0.5656957547621544
0,0,0.005197356247318145
1,1,0.9988379692920301
1,1,0.9976967624603891
0,0,0.005430457966320085
1,1,0.9985341160145103
0,1,0.82110683500929
0,0,0.00940467727654946
1,1,0.6385368157299146
1,1,0.9986555023913872
1,1,0.9989724363751766
0,0,0.007072606590652762
0,0,0.003160567014795822
0,0,0.005138311212377744
1,1,0.9981937861705374
0,0,0.0064906161775917385
0,0,0.004633755534762392
1,1,0.9989826230406175
0,0,0.005430454497170326
1,1,0.9993587646919669
1,1,0.8155499433695851
0,0,0.007725799221544381
1,1,0.7836369221151445
1,1,0.9985366485797363
0,0,0.0049549562221722155
1,1,0.9983661810813965
1,1,0.9984558637347082
0,0,0.0581646025262449
1,1,0.6425788057170386
1,1,0.9982999664231815
1,1,0.5566338475901064
1,1,0.9985382405187427
1,1,0.9988742578037203
1,1,0.7169086305966912
1,1,0.7518991276312401
0,0,0.005879132997003631
0,0,0.006621088193601552
0,0,0.00345003277949097
0,0,0.008506494794472566
1,1,0.715540503403315
0,0,0.007567793979003779
1,1,0.9984411732227663
0,0,0.005585552153794822
1,1,0.7617511677261194
1,1,0.999181644615089
0,1,0.7663310693314728
1,1,0.769080795225544
1,1,0.7170779023718091
1,1,0.9976693487290972
0,0,0.004482704317037895
0,0,0.005925338515248499
1,1,0.9985754093570155
0,0,0.04607560161894707
1,1,0.7009971321161564
1,1,0.9992478495829085
0,0,0.006957258086166881
1,1,0.9989248485879796
1,1,0.9695607889557739
1,1,0.5240691965600489
0,0,0.006074047150370013
1,1,0.6264303303256133
1,1,0.9988478072561442
1,1,0.7867606029285944
0,0,0.004548197580498435
0,0,0.005426150627535635
0,0,0.010943135511454103
0,0,0.00985371393282539
0,0,0.00568975366944358
0,0,0.010278744414065719
0,0,0.004961665313172874
1,1,0.999100984067781
0,0,0.004967029515055631
1,1,0.9986515918152261
0,0,0.00517197721795405
0,0,0.005201368539638643
0,0,0.0066322450791020775
1,1,0.7809881408267946
1,1,0.9985599736592534
1,1,0.998552287915533
0,0,0.004548884439445101
1,1,0.99735985735358
0,0,0.005192713826556986
1,1,0.9976284587717237
0,0,0.005071198247038419
1,1,0.998285014365794
0,0,0.05860851757547532
1,1,0.9991426144114591
0,0,0.004603508564889972
0,0,0.009327637823180029
1,1,0.9984320946549802
1,1,0.9983550866328308
0,0,0.006926787511254923
1,1,0.720356965272499
0,0,0.006964583723292437
1,1,0.9983306471882984
0,0,0.004795115133704477
0,0,0.006089118197861624
1,1,0.9987417691804634
1,1,0.9985217979799413
1,1,0.6700362692840139
1,1,0.813851253017056
0,0,0.006232620692183023
1,1,0.6403994000939651
0,0,0.0049416236563917465
0,0,0.00501199838713843
0,0,0.005194634820518895
0,0,0.006089318649050572
0,1,0.7782948090950095
0,1,0.7032846189178948
0,1,0.8375688837378842
1,1,0.9993220991520259
0,0,0.008290119661799997
1,1,0.817825603178789
0,0,0.0064344218616629225
0,0,0.013117200041842265
0,0,0.005892640577124276
0,0,0.010990818145386598
0,0,0.0051553884398434936
0,0,0.0066913393695958645
0,0,0.004310538788503252
0,0,0.22929374678844452
0,0,0.0059240700837809275
1,1,0.997390220354214
1,1,0.9975361513817199
0,0,0.007724634884512814
1,1,0.9987633381814223
0,0,0.006696274809590246
0,0,0.008463854470291118
0,0,0.009264884127589886
0,0,0.008129833603780836
0,0,0.005223593882610576
0,0,0.005249837750158834
0,0,0.04233203357480292
0,0,0.005914991879041061
1,1,0.9984254670671637
0,0,0.005284299556142118
1,1,0.9991185920549346
0,0,0.011344682655386209
1,1,0.9988689403547982
0,0,0.006488600145901296
0,1,0.6963902050843774
1,1,0.9991370087022468
1,1,0.9988587960166545
1,1,0.7088970183414951
1,1,0.7645020187924461
0,0,0.005342993475687654
0,0,0.014257589721510703
1,1,0.7042448463306953
0,0,0.0050136244609573005
0,0,0.007978718424246271
0,0,0.007644840012053395
1,1,0.9988780414827333
0,0,0.011596569425269144
1,1,0.9993332020649554
1,1,0.998954309677843
0,0,0.005273396439163912
0,0,0.00813177701007439
1,1,0.9991369977118724
0,0,0.006370736441920204
1,1,0.9987775296733203
0,0,0.002852717626422905
1,1,0.9992427108083156
0,0,0.0056372386295362245
1,1,0.7550276144253737
0,0,0.009202121254690639
0,0,0.004353849183031402
0,0,0.0077219934530262605
1,1,0.9993336894093864
0,0,0.005960245812361236
1,1,0.9985304978053547
1,1,0.9985876796649019
0,0,0.005814724792457714
1,1,0.7800454851942161
1,1,0.7895597015439649
1,1,0.9986035944012998
0,0,0.0051769392440349435
0,0,0.006089130213195551
1,1,0.9989400979180096
1,1,0.9984616312772183
0,0,0.006251465353480052
1,1,0.9986031028959316
1,1,0.9988077397916558
1,1,0.9976088059013692
1,1,0.6752016062998482
1,1,0.8442940440904941
0,0,0.007716919138810381
0,0,0.007017581326789144
0,0,0.009787526651842817
1,1,0.9988369231378206
1,1,0.9988809891879831
0,0,0.006355987568252028
1,1,0.997383911503844
0,0,0.045266895110511504
1,1,0.9990647049533329
0,1,0.6686504448733501
0,0,0.005289924399084403
0,0,0.0067831778950686004
0,0,0.0063354496617435896
1,1,0.9985741405033493
1,1,0.9989207674160081
1,1,0.7665083227605369
0,0,0.006373888895310338
0,0,0.0034198922712781517
0,0,0.038112223482188935
1,1,0.9986190807019875
1,1,0.9984347788336799
1,1,0.9988510035416863
1,1,0.6661116761526288
0,1,0.630301483951519
1,1,0.9989058817694105
0,0,0.0046345238600269895
1,1,0.9983801221006559
1,1,0.8134711316596626
1,1,0.9986881686084805
1,1,0.6698527385847807
1,1,0.9988073926397496
1,1,0.7646589242564445
1,1,0.8024181584822687
0,0,0.00605782885559771
0,0,0.006415092982871876
1,1,0.9976233640106087
0,0,0.005147469124899952
1,1,0.9989823217476214
0,0,0.005568248376600826
1,1,0.6622884360155172
1,1,0.7227039912016667
0,0,0.005937076357411989
0,0,0.006502893155225171
0,0,0.005337744339986813
0,0,0.005951935727086296
1,1,0.9987528121300076
0,0,0.005225033729586933
1,1,0.9989038310975793
0,0,0.010984734064859964
0,0,0.005359293038072335
0,0,0.006324843541339172
1,1,0.9990766943665529
1,1,0.9990866965512154
1,1,0.7127794886515821
1,1,0.9989522636108567
0,1,0.8044842433904302
0,1,0.8374035271880157
1,1,0.7533296764173468
0,0,0.0035436529035181405
1,1,0.9973675842214358
0,0,0.005814800366062524
0,0,0.005139314082749445
0,0,0.005082169583436778
0,0,0.007770232304978109
1,1,0.6466704504986795
0,1,0.6307491337822267
1,1,0.998615581557858
1,1,0.6774073785997352
0,0,0.006523675525337543
1,1,0.9977547318583556
0,0,0.005013299513868721
1,1,0.7526715865967394
0,0,0.005272598131489845
1,1,0.998344914870987
1,1,0.9988751913059777
1,1,0.8209442457896405
1,1,0.9990708035749306
1,1,0.998530520324617
0,1,0.7508541259022398
1,1,0.9985531965268606
1,1,0.6555700752902128
0,0,0.005247929538232784
0,0,0.038788949774800956
1,1,0.9980404251295105
0,1,0.8224179275344478
1,1,0.7511928620583385
0,0,0.00282144649615886
0,0,0.006903655713921684
1,1,0.9977349631557709
1,1,0.9989215593201406
0,0,0.03062201951041713
0,1,0.6772921025914137
0,0,0.0549002538789188
0,0,0.004752581900204551
0,0,0.03101351124332047
0,0,0.009686310626773033
1,1,0.6661136778456787
1,1,0.9982715812915421
1,1,0.9985954584482117
1,1,0.9985029330649243
0,0,0.008031072325047475
1,1,0.6268843279715159
0,0,0.0056224433187719285
1,1,0.6641858830276232
1,1,0.9993250467179003
1,1,0.9991378592868813
0,0,0.006030334538760041
0,0,0.0045224033161183706
1,1,0.9982826376715185
0,0,0.004355743772350357
0,1,0.6566031551841736
0,0,0.03599233627049122
0,0,0.004345086737600603
0,0,0.005829119639774662
0,0,0.0055718421365689086
0,0,0.005943111542604492
0,0,0.006791065598168483
1,1,0.9987343210913464
1,1,0.7692039891588406
0,0,0.003053251696450088
1,1,0.9989146241196911
0,1,0.7551345285590002
0,0,0.0051769027840749375
0,1,0.7858419996736484
0,0,0.04625861899882458
1,1,0.9972832117445118
1,1,0.7737707877826152
0,0,0.0052005713939426304
1,1,0.9990110399309577
1,1,0.9990570879516444
0,0,0.005841105428940535
0,0,0.005951675632459173
1,1,0.9983042470985841
1,1,0.9986030826847775
0,0,0.005215128420911207
0,0,0.012223641781675927
1,1,0.7834993126706835
1,1,0.9972966168097981
0,0,0.0062667996586147105
0,0,0.005297092983798292
0,0,0.004838211536993843
1,1,0.9990664427792503
1,1,0.9986529972838033
0,0,0.007215713964162171
1,1,0.9982730010021111
0,0,0.006351857878434863
0,0,0.010238127161005523
0,1,0.5814008674687644
0,1,0.7071366454918036
1,1,0.6337483724318237
0,0,0.004346295786483078
1,1,0.9993122966599236
0,1,0.6340127617315835
0,0,0.3646105992496537
1,1,0.9989131125902708
0,0,0.004247359947078177
0,0,0.006729016618525646
0,0,0.005959903761500119
1,1,0.9986273899407349
0,0,0.00956885643908224
1,1,0.9990993685413853
0,0,0.004224117204076845
0,0,0.00842423413121453
1,1,0.6975167581122286
1,1,0.8124414918436793
1,1,0.9987492326829455
1,1,0.997967402593084
0,1,0.7156894914913956
1,1,0.9989367390711672
1,1,0.9981251978023155
0,0,0.00502696379727955
1,1,0.9982963335422131
1,1,0.8218877289844837
0,0,0.005681783624932503
1,1,0.9989494097896522
0,0,0.0031532489766820998
1,1,0.6296281726127617
0,0,0.005816062664543437
1,1,0.9985833429075555
0,0,0.011035657964188449
1,1,0.7836635479338305
0,0,0.008284703541791245
0,1,0.7074296189274679
0,0,0.008117867417255864
0,0,0.00511481567196545
1,1,0.9976511611060234
1,1,0.7373875622834881
0,0,0.005013893250617313
0,0,0.005357680104605238
1,1,0.9988135554069024
1,1,0.9986071439321911
0,0,0.005232796067971594
0,0,0.006362861237699996
1,1,0.9984026547555015
1,1,0.7195754273274657
0,0,0.004493976707094435
1,1,0.9979761906492217
0,0,0.010789771700889938
0,1,0.5330833348851396
1,1,0.9975586296329382
0,0,0.005018714703475754
1,1,0.9985434530193371
0,0,0.005963466364344855
0,0,0.004825946212669304
0,0,0.03843429973906076
1,1,0.7507168724446699
0,0,0.0078018971453221505
1,1,0.9973338624205931
0,0,0.004524539044273715
0,0,0.008293573792835905
1,1,0.9992362856864717
0,0,0.0066118615573766675
1,1,0.9983049866598819
1,1,0.9989137120843368
0,0,0.007699415447052261
1,1,0.7873903070557159
1,1,0.7714355844097981
0,0,0.0036176114781195515
0,0,0.005649663466479701
1,1,0.997732537725025
0,0,0.006074225183824089
1,1,0.9986881599053081
1,1,0.7692238172806443
0,1,0.6117717133312709
1,1,0.9975906116872204
0,0,0.006485421987455608
0,0,0.012867936419377007
1,1,0.9988936384557364
1,1,0.9991684254126064
0,1,0.7075296241651143
1,1,0.997811822880839
1,1,0.7264137370235676
0,0,0.005169645993821353
0,0,0.002830897470328017
1,1,0.9984077883077903
0,0,0.007008179767673405
0,0,0.004520632724958057
0,0,0.006061661273015085
1,1,0.8026283308232957
0,0,0.004495594512396712
1,1,0.7197758118323893
0,0,0.011600487608677622
1,1,0.9985260606166609
1,1,0.9985379642663219
0,0,0.008030397054904817
1,1,0.9984531041588661
1,1,0.9970463311920033
0,0,0.007942677734889925
1,1,0.998526978650978
0,0,0.010164795747047513
0,0,0.006654373550140916
1,1,0.6675573622046556
0,0,0.006508653999504899
1,1,0.999388726950699
1,1,0.8221439918846898
1,1,0.9980905402934852
0,0,0.007001637185288797
0,0,0.006463653430009198
1,1,0.6440228758524427
1,1,0.9985500778391511
0,0,0.009729349444981194
1,1,0.9991967211079814
1,1,0.8139693733415072
0,0,0.004908417433643625
1,1,0.9983821179276651
1,1,0.9986119662074022
0,0,0.005325929763090307
0,0,0.009228036655098974
0,1,0.6634713179810786
0,0,0.004239437411997513
1,1,0.9992580708031613
0,0,0.00755731719409294
1,1,0.9985358297554903
0,0,0.010180923182407537
1,1,0.7871029695581301
0,0,0.004587479326457492
0,0,0.004802935371164939
1,1,0.9988382706583265
0,0,0.036239084947657874
1,1,0.9985047912158862
1,1,0.6848701172544772
1,1,0.9988328749435694
1,1,0.9993261723830282
0,0,0.010381947411240698
1,1,0.9979640289344353
0,0,0.0027951360799073873
0,0,0.009293851451095765
1,1,0.7566529446996811
0,0,0.004536771476043263
0,1,0.5789216804171028
0,0,0.005926525097501153
1,1,0.9990347440681547
1,1,0.9988252317480274
1,1,0.9477431380854207
0,0,0.009291777262251047
0,0,0.00511736805017174
0,0,0.0026801886992402105
0,0,0.0075019101991735835
0,0,0.007788510540174737
1,1,0.7895597671717611
1,1,0.9992435398846586
0,0,0.005689610304364342
1,1,0.9985321474788268
0,1,0.7549919814443392
0,0,0.03716004899379576
1,1,0.9986646591870247
0,0,0.00592132668964149
1,1,0.9991226211023956
0,0,0.008342559487757448
0,0,0.008137422824741374
1,1,0.9973902275238573
1,1,0.6330585053301804
1,1,0.6949245320265334
0,0,0.0030937203544902188
0,0,0.009697177803800416
0,0,0.008002404910243923
0,0,0.005385935855726276
0,0,0.005936752315335573
1,1,0.9990404594772815
1,1,0.7509158473754405
0,1,0.6824886382868982
0,0,0.0034992578332229455
1,1,0.6999116749557344
1,1,0.9993317236444871
0,0,0.005255705602413749
0,0,0.0032972504333005697
0,1,0.714725019398669
1,0,0.004992508990351568
0,0,0.00597924371274453
0,0,0.00543491744537205
0,0,0.005103322192437219
0,0,0.003952846551953925
1,1,0.6483122839620971
1,1,0.6647780500512425
1,1,0.9652937906145275
0,0,0.005739271415374544
0,0,0.003155474352170504
0,0,0.003065840343739809
1,1,0.999051832420759
1,1,0.9983050875897319
0,0,0.006232507523290712
1,1,0.9983763140193831
0,0,0.006118318407977017
0,0,0.0035584548024544713
1,1,0.999050361001427
0,0,0.004798398206498597
1,0,0.008223882914634028
1,1,0.6882214243299456
0,0,0.0061672590910243135
0,0,0.00783830944076457
1,1,0.9986376457598624
1,1,0.9987028528874887
1,1,0.9986364622764172
0,0,0.00759581764127888
0,0,0.005756901329371042
1,1,0.8214958966011857
0,0,0.042700886023949516
0,0,0.0076292928739379465
0,0,0.0075531678887851075
0,1,0.7123690923934033
1,1,0.9985779640109803
1,1,0.9985027991625623
0,0,0.015182009054965815
1,1,0.7261351646242922
1,1,0.9976678639062234
0,0,0.006218196447247287
1,1,0.8527858255812812
1,1,0.9987270593767755
0,1,0.6550705489863521
0,1,0.7018635329856254
0,0,0.004984775701846823
1,1,0.9988512617254242
0,0,0.005016175517874003
1,1,0.9993630739732676
0,0,0.009705780002708223
0,0,0.006644955251889056
0,1,0.7138950143424467
1,1,0.9985543997535905
0,0,0.004549581132496769
1,1,0.6702765349756007
0,0,0.00514422122838476
1,1,0.6798906513050695
1,1,0.6776475080232808
0,0,0.006110164856488743
1,1,0.9986917181339455
1,1,0.998906347437462
1,1,0.9991993317665161
1,1,0.9972490063309998
1,1,0.9980597776558691
1,1,0.670050431207114
0,0,0.007821033309986767
0,0,0.00900328582319324
1,1,0.7016292256829937
0,0,0.00752052318927251
1,1,0.735330349664469
1,1,0.999089211970403
0,0,0.006019552891279151
1,1,0.9984599254486148
0,0,0.006788787357037866
1,1,0.5969950786092579
0,0,0.005445446418214282
1,1,0.998644408006845
1,1,0.9987002104130641
0,0,0.004546706816768972
1,1,0.9988518638952038
0,0,0.005941804327431658
1,1,0.9985955000742074
0,1,0.693768937294644
0,0,0.005935324140357855
0,0,0.005434928126196071
0,1,0.9988871247664791
0,0,0.006799410762951168
0,0,0.004975301402439468
1,1,0.9986324285105237
1,1,0.6663152709900078
0,0,0.004483438910774464
1,1,0.7835340083320742
1,1,0.9977980534199522
0,0,0.005405979934480033
0,0,0.004983532637403466
0,0,0.010315553947680205
0,0,0.013508261888116373
1,1,0.7625296663880525
0,0,0.005137754071241424
0,0,0.005301690136134043
1,1,0.9987825752403955
1,1,0.6426818023973996
0,0,0.010693171874212041
1,1,0.5657729526738291
1,1,0.9979788454619504
1,1,0.677305619938474
1,1,0.6799792709191625
1,1,0.7299612707180897
1,1,0.9978829857888332
0,0,0.004008466489606315
0,0,0.005614305086911602
1,1,0.9983604068476821
1,1,0.7175878483512281
0,0,0.002694884269131014
1,1,0.9988197384080985
0,0,0.003280172521387412
1,1,0.9979267135390688
1,1,0.9986734109092302
1,1,0.9990539826507482
0,1,0.6479783440790468
0,0,0.03573050175846455
0,1,0.6415929032662759
0,1,0.6994552234407366
0,0,0.006590326140195251
1,1,0.9975860958382972
0,0,0.003292765377720604
0,0,0.008213227328385815
1,1,0.99936478104916
0,0,0.009695614510959676
0,1,0.6970131999993399
1,1,0.7328217516667965
0,0,0.014510438623530327
1,1,0.7504511609443199
0,0,0.00780803872962654
1,1,0.9985347090367875
1,1,0.9986299544167652
0,0,0.004947864254498876
1,1,0.7931933084821688
0,0,0.005932062689154395
0,0,0.007202723159469194
1,1,0.9990831166105686
0,1,0.6777244027143303
0,0,0.009238584843175652
0,1,0.6641159581641486
1,1,0.9986675710657756
1,1,0.7639412351986432
1,1,0.9990562517041595
0,0,0.00484128565069208
0,0,0.012161050372864789
1,1,0.9967793457039446
0,0,0.0035157641453233417
1,1,0.9977136690364491
0,0,0.007977778672315038
1,1,0.9977825759543804
1,1,0.717450749023157
0,0,0.005224318001689763
1,1,0.7944370393853581
0,1,0.716672849113985
0,0,0.007490305233983453
0,0,0.0066450111119129565
0,0,0.0026568706084067065
1,1,0.9984125088406247
0,0,0.006806525276276405
1,1,0.9988235793953125
0,0,0.010856220115790849
1,1,0.5983363666185346
0,1,0.8368049874434994
0,0,0.005286736754573671
0,0,0.0050583416784379925
0,0,0.003734033415171592
1,1,0.99883106921578
1,1,0.7890537313889902
1,1,0.6775921857918834
1,1,0.6726385477220895
1,1,0.7549435013918204
1,1,0.999060023570626
0,1,0.7175112643428764
0,0,0.005400453203128693
0,0,0.005134281767265908
0,0,0.007502960210050933
1,1,0.9986681015615407
1,1,0.9988475332551261
1,1,0.9986842287857006
0,0,0.005339224908386251
0,0,0.05435512090443482
0,0,0.006501381748032959
0,0,0.006042718237702554
1,1,0.6590816357274941
1,1,0.9985409099451638
1,1,0.9990950420883591
1,1,0.7747062039819292
0,0,0.006391202601702924
0,0,0.007621537706422623
0,0,0.005373396439181968
1,1,0.9986606027109408
1,1,0.7561308557469401
0,0,0.011545316390769347
1,1,0.7620003934109435
0,1,0.6628212003056965
0,0,0.0032502065306163827
1,1,0.9985853664843456
0,0,0.005226154306109332
1,1,0.9991612142532059
0,0,0.03765032699425101
1,1,0.9972246479715627
0,0,0.007046639058847329
1,1,0.7847334484166231
1,1,0.9988997501242077
1,1,0.9988949575584755
0,0,0.0029784888535326834
1,1,0.971207586039633
1,1,0.9985792730485255
0,0,0.007698853069808052
0,0,0.04358835654192812
1,1,0.9985185991787732
1,1,0.9984696575112543
1,1,0.9988205680579842
1,1,0.8139217611986035
0,0,0.0068109789274479
0,0,0.006448658920606222
1,1,0.9982966892429389
1,1,0.9986606605362259
1,1,0.6550388919905671
1,1,0.9985999963468012
1,1,0.7633845201112737
1,1,0.999068883363814
0,0,0.006521671050977522
1,1,0.998463353004167
1,1,0.7314900671675828
1,1,0.9984633743814186
0,0,0.010893354087624414
1,1,0.6618072035609296
1,1,0.7949756050539102
0,0,0.006952604247104168
1,1,0.9989367625105822
1,1,0.9992360910983656
0,0,0.005188602820393842
1,1,0.7630010270044267
1,1,0.9988920422804315
1,1,0.9983823798059313
1,1,0.9990256782303983
0,0,0.005939471703973395
1,1,0.9989253048152558
1,1,0.9989437723253619
1,1,0.9982781286870375
1,1,0.9989244210190883
1,1,0.8150730354033452
1,1,0.962344293903178
1,1,0.9978372794611199
0,0,0.00671013535070479
0,0,0.002850612726978754
0,0,0.005016179185173294
0,0,0.005605282338446945
0,0,0.0074888932928002215
1,1,0.9977842731270757
1,1,0.9990342884259316
1,1,0.9976810823860934
0,0,0.005245345041126704
1,1,0.8146453247686372
1,1,0.7831695683889528
1,1,0.7663921653761074
1,1,0.9972903075049686
1,1,0.821031144489484
0,0,0.009208454434187602
0,1,0.7709002440851314
1,1,0.7860204338397174
0,0,0.006990161268226207
0,0,0.005370683856974186
1,1,0.6659053221289917
1,1,0.6837965172188973
1,1,0.9971988186233915
1,1,0.9982833078125963
1,1,0.812469218888981
1,1,0.9990955243892149
0,1,0.6346090980378065
0,0,0.007741596753623869
0,0,0.004825800367772709
0,0,0.005892643557300393
0,0,0.007653917965905485
1,1,0.7876731543797233
1,1,0.9975886486238451
0,0,0.008268014800498442
1,1,0.9988349354828644
0,0,0.005201813178639028
0,0,0.032768129464263
1,1,0.7648346112465126
0,0,0.004932402035418488
0,0,0.008376279359554203
1,1,0.7555119910973093
1,1,0.9989727830539912
0,0,0.004877722073223508
1,1,0.9988684103634423
0,1,0.752125099472452
1,1,0.761836235725997
1,1,0.6774449972614001
1,1,0.9988881553735669
0,0,0.0049099248742467015
0,0,0.008575333430291338
1,1,0.6547126031629628
1,1,0.7030292723090399
0,0,0.008480819233570951
1,1,0.8145186245293536
0,0,0.0049329325592764785
1,1,0.9985874543869497
1,1,0.9979950994540149
1,1,0.9970664707305988
1,1,0.9988235837813643
1,1,0.9988241992606949
1,1,0.999042405642982
1,1,0.6691828590260661
1,1,0.6687493737533811
1,1,0.999146694037898
0,0,0.010915322169652577
0,1,0.691437946185786
1,1,0.9986036248975425
1,1,0.6854937866840395
1,1,0.9989530995298023
1,1,0.9974204964230181
0,0,0.006365536543390783
0,0,0.008138912319173255
1,1,0.9983728756197805
0,0,0.00517694239078645
0,0,0.002650974005495176
1,1,0.7688864614636458
1,1,0.9370144481624867
0,1,0.8103190930063476
1,1,0.7692456102775478
0,1,0.6706087546230757
1,1,0.9989576006630537
1,1,0.66144643189663
1,1,0.7944320872752628
1,1,0.8090483754327525
0,0,0.007246541035603992
0,0,0.005314171111175349
1,1,0.9975938948762265
0,0,0.006493273067007397
0,0,0.004520131477467986
0,0,0.007202703565181685
0,0,0.037957494124462185
0,0,0.010040734219203288
0,1,0.7163779867459207
1,1,0.9987969936603938
1,1,0.9989208591095109
1,1,0.9991085767041242
1,1,0.9978068005540569
1,1,0.9992086304008462
0,0,0.006694774517026255
1,1,0.998543385693483
1,1,0.9979661744697312
1,1,0.9972770703257156
0,0,0.005670442566318266
0,0,0.006651442017034441
1,1,0.9982859743432313
0,0,0.008067086665939886
0,0,0.00679103216177261
1,1,0.9990710560401166
0,0,0.0059307883541886205
0,0,0.005893238170793517
0,1,0.666243364460174
0,0,0.004634518601226927
0,0,0.006382564859946696
0,1,0.728664203136051
0,0,0.013002197511507869
1,1,0.9979701270071725
1,1,0.999340995386004
0,0,0.005948871823981272
1,1,0.9984023561872217
0,0,0.005261666928809359
0,0,0.005245938675659843
0,0,0.005983684696643819
0,0,0.008337291264139242
0,0,0.010003854943043521
0,0,0.00668351801145521
0,0,0.007674931569435408
1,1,0.9974102095959729
1,1,0.8046905572947364
0,1,0.7582071586400061
0,0,0.004813376237124297
1,1,0.7297043851347988
1,1,0.9985066013446849
0,0,0.008951179760577705
0,0,0.0026260698253125552
1,1,0.6660221967397533
0,1,0.6659410759600299
1,1,0.6868272145628854
0,1,0.7511178330243726
0,1,0.7341525116596178
1,1,0.7280939415118175
1,1,0.7091830742872063
1,1,0.8101397772279993
1,1,0.9978715242046287
1,1,0.7535328683362809
0,1,0.6613534810817455
1,1,0.9984931334438761
0,1,0.7046579937744645
1,1,0.9984140540932427
1,1,0.9989146264257848
1,1,0.9985524427703629
0,1,0.6687959186440966
0,0,0.009784608349421237
1,1,0.998403221064184
1,1,0.9715118227070081
0,0,0.006274733946161536
1,1,0.999375256074807
0,0,0.0069385963341941645
1,1,0.9990785695330787
0,0,0.00602072978215645
0,0,0.006127189399819667
1,1,0.9984167119477514
0,0,0.253952729033717
1,1,0.9992405401652569
1,1,0.9993868642493395
1,1,0.9989483914772792
1,1,0.9987517857528811
0,0,0.004534994554662317
0,0,0.006402661194260512
1,1,0.7083271265639992
0,0,0.010972799324094212
0,0,0.0050262869637441344
1,1,0.6961507723899341
1,1,0.7898782527854648
0,1,0.777292558008419
0,0,0.004374374759909002
1,1,0.7233922749938078
0,0,0.005966558818222684
1,1,0.9990692205710242
0,0,0.006583385495985389
0,0,0.0053998498258302505
1,1,0.9971979630130364
0,0,0.006789789828688046
0,0,0.008133352589764987
0,0,0.007905499862581735
1,1,0.9975966965168139
0,0,0.007845202064379267
0,0,0.32924936692716456
0,1,0.5154990267299329
0,0,0.004996205901828577
1,1,0.9986539992977204
0,0,0.006633944780318861
1,1,0.9987698736596753
0,0,0.007072479358772657
0,0,0.006311521215506548
0,1,0.6492791807099623
0,0,0.00765033197859707
0,0,0.006270138418521938
1,1,0.9990269104483969
1,1,0.7261057189855754
1,1,0.9983202006240562
1,1,0.998907899754734
0,1,0.6706593844290556
0,0,0.005310233742072921
1,1,0.7856613471107124
1,1,0.9990342718543878
1,1,0.9988554998579963
0,0,0.006378552849434143
1,1,0.9985989926602867
1,1,0.998519982748814
1,1,0.9988690325428078
0,0,0.005096249350827945
0,0,0.0051182736184514025
1,1,0.9989033795156498
0,0,0.0066336084034474795
1,1,0.9985681417858709
0,0,0.004248228978706174
1,1,0.9982825021249224
0,0,0.004844311604623999
1,1,0.9986458509920965
0,0,0.004546736102649146
0,0,0.005227717382636037
1,1,0.7415402207131535
0,0,0.004236412964417552
1,1,0.6439990505886433
0,0,0.0056514442747145135
1,1,0.9987019020846476
0,0,0.003116853616295694
1,1,0.9989002584028155
1,1,0.8136061751350279
1,1,0.786240353982364
0,0,0.004277444342750252
0,0,0.008474374312099566
0,0,0.003953815751292227
1,1,0.7275767516478816
0,1,0.6804512076367445
1,1,0.8227532452585322
1,1,0.8301512365969458
1,1,0.9988489225407643
1,1,0.6814135679244283
1,1,0.6816589411242402
1,1,0.9985946136937601
1,1,0.9982548497586401
1,1,0.9988584119320151
0,0,0.005954120503292366
0,0,0.009202749679181863
0,0,0.004906620130659428
1,1,0.9985607507500688
0,0,0.009291736647109208
1,1,0.8113703732623578
0,0,0.007831809911269303
0,0,0.006453731427785728
1,1,0.9985774104087239
0,0,0.005016141203395343
1,1,0.7482784297001506
1,1,0.999055660965344
0,0,0.004967808704020453
1,1,0.725622010482997
1,1,0.6975174892974283
1,1,0.9989200539921171
1,1,0.6397449102629632
1,1,0.7249098275258189
0,0,0.01083350837730812
0,1,0.6478316323286418
1,1,0.9976443287392476
0,0,0.0033647663966965206
0,0,0.008680580124162958
1,1,0.7585939523463826
1,1,0.9981972446525027
1,1,0.997762192378528
1,1,0.9983823796369965
1,1,0.9983115043064382
0,0,0.005824362176421901
0,0,0.0037462294274734583
1,1,0.6414498914494808
1,1,0.6529033978548978
0,0,0.006863002570750182
1,1,0.999344011090776
0,0,0.008652339721712131
0,0,0.006583433828381594
0,0,0.0028487659026433386
1,1,0.9983051753464309
0,0,0.2370102242307811
1,1,0.9985401161134496
0,0,0.007556766594253503
0,0,0.003331614261748554
1,1,0.5150178107638895
0,0,0.005309552966479204
1,1,0.6635979131261353
0,1,0.7563836021912791
0,0,0.0053013219803264185
0,0,0.008450180213122587
0,0,0.014350468627430857
1,1,0.7850807443688934
1,1,0.8146942719806853
0,0,0.004838210185051563
1,1,0.9983075156814691
0,0,0.005224482709775981
0,0,0.010886117776915212
0,0,0.003346503886121308
1,1,0.9986305732984109
0,0,0.00630568615638326
1,1,0.7258223655070956
0,0,0.0048484234481832025
0,0,0.007438214382396968
0,0,0.004840378870402533
0,0,0.05264038758448712
0,0,0.009875358627963963
1,1,0.7504363147078662
1,1,0.7222344872099586
0,0,0.005307493966847966
1,1,0.9976163399830204
1,1,0.6655957199343082
1,1,0.998586514293633
1,1,0.9973781731950866
0,1,0.7585340769484908
0,0,0.006861622843085775
1,1,0.9990574612475938
1,1,0.8021775919190592
1,1,0.999053371149196
1,1,0.9988937005944879
1,1,0.9992809297555435
1,1,0.7595481796865837
0,0,0.008268349858054627
0,1,0.7165104234734647
0,0,0.006772514392138055
1,1,0.8101855186952084
0,0,0.004769643641484593
0,1,0.7858425897888557
1,1,0.9988807367301803
1,1,0.9987712123301976
0,0,0.005853604414792351
0,0,0.008667949030586205
1,1,0.9986234122467834
0,0,0.004770901505243495
0,0,0.00600720087012067
0,0,0.006982694862007705
0,0,0.03817826911758553
0,0,0.006453603623448522
1,1,0.9974838297818567
1,1,0.9993859098935404
0,0,0.009158034899103263
1,1,0.7555164412178638
0,0,0.00494869994094938
0,0,0.006512666780192005
0,0,0.005843567172816308
1,1,0.9978917001804319
1,1,0.9980034414559745
1,1,0.9990962168793864
0,0,0.005491021255878322
1,1,0.999090324283719
0,1,0.7155330394948862
1,1,0.7084677142933347
1,1,0.7182121392912589
1,1,0.8002208170506917
0,1,0.7593230113916731
0,0,0.003196915647138041
0,0,0.00672960392998353
0,0,0.005022432140967484
1,1,0.7240639319158212
1,1,0.9983127807449661
1,1,0.9988743570465987
1,1,0.9984680690728941
1,1,0.9983050954790632
0,1,0.6343960801098093
0,0,0.0027954869328701204
0,0,0.010392006669668429
1,1,0.9983929933106802
0,0,0.0066854789229284835
0,0,0.004634362279695085
0,0,0.009122613052082833
0,0,0.005817246646739387
1,1,0.9990664569792937
0,0,0.003500152803912408
1,1,0.9974349164726161
1,1,0.7509241179216223
0,1,0.7842344412600835
0,0,0.004163318405445938
1,1,0.7726593530764996
1,1,0.7297045721632655
0,0,0.006485177440969946
0,0,0.008458171344357487
1,1,0.9987585193459074
0,0,0.003733997704564583
1,1,0.9984253680261618
1,1,0.9957289356442961
1,1,0.9991816348618651
1,1,0.9972435359625815
1,1,0.7062298155106654
0,1,0.6752817358781896
0,0,0.008056368469733555
1,1,0.9977572654626324
1,1,0.7284483457473938
0,0,0.012065331054569488
1,1,0.6641753226585979
1,1,0.7861543960841281
1,1,0.7252327959200056
0,0,0.00529932351106868
1,1,0.9991090130021558
1,1,0.7364385313881625
1,1,0.9995261920604901
0,0,0.003340666247630705
1,1,0.9987039641337104
0,0,0.007780107444292588
0,1,0.7656624679093297
0,1,0.7221382934130985
1,1,0.9972124924284907
0,0,0.0029911880963929285
1,1,0.7944368281335015
1,1,0.9990915222754325
1,1,0.6344821051100581
1,1,0.6813964409384586
0,1,0.5653424694566271
1,1,0.9994555249126453
1,1,0.7146925033276409
0,0,0.005262077437905817
0,0,0.008366478973759205
1,1,0.70176886067365
0,1,0.699911812505673
1,1,0.9992126233462671
0,0,0.006414988545208988
0,0,0.008344719775866103
1,1,0.9987029241038402
1,1,0.998651650286082
1,1,0.9989590761857802
1,1,0.7593971686430145
1,1,0.7109322029918794
1,1,0.7860229487657644
0,0,0.006128584593005606
1,1,0.7277391564671161
0,0,0.004910505053130721
1,1,0.9973853899459516
0,0,0.008129834162102034
0,1,0.7623789772442608
0,0,0.004544392374811478
0,1,0.6732345104780026
0,0,0.005014149683864228
0,0,0.0110340410749288
1,1,0.9989058355777477
1,1,0.9987039602544311
0,0,0.00840181321398466
0,0,0.005360372547157501
1,1,0.7057433139375447
0,0,0.004947723230196371
0,0,0.005224984672214852
0,0,0.00412791991615414
0,0,0.006038889047877357
0,0,0.00808575754584885
1,1,0.9989186522995198
0,0,0.003135517618079752
1,0,0.006613222219346149
1,1,0.7873795612820106
0,0,0.00803037027519163
0,0,0.005446874360453912
1,1,0.9973815997403779
1,1,0.9984319606778853
1,1,0.9986139883816438
0,0,0.30906211299324393
0,0,0.015050787881203849
1,1,0.9989740715796689
1,1,0.9983597859100469
1,1,0.9993731892535223
1,1,0.9991598034708667
1,1,0.9984808044628145
0,0,0.008082819671142605
0,1,0.6823303007665668
0,1,0.6762636786560668
0,1,0.762640269375439
0,0,0.004887468002046062
0,1,0.8507655563880875
0,0,0.007182864066634317
0,0,0.004344879103647313
0,0,0.0069353435068274195
1,1,0.9988012235145514
0,0,0.005344289965586436
1,1,0.9985759792009585
0,0,0.005933502409547649
0,1,0.7950656182083662
1,1,0.9986212393195623
0,0,0.008244008798460791
1,1,0.6864558213247324
1,1,0.9968728024090405
1,1,0.8132736857943381
1,1,0.9985818562097202
1,1,0.9985435039479461
1,1,0.9985165334967081
1,1,0.7752098779979685
0,0,0.005630842906505783
0,0,0.006724113219716819
1,1,0.6803613328023894
0,0,0.008462077470914504
1,1,0.9993362822376199
1,1,0.7173931935512036
0,0,0.0051269023410968565
1,1,0.9983889288506265
0,0,0.00514487048857202
0,0,0.006453753399201435
1,0,0.2598426161800242
1,1,0.7661258545630572
0,0,0.009485982264616924
0,0,0.006826432598712639
1,1,0.9988511416955249
1,1,0.9991204163079721
0,0,0.08421080581871472
0,0,0.007027710204211521
1,1,0.7116368372956602
0,0,0.005379386714133081
1,1,0.7149427920506537
1,1,0.9988562421426288
0,0,0.005909853708971236
1,1,0.7981738404200749
1,1,0.8472117623208485
0,0,0.007846847901209755
1,1,0.9986555105220112
0,0,0.004987009495100362
1,1,0.5595063088763809
1,1,0.7333096378203647
0,0,0.006371989510075754
1,1,0.9986673348440057
0,0,0.006462874851497363
0,0,0.005923333889169265
0,1,0.6343330369756118
0,0,0.005603352486032879
0,0,0.005102874674868899
0,0,0.005689748519383034
0,0,0.0058713709083416535
0,0,0.0037921155815349105
1,1,0.8442652375305411
0,0,0.008290069979853173
0,0,0.006205739993111219
0,0,0.01058828759043152
1,1,0.6198887839428885
1,1,0.7649805775132119
0,0,0.008347217566217117
1,1,0.7601118131581103
1,1,0.9991501398444885
1,1,0.8132753842570318
1,1,0.9983787869960836
0,0,0.009674867287006913
0,0,0.009541682931673257
0,0,0.0064735119116357855
0,0,0.008031071785334363
0,1,0.5158184876682469
1,1,0.9983837232355065
1,1,0.9987904336080065
1,1,0.998887903682763
1,1,0.7283061542696391
1,1,0.517756425046036
1,1,0.9974672910215816
1,1,0.6808229571230217
1,1,0.7789601764165571
1,1,0.9988633006538855
1,0,0.005558419136510615
0,0,0.008906349193072724
0,0,0.00537262401889384
1,1,0.9993617602819459
1,1,0.9992886427907653
1,1,0.9339264620782084
1,0,0.2658258076274935
0,0,0.007501992710481214
0,1,0.6922551534569485
1,1,0.9991963501274587
1,1,0.7924087768518484
1,1,0.9993339162784719
0,0,0.005330264641867943
0,0,0.005286845724443011
1,1,0.7439162264053681
0,0,0.0037172740396629127
0,0,0.005825930907974137
0,0,0.007804331203758226
1,1,0.9979472922655701
0,0,0.004350277038798594
1,1,0.9986771770643675
1,1,0.9990646827224885
0,0,0.006514950215367207
1,1,0.9985808220622012
1,1,0.9986112999236105
1,1,0.999151643056523
0,0,0.005304663551766819
1,1,0.7720144395849162
1,1,0.7257597200520931
0,0,0.006171490208877645
0,1,0.7188046012299271
0,1,0.6754372680049892
1,1,0.8132755046717906
0,0,0.012070965794682309
0,0,0.006486590382107166
0,0,0.0045021974083045
0,0,0.00764916288051931
1,1,0.9979740493364929
1,1,0.9983908557346136
0,0,0.00514422131996954
0,0,0.0063248036498726725
1,1,0.8060989610660549
1,1,0.9986693460229146
0,0,0.007823902174687198
1,1,0.7373878474371375
0,0,0.005360479701228541
0,0,0.005013798376428885
1,1,0.6085379074058535
1,1,0.8131422860110006
0,0,0.004887354944426085
1,1,0.9991370090707375
1,1,0.9985437361642892
0,0,0.0051696672386281894
1,1,0.7533709721919338
1,1,0.6784447584743651
1,1,0.696786068808856
1,1,0.9983906557038814
0,1,0.7176526786259962
1,1,0.82272023467523
0,0,0.005607417924123702
0,0,0.011704958510711539
0,0,0.005965181006230443
0,0,0.005307734777965748
0,0,0.004487582153365402
0,0,0.007823110196411584
0,1,0.7102130002468328
0,0,0.0065716471163295665
0,0,0.009113356601121586
1,1,0.6702084756145104
1,1,0.9985219270849022
0,0,0.004375973981837388
1,1,0.9992515672599489
0,1,0.67481685035384
0,0,0.006283921216144086
1,1,0.9984545695123396
0,0,0.006102252735861734
1,1,0.9985407655735337
1,1,0.9985541516207844
0,0,0.0077794361840674495
1,1,0.729704642587803
1,1,0.9983009889481649
1,1,0.9988743863643229
1,1,0.999422827656628
1,1,0.9983083293357344
1,1,0.9986609212934431
0,0,0.012993570677871203
0,0,0.009498312444131515
1,1,0.9979873930600986
1,1,0.7297044595091934
0,0,0.004542100319038113
0,0,0.006483937652146293
1,1,0.550725253231952
0,1,0.7297001803881997
0,1,0.6414937329025956
1,1,0.9989421604930425
1,1,0.717549175838215
1,1,0.9993363072331201
1,1,0.9985335233895947
1,1,0.9978818329696391
1,1,0.6804462067963792
1,1,0.9986235543088234
0,0,0.009095825653036274
0,0,0.04784149967249196
1,1,0.682364709334766
0,0,0.005891552460230243
0,0,0.00831902445693943
0,0,0.005202289609387884
0,0,0.00508135057407009
0,0,0.005026324424248553
1,1,0.9974567924517187
1,1,0.7009888977255596
1,1,0.99855855765912
1,1,0.7793709317384476
0,0,0.007551839717184809
0,0,0.008602163291863018
0,0,0.01041865304798037
1,1,0.9987571614705879
0,0,0.004465655116365719
0,0,0.005251979888402813
0,1,0.707499301409037
0,1,0.8507522663216699
1,1,0.9991099623549295
0,0,0.004337685098969884
1,1,0.9986169756716619
1,1,0.9991422994585435
1,1,0.9995307566174823
1,1,0.9986619686488502
0,0,0.009275026921089368
0,0,0.008280197518044414
1,1,0.9988264062965408
0,0,0.010328950763788702
0,1,0.7737586703206178
1,1,0.9992862228257537
1,1,0.8058697375839233
1,1,0.998608668046269
1,1,0.998515955219363
1,1,0.8442548572653961
0,0,0.003491182083089965
1,1,0.7306977466408264
1,1,0.9987497854651083
1,1,0.9991145478578057
1,1,0.7544930078763041
1,1,0.9990506114314007
0,0,0.005305117009063275
0,1,0.7185731113568112
1,1,0.7564499898883684
0,0,0.008162578752288692
1,1,0.6860573610917506
1,1,0.7834986806192438
0,0,0.005245347645640697
0,0,0.005182028198085762
0,0,0.0052250537048031
1,1,0.6770500007670032
1,1,0.6885591489549179
0,0,0.006373905423618072
1,1,0.9985130777921498
0,0,0.009746615076450573
0,0,0.007742632051936438
1,1,0.9987721704303452
1,1,0.9986022065751031
1,1,0.9977294955180779
0,1,0.9365852878611648
1,1,0.9992876964487167
1,1,0.9993409605574455
1,1,0.750778076301347
0,0,0.010480242723615142
0,0,0.00805453327169456
1,1,0.9987861877299381
0,0,0.008639545889938142
1,1,0.9985946121889686
1,1,0.9982420080166264
1,1,0.8061100202967151
1,1,0.6815964701041225
0,0,0.0071814348518961756
0,0,0.0026829265095664897
1,1,0.9986981817256989
1,1,0.7156177258688591
0,1,0.7949293103819254
0,0,0.011395774885068462
1,1,0.7402173543969387
0,0,0.006598783857965265
1,1,0.6748338585282331
1,1,0.9986632248246599
1,1,0.999025678838196
1,1,0.7216581498622189
1,1,0.9988463627920671
1,1,0.998434593212335
0,0,0.0050740541228451895
0,0,0.005153556883315395
1,1,0.9994036562145481
0,0,0.005698068363369717
0,0,0.005205820326402762
1,1,0.9986142970215219
0,0,0.008064572744329862
1,1,0.9968485544016125
0,0,0.008318231941284098
0,0,0.006297253372837163
1,1,0.9990556598898275
0,0,0.002626073986267618
0,0,0.005893766632758226
1,1,0.7109534141804464
1,1,0.9993346578815178
0,0,0.005652087115263168
0,0,0.01448747674353009
1,1,0.7156283573714385
0,0,0.00653810927287025
1,1,0.7075829965068708
0,0,0.008063003479359369
1,1,0.9986463122760513
1,1,0.8227032117339145
0,0,0.007907378116188283
0,0,0.008110251090015806
1,1,0.9992292836253721
1,1,0.9974301552611242
1,1,0.7376825494905939
1,1,0.5506820633232016
0,0,0.008057200549042005
1,1,0.9990984857537716
1,1,0.9988547657532474
0,0,0.006917939260780195
1,1,0.9983042479089715
0,0,0.004238077935823815
1,1,0.9989186401839444
1,1,0.6662048170740721
0,0,0.007657195728234078
1,1,0.7640290210694943
1,1,0.7640896208253062
0,0,0.03085597162731453
0,0,0.007182943268959789
1,1,0.7135073979247086
1,1,0.9991276427917395
1,1,0.9985182042841637
0,1,0.5566505256458814
0,0,0.007045135677720074
0,0,0.005234633372507551
0,0,0.009471176039090628
0,0,0.00512710149948811
0,0,0.005950002827315993
0,0,0.006336412076348135
1,1,0.998599635449185
0,0,0.0088004864888164
1,1,0.9992071347868293
0,0,0.0028697255459663325
0,1,0.5719658264166307
1,1,0.9988182250879253
0,0,0.007840097596734404
0,0,0.00744683767675313
1,1,0.9988369309143499
0,0,0.008475323730450767
1,1,0.6483121980343225
0,1,0.7590518795776486
1,1,0.999339853668353
1,1,0.9990911419895746
1,1,0.9989058252022512
0,0,0.005917071743665671
0,0,0.004303745639597209
0,0,0.010944436873941123
0,0,0.0056653614152320985
1,1,0.7300691391343087
0,0,0.008207562788111236
0,0,0.005446842904672706
0,0,0.0063223657614195445
0,0,0.005013746947134993
0,0,0.006520167101786636
0,0,0.005159088283722199
1,1,0.9986490974664911
1,1,0.9983975848431408
1,1,0.9993318565086073
1,1,0.635355620850321
0,1,0.7113360131705396
1,1,0.9992450410974086
1,1,0.7839068272459253
1,1,0.9985038774314722
1,1,0.7533708639698466
0,0,0.0050346532697909795
1,1,0.9986612559880148
1,1,0.6690212592626353
1,1,0.9986071418078508
0,0,0.009162201154899427
1,1,0.7472367759777603
0,0,0.006167266691969785
0,1,0.7994602036815369
0,0,0.004348264538886868
0,0,0.007840113160902384
0,0,0.0026322503377521037
0,0,0.007863114957986778
0,0,0.010368855545671171
1,1,0.9985370258127005
1,1,0.998823013275456
0,1,0.7557573368699266
1,1,0.9988351908754058
0,0,0.006892884091501182
0,0,0.0077791401781568785
0,0,0.005260220339954846
1,1,0.6813974809222487
1,1,0.7088968584895203
0,0,0.006787210849522595
0,0,0.006378557779121444
1,1,0.9976484646350426
0,0,0.007011450482800736
0,0,0.0074824232255923575
0,0,0.00266518359137351
0,1,0.7630007796777122
0,0,0.03503604160818029
1,1,0.9993651923281741
1,1,0.9985606029011117
0,0,0.00638896500897713
1,1,0.999130707148494
0,0,0.01027821728592799
0,0,0.004986792637900321
0,0,0.011605054163029463
0,0,0.010245758634437213
1,1,0.6407407868565979
0,0,0.00478223646428174
1,1,0.7092917187402206
0,0,0.0052938769301401276
0,0,0.005225920668488033
1,1,0.6622190052101673
1,1,0.9977877643094285
0,0,0.00782336679477271
1,1,0.683796523575673
0,0,0.005126924515186882
1,1,0.7598684909956823
1,1,0.998868777120159
1,1,0.999246943656426
1,1,0.6447571176827962
0,0,0.007839875358276363
0,0,0.004495631875617279
1,1,0.9984622901562569
1,1,0.9991763471889765
1,1,0.9993647751352682
0,0,0.006296559183966096
1,1,0.9993266117169837
1,1,0.998882030711687
0,0,0.005019135894181348
1,1,0.9987242144292823
1,1,0.9992264952967151
0,0,0.0063756438060446905
0,0,0.007482144337553854
1,1,0.9974220074292887
1,1,0.9986873234873406
0,0,0.004840167746586827
1,1,0.7692242466374197
0,0,0.004883354778772729
0,0,0.005874620788336944
1,1,0.9990920866401772
0,0,0.0047517223645629145
0,0,0.006642131130325378
1,1,0.7688490280562322
1,1,0.7533903309740932
1,1,0.8313767102644394
1,1,0.9987615760147227
1,1,0.9988130231980766
1,1,0.9992391513344828
1,1,0.9972377607142395
1,1,0.9988936513850938
0,0,0.012171025514901193
1,1,0.9989479762707264
0,0,0.011344268770866826
1,1,0.9986058668560966
0,0,0.005296756983981691
1,1,0.8466816107058011
0,0,0.00498205309248481
1,1,0.6634152269097096
0,0,0.008182432243313708
0,0,0.00491051809380996
0,0,0.00525491656472446
0,0,0.007000698038418287
0,0,0.0068264348548436595
0,0,0.0066987994172972255
1,1,0.9981943460729197
1,1,0.5664070438132379
0,0,0.0031536468509233773
1,1,0.7621443430081167
0,1,0.8202572510920932
1,1,0.9984029220851147
1,1,0.6622987864816146
0,0,0.007558312936369713
1,1,0.9987989152460234
0,0,0.0238359352919545
1,1,0.9986517190483591
1,1,0.997785247851303
1,1,0.9993816086831754
1,1,0.9983872564709724
1,1,0.9984531966294373
0,1,0.6585877146918477
0,0,0.0032852971671291226
1,1,0.998903431659525
0,0,0.004784797009918825
0,0,0.006763801684553899
0,0,0.005126196396894798
0,0,0.005296318195103927
0,0,0.008458097682584388
0,0,0.009051455415712062
1,1,0.7050266245071618
0,0,0.00840530987285754
1,1,0.9988360951231482
0,0,0.0037528790411648235
1,1,0.9989186456530915
1,1,0.9975032897243507
0,0,0.008144793843892382
1,1,0.9990634025241115
0,0,0.00854753041989607
1,1,0.9990556598928423
0,1,0.7111700282127089
1,1,0.6513601166167364
1,1,0.9989186497120156
0,1,0.7212333042756365
0,0,0.0052312721196228285
1,1,0.643205701589983
0,0,0.008581456452193163
0,0,0.004976557055424443
1,1,0.6838018998630632
0,0,0.005075642194415904
0,0,0.006831011642856959
1,1,0.6638299766981567
1,1,0.9988143276226458
1,1,0.9986771425161746
0,0,0.006730647474825726
1,1,0.7511751247846172
1,1,0.9985575312266164
0,0,0.04387556521584884
0,0,0.006256774820400545
0,1,0.7363292050213028
1,1,0.9984992237981248
0,0,0.006735439379393917
0,0,0.004457117661740176
0,0,0.0026897022887082764
0,0,0.003280012495463287
0,0,0.005869546415851076
0,0,0.006228019171447853
1,1,0.9972222570907741
1,1,0.787937480149501
1,1,0.9986606278630161
1,1,0.9987620245985375
1,1,0.7184814875314953
0,0,0.04264446217692665
1,1,0.6361266707355769
1,1,0.998442623687273
1,1,0.7739317574871947
0,0,0.005102828231863083
0,0,0.011058247927834533
0,0,0.012178995891673965
0,0,0.008364518853919903
1,1,0.6813965070301622
0,1,0.8007915878011184
0,0,0.0064481649258368206
0,0,0.006584054595708186
1,1,0.8537220688318634
1,1,0.9987198101163517
0,0,0.004774969670109215
1,1,0.7063214029590755
1,1,0.6767767874538632
1,1,0.9984889107651059
1,1,0.9993308796246402
0,0,0.0062743049790797084
1,1,0.9988657433197874
0,0,0.005700513032246061
1,1,0.9988328792765553
1,1,0.998992368198284
1,1,0.6301930727276758
0,0,0.00518559803603977
1,1,0.6660223930218081
0,0,0.006117574741800689
0,0,0.0052250390846515764
1,1,0.9978889006617147
0,0,0.0055524115540530345
0,0,0.009349662421255074
0,0,0.006078520665629258
1,1,0.7836370899342423
0,1,0.7299323907766447
0,0,0.0026507807747381974
0,0,0.005010326041422764
1,1,0.9980830977304926
1,1,0.9395245221690472
1,1,0.9984989290858148
1,1,0.7323681643277106
1,1,0.9982946331418485
1,1,0.8109704344050651
1,1,0.9989038305995402
1,1,0.6815768295141346
0,1,0.7547287411514517
1,1,0.9993721969501252
0,0,0.005307153930126911
1,1,0.999033157964248
0,0,0.005048693644264084
1,1,0.7145825542257493
0,0,0.009209612396833591
0,0,0.0027624525025362915
0,1,0.779090577486358
0,0,0.008175931145577919
1,1,0.9989590759467504
0,0,0.006180805084166638
1,1,0.999364787954717
1,1,0.661832378761812
1,1,0.998276143100473
1,1,0.7009891272036531
1,1,0.9985231328003868
0,0,0.006329126433718844
1,1,0.8060811183413045
1,1,0.9986238808452844
1,1,0.7195498970728369
0,0,0.004751722252729983
0,0,0.006374208511276178
1,1,0.7025953329515183
0,0,0.004617459534308725
1,1,0.9973902254742808
1,1,0.9986486282522807
0,0,0.004344620686883955
0,0,0.00495495866430843
0,0,0.006378431992940519
0,0,0.004802928091270928
0,0,0.05219949881350966
1,1,0.9978855480144039
0,0,0.005857730662475562
1,1,0.9987828594890765
1,1,0.9984370013012487
1,1,0.9977378233331379
1,1,0.9987001558330157
0,0,0.005307168307590726
1,1,0.9986690770110325
0,0,0.004291095771966141
0,0,0.2694311794299698
0,1,0.7812090488306117
0,0,0.0049413283089281
0,0,0.005375634017884139
1,1,0.7850947338946923
0,0,0.006213209311228367
1,1,0.6614147670143883
0,1,0.72622779793908
1,1,0.9983103587670555
0,1,0.7662529642238418
0,1,0.8157289280053415
1,1,0.9985138280125612
1,1,0.7335611532582522
0,1,0.5565930330344644
1,1,0.690582977630496
0,0,0.008474917463574788
0,0,0.004990547921634956
1,1,0.7876610468212626
0,0,0.006729075349516342
0,0,0.007833894742932902
0,0,0.006293934900821447
0,0,0.005098453673835208
0,0,0.005986107661364813
1,1,0.9990043109803161
1,1,0.9991375356510689
0,0,0.00475104049832615
0,0,0.005455702019542769
1,1,0.9664450718762405
0,0,0.00801677484685723
0,0,0.005842612146952817
0,0,0.005221148898893624
1,1,0.9968295482554224
0,0,0.006168081875514548
0,0,0.005649218192695601
0,0,0.004336291209347269
0,1,0.7156281366516435
1,1,0.9984743715533572
0,1,0.7624714363056767
1,1,0.6355089036166438
1,1,0.6848896342542663
1,1,0.7949409069116433
1,1,0.9988649138271312
1,1,0.7040442872558454
1,1,0.9984344326534246
0,0,0.0036905594293349373
0,0,0.008241254596912072
0,0,0.004823274567603216
0,0,0.008139087759274672
1,1,0.9984562995362942
1,1,0.7322837562770548
0,0,0.005233025371573329
1,1,0.99773021980602
0,0,0.005611247487689469
0,0,0.0058315746953408005
1,1,0.9990359038925193
0,0,0.00546709665747517
1,1,0.9988015530118842
1,1,0.9990353946039746
0,0,0.0053002093255258235
1,1,0.9983597687215972
0,0,0.0035583964950404163
0,0,0.005988628129342934
1,1,0.9985606034323858
1,1,0.9977505769006777
1,1,0.726513240932508
0,0,0.002836442741382947
0,0,0.004374380033793812
0,1,0.6440202726043384
1,1,0.716449144969203
0,0,0.0077880399128196645
0,0,0.0032186647469198853
0,0,0.005335551656306936
0,0,0.005428855803866066
0,1,0.8036870239808991
0,1,0.7028353627894184
0,0,0.003281525227109103
1,1,0.9974368133913274
0,0,0.007009923323530962
0,0,0.004929348653680701
1,1,0.9992358569035331
0,0,0.0092002717915071
0,0,0.012118982102912651
1,1,0.9990543429539431
1,1,0.9987778211653695
0,1,0.7406365686564774
1,1,0.9972569560313793
0,0,0.008124874903370816
0,0,0.13615498176218016
0,0,0.006587140979286897
0,0,0.009404678608312565
0,0,0.00537155077474987
1,1,0.9989186542567129
0,1,0.6986028701558247
1,1,0.9984941539897582
1,1,0.9989820935425292
1,1,0.6582015972801746
0,1,0.7549817410907735
1,1,0.7550718411070687
0,0,0.008204155409778206
0,0,0.005335668672996059
0,1,0.7034163459178292
0,0,0.005565363648491322
1,1,0.9987575919553888
1,1,0.7276270832174908
1,1,0.9986234106257655
0,0,0.00821248814018625
0,0,0.005976447481092769
1,1,0.998640751775668
0,0,0.036146898955823445
0,0,0.00666605744595129
0,0,0.008130285615963106
0,0,0.006114257020251235
0,0,0.005127066841951912
1,1,0.690245959725387
0,0,0.004773565452506506
0,0,0.03771759182982945
0,0,0.005445446272836874
0,0,0.007933417035041869
1,1,0.9988249904534471
1,1,0.7066789838359616
0,0,0.00935910849017328
1,1,0.9958267382928359
1,1,0.7147288535360875
1,1,0.7500002478447886
0,0,0.00469585878591023
0,0,0.007009884887758031
1,1,0.998952868824876
1,1,0.9986827545424671
0,0,0.004548162159541749
1,1,0.9985020948595048
1,1,0.9987763080443174
1,1,0.9985450283877685
0,0,0.006292753145076052
1,1,0.717928855907116
0,0,0.008652214681933638
1,1,0.7661256793146838
1,1,0.9993480760569011
0,0,0.00675921141141099
1,1,0.9974900664336466
1,1,0.6803256094243866
1,1,0.9993675702315219
0,0,0.006421616224294838
1,1,0.9991224638800504
1,1,0.9985610690581205
0,0,0.005879111313320615
1,1,0.9992516336326988
1,1,0.7754215692596238
1,1,0.9985610720699426
1,1,0.9982882938951735
0,0,0.004836024129830766
1,1,0.9989303887905784
1,1,0.9988449091316252
1,1,0.7066751539311518
1,1,0.9989213102924742
1,1,0.9991502771758606
1,1,0.8132740370440897
0,0,0.057610224819449544
0,0,0.005769324268965273
0,0,0.011548819324817073
1,1,0.7366773765346006
1,1,0.9982946864379978
0,0,0.009142873859761251
0,0,0.010003855037989734
1,1,0.8061100206962873
1,1,0.5781799840593099
1,1,0.999075890271206
0,0,0.012618991578270363
1,1,0.7706496031604055
0,0,0.0031579977139324384
1,1,0.998561281251704
0,1,0.7159845771824866
0,0,0.006235071888684012
1,1,0.7064920738010116
0,0,0.004271832319227862
1,1,0.5260636233834749
0,1,0.6393601885623813
0,0,0.007004395950501433
1,1,0.998291494718288
1,1,0.7875035213222312
1,1,0.9987013622865176
1,1,0.9990385590018054
0,0,0.007771413293358666
0,0,0.0067143951935950755
0,0,0.004494807435456876
1,1,0.6607744300468944
0,1,0.7176402847188676
0,0,0.02546318176945676
0,0,0.005227507570657651
1,1,0.7626817221473494
1,1,0.9986046223911176
1,1,0.9989018685762964
0,0,0.007783614093822948
1,1,0.9986836696493424
0,0,0.0043443959261502026
1,1,0.9985661666410908
1,1,0.998742226520422
1,1,0.9971871309129989
1,1,0.5290500641695495
0,0,0.013509426016300887
1,1,0.9984842085406006
1,1,0.9984842743964503
0,0,0.004805676755820515
1,1,0.6322918505587046
0,1,0.7253603476851004
0,0,0.0061432131809646085
0,0,0.006453662788763983
1,1,0.8472042614338866
0,0,0.008625382860923323
0,0,0.009351647689821949
0,0,0.005583233523971622
0,1,0.7716718772596379
1,1,0.9974557017723956
0,0,0.004574917814442612
0,1,0.7004238659508921
0,0,0.006293388790474952
1,1,0.9987372854893318
1,1,0.7078930433062677
0,0,0.006788811130740716
0,1,0.8196077598973509
1,1,0.9985762648419891
0,0,0.0028404670675852583
0,0,0.005759718160071418
0,0,0.00815999678724185
1,1,0.9983012219918204
0,0,0.006364685975283334
1,1,0.8299691304270016
0,0,0.008316495964333795
0,0,0.006651334076891
0,0,0.006218180118761478
0,1,0.6211270493237203
1,1,0.9982658895682154
0,0,0.007872150075532297
0,1,0.7220169114996082
0,0,0.004547837517271534
1,1,0.9987014423465885
1,1,0.998859886743504
1,1,0.6005258785254823
0,0,0.008702252828368147
1,1,0.9990268896469942
1,1,0.9979989786311954
0,0,0.007980607733041658
0,0,0.011004355189876398
0,0,0.005221210767770808
1,1,0.9983603549999716
0,0,0.005282698866230662
0,0,0.006022504474982952
0,0,0.0076696701628878134
1,1,0.9975522080603204
1,1,0.9985386200825859
0,0,0.006698800905737931
1,1,0.787172396730713
0,0,0.004194862544697819
0,0,0.004840358687966869
1,1,0.7141242930163075
0,0,0.007005466514908872
1,1,0.7820957439446697
1,1,0.9988303386511607
1,1,0.9981671092288967
1,1,0.9988997512092166
0,0,0.00506199528793592
1,1,0.7623301339609769
1,1,0.999141599500238
0,0,0.0031899977220676565
1,1,0.6875901379203464
1,1,0.9993647884637623
1,1,0.9975529895311492
0,1,0.7184351854214401
0,0,0.012074623929219352
0,0,0.008572800078066854
1,1,0.9981333250678914
1,1,0.7300692130256276
0,0,0.008730045467344169
1,1,0.9989483227128572
1,1,0.9983909992503114
0,0,0.005980099759914184
1,1,0.6585844224020159
0,0,0.0041021181042889595
1,1,0.999138870581056
0,0,0.0075589353618635835
0,0,0.007783080995066614
0,0,0.006083021056400198
1,1,0.7124168331835757
0,0,0.012786613993917296
0,1,0.7013695729820165
1,1,0.9978648994847062
0,0,0.007721355226810962
1,1,0.6616997248828693
0,0,0.006763259276488602
0,0,0.007408329303341049
0,1,0.6289797081131356
0,0,0.005910366073315016
1,1,0.7454891478917479
0,0,0.004517583031725913
1,1,0.9968306146009404
0,0,0.005101772857666201
1,1,0.998535158678239
0,0,0.008482468040985076
0,0,0.00914505788054466
1,1,0.9985753218569421
1,1,0.999402907769033
0,0,0.0035137490722593036
1,1,0.9987646492447929
0,0,0.008371566497130539
1,1,0.9973912121400809
0,0,0.003111840342675756
1,1,0.9960655615511141
1,1,0.9983235445559973
0,0,0.0040496325828928955
0,0,0.008059500041218056
0,0,0.009250269227419611
1,1,0.997888878050034
1,1,0.8196149578573585
0,0,0.003311342189137395
0,0,0.006363706769414104
0,0,0.004830053872026689
0,0,0.006571076456544774
1,1,0.9985367159271331
1,1,0.9990175298261994
0,0,0.004976543081917793
0,0,0.004174897699551488
1,1,0.9994662043676769
1,1,0.9988510896586708
1,1,0.8205512231745885
0,1,0.642744045396906
0,0,0.0033186374942100944
1,1,0.9989000720157394
0,0,0.008029682985058614
0,0,0.006378427874821469
0,1,0.6798020517220585
0,0,0.006590306044520554
0,1,0.6688664259095504
0,0,0.005376008956006115
1,1,0.5781800009976985
0,1,0.795860134063223
0,0,0.07956237736442257
1,1,0.9992071097773958
0,0,0.005295492457197381
0,0,0.005933151666955778
1,1,0.9989186446097075
0,0,0.008695048842870876
1,1,0.998409775933198
1,1,0.9978009783432289
1,1,0.7682122057904436
0,1,0.7253389009212199
1,1,0.9991433535767962
0,0,0.00590035282334435
1,1,0.9983076085982547
1,1,0.9985999881293344
0,1,0.7275294141317065
1,1,0.8212882334429846
0,0,0.005119197242089004
1,1,0.9986192765773976
0,0,0.00977991235945545
1,1,0.705108583521086
1,1,0.7296244352961581
0,0,0.007497098635845884
0,1,0.7931449027496182
1,1,0.9993331760566392
0,0,0.005603907948417848
1,1,0.6986681568219099
1,1,0.7171355697659499
0,0,0.0085790641885331
1,1,0.9987251071496669
0,0,0.008116967570442309
0,0,0.0048580436477722
1,1,0.9991001219084419
1,1,0.9977831198790648
0,1,0.7563016588330165
0,1,0.6663779789226361
0,0,0.004915397800221743
1,1,0.9992443350251781
1,1,0.9992113730088171
1,1,0.7713867587673162
0,1,0.7176497572635008
0,0,0.009221102942784665
1,1,0.9983977707804557
1,1,0.7643382796387055
0,0,0.008707012140607522
0,0,0.00625760451819706
0,0,0.0028652530285521918
0,0,0.009366313404519483
0,0,0.002683386194762761
1,1,0.8195761858803122
0,1,0.6983744878590556
1,1,0.9972242963139528
0,0,0.004481147404816363
1,1,0.9980173965461537
0,0,0.0067348080925653695
0,0,0.004563337842584093
1,1,0.9983603571314672
0,1,0.6752323982638031
1,1,0.998771212312157
0,0,0.005524478259476508
1,1,0.6382306705203064
0,0,0.004982055495104477
0,0,0.006613431888773986
0,1,0.7251408107133295
1,1,0.7335587156182061
1,1,0.8134514530052117
0,1,0.7858807409386324
0,0,0.002625801755817427
1,1,0.705324894895477
1,1,0.9989030757925503
1,1,0.999200119576729
1,1,0.999196342953472
0,0,0.009693210390208982
0,0,0.004830724754704636
1,1,0.9990681272495363
1,1,0.9986805534714011
1,1,0.9973909995199639
1,1,0.7950678314399745
0,0,0.005201368100905827
0,0,0.006695219971476736
1,1,0.9989133095714372
1,1,0.6813972453697325
0,0,0.005224235754210727
1,1,0.7478252527373955
1,1,0.9988948414768736
0,1,0.5760624018648026
0,1,0.8135837345015401
1,1,0.9989270659858213
0,0,0.0031464422520404546
1,1,0.9977599817645585
0,1,0.7333283356744231
0,0,0.008481900348634861
0,0,0.003502198252995292
0,0,0.006292844489426164
0,0,0.006981944729902602
0,0,0.004905157756607549
1,1,0.9972243509708247
1,1,0.9961485190299594
0,0,0.006769653277292899
1,1,0.8323369820445918
0,0,0.004923530859856382
1,1,0.9969297410476771
1,1,0.9993736078594964
0,1,0.7225324851072941
1,1,0.9975240683488475
1,1,0.9991313734227932
0,0,0.006693589712130525
0,0,0.005856129923625892
0,0,0.004238126741036765
1,1,0.9978840392794607
0,0,0.005157888820764829
0,0,0.004344593508223968
1,1,0.7581828514157267
1,1,0.9988871819666739
0,0,0.008268204222418793
1,1,0.7104460431092074
0,0,0.004366246143484313
1,1,0.6727198520820702
1,1,0.9986673245607314
1,1,0.6696502678146727
0,0,0.005386364399780766
0,0,0.005136389540935435
0,1,0.6613575722710564
1,1,0.839209227625626
1,1,0.6979099664698418
1,1,0.5419318167589801
0,0,0.007609067174052865
1,1,0.9986046166943904
0,0,0.006414988891471408
0,1,0.7221126532676883
0,0,0.010299255995096243
1,1,0.6309053661680377
0,1,0.7504885236678747
0,0,0.0507714700506959
1,1,0.9988555196357899
0,0,0.004981698816204381
1,1,0.9985961323190643
0,0,0.00668191370817801
1,1,0.9989455802231595
1,1,0.7690708173398243
0,1,0.5667170175439675
1,1,0.9985241398060478
1,1,0.7186005317743072
0,0,0.009737443669713727
0,0,0.011474333751743674
0,0,0.005357483235903756
0,0,0.007875343857313609
1,1,0.7271366944204898
0,1,0.7436287947168466
1,1,0.7452157395248103
0,0,0.0051769141487365234
0,0,0.006414273595159629
1,1,0.9983678563773475
1,1,0.9972046124812504
1,1,0.9985781910740527
1,1,0.9987737272338858
0,0,0.006710574485826904
0,0,0.009150535322031566
1,1,0.5656881558413641
1,1,0.9985804201985541
0,0,0.010062904752190304
1,1,0.9984066450268378
1,1,0.9988555007951647
0,0,0.006721075843691455
1,1,0.9973076378901837
1,1,0.9988124861269215
1,1,0.9992711173541143
1,1,0.9991151145938433
0,0,0.006731397790347087
0,0,0.008278166905149369
1,1,0.9992023157824457
0,0,0.004353421682405935
1,1,0.9970495374774173
0,0,0.0062051009766789554
0,0,0.01234302638619649
0,0,0.0056708253190084585
1,1,0.7119187443548698
1,1,0.6445112352520371
1,1,0.7663416444892893
1,1,0.9985499483032219
0,0,0.005020327968134912
1,1,0.6174052398449995
1,1,0.9985406801098118
0,0,0.005942138984468806
1,1,0.9984615309533841
0,0,0.006662122015962369
0,0,0.006402666399967033
1,1,0.9982217215477184
1,1,0.7157640202416081
1,1,0.7633541452118752
1,1,0.9985790491608626
0,0,0.004827973223674468
1,1,0.6854938634790942
1,1,0.9990739256240765
0,0,0.0066210128852636245
0,0,0.008474852046052464
0,0,0.00412788367882518
0,0,0.008843721735477436
0,1,0.7052719890336536
0,0,0.012178194004042067
0,0,0.006524599166084981
1,1,0.998991149725021
0,1,0.7244601572787329
1,1,0.786154117868287
1,1,0.9987915902219643
0,0,0.004727867737564837
1,1,0.9988694685016858
0,0,0.0028028725420321025
1,1,0.9991499884762359
1,1,0.9980487150258136
0,0,0.0066237668667171535
0,0,0.005215562608593887
0,0,0.16091977560859866
1,1,0.9972310716783231
1,1,0.7944354683523848
1,1,0.7640041514349353
0,0,0.0059322479014536226
0,0,0.008223470137623583
0,0,0.005963763947267434
1,1,0.783565609220033
1,1,0.9986604949859949
0,0,0.006501216961582569
1,1,0.7430726228853466
0,0,0.006658260206096288
1,1,0.9985482226839234
1,1,0.9971681476183757
1,1,0.9986976095765964
0,0,0.005023431777075722
0,0,0.008028280454598247
1,1,0.9976394835396115
1,1,0.9972903133979582
1,1,0.8101389192784122
1,1,0.9988375362471043
0,0,0.004295055869519288
0,0,0.0049870077043026526
1,1,0.9988254200268762
0,0,0.0472091737526305
1,1,0.9968671162282317
0,0,0.007704022815797216
0,0,0.008457838434936025
1,1,0.7960928000674019
1,1,0.9991444019111172
0,0,0.0061148939743832145
1,1,0.6644675950843311
0,0,0.004499084967781361
0,0,0.06464044450664938
0,0,0.007636425485599663
1,1,0.9993722541581824
0,0,0.011403009873992852
0,0,0.0035728814374720915
0,0,0.00625045362779719
1,1,0.6726386531777313
0,0,0.006491561448924336
1,1,0.9993227292517974
1,1,0.999324418308981
1,1,0.9988261349517565
0,0,0.006378547324300197
1,1,0.9985370483652705
0,0,0.0033189575315110587
0,0,0.006787543316262457
0,0,0.011617136713362676
1,1,0.6358792874590941
0,0,0.007476906363789311
0,0,0.003706444731399334
1,1,0.6753988092276
0,0,0.0035137510907847476
0,0,0.2595360733146553
0,0,0.005287660486325375
1,1,0.7750364107103538
0,0,0.0050609850357743996
1,1,0.9985252674159029
1,1,0.8157219489393063
0,1,0.7017111768589033
0,0,0.005246988273657711
1,1,0.9980190763337773
0,0,0.005985065125115436
1,1,0.9977510984957947
1,1,0.9984636424276038
0,0,0.005426723709709841
1,1,0.9992157117398756
1,1,0.9991454398368226
1,1,0.9986331150665179
0,1,0.6797475062465165
1,1,0.9988567666924909
1,1,0.9989351424222604
0,1,0.5860291874207907
0,1,0.7282050103583597
1,1,0.9991331564409135
1,1,0.7626812120346658
1,1,0.6646079251492214
1,1,0.9987458167119204
0,0,0.00678752586628971
0,0,0.0059064787534910314
0,0,0.0048978313495920195
1,1,0.8472119752698976
1,1,0.9991715787198553
1,1,0.9974651563223094
1,1,0.9984645923209946
1,1,0.9973736150070168
0,1,0.7151945163408135
1,1,0.9983686125833368
1,1,0.998552644829967
1,1,0.9972310196153543
1,1,0.9983671818077327
0,0,0.0065053954315406615
1,1,0.9990557292674415
0,1,0.6569353643600568
1,1,0.6715500253143453
1,1,0.9993670293359472
1,1,0.6866839796582654
0,0,0.006654661959461523
1,1,0.7608013353356367
1,1,0.9989470554492139
1,1,0.6699053220085712
0,0,0.005355239374987179
0,0,0.004517809532271905
1,1,0.9992469194940565
0,0,0.006365175543167308
1,1,0.6381506819384561
0,0,0.008088872140992518
0,0,0.009276985823789989
0,0,0.006634997472259384
0,0,0.00800213694209845
0,0,0.008460088010401818
1,1,0.9990451900830288
0,0,0.0033506325070503527
0,1,0.8010730203126069
1,1,0.9993282044988692
1,1,0.9986458629827365
0,0,0.005910985125018564
1,1,0.761725744908161
0,0,0.003296653868651938
1,1,0.9988849664827699
1,1,0.9974897015091752
0,0,0.007745308988823546
0,0,0.005223719766102874
1,1,0.7861436235242977
0,0,0.005652062455243868
1,1,0.9985994102548367
0,1,0.7755805849211591
1,1,0.9984070134626183
1,1,0.9991206514003398
0,0,0.0037301763001176373
1,1,0.998409961195332
0,0,0.007621453850948201
1,1,0.9990516178160401
1,1,0.7622548851856635
1,1,0.9992071347201615
0,0,0.006710022921810199
1,1,0.9988689214349522
0,0,0.006054479862034868
0,1,0.7099107284806545
1,1,0.99917156713411
1,1,0.715541296727996
0,0,0.0044942888766034495
1,1,0.7720428880827774
0,0,0.009895739807124203
1,1,0.9983050747192941
1,1,0.9988105561790095
1,1,0.999109015634847
0,0,0.005306357462588911
0,0,0.03855788186299904
1,1,0.78839921627575
1,1,0.7678066922732373
0,0,0.0051898862154805565
1,1,0.9987215588952251
0,0,0.004918381115507485
1,1,0.9992828643194569
1,1,0.7425957174910955
1,1,0.9984825428308691
0,0,0.006427066796355837
1,1,0.8132765783081002
1,1,0.7251884262250109
0,1,0.7663928140553639
0,0,0.03295424090036861
0,0,0.006114894024878866
0,0,0.010320028902453803
0,0,0.006121845272422387
1,1,0.9988737475474069
1,1,0.9989057846488786
1,1,0.9989431462179829
0,0,0.005433117952574392
0,0,0.004279651342318338
0,0,0.006378543549064782
0,0,0.005339043105127473
1,1,0.6656638645320782
1,1,0.9985099399336528
1,1,0.9985787009457107
0,0,0.005260229720588703
0,0,0.006957275781045395
1,1,0.7979513237231753
1,1,0.998861993861227
0,0,0.006657560818464614
1,1,0.9987030900075039
0,0,0.008063003484471086
0,0,0.009774366653415184
0,0,0.007549183381534896
0,1,0.7579663331809015
1,1,0.9987339404850857
1,1,0.7051632323394588
0,0,0.007829137188516692
0,1,0.7142858722488766
0,0,0.007595540332217394
0,0,0.004614919710926156
1,1,0.9987030990275887
1,1,0.7646588138812483
1,1,0.9988524359042703
1,1,0.8210311882526244
0,0,0.011243226649534773
1,1,0.7222429337997578
1,1,0.8141346440722377
1,1,0.6677605662327535
0,0,0.006324335039985482
0,0,0.008450337996588946
0,0,0.006307029792252434
0,0,0.045181625475932574
0,1,0.667069109651024
1,1,0.9986318863363328
1,1,0.9980877753254974
0,0,0.005228424449252155
0,1,0.7010868273560436
0,0,0.006290411813337635
1,1,0.9988221198655385
0,0,0.005135919553482283
0,0,0.011522851307242756
1,1,0.9990802060148649
1,1,0.7064920749937775
1,1,0.9988371646433414
1,1,0.9970880324778942
1,1,0.9990754708537335
1,1,0.9977657002133813
0,0,0.006234017477349375
0,0,0.00503984402276425
0,0,0.008342023073390001
0,0,0.009890214097166259
1,1,0.998245655795066
1,1,0.9987979748729887
1,1,0.9988390238505532
1,1,0.999144097240412
1,1,0.6752467518418693
1,1,0.9987008324065286
1,1,0.99852039076233
0,0,0.003991959374267742
0,0,0.007559683770784801
1,1,0.9984805350529006
1,1,0.9983925572443071
1,1,0.7578797907872986
1,1,0.6453501399813587
1,1,0.9986460649696168
1,1,0.9988968882957886
1,1,0.998226476510785
1,1,0.9972567380902115
0,0,0.005105324569172764
0,0,0.0035820743635643225
0,0,0.003234583330492158
1,1,0.9972047588085015
1,1,0.7917072730319363
0,1,0.704328950607528
0,0,0.005214160711209606
0,0,0.010715898703016964
1,1,0.7978182706193885
1,1,0.7179278628142713
0,0,0.005592675412525982
0,0,0.004979626900883742
1,1,0.9986737033960276
1,1,0.9985690729272567
1,1,0.9988463670665152
0,0,0.006461739236932526
0,0,0.0037514489835732724
1,1,0.845548361128036
0,0,0.010658493532127741
1,1,0.7026368678895831
0,0,0.006212413656042886
1,1,0.7269627883627471
1,1,0.7951508056801126
1,1,0.9986486461501578
1,1,0.9993558039182242
0,0,0.00533383067141062
0,0,0.004967016260535277
0,0,0.003361223737114391
1,1,0.9978956813840459
0,0,0.008216030687494784
1,1,0.9987519047376032
1,1,0.9973811447636686
1,1,0.998440416609351
0,0,0.003157666934198533
0,0,0.007503636684222771
1,1,0.6626612533888586
0,0,0.006634966961527713
0,0,0.00644516314265026
0,0,0.005423511113293432
1,1,0.995898003854066
0,0,0.005338036657005161
0,0,0.004985005662940067
1,1,0.9973610650123245
0,0,0.005068535297951276
0,0,0.011454512947812022
0,0,0.008225970222511106
1,1,0.999045183191816
0,0,0.00777311879200332
1,1,0.9986083652969032
1,1,0.9988900755952124
0,0,0.0036970468605240785
1,1,0.9982412413771065
1,1,0.9991095854361906
1,1,0.9986524846698343
0,0,0.009106865361917483
1,1,0.9984254681690263
0,1,0.7019707792265225
0,0,0.0066860723613508975
0,0,0.00864811866749629
0,0,0.007339111087596734
0,1,0.7341320340078292
0,0,0.005068387914892058
0,0,0.005044800073790365
0,0,0.006634576507148977
1,1,0.9991118854841958
0,0,0.004254440143673246
0,1,0.7229597002344185
1,1,0.9987002101796564
1,1,0.7062690984409395
1,1,0.7260230110787183
1,1,0.995948353601492
0,0,0.006022513362669384
1,1,0.6815242930928007
0,0,0.006277650432515302
1,1,0.6698703150196695
0,0,0.005829496279439935
1,1,0.9989359651782098
0,0,0.006382716122415509
1,1,0.7851487649540347
0,0,0.006699497160291213
0,0,0.007129541356667447
1,1,0.7689415812776661
1,1,0.999114530295146
1,1,0.9985794104009611
1,1,0.6233538411583855
1,1,0.9985022408008033
1,1,0.7631208159789106
1,1,0.9988937013784595
1,1,0.9978526252363389
0,0,0.0037566684152097385
0,0,0.005629122668098214
1,1,0.9985045980891507
1,1,0.6813410469733227
0,0,0.007870148637022572
1,1,0.8009621412842479
0,0,0.005279584365576195
0,1,0.7132308653857081
0,0,0.007468827040062957
1,1,0.9983009117462744
1,1,0.7062301329960603
1,1,0.810970434176454
0,0,0.008100283484068105
0,0,0.0042959860071075376
1,1,0.9983193431484303
0,0,0.0037459947019016318
0,0,0.009062984840871141
0,0,0.004820737762573402
1,1,0.740742146711321
0,0,0.0060483065061241155
1,1,0.9988968974692859
1,1,0.7071169672820046
1,1,0.9977033297976011
1,1,0.9991213250370908
1,1,0.8470325584208197
0,0,0.005955662524319405
1,1,0.9983095816099807
1,1,0.9989532543733415
0,0,0.010980074676411562
1,1,0.9981252999482777
1,1,0.9989303359543781
0,0,0.0031986074077256276
1,1,0.6467844733037783
1,1,0.9991772503307315
0,0,0.005976835232822478
0,0,0.010942990893043725
0,0,0.010298906697268847
1,1,0.9985540974598447
1,1,0.9985264973568031
0,0,0.008062729456980307
1,1,0.9985382973362579
0,0,0.007971409466794708
1,1,0.9983515243698589
0,0,0.005853066419766422
0,1,0.6540108107520226
0,0,0.005089595929658686
0,0,0.008564836871479787
0,1,0.8101702621016708
0,0,0.004911479358683143
0,0,0.0065014738530902155
0,0,0.006499842681340322
0,0,0.0027038142888071172
1,1,0.9987096001819089
1,1,0.7419997812558847
0,1,0.8389364178407823
0,0,0.007187711140332655
0,0,0.0045443686561536705
1,1,0.9981119942078528
0,0,0.008083591094278534
0,0,0.007876710993959344
0,0,0.004527222769693191
1,1,0.9494138549439141
1,1,0.9992167009870118
0,0,0.0049134885206879
0,0,0.007017614645988336
1,1,0.9988258179744651
1,1,0.6964825440274753
0,0,0.0032951866183743963
0,0,0.007654194782975937
0,0,0.0052258647944072156
1,1,0.9989471925181587
1,1,0.9986346968990198
1,1,0.9985394841463915
0,1,0.8152104224591219
0,0,0.0049458065786802865
1,1,0.7153043676857174
1,1,0.7232501408118548
1,1,0.9987844774722696
0,0,0.006280118521503037
1,1,0.7860234884614252
0,0,0.007929918177226132
0,0,0.005678957185764985
1,1,0.9986678929438068
0,0,0.00725976749925129
1,1,0.9985498969531345
0,0,0.006518152680089864
1,1,0.786694425371436
1,1,0.7544071961372169
1,1,0.999125740430199
0,0,0.003218671125368436
1,1,0.6783264773419152
1,1,0.9989727861550413
0,0,0.00648098521100572
1,1,0.9984527634751004
1,1,0.5642143914395618
0,0,0.010927361187164553
1,1,0.6009582450260994
0,0,0.0027693826686265802
0,1,0.7502236343498774
1,1,0.7576453046212733
0,0,0.00874438022601259
0,0,0.01085199449322726
1,1,0.99681735032504
1,1,0.9991223510299608
0,0,0.007230675428551793
0,0,0.006676187406201054
0,0,0.3256205495787471
1,1,0.9984853856219036
1,1,0.8372213291755458
0,0,0.004911479377424924
0,0,0.00843958397305636
0,0,0.008132471676674502
1,1,0.9984387354038753
0,1,0.6797114138564776
1,1,0.9988003958805588
1,1,0.9984815825365881
0,0,0.007845058349194849
1,1,0.8134498420948161
1,1,0.755027617341296
1,1,0.9989335816752482
0,0,0.005228842882301664
1,1,0.7533709736169502
0,0,0.005126932628106737
0,0,0.006235143013218471
0,1,0.7558671726999643
1,1,0.9986873296453362
0,0,0.009193353305122132
1,1,0.6688328427891065
1,1,0.9986796751205494
0,0,0.004535042505417678
0,0,0.005478051512123846
0,0,0.0040870871887219865
0,0,0.006995851852405174
0,0,0.0062471014489921504
1,1,0.9989772854333742
1,1,0.9986767779856137
0,0,0.005330173891768182
0,0,0.011639929459505734
1,1,0.9985893387834722
1,1,0.9987457489436704
0,0,0.011590972289302016
1,1,0.998850023850525
1,1,0.9983716571495133
1,1,0.7547976254475584
0,0,0.006271396435913594
1,1,0.9990772539341678
1,1,0.998768977200185
1,1,0.9980825193728143
0,0,0.005073347604410954
1,1,0.6754707890341022
0,0,0.006292249280777737
0,0,0.005720523014310802
0,1,0.718806488758488
0,0,0.004495937146924585
1,1,0.9985008732109428
1,1,0.9985688500630282
0,0,0.00544687934958638
0,0,0.07884847109378126
0,0,0.0032894417326342147
1,1,0.714132410492025
1,1,0.9986506710958621
1,1,0.9988339019008116
1,1,0.9990811138640953
0,0,0.012125296141442561
0,0,0.007157230956396038
0,0,0.004985170762874899
0,0,0.006826339485566937
0,0,0.005448309114282581
1,1,0.9985261522573026
0,0,0.011599983110672493
0,0,0.005803721708693338
1,1,0.9992498699638879
1,1,0.9992548299848439
1,1,0.9986729886952703
1,1,0.8457753772190495
0,0,0.004624576500833454
1,1,0.9994379757096421
0,0,0.0049829383587862335
1,1,0.7550282257834285
1,1,0.9992759330181684
1,1,0.6540416816430014
1,1,0.9992485909145413
1,1,0.9985112855952044
0,0,0.00670096167380187
1,1,0.6813825269351474
1,1,0.7429785777193556
0,1,0.6785188997682337
0,0,0.0064969638764284686
0,0,0.00699561436397476
0,0,0.010836951740968697
0,1,0.6634194783370297
1,1,0.998091360614689
1,1,0.9991971043202036
1,1,0.712985037587117
1,1,0.9988452840072304
0,0,0.0066906050534870825
0,0,0.007070201106462252
0,0,0.008843640633896765
0,0,0.05525071466420951
1,1,0.9989334215338274
1,1,0.7195754535507131
1,1,0.9990522101152732
1,1,0.7533711214623608
0,0,0.0065903888447264
1,1,0.9988489254957772
1,1,0.9993879091942077
1,1,0.7103568723844177
1,1,0.9986873208028262
1,1,0.9990533063789905
1,1,0.9984825520875134
1,1,0.6725411132824716
0,0,0.004887297752964334
1,1,0.641943684490502
1,1,0.9982600185596987
0,0,0.010051593388571704
0,0,0.004949477150450561
0,1,0.9972692560434063
0,0,0.012397801470002452
1,1,0.9986206351481984
0,0,0.004864521456908817
0,0,0.007840114030919066
0,1,0.762312136252365
1,1,0.9965109734437144
0,0,0.006634632933665071
0,0,0.005300621184290715
0,0,0.006757167371432075
0,0,0.00786871947639775
1,1,0.6521348857835513
0,1,0.7195076589549284
0,0,0.00530728864051939
0,1,0.7278968457168681
1,1,0.9989055096476688
0,0,0.017112803678983324
0,0,0.005175471797872654
1,1,0.9986299494193878
0,0,0.010273956678235333
0,0,0.010618247833826385
1,1,0.9991701991227611
1,1,0.9984717208486901
1,1,0.7064917180032887
0,0,0.03747744208007195
0,1,0.8276994022151221
0,0,0.006607282085863083
1,1,0.6643330859402685
0,0,0.006184680385066854
0,0,0.006463659808215491
0,1,0.7006093440971113
0,0,0.004913498117268956
1,1,0.9989235777101425
1,1,0.8299642620272387
1,1,0.998600409249863
1,1,0.9977883665369552
0,0,0.006370541070404771
0,0,0.31012645746955175
0,0,0.26945453646476336
1,1,0.9976479895404184
1,1,0.814458977981464
0,0,0.010903705588660372
1,1,0.9984745078142704
1,1,0.9990789713177023
1,1,0.9976049913135079
0,0,0.0030501100151346964
0,0,0.014369268383775455
0,0,0.004373149560510628
1,1,0.9988282244248669
1,1,0.9984931177132247
0,1,0.7291018330522139
1,1,0.67965369872576
1,1,0.6770198639108956
1,1,0.99728335873026
0,0,0.005349756322956321
0,0,0.005280406476062116
1,1,0.7297045272445062
1,1,0.9983109366040164
1,1,0.998213742217313
1,1,0.9985935706457948
0,0,0.006122445629251045
0,0,0.003088982927152803
0,0,0.004298411325519006
0,1,0.6637667923930893
0,0,0.005147477516723524
1,1,0.9990502191746524
1,1,0.9991950881001196
1,1,0.7695828391486235
0,0,0.003280001248612803
1,1,0.9982201056334454
1,1,0.9990936779080262
0,0,0.00533498190694899
0,0,0.0032930322183295116
1,1,0.9989300416190464
0,0,0.0077302206164394744
0,0,0.01031473248246417
1,1,0.9990936842755519
1,1,0.7710521888378731
0,0,0.007833197393047964
1,1,0.9976288815690122
1,1,0.741540215650087
0,0,0.0076693494789846
0,0,0.013509209498724145
1,1,0.9987030827900666
1,1,0.9991070478361918
1,1,0.6436138776310245
0,0,0.006976451524999262
1,1,0.7045092050612248
0,0,0.007111321013979285
0,1,0.6515687209483775
1,1,0.9977750817567914
1,1,0.9974700313723414
0,0,0.00864806866423343
0,0,0.004563333458705615
1,1,0.9985216393725763
0,1,0.7644440470941092
0,0,0.004513549386926242
0,0,0.004311598748059688
1,1,0.997810850095498
0,0,0.004240997844260779
1,1,0.7500168251393867
0,0,0.004967747264913615
0,1,0.5103586375717473
1,1,0.999369416665204
0,0,0.0065046576869557445
1,1,0.9986242073049978
1,1,0.6264300393718395
1,1,0.7860211052579572
1,1,0.9982163048448411
0,0,0.00806598130258919
1,1,0.997367372193217
0,0,0.008107686933518972
0,0,0.0064152092973831535
0,0,0.007717113857680161
1,1,0.7261954576848585
0,0,0.005687852913992903
0,0,0.008212480204972282
0,0,0.00588002740492725
0,0,0.005830491925018016
0,0,0.004583205956920967
0,0,0.004257437048317022
0,0,0.0032891847464905375
0,0,0.004240942870217395
0,0,0.003285298856032021
0,0,0.006242304643708769
0,1,0.6767684314641088
1,1,0.5529415199976596
0,0,0.010915185584341085
0,0,0.009672818466180804
0,0,0.0027948423739112705
1,1,0.7362654197101045
0,0,0.005934680659633291
0,0,0.008286400362400748
0,0,0.005352186688141729
0,0,0.005951225783123365
0,0,0.005280805517289113
0,0,0.005605540059043292
0,0,0.005019952688076824
0,0,0.006599329101912813
1,1,0.9986698984984343
0,0,0.008652942915287384
1,1,0.6787083413104315
1,1,0.7026054677032595
0,0,0.0062668700615004826
0,0,0.008447246694345222
1,1,0.997250041580297
0,0,0.005553124485060334
1,1,0.6159485039409125
0,0,0.005380847438411471
0,0,0.004514294187485023
0,0,0.007700992236791041
1,1,0.9988171132521072
1,1,0.997818341945309
0,0,0.006601010564290224
1,1,0.9989248576205015
0,0,0.0074627312133785815
1,1,0.9992584614989135
0,1,0.716682014849453
0,0,0.024437835267918193
1,1,0.7630013020299834
1,1,0.7480974821924047
1,1,0.7532427313394633
0,1,0.7689906343310101
1,1,0.9991479291986434
1,1,0.9988787150704034
1,1,0.9988765688712986
0,0,0.004222599727440257
1,1,0.998757574580806
1,1,0.8111909705358636
0,0,0.008078533653871978
1,1,0.9988931895488168
1,1,0.6751625827943913
1,1,0.9973027786708454
0,0,0.004511440497105368
1,1,0.7054151702800775
0,1,0.7176500773995176
1,0,0.0048183268666985996
1,1,0.9979588858053892
0,0,0.07440894863958218
1,1,0.6908767278505237
1,1,0.9984208023492614
0,0,0.005270664420276032
0,0,0.008191886041361285
0,0,0.006857903259176294
0,0,0.006579203918245765
0,0,0.006304535049242298
1,1,0.9972320857994789
1,1,0.7898861396665376
0,0,0.0076373278558337435
1,1,0.5934910704293545
0,0,0.00666094355909284
1,1,0.9985179101046353
0,0,0.00858224027840781
0,0,0.006734882397862593
1,1,0.9978922370606355
0,0,0.010269426871478804
1,1,0.997376441137882
0,0,0.00607140258181337
1,1,0.9985270219273675
1,1,0.9982486658689436
1,1,0.844253054314422
0,0,0.007728627707537624
1,1,0.9987658640210134
0,0,0.004495648961483292
0,0,0.005299838635713911
1,1,0.9989079725807192
0,1,0.6789485555388617
0,0,0.004929147973639722
1,1,0.9991118068571181
0,0,0.005245956349018456
1,1,0.8020650494311178
1,1,0.999125160000192
1,1,0.9986934058167528
0,0,0.005770163349969091
1,1,0.9974654599780554
1,1,0.9974912272768983
0,1,0.6992159239509648
1,1,0.998286045332101
0,0,0.006785629144194597
0,0,0.00520278405324226
1,1,0.9985618494486131
0,0,0.0053413194279893364
1,1,0.9982620846011693
1,1,0.9983725499881579
1,1,0.8379247362200222
1,1,0.7743304295728121
1,1,0.9985527765967482
0,0,0.010976384327334979
0,0,0.006303499071884056
1,1,0.8474905408879637
1,1,0.717198523419487
0,0,0.006922200928981232
0,0,0.005233751140210395
1,1,0.7026079638450333
1,1,0.9989303887769205
1,1,0.9988518469656693
1,1,0.9986369555598272
1,1,0.9977655059906526
0,0,0.004103690896372719
1,1,0.9987530226792033
1,1,0.9990961432362165
1,1,0.9993220992182702
1,1,0.7607990810933976
0,0,0.0050854225287373335
1,1,0.7561534712336839
1,1,0.9978066889339742
1,1,0.9993722346762335
1,1,0.9988952056485423
1,1,0.767724189568191
1,1,0.9985507192410219
1,1,0.9985340291630176
1,1,0.9989118385388205
0,0,0.004910504931333214
1,1,0.7085233169600693
0,0,0.006634943912530871
1,1,0.6725411138454882
1,1,0.9988525179641978
1,1,0.9993596435063878
1,1,0.6864059388488977
0,0,0.005259187235336002
0,1,0.7722658385762269
1,1,0.9988745208775168
0,1,0.8397205746661177
0,0,0.01152867435321586
1,1,0.6725069957204352
0,0,0.004914462589630151
1,1,0.998797603088257
0,0,0.0058243897207427495
1,1,0.9984769323991651
0,0,0.0076428415070516655
1,0,0.005046664741709068
1,1,0.9979502260268543
0,0,0.004663012705837202
1,1,0.998717973475859
1,1,0.9985626202464627
1,1,0.6677377940527002
0,0,0.007674487889978171
1,1,0.7769999282904555
0,0,0.00605034296131633
0,0,0.003960744193221049
1,1,0.9983926783914937
1,1,0.7754216998875743
0,0,0.005414177924370872
1,1,0.998391931767762
0,0,0.03622431936927373
0,1,0.7271039448169933
0,1,0.7533293738838621
1,1,0.9988880039933145
0,0,0.006801735035426879
0,0,0.005916047923396875
0,0,0.004987468630309699
1,1,0.9972243066719922
1,1,0.8129819873483689
1,1,0.6427548496797844
0,0,0.003972708655563476
1,1,0.9985008740604854
0,0,0.004848485334775324
1,1,0.99921106640424
0,0,0.004910353887015807
1,1,0.9977915460294108
1,1,0.7607627912677138
1,1,0.7019717604775945
1,1,0.6330590610371898
1,1,0.9977526710479171
0,0,0.006310857334126166
1,1,0.7380542867451759
1,1,0.9984791741462924
1,1,0.9989009461930676
1,1,0.9504885883029697
1,1,0.6772172051144237
0,0,0.02308034437646039
1,1,0.9969860569773339
1,1,0.7812823511172315
1,1,0.998468093897423
0,0,0.005136182052884975
1,1,0.8103094720531057
1,1,0.713298306124376
1,1,0.9985266079396902
1,1,0.9987507247551453
0,0,0.004838574030648309
0,0,0.006599332001590513
1,1,0.9990804722456103
1,1,0.9991144890393543
1,1,0.9985541730374481
0,0,0.004985967715183282
1,1,0.7898780485893092
0,1,0.7294571927933569
0,0,0.006940187297173028
0,0,0.005563053059973031
0,1,0.7093190313352778
1,1,0.7670798659062766
0,0,0.00327982184119267
0,0,0.007784268097014627
0,0,0.00586966975342695
1,1,0.7675915719958655
1,1,0.9974900825165407
1,1,0.6772278298315324
1,1,0.6436636175433686
1,1,0.8368144914146105
1,1,0.9990398338826582
0,0,0.005960313724781077
0,0,0.007581080100086195
1,1,0.9984854554843845
0,0,0.006695240356570775
1,1,0.9991430536109699
1,1,0.7065452682879989
1,1,0.8210323654403985
1,1,0.9992504809626328
1,1,0.6342081947380197
0,0,0.008457855388292981
0,0,0.013508214270552429
0,0,0.00631340698386669
0,1,0.7154029736262669
1,1,0.6617000253776604
0,0,0.006678571972457229
1,1,0.9983650152265338
1,1,0.7262297830581663
1,1,0.9978053654498105
0,0,0.008316443443532731
1,1,0.9990010650097102
0,0,0.010837084618929044
0,1,0.6642682491464272
1,1,0.9988300728060205
0,0,0.011404030210811308
0,0,0.006109792538983683
1,1,0.9991200437773362
1,1,0.7251751186950678
1,1,0.5667702836926343
0,0,0.009214874893657597
1,1,0.998786195336217
0,0,0.00812485750632445
0,0,0.0037300322085766172
1,1,0.6720714190023108
1,1,0.9985814704248259
0,0,0.00665373337080443
0,0,0.00629629807954028
0,0,0.004464368235834487
0,0,0.006826238165465252
0,0,0.011018159276365777
1,1,0.7284468875759669
1,1,0.9984785030855422
1,1,0.699529420018732
1,1,0.7596605096937207
0,1,0.6334918677737974
1,1,0.9982603237497181
0,0,0.0067507558871234006
1,1,0.6608423321119204
1,1,0.9985373283575794
0,0,0.0051824110513071986
0,1,0.7032136783865726
1,1,0.9986214066134165
1,1,0.8108101644512825
1,1,0.7115195905511548
0,1,0.5314220727330605
1,1,0.9988774329750676
0,0,0.007595817862897617
1,1,0.9985531821179151
1,1,0.680105070675452
1,1,0.9983202054953693
1,1,0.6844616436947936
0,0,0.01093004771987759
1,1,0.9986483195157722
1,1,0.99789266242026
1,1,0.9982217196209238
1,1,0.8195949886225022
0,1,0.7639654970396546
0,0,0.0068140076714783724
0,0,0.00820834530496131
1,1,0.9988484957027598
0,1,0.752495391854476
0,0,0.00446484839390433
0,0,0.009091492954450943
0,0,0.003775133860826751
1,1,0.9990429178363053
1,1,0.9984889110495787
1,1,0.9990816413618582
1,1,0.7690849925247855
1,1,0.9991065379982036
1,1,0.7945476009116748
1,1,0.9987103941145872
1,1,0.9991847128344516
0,0,0.009259549121238617
1,1,0.7116446631191833
0,1,0.674930793609408
0,0,0.005292507846448142
1,1,0.9982986431323889
1,1,0.9987909204766464
1,1,0.9988335408596632
1,1,0.6895235700390538
0,0,0.005162179779553411
1,1,0.8215146308482151
1,1,0.9985331339108839
0,0,0.008413734732250398
0,0,0.009221356025427853
0,0,0.006978537125478111
1,1,0.9979804135954461
0,0,0.006522045883575654
1,1,0.7179100184205378
0,0,0.006619826030182973
0,1,0.7514840405412305
1,1,0.9986753320315569
1,1,0.9985917015353666
0,1,0.6756864423810348
1,1,0.6607333761072396
0,0,0.005624777094344911
0,0,0.004904033276785311
1,1,0.99786517927906
1,1,0.7899021268201855
0,0,0.004920851592718725
0,0,0.005456489986369912
0,0,0.002680210101382574
1,1,0.756477659496325
1,1,0.9986279511015926
0,0,0.007857191075328172
1,1,0.9984175603439611
0,0,0.004541762649422316
0,1,0.7849765404894747
0,0,0.0031437711634829343
0,0,0.005816082710576629
1,1,0.9987743263379271
1,1,0.7428408857964307
0,0,0.005414619266564042
1,1,0.9988363846350374
1,1,0.9985344292542265
1,1,0.9983644376214406
1,1,0.9979681862542301
0,0,0.0063675181812965585
0,0,0.046663947665702366
0,0,0.005307945542316145
0,0,0.03684068620069769
1,1,0.9985667451186832
1,1,0.9978541131539674
0,0,0.004482696080948011
1,1,0.9990893960608653
1,1,0.9987159587063789
0,0,0.011058278022085397
0,0,0.006406115197090122
0,0,0.004938555529590727
0,0,0.009316813909327695
1,1,0.9991224628283654
0,0,0.0032215465452676484
1,1,0.8115627771182885
1,1,0.9989502366962983
0,0,0.004355742183221397
0,0,0.0067875774766878675
1,1,0.8134507132595747
1,1,0.6655654782369866
1,1,0.7771762951342147
1,1,0.9982783295683378
0,0,0.005432929474505697
0,0,0.004840358423205727
0,0,0.005246962546282109
1,1,0.9989120941057584
1,1,0.9984166917884486
1,1,0.9478413072260871
0,0,0.004929398612305769
0,0,0.005819996913802589
0,0,0.003515819289094113
0,0,0.01134132466047933
1,1,0.9443876873689245
0,0,0.004921878638142889
0,0,0.006235134216331835
0,0,0.034607635669559496
1,1,0.9986874098213819
1,1,0.6683980528598236
0,0,0.003527153291017431
0,1,0.998625591856669
0,0,0.007902610749054101
1,1,0.9988489210083873
1,1,0.6304392879749648
1,1,0.9990710738208877
1,1,0.9986230547911861
0,1,0.699343534546731
0,1,0.7334595917786769
1,1,0.9960003983851518
0,0,0.009534392667395145
1,1,0.6782390808746644
0,1,0.7488197607629671
0,0,0.005531543437234687
1,1,0.9984345920236152
0,1,0.6987980732499465
1,1,0.9985966199205656
0,0,0.005932240496127777
1,1,0.9980020807360969
0,0,0.006646321603833396
0,0,0.0073373132597066345
0,0,0.00834273793069208
0,0,0.005616063520783316
0,0,0.006703871197583371
0,0,0.010719918514844481
1,1,0.9989133315951273
1,1,0.9988810790544449
1,1,0.998370879084859
0,0,0.006324242739421139
1,1,0.6905179922639884
0,0,0.010969910245809835
0,0,0.007024973981916374
0,0,0.006235091723741305
0,1,0.7176403808566224
1,1,0.7430736982772389
1,1,0.9986865117869741
1,1,0.7122150907653848
0,0,0.004554674597583999
1,1,0.9978025566064048
1,1,0.9990626621457502
1,1,0.9979524722869939
0,0,0.012382064410706863
1,1,0.9982967096281518
0,1,0.7359610236011502
1,1,0.9978700660425655
0,0,0.005273756973203646
0,0,0.008032625581638619
0,1,0.7045833717874045
0,0,0.005063210019956918
0,1,0.6754849997426786
1,1,0.7396515500083046
0,1,0.7251411506621668
0,0,0.009696690354596027
0,0,0.005850873674425045
1,1,0.9977928948908443
1,1,0.9985665833067591
0,0,0.008280413678257123
1,1,0.9990789726260499
0,0,0.005251944109595097
0,0,0.006355900822879881
1,1,0.7236828465019695
1,1,0.9990664427899804
1,1,0.7682122077630451
1,1,0.7533711504772631
1,1,0.9987456995638458
0,0,0.006943838035102338
1,1,0.6744476627908008
0,0,0.010842008650005126
1,1,0.7507761527024334
1,1,0.7630016421614396
1,1,0.7250429302582377
0,0,0.0062983632153382945
1,1,0.9990384815643297
1,1,0.9974364981420745
1,1,0.6344061417910697
1,1,0.9992312191175486
0,0,0.008644254587342524
1,1,0.8532310032805711
0,1,0.7154787792657061
1,1,0.9980861386078659
1,1,0.7601500072412345
1,1,0.9988935702385539
0,1,0.6617378572551241
0,0,0.005816997834065002
1,1,0.7452603135816188
1,1,0.9989058454148079
1,1,0.9988806858429661
0,0,0.0075447261727338
0,0,0.006415211630321494
1,1,0.7143010358408965
1,1,0.7361487490081131
0,0,0.008307258145148681
1,1,0.6010976365580283
1,1,0.999060327925962
0,0,0.006365159525115264
1,1,0.7155326061617815
0,0,0.006787771630128209
0,0,0.006221711604627017
1,1,0.5674355486271007
0,0,0.006096770976707464
1,1,0.7531894067871088
1,1,0.9985047163645072
1,1,0.9993140572932433
0,0,0.006396416151145406
0,0,0.006708208929953287
1,1,0.6886812977002684
0,0,0.006888359565439508
1,1,0.9988936250252679
1,1,0.6786061010805721
0,0,0.005167375088285286
0,0,0.007703020978438171
0,0,0.0045217258968802175
0,1,0.6424404650134772
0,0,0.007557017154808288
0,1,0.8294686222173425
0,1,0.6752146542035791
0,1,0.7216007132576645
1,1,0.9984254720161615
1,1,0.9993335791904365
1,1,0.9989233958684363
1,1,0.9988838252760072
0,0,0.0033325766382768553
0,0,0.03528490712409921
1,1,0.9983990083925133
1,1,0.9983839865532481
1,1,0.8152292064494181
0,0,0.004765476788532642
0,1,0.6660058103973379
0,0,0.03889841538214398
1,1,0.9989037850209502
1,1,0.9976642744796655
1,1,0.9990985518177862
0,0,0.005602929487934264
1,1,0.9986145799167653
1,1,0.8009758787742502
1,1,0.9983856954068957
1,1,0.9983762989426752
1,1,0.7049490611710814
1,0,0.010674990755878586
1,0,0.03776780537584454
1,1,0.998928623198796
0,0,0.008592950504194698
1,1,0.520899118356512
0,0,0.004802926948728766
0,1,0.5564457043448997
1,1,0.7564587024586398
1,1,0.9991612190255564
0,0,0.009263175647598598
0,0,0.0063911583867259135
0,0,0.007575733209162601
0,0,0.008506383830723394
1,1,0.6864172783968716
1,1,0.9987566759330948
1,1,0.7633869058337613
1,1,0.9991185921564321
0,0,0.037097692509109464
1,1,0.9983114668574332
0,0,0.005355101469377095
0,0,0.0037172837481961
0,1,0.727647680802961
0,0,0.003324730857184199
0,0,0.012200138424802756
1,1,0.9991889080910195
1,1,0.9974359979527198
0,0,0.006815052053029421
1,1,0.9993227292396856
0,1,0.7646009837762389
0,0,0.005098476075644322
1,1,0.9984137374312505
0,0,0.01105698791879732
1,1,0.7130052684093561
0,1,0.6954674949382224
1,1,0.9982727489790434
0,0,0.00817674525114724
1,1,0.9959254210667048
0,1,0.7141722031690502
0,0,0.006252138130338494
0,0,0.004277734337539729
0,0,0.009786993981567583
0,1,0.7049083441318972
1,1,0.9982660452901438
0,0,0.0458601178228041
0,0,0.0045238305524770255
0,0,0.005382505651181993
0,0,0.007721130713234734
0,0,0.0049897548444842975
0,0,0.005892642849695621
0,0,0.007829345644018038
0,0,0.008564234529884985
1,1,0.7949726965280948
1,1,0.9988368116936734
1,1,0.9988031238992271
0,0,0.004384479742645569
1,1,0.9984183660669101
1,1,0.999040447133901
1,1,0.7224028676377943
0,0,0.006529536239336273
0,0,0.04428603867117564
0,0,0.005479711298283734
1,1,0.9986141721401999
1,1,0.9988003549249834
0,0,0.007005404059263182
1,1,0.9988223004377017
1,1,0.9986795477569177
1,1,0.9984147676052926
0,0,0.006488612239824528
1,1,0.9992081469742181
1,1,0.9991222567730312
0,0,0.006220663321274608
0,1,0.6844303133200608
0,0,0.0034976402810021766
1,1,0.9975981478728652
1,1,0.9986048710061519
0,0,0.007824397067727648
1,1,0.9979161817856054
0,0,0.0049363978445201104
1,1,0.998643614275456
0,1,0.6802279640973612
1,1,0.7044423897406997
0,0,0.0062057722514734445
1,1,0.9975130723374571
1,1,0.9988705337968865
0,0,0.00429938372430464
0,0,0.005375381869729466
1,1,0.999063403311134
1,1,0.9986881642943021
0,0,0.0061279214337577855
1,1,0.8374088171846137
1,1,0.7500471314793566
0,1,0.8148863074449093
0,0,0.005192198671451839
1,1,0.9982966879866283
1,1,0.6756890062527708
0,0,0.006801757220667938
1,1,0.7483495134667414
0,0,0.005349721783841425
0,1,0.6702138620137016
0,1,0.5284819283187481
1,1,0.9980003980874709
1,1,0.6667130931898377
1,1,0.702973728535699
0,1,0.759561034560506
1,1,0.998320210740009
0,0,0.0070313200213258376
0,0,0.005336338939316551
1,1,0.6264295450593155
0,0,0.006290907705806192
1,1,0.999080980077727
1,1,0.6799426714634836
0,0,0.005225050134749467
1,1,0.6898478012353656
1,1,0.6685986491339394
1,1,0.7500555319411961
1,1,0.9986317005427817
0,0,0.005909764689341198
0,0,0.005167564902282411
1,1,0.7044086114008403
0,0,0.0076339994384556084
0,0,0.058249730328609285
0,0,0.0070882559409197075
0,1,0.7880798909300102
1,1,0.9992826282920453
1,1,0.6837172541631732
1,1,0.9745055208137597
1,1,0.677306344550428
0,1,0.6644228516815963
0,0,0.006464574947244161
0,0,0.007894630503883072
1,1,0.7198354517194747
1,1,0.9991221665341594
0,0,0.006490711518240158
1,1,0.9987989878461547
1,1,0.9988984080129453
1,1,0.8368233640193485
0,0,0.005307503115241196
0,0,0.010941723488166735
1,1,0.8132761665313181
0,0,0.004344868283434663
0,0,0.006708261566707611
1,1,0.9990777324436834
1,1,0.9991342683603339
0,1,0.7268968157552181
0,0,0.005162304938514682
0,1,0.6613952019676694
0,0,0.005104318723501132
1,1,0.9990940093534
0,0,0.007480765093277528
0,0,0.004236092072025525
1,0,0.0054053699864998125
1,1,0.9987880563873821
1,1,0.9981948330336454
1,1,0.9619653562155704
1,1,0.9978170187669418
1,1,0.9974851379468977
1,1,0.7865058623175372
0,1,0.7325526036890867
1,1,0.8094536587891082
0,0,0.006998999460678362
1,1,0.9993262428436167
0,0,0.004553411771460677
0,0,0.00938588042220013
1,1,0.9990757052159505
0,0,0.0036704440728697707
1,1,0.5174242951580007
1,1,0.9993177614342902
1,1,0.9992100841845856
0,0,0.009754782186535428
1,1,0.6710493997454183
1,1,0.7362448621286868
0,0,0.005655164258207518
0,0,0.006290458353376269
1,1,0.9977762139672445
0,0,0.007727118842633361
1,1,0.9992050190071365
0,0,0.006288470593470061
1,1,0.999398180098701
0,0,0.005877537384263921
1,1,0.9983307070728121
0,0,0.00755378312147334
0,0,0.007569711919009874
1,1,0.6696515377457345
0,0,0.003677020994416538
0,0,0.005236503873653891
1,1,0.9983761857785086
0,0,0.004842231209315144
0,0,0.006414718738259956
1,1,0.9962211522368091
1,1,0.6767545951621775
0,0,0.006323871795313627
1,1,0.8164521958664386
1,1,0.7271687114256694
0,0,0.06373582315139939
1,1,0.7181587478572158
1,1,0.735548161909266
0,0,0.005341521997127298
1,1,0.7714848334941315
1,1,0.9982781297654917
1,1,0.9984639988168703
0,0,0.002650578479445967
1,1,0.9991304716493927
0,0,0.004250677013731068
1,1,0.7586237160915906
1,1,0.9988368107186237
0,0,0.04065382642899442
0,1,0.764213166495343
0,0,0.006100197800150937
0,0,0.0026326596620338334
0,0,0.006292823069006516
0,0,0.0077738235207871756
0,0,0.00696393438675433
1,1,0.9985417618648716
1,1,0.7802215633933057
0,0,0.006877652091917417
0,0,0.012852546066574419
1,1,0.998372322314562
1,1,0.9992469398725854
1,1,0.9984485649467676
1,1,0.9984883467461488
0,0,0.008458090333951559
1,1,0.998843666868807
1,1,0.6695158779075442
1,1,0.9984815174397954
0,0,0.005500485766792013
0,1,0.7687672172084311
1,1,0.998502642198805
1,1,0.9986881642415506
0,0,0.005936250936147266
0,0,0.004262780106633885
1,1,0.6675956408353833
0,0,0.004373944175224127
1,1,0.8005646255866441
1,1,0.9990043851498489
0,0,0.009181617413417904
1,1,0.9989121243199265
0,0,0.0041967529312886545
0,1,0.701389078908291
0,0,0.009486048870672323
1,1,0.9990270852566941
0,1,0.756713426886538
1,1,0.9990657436489527
1,1,0.9982923428032912
0,0,0.005612559210973573
1,1,0.9986523788373702
1,1,0.837889135662084
1,1,0.7507168193520464
1,1,0.9989050680876939
1,1,0.9988647152066346
0,1,0.5126947689647051
1,1,0.9984052421950944
0,0,0.0053475272443515515
1,1,0.7625344728384734
1,1,0.8023002239689618
0,0,0.004818535754207432
0,0,0.004487054916876051
0,0,0.005147469691118516
1,1,0.9992890629965909
1,1,0.9988743578016076
1,1,0.7029598915578996
0,0,0.005341499298120328
0,0,0.00538446331685618
0,0,0.006391041099454148
0,0,0.00821246767141014
1,1,0.9990484086287844
1,1,0.9988179274475945
0,0,0.005923219771226171
1,1,0.9988373697369206
0,0,0.012622841553978987
1,1,0.9988806139394141
1,1,0.8022033138430748
0,1,0.6339535291846053
0,0,0.00801274700692474
0,0,0.004864524275462741
0,0,0.004975731343107304
1,1,0.999204779334843
0,0,0.005149835425872974
1,1,0.9983834795486902
0,0,0.006896724905086722
1,1,0.7931939953614253
0,0,0.0052471019910995025
0,0,0.005379377940532679
1,1,0.7819515512704208
1,1,0.9987851980157735
1,1,0.9990894554657451
0,0,0.00492187123413769
0,0,0.010769252905314995
1,1,0.7737673413668559
1,1,0.7366457600481625
1,1,0.78905194999871
1,1,0.9976339725455079
1,1,0.9993887432655404
1,1,0.7148059591491773
0,0,0.025171771207785108
0,0,0.006654661939745536
0,0,0.007521691062866973
1,1,0.999078934433983
0,0,0.008695034806207346
1,1,0.9992353212061595
1,1,0.9991816088815031
0,0,0.006619682703770909
1,1,0.7626815513643753
0,0,0.0026631814942918216
1,1,0.8112057447852062
1,1,0.642646188173613
1,1,0.8178658525079461
0,0,0.005339367849709927
1,1,0.7168736327236541
0,0,0.010274262667149947
1,1,0.9984527652921468
0,0,0.00535556526262996
1,1,0.8060962645556857
0,0,0.005857738667024238
1,1,0.9988359657636013
0,0,0.00446485245916744
0,0,0.01134566038198594
1,1,0.658371366463998
1,1,0.9980606342276485
1,1,0.7532406191637466
1,1,0.6786213925161071
1,1,0.7126666195148891
1,1,0.9990525123097604
0,0,0.004504402155393243
1,1,0.9986497624598458
0,0,0.004889148245062137
0,0,0.007730197500107637
1,1,0.9974742543072572
1,1,0.7561309228836564
1,1,0.6860848848322092
1,1,0.9949383318861138
0,0,0.005258245278466312
1,1,0.9990055656517891
0,0,0.005068096150780394
0,1,0.9978633839239415
0,0,0.004561798538507559
0,0,0.009152208879740685
0,0,0.007766895761023719
0,0,0.0077828382392491095
1,1,0.9990855001272612
1,1,0.7624329295707613
1,1,0.997370540948529
0,0,0.2044374283798602
1,1,0.9987910542467779
1,1,0.8228835285488936
0,0,0.011618327990416299
1,1,0.6606086436961157
0,1,0.6697442476099493
1,1,0.7511901364322457
0,0,0.005360720047269141
1,1,0.7498029105398762
0,1,0.7553880683797568
0,1,0.7508541287717385
1,1,0.9986163982084824
0,0,0.006584233126808975
0,1,0.6932366435009655
0,0,0.004752198549778262
1,1,0.9984727963731752
1,1,0.5934990526594339
0,0,0.009142802909300227
1,1,0.7873328762430382
0,1,0.6444943884775013
0,0,0.0054598133939026145
0,0,0.009202756515532212
0,0,0.009209010812951248
0,0,0.004273575851496601
1,1,0.998560422952837
1,1,0.6801441284138406
0,0,0.011584544840587291
0,0,0.00507063193003167
1,1,0.9985935581880614
1,1,0.6660221927591413
0,0,0.004548178513354555
0,0,0.010127491185646095
0,0,0.004541713203394412
1,1,0.9986601013500354
1,1,0.9979619307163131
0,0,0.0049852148635218035
0,0,0.00655801636184156
1,1,0.9988369340377178
0,0,0.006426791187423208
0,0,0.006313354553497026
0,0,0.004563568396145807
1,1,0.9987763188549115
1,1,0.9985482226505688
1,1,0.9990988829606003
1,1,0.9973653510327064
1,1,0.6626612511029267
1,1,0.9985739046278207
1,1,0.9973673688884617
0,0,0.007202781567883253
0,0,0.005895591272694329
0,0,0.005177569744537861
1,1,0.6733964631119713
0,0,0.2487535043191077
1,1,0.9985302511562207
0,1,0.5569055754816238
0,1,0.7664148006695157
1,1,0.9987240162599527
1,1,0.6337484842862695
0,0,0.010691485943241924
0,0,0.0027885627549175825
0,0,0.008348715499558448
1,1,0.6843734705466971
0,0,0.003218616608904331
0,0,0.009093171881697054
0,0,0.007879609994202307
1,1,0.9991433788574524
0,0,0.01121673148159426
0,0,0.009218299628891752
1,1,0.9993727580363939
0,0,0.00566616683145904
0,0,0.007072637922093194
0,1,0.7200150718615654
0,0,0.00803038959798466
0,0,0.009142142533500456
0,0,0.006703635107388799
0,0,0.007782840346703495
0,0,0.005967819200154212
1,1,0.7670336895512809
0,0,0.010302437215786808
1,1,0.639402661491097
1,1,0.7193733685542759
1,1,0.8001490148712735
1,1,0.9990399714188007
0,0,0.007975050087112637
1,1,0.9990574207775434
1,1,0.9990929930439566
1,1,0.9989491890574547
0,0,0.006511819607093425
1,1,0.8383685011371931
1,1,0.9988375358077837
0,0,0.00511741529568039
0,0,0.011427392385100514
0,0,0.012191568513681545
0,1,0.7355919756873999
1,1,0.6709316393656748
0,0,0.005357518075750778
0,0,0.04020854601565827
0,1,0.723626310498463
0,0,0.005829342677998914
1,1,0.9988359624672188
1,1,0.7708416153319309
0,0,0.005358493805929371
0,0,0.008652618599935685
1,1,0.7171038207525536
0,0,0.008229780938390087
0,0,0.006771562547377373
1,1,0.8196145159169682
1,1,0.9993735928067939
1,1,0.998828003878583
1,1,0.9984361883015644
0,1,0.6714180967397926
1,1,0.8073385668975942
0,0,0.004824973721029121
1,1,0.9992524486178077
0,0,0.007816096760183322
1,1,0.9988098822386711
0,0,0.005220173642861394
1,1,0.9974261041568684
1,1,0.9979569711607219
1,1,0.9989879416040699
0,0,0.014236317965713308
0,1,0.822882321539089
0,0,0.004336665359443893
0,0,0.006336088666157624
0,1,0.7138954383378174
1,1,0.9988613828606421
1,1,0.9986110137705424
0,0,0.006784563143401521
0,0,0.005155295984230593
0,1,0.6976031783006523
0,0,0.005072674033236011
0,0,0.0066183647738084755
0,1,0.6732748846927639
1,1,0.9972338457442718
0,0,0.006598874450342296
0,1,0.6864471503148574
1,1,0.7307459040346892
1,1,0.9980753938320474
1,1,0.8389076843339753
0,1,0.7224823043829507
0,0,0.0059777712390646585
1,1,0.9972136995380171
0,0,0.007009879571463111
0,0,0.006787526292844076
1,1,0.7630013807352535
1,1,0.9983517310891568
0,0,0.004831341292879802
0,1,0.593925352156396
0,0,0.005840865860730753
0,0,0.0052519508332678
0,0,0.005046891007343147
0,0,0.008564823902496655
0,0,0.006456766814851805
1,1,0.999329434057109
0,0,0.004818348572804459
0,0,0.0061593786649380994
0,1,0.6448073415042056
1,1,0.9980953561006306
1,1,0.9978593689601833
1,1,0.9984813388078061
1,1,0.998477338838001
0,0,0.003130226065598593
1,1,0.9974891140888504
1,1,0.9959154363171604
1,1,0.9992515740203611
1,1,0.9976828248954309
0,0,0.004918468017219798
0,1,0.7089872636094238
0,0,0.011665654792043866
0,0,0.006011406461744044
0,0,0.007926354005828798
0,0,0.0067875100335299515
1,1,0.9994238625737627
0,0,0.042530910856967905
1,1,0.9984910283585529
1,1,0.9986776141686092
1,1,0.7533707430413246
1,1,0.9988933592406284
0,0,0.004979559247870073
1,1,0.9987718591977818
0,0,0.03591233215756408
0,0,0.005499638591540235
1,1,0.6127132576284987
1,1,0.7011281133340547
0,0,0.005240131723636331
0,0,0.0059127036877237756
0,0,0.004521447805792946
0,0,0.008600403054738295
1,1,0.9983584385816912
0,0,0.005348887440501283
0,0,0.004465659244870132
1,1,0.9988379087384605
0,0,0.007829382376631472
0,0,0.007902999053407701
0,1,0.6874636364224711
0,1,0.7483061404130157
0,0,0.0048891476822431655
1,1,0.9993740688238859
0,1,0.715113472132853
0,1,0.7852684474502334
1,1,0.9970965377371714
1,1,0.7261954925473365
0,0,0.0061274573086118785
1,1,0.9984765039897673
0,0,0.008002142505969055
1,1,0.794437966324037
0,0,0.009248414449597507
0,0,0.006938825729014276
0,0,0.006938702539891788
1,1,0.9987492081858775
1,1,0.7713705111408387
1,1,0.9990519535676938
1,1,0.9979160474667437
1,1,0.9986873307298042
0,0,0.006363830008439607
1,1,0.9976217939524451
1,1,0.9989207025394158
0,0,0.003290820996773978
1,1,0.7666287158974942
1,1,0.9988454063385145
1,1,0.9991007038810532
0,0,0.005308034536940788
0,0,0.0077030542048352945
0,0,0.006302434997359435
1,1,0.9985784154404133
0,0,0.0059887980668936695
0,0,0.005338274397627737
0,0,0.0049618802376023355
0,0,0.009052575453910763
1,1,0.7720524713797227
0,0,0.006805695789969174
1,1,0.7270668526645682
0,0,0.005123921536544355
0,0,0.006432520475918844
1,1,0.9983645125193605
0,0,0.007845087862099056
0,0,0.032584070939071966
1,1,0.9990620657247583
1,1,0.718481182533138
1,1,0.6544775124211001
1,1,0.9985897680319323
1,1,0.9983834716987798
0,0,0.006456222014413132
1,1,0.6264301318528724
0,0,0.006793179472320699
0,0,0.006679353891123262
0,0,0.007083936909719311
0,0,0.002703916044951568
0,0,0.0056269905904475165
0,0,0.007535501852314687
1,1,0.8378892861376961
0,0,0.007841247822716023
1,1,0.998612967202743
0,0,0.007644809782381557
0,0,0.006903679285312741
0,0,0.007375174077698515
1,1,0.9985767664851508
0,0,0.004634630589104763
1,1,0.9984930127592562
1,1,0.9990780186524983
0,0,0.04316287820736406
1,1,0.9988168396141223
0,0,0.009696653927749441
1,1,0.9984592605383095
1,1,0.999110462445278
0,0,0.004901610164667101
0,0,0.009472688358139653
1,1,0.7249955937378592
1,1,0.7204515447846853
0,0,0.009665808921072617
0,1,0.7075606012418157
0,0,0.005382134634653063
1,1,0.9987909812118966
0,0,0.0052296722357965736
1,1,0.9992449877308454
1,1,0.9973163368053698
1,1,0.9990981353208185
1,0,0.006461488553106721
0,0,0.005923333200481016
0,0,0.009382187408452787
0,1,0.5695703880835333
1,1,0.9988228032910152
0,0,0.005337625496988575
1,1,0.998309666994759
1,1,0.9988461715994303
0,0,0.006544439042220779
0,0,0.003039371694800701
0,0,0.006363815059330937
0,0,0.00848030283324293
0,0,0.0035071815824156455
0,0,0.0031480400973278623
0,0,0.0027951675754698782
0,0,0.004877935931030214
1,1,0.9985066016401282
1,1,0.6483123502658849
1,1,0.9984883463393778
0,0,0.004336292241367676
1,1,0.6579896768510556
1,1,0.9987876508526028
1,1,0.9989654050548518
0,0,0.007740451201369238
1,1,0.999141704972471
0,0,0.010315088394566473
1,1,0.7356938752132592
0,0,0.006281588877681562
1,1,0.6940481922948705
1,1,0.7451271290751696
1,1,0.6770198583673396
0,0,0.0044955909455691575
1,1,0.9985940305900618
0,1,0.787280455533609
0,0,0.009668666923901129
1,1,0.6941767840916955
0,0,0.007252511080226403
1,1,0.7341936799740835
0,0,0.00521616165926264
0,1,0.5564766421960714
1,1,0.9993657225993737
1,1,0.6683339577705258
1,1,0.9988716635488749
0,0,0.00783651127342215
1,1,0.836799892968875
1,1,0.9990701066184764
0,1,0.7275547499359839
0,0,0.004952659123735829
0,0,0.009157605493138847
0,1,0.65820202020053
1,1,0.6813153266356075
1,1,0.9987617960171677
0,0,0.006232226011747336
1,1,0.7566201199698253
0,0,0.0063965292127315205
0,0,0.012353935547981696
1,1,0.7044943090098276
0,0,0.006800770927253583
1,1,0.6716545912545199
1,1,0.9986093557658915
1,1,0.8204682717416544
0,0,0.007920765208672275
0,0,0.01296719979121021
1,1,0.9981311356998395
1,1,0.9991524869775784
0,0,0.005629647504202292
0,0,0.007490422858485032
0,0,0.007730989509122396
0,1,0.6789457913758509
1,1,0.9987618130115571
1,1,0.9986620671226601
1,1,0.9993188801795052
1,1,0.9963367647473048
1,1,0.7736863544776817
0,1,0.6492792884571168
0,0,0.005146465820111809
0,0,0.005556377288376159
0,1,0.7659136054487382
0,0,0.006619223286550667
1,1,0.7583268214721395
1,1,0.9984440767285466
0,0,0.009707452359364474
1,1,0.998727060498611
1,1,0.7966265019245732
0,0,0.004908214775479447
1,1,0.5587330970744288
0,0,0.010224117119716283
1,1,0.9990300796151663
0,0,0.0065285918282345775
1,1,0.8168259606175639
0,0,0.058205091236307155
1,1,0.7286361086778999
1,1,0.7950676621152004
0,0,0.007482255840271078
0,0,0.00528280190332225
0,1,0.7136972170365294
1,1,0.8368228603692783
0,0,0.005306423831411407
1,1,0.9990151543494891
1,1,0.998530024942202
1,1,0.998062341470883
0,0,0.0049398044509563945
0,0,0.006341986738551114
0,0,0.004495609737948092
0,0,0.0049097310250570516
1,1,0.7776487522149318
1,1,0.9987952026865604
0,0,0.006316687097021724
1,1,0.9992104076976155
1,1,0.9656367673104549
0,0,0.006203494658582683
0,0,0.008458192491771654
1,1,0.9985117091578974
0,0,0.00494201193139277
0,0,0.004870398268040177
1,1,0.9991314879925032
1,1,0.7990994736232669
1,1,0.9993698613451678
1,1,0.7741270743301402
0,0,0.0032596196820046932
0,0,0.0037304997593864513
0,0,0.005201358512729068
0,0,0.007943006802841048
1,1,0.9990506048255959
1,1,0.9976340362858706
0,0,0.008288743369896434
0,0,0.006709353812713455
0,0,0.013794872636946502
0,1,0.6579482914180167
0,0,0.010681263321559904
0,0,0.006217299904899165
0,0,0.00481300351416761
1,1,0.999245510644718
0,0,0.00898873622255235
1,1,0.9988649135044254
0,0,0.21681626321639505
0,0,0.004557042250568952
0,0,0.010857340962891177
0,0,0.008242811953476939
0,1,0.6633778150826484
0,0,0.004573861128006917
1,1,0.9983115740327606
1,1,0.707769290094894
0,0,0.054915215104198584
1,1,0.5825475965912078
1,1,0.7179751114676368
0,0,0.005665360986789502
1,1,0.7481782435452524
0,0,0.006974815282346743
0,0,0.004751193974110993
1,1,0.9517501746277522
0,0,0.0042598889118725496
0,0,0.003098230842203025
1,1,0.7015240503003178
1,1,0.666017657497728
1,1,0.996787193024794
1,1,0.7082098773030604
0,0,0.004975721975766583
0,0,0.006620635344957568
1,1,0.8057617901755958
0,0,0.006078952971442889
0,0,0.004374380056062163
0,1,0.7171412016956207
0,0,0.006222558749212197
0,0,0.009696655314773917
1,1,0.9990980049511979
0,0,0.009203157387860091
0,0,0.005176946843201686
1,1,0.7538417879322574
1,1,0.9976395744275144
0,0,0.009146321253782704
0,0,0.010714234849209825
0,0,0.005264161862598588
1,1,0.9989140612076913
0,0,0.008552088176804933
1,1,0.9986149966132755
0,0,0.006254260438733165
1,1,0.9988879096915942
1,1,0.9988689234149005
1,1,0.9993657260560669
1,1,0.5649472054418045
0,0,0.00504872211999462
0,0,0.0026750466059186017
0,0,0.009743038819941149
1,1,0.5570916374659697
1,1,0.9993647742552395
0,0,0.0032972467092840913
1,1,0.9983398632383246
0,0,0.00845815382220299
1,1,0.7686775217665882
0,0,0.008062992376726679
0,0,0.006378066678319969
0,0,0.004194352883546758
1,1,0.9977035255404435
1,1,0.7799532570926426
1,1,0.9984808088164204
1,1,0.9993499005564184
0,0,0.008076058667571082
1,1,0.999090324472888
1,1,0.9984524705114388
0,0,0.009204078130744392
0,0,0.004250996036653209
1,1,0.7216333426606314
1,1,0.9977610008770572
1,1,0.6782744387738574
1,1,0.9987604371235865
1,1,0.9990999213029488
0,0,0.0075889214904465725
0,0,0.0053034514219146124
1,1,0.6748921125206198
1,1,0.7545404326547107
0,0,0.014248046164534628
0,0,0.011141594788804747
0,0,0.005587123669317108
1,1,0.9991695166620039
1,1,0.9976660148482839
1,1,0.9986038397740565
1,1,0.9983677980205745
0,1,0.6658964652832022
0,1,0.6430641420714975
1,1,0.8365604973078332
0,0,0.002663761174225793
0,1,0.6596166348062096
1,1,0.9992132799028478
1,1,0.6715363679409251
1,1,0.9985196342557262
1,1,0.9986260762510714
0,0,0.00457510471013483
1,1,0.8383584311806258
0,1,0.6983881038439217
0,1,0.5628068484128718
1,1,0.9986854191742608
0,0,0.004534594812520654
0,0,0.008209005598582883
0,0,0.004701632976279257
1,1,0.6886810330536494
0,0,0.006387143955104296
0,0,0.00502491291239996
0,0,0.009335892558486469
1,1,0.9986173523578366
0,0,0.006324334991787784
1,1,0.5688616087399775
0,0,0.006453450028387655
0,0,0.007840665228111707
0,0,0.009811220654149437
1,1,0.9976405725403606
0,0,0.007829308042748472
1,1,0.999065420284517
1,1,0.998655892955546
1,1,0.9978888708314075
1,1,0.9982761430113841
1,1,0.9985984984114836
0,0,0.005336404455722697
1,1,0.9987604374711221
1,1,0.9990131096633496
1,1,0.5664067961784499
1,0,0.2198895591073321
0,0,0.032953892579039176
1,1,0.8378890176833375
1,1,0.9992427107412515
1,1,0.9992391513541179
0,0,0.006046595803549249
0,0,0.008457879488238416
0,0,0.008010032584931652
1,1,0.7246099829428795
1,0,0.0061148893132479355
0,0,0.007757679189864131
0,0,0.005652045862832364
1,1,0.9986849107967807
0,0,0.006564019089623041
0,0,0.008600429555477487
0,0,0.0042409974798916636
1,1,0.7159727419030427
0,0,0.008282382673960144
0,0,0.007595817217312626
0,0,0.005333831453555047
1,1,0.7089291617688153
0,0,0.00792207735624551
1,1,0.7564776244493406
0,0,0.004539754971277619
1,1,0.9975226294808669
0,0,0.007289261364574976
0,0,0.004521781017249025
0,0,0.00504884977029433
0,0,0.005836998062525598
0,0,0.007737752853090521
0,0,0.006257246820167502
1,1,0.9985440298698368
0,0,0.004982914111868122
0,0,0.006290237851865627
0,0,0.005363411304288636
0,1,0.6794883079089051
0,0,0.008110368445518755
1,1,0.9973510800780023
1,1,0.718055894322794
0,0,0.005068471312747066
1,1,0.7182091819929521
0,1,0.6997363204839604
0,0,0.005305293821309387
0,0,0.005176495093016226
0,0,0.010273947426006536
0,0,0.005358073103191693
0,0,0.004285041387233887
0,1,0.7231755376203448
1,1,0.9985435815425624
0,0,0.007142773789084054
0,0,0.006997211608912346
1,1,0.8210292042525705
0,0,0.009093370956770664
0,0,0.004558445786748973
0,0,0.005474514250921132
1,1,0.9972561492276473
1,1,0.9980181261634333
0,0,0.010675004075525959
0,0,0.004762123451414014
0,0,0.00825249153465556
1,1,0.9992436292661658
0,0,0.006992476627389272
0,0,0.006961430742186266
1,1,0.9990619961693284
0,0,0.007795755451503438
0,1,0.6787259972359924
0,0,0.005600357948229127
0,0,0.008442751444760185
1,1,0.9974372724302131
1,1,0.8075611539065727
1,1,0.9985293586846402
0,0,0.0032467927143521097
1,1,0.9976308248621794
0,0,0.005212199418116393
1,1,0.8010033733240018
1,1,0.9989122912077995
1,1,0.9990880757768342
0,0,0.006693385272242145
0,0,0.0049310587952229425
0,0,0.0060347165981113615
1,1,0.9987324747345842
0,0,0.0059366336635881594
0,0,0.007869916024134156
1,1,0.6767700166086021
0,0,0.011344445851830694
1,1,0.9952537864380834
1,1,0.7688064979951993
1,1,0.9992449915042358
1,1,0.7216383002777366
1,1,0.9987457642465749
0,0,0.00446565170104698
1,1,0.9985323370095897
1,1,0.9986134608080346
1,1,0.9982548493333128
1,1,0.9975585103484361
1,1,0.9989374275019213
0,1,0.6914192472093577
1,1,0.7860242224702997
1,1,0.7560304614606806
1,1,0.9989528746434427
1,1,0.9982146220422856
0,0,0.005827174644527327
0,0,0.009699508075183239
1,1,0.7062214926632058
0,0,0.00645841190989559
0,0,0.04583593534162174
1,1,0.9987249827401669
0,0,0.006296037203364681
0,0,0.01014803025302007
1,1,0.6647513313582716
1,1,0.9988759665827611
1,1,0.998541368161745
0,0,0.005078411844988955
0,0,0.007844202275838858
0,0,0.007731028942973475
0,1,0.7141753605775324
0,1,0.610923106905909
0,0,0.007937775147236254
0,0,0.008506272291644726
0,0,0.037108075214540154
0,0,0.004225427986843777
0,0,0.007732708166250612
0,0,0.004970352123487102
0,0,0.005912820012300822
0,0,0.007829151999642557
0,0,0.005339195480665495
1,1,0.9989074477465842
0,0,0.0052846915826028846
0,1,0.7640942746816193
1,1,0.7146014048023758
1,1,0.9974000788958988
0,0,0.0049118381570597905
1,1,0.9986795738447207
1,1,0.6310590505433593
0,0,0.011402645425357192
1,1,0.9988512206268997
1,1,0.7235095411760443
0,0,0.004920617730336175
0,0,0.007801826737883147
1,1,0.9994215752802977
1,1,0.671970977457443
1,1,0.9976312176304
1,1,0.999081653062549
1,1,0.9988643214826884
1,1,0.7797968858642745
0,0,0.007515512562240261
0,0,0.00451314550892881
0,0,0.006734809038852228
0,0,0.003183322929682056
0,1,0.7169505370070276
0,0,0.00507053734324989
0,0,0.004983425218014119
1,1,0.9988359724524448
0,0,0.009471759876520014
1,1,0.7873134056157136
1,1,0.9991278347487311
1,1,0.9990664670597728
1,1,0.9988651092662225
1,1,0.9983993379618131
0,0,0.008315560938755738
0,0,0.008480579658191807
1,1,0.8195750531043122
0,0,0.004936708889694658
0,0,0.03855788101004757
0,0,0.005943678409398841
0,0,0.06518237315611237
0,0,0.011588977633909224
1,1,0.9980737136458505
0,0,0.31365385213882774
1,1,0.9992390745577842
0,0,0.008575404628452287
1,1,0.5932886691344338
0,0,0.008340232373417852
1,1,0.8124476413989422
0,0,0.005842597206041818
1,1,0.7246831733746508
0,1,0.7274352458670535
1,1,0.9985719863945881
0,1,0.7190138160257066
1,1,0.7538388246518376
1,1,0.9986100236870767
1,1,0.7106142930787269
0,0,0.006122438586188682
0,0,0.005050551710455905
0,1,0.5230922751660271
0,0,0.011034110188262662
1,1,0.9994049805182779
0,0,0.007933399157674876
0,0,0.004791830428136386
0,0,0.004465654477058767
0,0,0.00514745853476969
0,0,0.013858442033066342
0,1,0.7220416522422157
0,0,0.005228809035506966
0,1,0.6938569062636171
1,1,0.99776539789142
0,0,0.00839798017011534
0,0,0.03348583794468874
1,1,0.9986974369200868
1,1,0.9991147572273066
0,0,0.007700518020750034
1,0,0.004922259406426998
1,1,0.7140234588798344
0,0,0.01090286510318178
0,0,0.005178980391966055
1,1,0.768820512621336
1,1,0.9983017185286903
1,1,0.7561001309247775
0,0,0.00494319519875004
0,0,0.006536070190428817
1,1,0.9990474367997377
0,0,0.008267720589626958
0,1,0.6711394365250359
0,0,0.007654242632704355
0,0,0.0030415337028391284
1,1,0.7581367848336864
0,0,0.011670988860592757
1,1,0.9993445589636915
0,1,0.6677971738538919
1,1,0.9983339365645147
1,1,0.7330355304740446
1,1,0.9986108608741571
1,1,0.5142602100474859
0,0,0.004494296041565463
0,1,0.7872476270102929
1,1,0.6662152862979991
0,0,0.006330475927094384
1,1,0.8392092303278633
1,1,0.9992004489473518
0,0,0.007839595542814971
1,1,0.8349681487089188
0,0,0.007220642035805754
0,0,0.002858489293684574
0,0,0.00483243982595219
1,1,0.7099138189455088
1,1,0.9985856491444806
0,0,0.004510336845359242
0,0,0.004245102097758792
0,0,0.013139023226096986
0,0,0.004365983659160528
0,1,0.654051876383542
0,0,0.004909886523964904
0,0,0.0032097741352503663
0,0,0.0050499211941658715
1,1,0.9994379757716296
1,1,0.7579237211138004
0,0,0.006787702747370833
1,1,0.9992428194813104
1,1,0.6767380869200037
0,0,0.004911491508576643
0,0,0.006246236816356897
1,1,0.998900948665014
1,1,0.9984175631622424
0,0,0.006824182886515486
0,0,0.005912759124281097
0,0,0.006323334243973493
1,1,0.9993291612196004
1,1,0.998407043164664
1,1,0.9993751540201106
0,1,0.6658859677720018
0,0,0.004580920243263305
1,1,0.9988130202396598
0,0,0.003530249030351941
1,1,0.7189138171165768
0,0,0.006684779364006785
1,1,0.9986776168861714
0,1,0.698515670474335
1,1,0.7141408788461584
1,1,0.9992427127309261
0,0,0.006967502390392238
1,1,0.677217451840178
1,1,0.7504511622609269
1,1,0.9992095402514618
0,0,0.005033651602951779
0,0,0.00826826684136722
1,1,0.6944956961068001
1,1,0.9991044742912291
0,0,0.0064011138532949555
0,0,0.005346011966416154
1,1,0.5989962126761263
1,1,0.9973822128121825
0,0,0.07124835199415172
1,1,0.9990954922886242
1,1,0.767481226349116
0,0,0.0050402390601030885
1,1,0.7277525860252309
1,1,0.9985777838568629
1,1,0.9984964697898817
1,1,0.9991578420014896
0,1,0.7225502160022952
1,1,0.9990965293410458
0,0,0.03292728081915427
1,1,0.8449627083473731
1,1,0.9988069878562035
1,1,0.9983114402546724
0,0,0.009938718328394748
1,1,0.9988311847077522
0,1,0.6752188114937283
0,1,0.753088642939715
0,1,0.7193992146267715
1,1,0.8367863844924645
1,1,0.9983074819167916
0,0,0.004405085852303712
0,1,0.7018148958463013
1,1,0.9987212168421993
1,1,0.638074760387701
0,0,0.006074482297778988
1,1,0.9977422385002006
0,0,0.009432902904781368
1,1,0.7596041128512784
1,1,0.9989518415690768
0,0,0.006254589069422706
0,0,0.009809792552993192
0,0,0.00966579991342403
0,0,0.00804128920293882
1,1,0.9984009140259754
1,1,0.998673704014287
1,1,0.998803836859562
1,1,0.9986135905799747
0,0,0.008474955412483512
1,1,0.9974838283841505
0,0,0.008192385148556976
0,1,0.7156735233256991
0,0,0.0026260686451581986
0,0,0.0064536060334044725
0,1,0.8108705087493588
0,0,0.002723716841269228
1,1,0.9985990932578371
0,0,0.004274071983999614
0,1,0.7662685221825988
1,1,0.7368910083914135
0,1,0.6405711517957939
0,0,0.006488760331084981
1,1,0.9986330239106762
0,0,0.006031387671190583
0,0,0.008267246116661789
0,0,0.011405613525612172
1,1,0.9978713034652273
0,0,0.0046337582487264
0,0,0.011599983828800238
1,1,0.9988524359929144
1,1,0.9985305060492912
1,1,0.9978470308452135
1,1,0.9986632421569185
1,1,0.7682011267741515
0,0,0.008457865280893376
0,0,0.006664878042875757
1,1,0.9987270570445358
0,1,0.7775242122080173
1,1,0.5286702118606518
1,1,0.7275749240152283
0,0,0.006783272348257886
1,1,0.9984337493816264
0,0,0.008148821858726991
0,0,0.005564509133523834
1,1,0.9991431800980728
0,1,0.721053112948791
1,1,0.6688326540381496
0,0,0.0044727941177290734
1,1,0.9983532976422234
1,1,0.9993588743900116
1,1,0.9977612854624076
1,1,0.9988903187823974
1,1,0.9988354321070748
0,0,0.005986170423104398
0,0,0.005748335949723395
0,0,0.005367719093925293
1,1,0.7195757570524502
1,1,0.79520867618357
0,0,0.010224451877431635
0,0,0.009774366523509668
0,0,0.008219309467653027
0,0,0.009093365896576442
1,1,0.9988328484197807
1,1,0.5623384560157206
0,0,0.05744341910131858
0,0,0.007801504870842545
1,1,0.5302191598889738
0,0,0.004222927373670496
1,1,0.7092193224364648
1,1,0.8129654251506123
0,0,0.009673040658530328
1,1,0.6710598800470555
1,1,0.9985493746779959
0,0,0.0055989504784054985
0,0,0.0049234761518555156
0,1,0.7102831019274108
0,1,0.6455608781456912
0,0,0.0050171084812126844
0,0,0.006292750384796512
1,1,0.7508712029338492
0,0,0.008324163955338103
0,0,0.003114352024487117
1,1,0.7273634300447396
1,1,0.9990710586879763
0,0,0.006127286315046205
1,1,0.9985029220152788
1,1,0.7714313698703493
0,1,0.8065159742809259
1,1,0.9980097234472276
0,0,0.004568882545928476
0,0,0.0068241586909065675
1,1,0.9993208039903434
1,1,0.9972243872552194
1,1,0.9991365735302422
1,1,0.9986373848521285
0,0,0.007719995242312374
1,1,0.9983723971588857
1,1,0.6787748058549516
0,0,0.011465622115576887
1,1,0.9993657438940542
1,1,0.8363190394682088
0,0,0.005777353338229742
0,0,0.006669089168604368
1,1,0.6768884393088884
1,1,0.9988214445602888
0,1,0.8005262972213373
0,0,0.005259256908579653
0,1,0.679761635555977
1,1,0.9990924069863863
1,1,0.9985873360650537
0,0,0.005341562005921289
0,0,0.007681175219873034
0,0,0.00634378251011113
0,0,0.0035157599246011043
0,1,0.6787365234751983
0,0,0.005776946853457129
1,1,0.9987724057443151
0,0,0.0057258076643101055
0,0,0.005247713795920621
0,0,0.005843659948854727
0,1,0.6442406311511741
1,1,0.6649167256125098
0,0,0.140913305879037
1,1,0.5164159480601371
0,0,0.008353214490837278
1,1,0.704241720010855
1,1,0.9987025435601053
1,1,0.9983783991326313
0,0,0.00497185023829259
1,1,0.9973773427615666
1,1,0.7593649710310268
1,1,0.9983051761462828
0,0,0.0032946490530798966
0,0,0.012621413574370747
0,0,0.008600084202098313
1,1,0.9985732912679991
1,1,0.9983821064498988
1,1,0.9984404069875945
0,1,0.6733408714677642
0,0,0.006369333430209763
0,0,0.00826833065658941
1,1,0.5925540403902678
1,1,0.7625477739140785
0,1,0.7243918266473282
0,0,0.005855734603504046
1,1,0.6317881461604927
0,0,0.004494985160646258
1,1,0.8398607190161652
1,1,0.6964809786247974
1,1,0.7430415547953175
0,0,0.0053778972544373605
1,1,0.9985262951488182
0,0,0.004250993903021439
1,1,0.8119631050465903
0,1,0.7042980633684809
0,0,0.004546733210896055
1,1,0.9986100266965249
0,1,0.7662599223710235
1,1,0.9985015535930777
0,0,0.005976412529775253
1,1,0.9984930123014862
1,1,0.7634606068920133
0,0,0.005298138638022795
0,1,0.8368460680780556
1,1,0.998488346404011
1,1,0.9989131594980726
0,0,0.004375178873378864
0,0,0.0034681313235596974
0,0,0.004844180509878432
1,1,0.9989186514910979
1,1,0.9983109367010092
1,1,0.9986199417118197
0,0,0.00794446383196624
1,1,0.9983760516588588
0,0,0.00839001859121994
0,0,0.006602360761084943
1,1,0.9994336384722537
0,0,0.00872950475227127
0,0,0.007770704508378917
1,1,0.6474660886228251
1,1,0.997670322725878
1,1,0.9994631845086311
0,0,0.007693273378663765
0,1,0.6338576203038676
0,0,0.009632283593750516
0,0,0.006096765638646057
1,1,0.8094539359562272
1,1,0.6710492264970661
0,0,0.004921966492780311
1,1,0.9985546347659278
1,1,0.9971982935185228
1,1,0.9986264310036709
0,1,0.5103586476336388
1,1,0.9989421583095496
1,1,0.9989165786521078
0,0,0.0026638515152291307
0,0,0.010209906700949825
1,1,0.9985392430955637
0,1,0.6770141343402472
1,1,0.9986429104633482
1,1,0.7962952013802345
0,1,0.7524024820646169
0,0,0.007567953595575617
0,0,0.006676933319402368
1,1,0.9976577706811814
0,0,0.009872993581973275
1,1,0.9991300692670015
0,0,0.008381180814745504
1,1,0.7822244776944294
1,1,0.6839367179819762
1,1,0.7222654859999649
1,1,0.9993746475877829
0,0,0.007575018632480655
0,0,0.01102085531958152
1,1,0.9980057633797068
1,1,0.998285014025495
1,1,0.9993352287357988
1,1,0.9972779796991128
0,0,0.0071488501376793245
0,0,0.006965722690924785
1,1,0.9988649709723376
1,1,0.7700159287734326
1,1,0.6726543149300123
0,0,0.005340983100648389
1,1,0.9985604227228445
1,1,0.9991816322369689
1,1,0.999369977654264
1,1,0.9973822297490015
1,1,0.7245781103553371
1,1,0.5139532868750674
0,0,0.0077187403405399105
0,0,0.004943242773643483
0,0,0.007504176802880707
1,1,0.7127448280057568
1,1,0.9988309927107237
0,0,0.00481179726818739
0,0,0.0066533254955303735
0,0,0.004344117259448266
0,0,0.0035436578843009397
0,0,0.006677979693526984
1,1,0.7944362905399424
1,1,0.9991335188071055
0,0,0.007124691018863274
1,1,0.997786042722794
0,0,0.00996874803688581
0,0,0.010314720790745724
0,0,0.010778317485369083
1,1,0.9985320594367708
1,1,0.9992858848932125
0,0,0.003963141646180265
1,1,0.9992355091474872
0,0,0.007259772999069534
0,0,0.010062907759409838
0,0,0.0048404316609981304
0,1,0.7305472409357147
0,0,0.005840814337857847
1,1,0.7451264722989781
1,1,0.727482026972203
0,0,0.008140198128765855
1,1,0.9992843671162212
1,1,0.9978471470454437
1,1,0.9990381961505387
1,1,0.998936425796978
1,1,0.6688329713284772
1,1,0.9988806662656728
1,1,0.9985568831517245
1,1,0.998483877397668
0,0,0.009111217691808797
1,1,0.9651574576015864
1,1,0.6897421370824347
0,1,0.7171849216516902
1,1,0.6998881980453274
1,1,0.8119869482270744
0,0,0.005231069202143879
1,1,0.9961759908544859
0,0,0.006061497549066119
1,1,0.7712555872469898
0,0,0.007680913832715601
0,0,0.05917801255091681
0,0,0.00918713929110506
1,1,0.9985137454435803
0,0,0.006415146120972978
1,1,0.9992521133655937
1,1,0.7250699031307386
1,1,0.7852382665989205
0,0,0.010216116433162467
1,1,0.7552399590754739
1,1,0.65546484681528
0,0,0.0046337364505894514
0,1,0.682044633400328
1,1,0.9983240883304197
0,0,0.008130262716692396
1,1,0.8368192678735107
1,1,0.5243945800366534
1,1,0.9982850174270252
1,1,0.9983042717122629
1,1,0.9987496127535652
0,0,0.007602457332209322
1,1,0.7562397311809494
0,0,0.004967746819461259
1,1,0.9972568853445897
0,0,0.004921994166164657
1,1,0.9991957088966305
1,1,0.9986164263057387
0,0,0.005348887697792138
0,0,0.01100490679772667
1,1,0.7156478446884701
1,1,0.8132736845972992
1,1,0.9989306093112064
0,0,0.004485104067828191
1,1,0.9991715689784939
0,0,0.00776623752298818
0,0,0.010688662567893564
0,0,0.03023847909250999
0,0,0.005689617244064078
1,1,0.9985340564116956
1,1,0.9985575670883666
1,1,0.8378867489591215
1,1,0.5621460573961155
0,0,0.010773864284684565
1,1,0.9985856394218114
1,1,0.9984889105904615
1,1,0.9986317580000061
1,1,0.9974673164753497
1,1,0.7624951772062034
0,0,0.010399560614924995
0,1,0.6630596092225473
0,0,0.00499170700252546
0,0,0.00843370587214752
1,1,0.7750366272647489
1,1,0.689634405527076
0,0,0.005019826310914146
1,1,0.7529247015916347
0,0,0.007721639148665745
0,0,0.009678816150866085
0,0,0.005657777843870926
1,0,0.005280309279000891
0,0,0.0065957325564792516
1,1,0.7981737289164452
1,1,0.999050224437628
1,1,0.9984018319271172
1,1,0.9985357385789937
1,1,0.9982137803262061
1,1,0.9618717405882714
1,1,0.9986026957582429
1,1,0.9982666781114432
0,0,0.01100965937508867
1,1,0.9988362660067558
1,1,0.6973175631653913
1,1,0.9985394879219655
1,1,0.6434528348725347
0,0,0.22781086288774494
1,1,0.9991307736733596
0,0,0.008887392541324432
1,1,0.9980202858046258
0,1,0.6482444182354792
1,1,0.9990455230382181
1,1,0.9992462257587429
0,0,0.003674467439823447
1,1,0.9980625250662959
1,1,0.9983697651135127
0,0,0.006658529294922243
0,0,0.007566626072821295
0,0,0.009511082047397007
1,1,0.9990787619028819
1,1,0.9977618756135324
1,1,0.9990701171721947
0,0,0.003497920871465101
0,0,0.010385753178906386
1,1,0.7489035273615827
1,1,0.9991107253830921
0,0,0.006654284178268789
0,0,0.0062994137687087766
1,1,0.9977301101654567
0,0,0.005331488807508355
0,1,0.6338829136848733
1,1,0.9993912261250991
1,1,0.9990504830413725
0,0,0.0026801642723166237
1,1,0.94711089994389
1,1,0.9718568147581168
0,0,0.003286363229982297
1,1,0.6917128750062177
0,1,0.7573841202930895
1,1,0.7147285175479908
0,1,0.8229455026341836
1,1,0.8374554397678469
0,0,0.010989736985859436
1,1,0.7042932467899287
0,0,0.0027021968575796067
1,1,0.7757699594354742
1,1,0.9991085763379243
1,1,0.6807945681086583
0,0,0.004976811947377141
1,1,0.7693555986108108
0,0,0.004731138297890845
0,0,0.004986920496188163
0,0,0.0057843928896407605
0,0,0.008032616654298082
0,0,0.006753546473347351
0,0,0.004623801560154505
1,1,0.9980742700361237
0,1,0.7133201541975864
0,0,0.0063810350501362564
1,1,0.9984926040935855
0,0,0.008746613026801455
0,0,0.006415064476250599
0,0,0.010982226948053984
0,0,0.005007058715365115
0,0,0.00822347410788873
1,1,0.7147288904578418
1,1,0.9987603120245684
0,0,0.007254921511897887
1,1,0.9990137181032226
1,1,0.9983202051202412
1,1,0.6463640492499075
0,1,0.8403210013652523
1,1,0.9993402749149742
0,1,0.7062189370396225
0,0,0.008457891169295097
0,0,0.003098237394641876
0,0,0.005098710703201336
1,1,0.9991047533819108
0,0,0.004084825021084344
0,0,0.006365506116153246
0,0,0.009413956036271959
1,1,0.699294634662115
0,1,0.716095414079275
0,0,0.008281324196557792
0,0,0.006557968095982905
0,0,0.00859768264760174
0,0,0.005360947850775367
0,1,0.5538018885111454
0,1,0.6581697012959041
0,0,0.005205855181414631
0,0,0.005225076011049234
0,0,0.006504698593554765
1,1,0.9978641682648488
0,0,0.007848414643503915
1,1,0.9988936246516196
0,0,0.005212374745269087
0,0,0.004382263180012664
1,1,0.9992521128893911
0,0,0.003506590812113097
0,1,0.6837957780820524
0,0,0.004885331934886825
0,0,0.008184819231823752
1,1,0.9986144048994635
1,1,0.9990563678238362
1,1,0.7211744412538564
1,1,0.9986354183568006
1,1,0.7162535813842053
0,0,0.004838696370561184
1,1,0.9983737756640433
1,1,0.9983432187848484
0,0,0.009583478974079407
0,0,0.0028249834705176735
1,1,0.9985440687976804
1,1,0.7898715769984667
0,1,0.6281630749706799
0,0,0.005839163182725033
1,1,0.7364685550013874
0,0,0.01146875743925783
1,1,0.8045689505754017
1,1,0.6101967830193991
1,1,0.764353336312954
1,1,0.6486005824594486
1,1,0.9990292859404042
1,1,0.9986093434494782
1,1,0.729608684901738
1,1,0.9978896803100828
0,0,0.003333355545016883
0,1,0.6778924528326292
0,1,0.6598384910082363
1,1,0.9973429877682928
1,1,0.6583513657730377
1,1,0.9976780986915393
0,1,0.7783491068601583
0,0,0.006870743983523674
0,0,0.005307308345934704
0,0,0.0062855099017404695
0,0,0.006721978747599823
1,1,0.9982993832053871
1,1,0.9985053909983245
0,0,0.006242317756326423
1,1,0.9986836468564385
0,0,0.009110856907006583
0,0,0.005236344951600173
1,1,0.9986881643277952
1,1,0.9553033019064147
0,0,0.006685757397823378
1,1,0.9991029192721105
1,1,0.9990936736263955
0,0,0.00612857918443925
1,1,0.7729736019581209
1,1,0.7490938963506765
0,0,0.010703807952567652
0,0,0.005147981594838766
1,1,0.813580817253542
0,0,0.004316460025541235
0,0,0.005116696649965069
1,1,0.7064922479006003
0,0,0.00658747851934566
0,0,0.00824767009256978
0,1,0.6986973354998166
0,0,0.007017613547420174
0,1,0.7305551034245461
0,0,0.00842292717870439
1,1,0.7472990783767638
1,1,0.9993738588581838
1,1,0.998616831171359
1,1,0.9983743843770478
1,1,0.9992047549482735
0,1,0.752037925614061
0,0,0.005003189943399065
1,1,0.8134453684384343
1,1,0.7637208897964902
1,1,0.9966061811293601
1,1,0.9986141220482255
1,1,0.997987414886177
0,0,0.005641566181457706
1,1,0.8394460047115507
1,1,0.6677950825067889
0,0,0.005256563123886134
1,1,0.997461213639808
0,0,0.040945897004439784
1,1,0.7406920428521478
0,0,0.0028674399237510703
0,0,0.005866403098008444
1,0,0.22831114362945926
1,1,0.998893624047237
1,1,0.7505117349896351
0,1,0.7498270134969558
1,1,0.9991030123172404
1,1,0.7948137828173976
0,1,0.6713961002440332
1,1,0.9985034312379881
0,0,0.0063384943290842165
1,1,0.9978625817711038
1,1,0.7720144293107262
0,0,0.01134558898594167
0,0,0.007446551928224092
1,1,0.9993167303677547
0,0,0.004084857462874793
0,0,0.0074747631825092765
0,0,0.006721711138945156
0,1,0.6440210335546649
0,0,0.0053448199835770885
1,1,0.9988374785360528
0,1,0.6562545687141546
0,0,0.00927019590867699
0,0,0.05483498199290765
1,1,0.9988854045693579
1,1,0.7307582107610042
0,0,0.01094335326465812
0,0,0.0058222128990280415
1,1,0.9993300639637892
0,0,0.014182452201693858
0,0,0.006205850971931588
1,1,0.5531363532532135
1,1,0.6721219392263172
0,0,0.006323876336278791
1,1,0.7394950960759038
0,0,0.005862412415392768
1,1,0.9990985301338754
1,1,0.7172480903336929
0,0,0.008214273763810266
0,0,0.008032276835796605
0,0,0.005478055321408857
0,0,0.00538667208365604
1,1,0.7413639311764283
1,1,0.7663416300694704
0,0,0.008374652346200091
1,1,0.9991479503154401
0,1,0.7144693809049344
1,1,0.9983919303425041
1,1,0.9992515718893665
0,1,0.6929167224025514
0,0,0.008654789831739151
1,1,0.5124951194522785
0,0,0.0049919437416754055
0,0,0.006826445892852592
1,1,0.6590816349137221
0,0,0.006501056391092236
0,0,0.0062288880659207785
1,1,0.6899965884307202
1,1,0.9987857695147069
1,1,0.9986731602174853
1,1,0.8608637536037609
0,0,0.008379567612595864
0,0,0.006323806564813824
1,1,0.9993308723240646
0,0,0.00779517317545926
0,0,0.005816244824445784
1,1,0.9948777462425791
0,0,0.0037250068087418754
0,0,0.3289078645408418
0,0,0.00497933470882545
0,0,0.009743038018316275
1,1,0.9972508500044027
1,1,0.9984738939597808
0,0,0.006726615200866952
0,0,0.0033612412357158523
1,1,0.7100014501013501
1,1,0.9974155035249127
1,1,0.8275236318790287
1,1,0.8109146088311776
0,0,0.0114520803909558
1,1,0.8134453095341194
0,1,0.6766237327361735
1,1,0.9988939649523987
0,1,0.6451967800544129
0,0,0.006558109099534184
1,1,0.7003122982173785
1,1,0.9989868372982055
0,0,0.006979562547821128
0,0,0.004974527172466473
0,1,0.7093852842929023
1,1,0.9989543089432298
1,1,0.5825898741576215
1,1,0.645405643203977
0,0,0.008247950904043668
1,1,0.9988360939276375
0,0,0.004769054612229493
0,1,0.7868071822101698
0,0,0.005220166522665916
1,1,0.7284464307124191
1,1,0.7626289023238063
1,1,0.9972204557296777
1,1,0.6847483660187327
1,1,0.9992393982301196
0,1,0.6753551800950006
0,0,0.006396537725395534
1,1,0.9992711254974976
0,0,0.0041487780578082
1,1,0.9982200959384763
1,1,0.997887625071046
1,1,0.7085470856556257
0,0,0.006148128630918989
0,0,0.006254232168281677
0,0,0.008141218867475661
1,1,0.7611174485895
0,0,0.005102696530066253
0,0,0.008586744774302896
0,0,0.008219340873305414
0,0,0.00666102016171096
0,0,0.0108655627703465
0,0,0.004918076775408047
1,1,0.9993532025453205
1,1,0.9990613442200391
1,1,0.6656796027003474
0,0,0.004495454710311146
1,1,0.9992777365692782
0,0,0.006378741972887783
0,0,0.004521794001737077
1,1,0.9983050964368397
1,1,0.7132012653312833
0,0,0.005292799954532741
0,0,0.006228871974602857
0,0,0.005218925276372232
1,1,0.679790401738377
0,0,0.004338437737044158
0,0,0.005330494225190642
0,1,0.8053975004853835
1,1,0.9983827873395282
0,1,0.5801618328697908
0,0,0.004624076614236386
1,1,0.9986771529551421
0,0,0.003733552941232157
0,0,0.004772521902348971
1,1,0.9989540299659584
0,0,0.007079718005647834
1,1,0.9983566347813351
1,0,0.005339239003610588
0,0,0.004778160970356683
0,0,0.0044643503583997116
1,1,0.7634108535794903
1,1,0.7075649660269794
0,0,0.004250672240020572
0,0,0.005171392538626435
1,1,0.9988946545472286
1,1,0.9989300423251489
0,1,0.5661928445051876
0,0,0.004502551529014483
0,1,0.7118375691151101
0,0,0.004890902436393812
0,0,0.0048645227305690935
0,0,0.007907487669286535
0,0,0.0032927472716524366
0,0,0.005169559566697298
1,1,0.7039992246406963
1,1,0.7770003090204579
0,0,0.005127386849606809
0,1,0.6486072670335112
1,1,0.6723179647160192
0,1,0.7392505945814529
1,1,0.6799792766213718
0,0,0.0030902426249980464
0,1,0.561853278258302
1,1,0.9988860923717322
0,0,0.00641091934581691
1,1,0.9987569365770723
0,0,0.005140679605921293
1,1,0.5671107624841638
0,0,0.009299339034351015
1,1,0.7561307917922334
1,1,0.7511925234466115
1,1,0.8050039732164526
0,0,0.007009861362627239
0,0,0.008094461444666514
0,0,0.005011983406087152
1,1,0.7062431346530592
0,1,0.7201702551418233
1,1,0.6787083419143666
0,0,0.003288863224022353
1,1,0.9990946729490303
1,1,0.9988720209909729
0,0,0.005033148780376575
1,1,0.8479358312544745
0,0,0.009487924026993113
1,1,0.9986057852546035
0,0,0.005127123011554255
0,0,0.007050480603054055
0,0,0.013072412910411911
1,1,0.999092398110131
0,0,0.006775568116203281
0,0,0.004980359672378668
0,0,0.007784283408063831
1,1,0.9984874459054028
1,1,0.9982281921244577
1,1,0.9993556414667374
0,1,0.6985156712819003
1,1,0.9982937909143278
0,0,0.004573769494343037
0,0,0.004366490366297325
1,1,0.7633991414286972
1,1,0.9475118365246945
1,1,0.6439118262777188
0,0,0.0045278735060903
1,1,0.9988298734180774
0,0,0.009122569537585733
0,0,0.005635547334602039
1,1,0.9990710729970045
1,1,0.9988329667895984
0,0,0.012852545709787123
1,1,0.9973996174323222
1,1,0.998368211884001
0,0,0.005478519445976237
1,1,0.7692240359489847
0,0,0.004860988348817449
0,0,0.006018877152612629
1,1,0.549965387957836
1,1,0.9988666483783608
1,1,0.7406556062551884
0,0,0.0066950775042294896
0,0,0.0076531963965744505
0,0,0.0033014516884803257
1,1,0.9986922103644584
1,1,0.9986739939706339
0,0,0.005179222622382441
0,0,0.006476663588793099
1,1,0.9973027740187884
1,1,0.9990626448967292
1,1,0.9990985997707068
1,1,0.7557481127352457
1,1,0.7860217519865648
1,1,0.7741105543945355
1,1,0.9983872328040395
0,0,0.005298980554245627
1,1,0.9987039531419292
1,1,0.9995159317970261
1,1,0.7686968742307013
1,1,0.9991578201651165
0,0,0.009816895447714297
1,1,0.9985506200362154
0,0,0.0077576517349307065
1,1,0.9985116464552395
0,0,0.005240546510139582
0,0,0.0048627011604708975
1,1,0.702257914222285
0,0,0.0063268367817978415
1,1,0.6618321032139336
0,1,0.6906268563726105
0,0,0.0073784100552570136
1,1,0.6871043688209736
1,1,0.9988412101868711
0,0,0.011626601167396243
0,0,0.008043898027413293
0,0,0.003714908196724825
1,1,0.9977952465459553
0,0,0.0044724934906256
0,0,0.0061288248092465705
0,0,0.005333824017536273
0,1,0.6104117164178325
1,1,0.9992435013667708
0,0,0.005603669194821039
1,1,0.6471252627263573
0,0,0.005543247321445759
0,1,0.6270873679805014
0,0,0.007378338657625225
0,0,0.004566481346565683
0,0,0.008066198832305178
0,0,0.00914213587937931
0,1,0.7141626893729858
0,0,0.007933447739538094
1,1,0.9989574534577208
0,0,0.005300779113679375
1,1,0.9987861868577312
1,1,0.998331659091345
0,1,0.7281863188683084
0,0,0.007732804072081428
0,0,0.00909144617077369
0,0,0.007569711909407137
0,0,0.006072073681482064
1,1,0.9975416450447551
1,1,0.9987249650609249
0,0,0.004986964371210128
0,0,0.00800213025869422
1,1,0.7358763795966967
1,1,0.9985782950397626
1,1,0.9993250569959666
0,0,0.010736903455213642
1,1,0.9987519652220274
0,0,0.042562572305112005
0,0,0.0028066621931899785
0,0,0.007533794704031293
0,0,0.005972645481111002
0,1,0.6614041876060178
1,1,0.9970410799240698
1,1,0.9985992979312794
0,0,0.005681800024711232
0,0,0.009122613080969321
0,0,0.006282862679761434
0,0,0.003991959254832546
1,1,0.9985856372427545
1,1,0.9985186202477427
1,1,0.9986200514058359
0,0,0.0045223941025414735
1,1,0.9990376789392871
1,1,0.9985963228282966
0,1,0.6307222896441861
0,0,0.005616237687239515
0,0,0.008280433833864167
0,0,0.008575332778246483
0,0,0.008212482670735528
0,0,0.007944452998712891
0,0,0.006509165126843064
1,1,0.7472201543044551
1,1,0.9988939876842314
0,0,0.006266806179455779
0,1,0.7702834481824168
0,0,0.006128827656383032
0,0,0.005976699026209762
0,1,0.5508301887337277
1,1,0.997980357539508
1,1,0.7767446928590014
0,0,0.007466118496020525
0,0,0.008239062968695181
1,1,0.99908736720883
1,1,0.9988936641754086
1,1,0.9989534725132408
0,0,0.008268347989677717
0,0,0.008268264933731086
1,1,0.9983678064610352
1,1,0.998383462046729
1,1,0.9985715351785895
1,1,0.9987952189703476
1,1,0.9977863781372659
0,0,0.007910961260083765
0,0,0.008083060463022335
1,1,0.6999523328371905
1,1,0.9991715508839918
1,1,0.9986244060832209
0,0,0.007728635933691163
0,1,0.6789402062743116
0,1,0.7339921475906238
0,1,0.6658159659001528
1,1,0.9988984145309151
1,1,0.998303474650616
1,1,0.7338523198945653
1,1,0.9976700257585048
0,0,0.025171771819419642
1,1,0.9987156245090827
1,1,0.998528714813867
0,0,0.009794323534313115
1,1,0.9988313118583342
0,0,0.005299536005822415
1,1,0.9977408328736018
0,0,0.028826344414019923
0,0,0.00747465581142353
1,1,0.6382318727635122
1,1,0.7944386975955098
0,0,0.004814114782728879
1,1,0.6077581680419266
0,0,0.004909745424073976
0,0,0.006022543438574526
1,1,0.9982844669901364
0,0,0.005725064848928309
0,0,0.0042640591171522356
0,0,0.004841631866214102
0,0,0.007825934555813948
0,0,0.008301185101851521
1,1,0.9988386024894532
0,0,0.0202403860482807
1,1,0.7961049732037818
0,0,0.008679147131297462
0,0,0.0062350517989211655
0,0,0.00935909141443086
1,1,0.9986485407046113
1,1,0.9973976722003702
1,1,0.9984387198013154
0,0,0.005434918170861326
0,0,0.006373891707143526
0,0,0.00585122377596151
0,1,0.6556358194809832
1,1,0.9990710560335918
1,1,0.9993859086977707
0,0,0.0074909595923408605
1,1,0.9988300686447892
0,0,0.006202049367313378
0,0,0.004317157206154723
1,1,0.9985126441059843
1,1,0.9983065954648993
0,0,0.005014148734725104
0,1,0.6397267888854249
1,1,0.9983725198690074
0,0,0.006502065566955711
1,1,0.6644459232282969
1,1,0.9982908577045109
1,1,0.9985241473693809
1,1,0.7544117243200624
0,0,0.005936241210761156
0,0,0.0061310351706372005
1,1,0.9986652288904249
1,1,0.9992712087152932
1,1,0.9985177581398849
0,0,0.005176943901622837
1,1,0.9975805125335847
0,0,0.010359792752016202
1,1,0.6787103010765756
0,0,0.005367446002155368
0,0,0.0028214157320694674
1,1,0.9974459817251282
0,0,0.00516681661563323
1,1,0.5278104899075611
1,1,0.9984825492589119
0,0,0.005789703123331357
1,1,0.9985770668778202
1,1,0.9988912201847124
0,1,0.5623217915912846
1,1,0.9986151329068872
0,0,0.008482146438075804
1,1,0.9978784796411779
0,0,0.004572034282546474
1,1,0.6439468753802996
0,0,0.00841542929114306
1,1,0.7555904041443816
1,1,0.7092918119565266
0,0,0.006618587181878296
0,0,0.00601403667036428
0,0,0.006415197157426585
0,0,0.003651528042195032
1,1,0.998624200134846
0,0,0.005013895843878718
0,0,0.0071776332055808086
0,0,0.008215483180898882
1,1,0.9985935759490011
0,1,0.6837966882990494
1,1,0.6685567277191447
1,1,0.9992875111360306
1,1,0.9969089138440138
0,0,0.005221312404362485
1,1,0.9987658401215007
1,1,0.658857323863931
0,1,0.7737518930952588
1,1,0.999060029770844
0,0,0.006998966430263918
0,0,0.0031612311076930117
0,1,0.75671071449971
0,0,0.00534187146123631
1,1,0.7522463893029008
1,1,0.9986462564429789
0,0,0.005917021389332582
1,1,0.9993003262972743
1,1,0.7964918425460801
1,1,0.9991684256706908
0,0,0.020745230678874408
0,0,0.006012358225702248
1,1,0.70654546675198
0,0,0.004332091468904882
0,1,0.688547703454226
0,0,0.005308047871808394
0,0,0.010072893927879946
0,0,0.007912467555115557
0,0,0.0034910117381729
1,1,0.7217799814836634
0,0,0.0472773019358518
0,0,0.006311574996157137
1,1,0.9991502740496558
1,1,0.8229048479299426
0,0,0.031642749316403505
1,1,0.9985852127154737
0,0,0.0061318917613973735
0,0,0.00602692413828496
0,0,0.006540986267043718
0,0,0.004379418726669748
1,1,0.7453620830289548
0,0,0.005341566685181151
1,1,0.8227544960080956
0,1,0.7430217795666997
0,1,0.7336796364894456
1,1,0.9992433348926902
0,1,0.8238036893987964
1,1,0.9983441719979657
1,1,0.9986526666891402
0,1,0.6787284611067576
0,1,0.6938924298682927
0,0,0.0067681457041148755
1,1,0.9993410016577909
0,0,0.0045214479917523405
0,1,0.6768507262710738
1,1,0.9985782096914736
1,1,0.9986745646870913
1,1,0.7483495024335993
1,1,0.9990948475193729
1,1,0.9990456061599792
0,1,0.7040559220794229
1,1,0.7029595923987337
1,1,0.7064933043803155
0,0,0.009812419447640065
0,0,0.0053071769325131095
1,1,0.9988504307884933
1,1,0.9974721730317089
0,0,0.004813376519806442
1,1,0.9985140043000293
1,1,0.9988920532915141
1,1,0.9985120927944543
1,1,0.9988688957306056
1,1,0.7692229142416412
1,1,0.6660510744374002
1,1,0.6897038413601791
0,0,0.0058989383681464225
1,1,0.7248393628891706
1,1,0.671662657125256
1,1,0.9991196611566563
1,0,0.0145271031387473
1,1,0.9991524501542863
1,1,0.7333495283817607
0,0,0.005823533499002565
1,1,0.670275625511356
0,0,0.0032909675092542244
0,0,0.007663199968444597
1,1,0.8373826078738157
0,0,0.007909049396116401
1,1,0.7787862391368786
1,1,0.670957972440302
1,1,0.7692355790686598
0,0,0.004538345891880111
0,0,0.0052611626840681535
1,1,0.997906592030612
1,1,0.7280938619669272
1,1,0.739990099514073
0,0,0.04094185162502262
0,0,0.005881205888789139
1,1,0.998609405842649
0,0,0.007097398209005542
0,0,0.005839158162879122
0,0,0.006276278511334339
1,1,0.7547859687267158
1,1,0.7675913373878974
1,1,0.6697140470524957
0,0,0.00507627719104449
0,0,0.005225030131863581
1,1,0.8191453583935726
1,1,0.9986963620913759
0,0,0.006387608876471815
1,1,0.998552201253402
0,1,0.8604641126304283
0,1,0.6284282902650854
1,1,0.9984813870155251
0,0,0.006285453440849909
0,0,0.005824320779287228
0,0,0.009917479293177213
1,1,0.7861543652468805
0,0,0.007680546997580376
1,1,0.9985518298060733
0,1,0.66089627592714
0,0,0.027042026660985242
1,1,0.9983059465650462
1,1,0.7943473356492423
0,0,0.004786536760782294
0,0,0.004975729979299041
1,1,0.999393743240269
0,0,0.0079413787600291
0,0,0.004952661523799535
1,1,0.998505409397594
0,0,0.00971825579146889
1,1,0.8292900114074038
1,1,0.9993555224488859
1,1,0.6797902004756127
0,0,0.006215612389164512
0,1,0.7173462304138132
1,1,0.6782098803004699
0,0,0.006666168059422282
1,1,0.7011262717460357
1,1,0.9986138622901017
0,1,0.8119391444912798
1,1,0.8128685613337642
1,1,0.5720459658257345
1,1,0.9978796254715561
0,0,0.006685757427534622
1,1,0.6730921890799763
1,1,0.9977895122235823
1,1,0.9985626964352987
0,0,0.006132988115665635
0,0,0.00446846201788945
0,0,0.0067354358931291
0,0,0.004238740651683642
1,1,0.9956993485632227
0,1,0.940631244008595
0,0,0.004853258849833763
1,1,0.99848152971698
0,0,0.004811092569011466
1,1,0.9984053901233139
0,0,0.00513462275361129
0,1,0.6439093045851649
0,0,0.0050740077055845476
0,0,0.003765240546094616
1,1,0.9991470983983529
0,0,0.005386118845381384
1,1,0.7590346668245661
0,0,0.005929164185965249
0,0,0.005013722751922687
0,0,0.005229240228151265
1,1,0.8036865809347652
1,1,0.9989407494213534
1,1,0.8145333975982734
1,1,0.9987272035280614
1,1,0.9979037692237053
0,1,0.7709311658788305
0,0,0.047872928647831915
0,0,0.005808347279057405
1,1,0.9979070920525482
1,1,0.9980376339076397
0,0,0.009759783499260394
0,0,0.010927360558570343
1,1,0.7251647513316728
1,1,0.9991105282776933
0,0,0.006620622430832832
0,0,0.00782310525250171
0,0,0.0086950127284394
1,1,0.6348363323648705
0,0,0.00848803555856702
1,1,0.9985110703349557
0,0,0.009262543250744963
1,1,0.998598510713172
0,0,0.006391243568675086
1,1,0.7621945862135675
0,0,0.00915745550248769
1,1,0.9985428618438525
1,1,0.7551123122268778
0,1,0.6262975902224257
0,0,0.0062620451280637
1,1,0.9988805134277211
1,1,0.9990816480535144
1,1,0.9985452250703342
0,0,0.0030866829438228505
1,1,0.9988694329854577
1,1,0.9986675744064105
1,1,0.7920690980197442
0,0,0.009725211468156686
0,0,0.006277936063427696
1,1,0.9989248650936623
1,1,0.9991634551135928
1,1,0.9991516837714282
1,1,0.9979727984611004
1,1,0.9978829852721673
1,1,0.6228965479456507
1,1,0.9989152647673317
1,1,0.6629473398394121
0,0,0.010236003523758985
1,1,0.9986100214698334
0,1,0.6752118818958668
0,0,0.005860207091468961
0,0,0.0026266367762653366
0,0,0.011004873051402405
1,1,0.9985669524186781
0,1,0.819041473415447
1,1,0.8222360541440968
0,0,0.0473124131992083
0,0,0.0062140949203044905
1,1,0.6786987562746102
1,1,0.9983788683874397
1,1,0.7613925384985933
1,1,0.8178642087591179
1,1,0.9983870035531441
0,0,0.004149155720849582
0,1,0.8101802670603268
1,1,0.8286257809076029
0,0,0.0049621467287374625
1,1,0.9986168307682162
0,1,0.753612032880471
1,1,0.8367890909674393
1,1,0.997424065250888
0,0,0.005410664079016908
1,1,0.7345908725289081
0,0,0.0060970879109661456
1,1,0.9990562464966684
0,0,0.005944188514682266
1,1,0.8349832056126902
1,1,0.9988499203797331
1,1,0.7029496852681816
0,0,0.004548187679424566
1,1,0.9992890545997158
1,1,0.9986742737430252
0,0,0.00551636011962675
1,1,0.9991001211457337
0,0,0.007864983156760316
1,1,0.9994015502791718
0,0,0.004253215410486208
1,1,0.7482068507668176
1,1,0.9988641824019088
1,1,0.9991683360169763
1,1,0.6267370847353536
0,0,0.006940008180240982
1,1,0.6898173931565437
0,0,0.006618028199978631
1,1,0.9988190700937877
1,1,0.7624132553483002
0,0,0.006128862926465581
1,1,0.9990940009226431
0,0,0.005300778972143583
1,1,0.7608016556521039
1,1,0.6344360067654781
1,1,0.6811613922010656
0,0,0.007068898249181971
1,1,0.9974157593760178
1,1,0.9974157445831912
1,1,0.9975190821218145
0,0,0.008790004550747008
1,1,0.9973935867672301
1,1,0.7688864668772674
1,1,0.9969854749360566
0,0,0.011550865024381084
0,0,0.005943110783665859
1,1,0.9990998352498561
1,1,0.9983048296883076
0,0,0.0032894442450766355
1,1,0.9986282042437739
0,0,0.01016493042689905
0,1,0.6723933927560539
0,0,0.007482331658251142
1,1,0.7815181895680653
1,1,0.9988984379910886
0,0,0.005218891018948045
0,1,0.7666068534846849
0,0,0.005180194590801686
0,0,0.004967806511483698
0,0,0.006293779232257446
0,0,0.002855613027820244
0,1,0.7390140024429485
1,1,0.9986893581409358
0,1,0.661093279437359
0,0,0.0027950548269214436
0,0,0.007597111822516705
0,0,0.004986770413407829
0,1,0.7071352797643624
1,0,0.055885780639512994
0,0,0.00319859238464377
1,1,0.6980606393929965
1,1,0.718895204087316
0,0,0.0047870586808362
0,1,0.6582759703594713
0,0,0.004964225494824576
1,1,0.9978757853248501
0,1,0.7250454263571691
0,1,0.7533290483889079
0,0,0.006651597707170421
0,0,0.004036779711668334
1,1,0.9979358840267553
0,0,0.005294887605093223
1,1,0.9989727874713176
0,0,0.0042877643368113465
0,0,0.005390862373754007
1,1,0.7642231515938365
1,1,0.9977825661407295
1,1,0.7446187143938552
1,1,0.9977145882752756
0,1,0.6797652779242748
0,0,0.004909830840647423
0,0,0.00451354996126628
0,0,0.00655815684506785
1,1,0.9985756065545957
1,1,0.7624406752122582
1,1,0.9988197467157923
0,0,0.003329158379587487
0,0,0.006365017150117612
1,1,0.9991206250477541
0,0,0.006005612955904665
0,0,0.043095471565975964
1,1,0.9981570537791729
1,1,0.7635788251881541
0,0,0.010837852433202356
0,0,0.008695629645124488
0,1,0.6729347519465784
1,1,0.6907131177936707
0,0,0.007723142794800934
0,0,0.010724989082503444
1,1,0.9987396552766719
0,0,0.005503393431783842
1,1,0.9952760056136214
0,0,0.006391201999667205
0,0,0.004840427029663086
1,1,0.9985382601789038
0,0,0.004248227845892502
0,0,0.004176474507669375
0,0,0.006726398463303585
1,1,0.9977653971622962
0,0,0.006992094935898339
1,1,0.9989955127175567
0,0,0.0715602727768163
1,1,0.9991772501673298
1,1,0.6613158814637417
0,0,0.004520188983703611
0,1,0.7548872872914419
1,1,0.9985865326263259
0,1,0.6841151388386916
0,1,0.7958305232086028
1,1,0.850078755958509
0,1,0.7242720995032135
1,1,0.6649863961958442
1,1,0.813375151114867
0,0,0.00772641255332032
0,1,0.5700903538935284
0,0,0.008385961402616713
0,0,0.006206223159035752
0,0,0.05566505755184279
0,0,0.0043015466783643715
1,1,0.6693543173769626
0,0,0.004953013789268801
0,0,0.004262025849008348
1,1,0.9972602947225824
0,0,0.006706278176604381
1,1,0.9982217144463633
1,1,0.6797745137386261
1,1,0.9985770264582418
1,1,0.699892545945764
1,1,0.9972724647770312
0,0,0.006729074465258443
1,1,0.9984812830596109
0,0,0.006368379646373521
1,1,0.9988875686693807
0,0,0.005163300988269686
0,0,0.005606635441151853
1,1,0.998568731948157
1,1,0.9970901106354333
1,1,0.9974048351031469
0,0,0.009202764894994133
0,0,0.03144720408350426
1,1,0.7361583683443513
1,1,0.9978498704488065
1,1,0.999130773611553
0,0,0.00675684271475443
0,0,0.007460595597070238
0,0,0.0031064613104155618
1,1,0.7511254126754364
0,0,0.003093386167659874
1,1,0.9985174338197085
0,0,0.321346940478408
0,0,0.0036280687001642243
1,1,0.8069689356379585
0,0,0.007868729961048159
1,1,0.9987002179371172
0,1,0.6293671365031146
1,1,0.9985320756742364
1,1,0.7024770566345478
1,1,0.9985662107601442
1,1,0.9988944293332416
1,1,0.9992547893896521
1,1,0.9988935524476791
0,0,0.0042781626929152584
1,1,0.9986061623582413
0,1,0.5528386582100823
0,0,0.0060093024977263465
1,1,0.9986656963883165
0,0,0.00827816461571659
0,0,0.006600078670554293
0,0,0.0030866831503248465
1,1,0.9985672162475825
1,1,0.7677717680950894
0,0,0.006360712091389434
0,0,0.007905497506633821
1,1,0.9987742877356701
0,0,0.007056721770885575
0,0,0.006378005646138765
1,1,0.9991145252649285
0,0,0.00746526172420161
1,1,0.9987530369388387
0,0,0.00332676168179041
1,1,0.6333923388475615
1,1,0.9989079825419728
0,0,0.009309544078991788
0,0,0.004974430481259231
1,1,0.7039657710817276
1,1,0.6641017073095102
1,1,0.6820139497628253
0,0,0.005434877340586257
0,0,0.005372169739259263
0,0,0.004222903842189467
1,1,0.9976340481738583
0,0,0.009696085595072157
1,1,0.9993712030748628
1,1,0.9981071665098575
1,1,0.7195754281442555
0,0,0.004332067670852082
0,0,0.0032349516375214083
0,0,0.006522045266534904
1,1,0.9986026900518773
1,1,0.5513333099843921
1,1,0.9986829981839188
0,0,0.007742682596582426
0,0,0.0031532495478976057
1,1,0.7252732765912557
0,0,0.005013819324098125
1,1,0.9983919298458697
0,0,0.00637841989377926
0,0,0.006736403164789968
0,1,0.7307457099365889
1,1,0.998372017516513
0,0,0.004909729944664093
1,1,0.997975615999972
1,1,0.9986060085765818
0,0,0.03742523554010107
0,1,0.6724551732754703
1,1,0.681396495560084
0,0,0.006704060883115553
1,1,0.9990747252103049
0,0,0.00824124161060502
0,0,0.0060364159856186
1,1,0.998828971902344
1,1,0.9992448018450898
1,1,0.9978231878038215
0,0,0.005898748786565773
1,1,0.7561310836345958
0,0,0.006154185825073241
0,0,0.006134222977747533
1,1,0.9985377925484628
0,0,0.006569687772663683
0,0,0.006119337866027638
0,0,0.006693384651848278
0,0,0.008212987558686411
0,0,0.0027237178516522145
1,1,0.8299684728552654
0,0,0.003158034761406864
1,1,0.998874357030789
0,0,0.006658627041931639
0,0,0.00560984972909573
1,1,0.7653695621161348
1,1,0.7360229453509397
1,1,0.9990502214205426
0,0,0.005050974931636966
1,1,0.7860214739676096
0,0,0.004927870094824116
0,0,0.008479255222948831
0,0,0.00806598741162144
1,1,0.764295661468267
1,1,0.6380712628854118
1,0,0.010240310511429247
0,1,0.6665126181050258
1,1,0.7241677616215486
0,0,0.006301420085151229
1,1,0.9985457002201221
0,0,0.015162412853046257
0,0,0.005346662275031945
0,1,0.6804324485461627
1,1,0.9990532365163091
1,1,0.725726669785709
0,0,0.0031782546633070284
1,1,0.6625521402680852
1,1,0.7478256400331987
0,0,0.0033264673565794236
0,0,0.006437285598822458
0,0,0.01077283137850825
1,1,0.999017933595848
1,1,0.9993679991843422
1,1,0.9984813385574451
0,0,0.005002063236479219
1,1,0.997490048715551
0,0,0.004540035249638035
1,1,0.9979400222413868
0,0,0.008655343227044893
0,0,0.006470897931902261
1,1,0.9987620661923612
1,1,0.7741239217987942
0,0,0.006824188719926817
0,0,0.006276382171953481
1,1,0.9985874528684934
0,0,0.006415109606473893
0,0,0.009209040161011048
1,1,0.6930396923691341
0,0,0.006055197716042488
0,1,0.8107488982360326
0,0,0.007792968549981682
0,0,0.006507845429709862
0,0,0.006315987487815764
1,1,0.6748346346441324
1,1,0.998496273457017
0,0,0.005160050426256394
1,1,0.9987967708887896
1,1,0.9992375761822786
1,1,0.9989173217020465
1,1,0.8375248825279427
0,0,0.005247022440434705
1,1,0.9972200315004429
1,1,0.8301505882365816
1,1,0.9988526200389227
0,0,0.005965538708087467
1,1,0.9972243276037827
1,1,0.8110423566615531
1,1,0.7981749034602168
0,0,0.006181127417110339
1,1,0.9975352842423072
0,0,0.008353836609554815
0,0,0.00861055212022244
0,0,0.0065070344682633405
0,0,0.005135644604423037
0,0,0.007513216717126335
0,0,0.004548188032448354
0,0,0.009236757445866611
1,1,0.7181448929604012
0,0,0.005129119669940252
1,1,0.9970414364028626
1,1,0.6890303622142521
1,1,0.9986724145175104
0,0,0.010466555847705252
0,1,0.7266722319324825
1,1,0.9991960914752072
0,0,0.007846351275431084
1,1,0.9985370454986803
1,1,0.9977953580162372
0,0,0.006373901321895286
1,1,0.9989429971883753
0,0,0.007448187403338256
1,1,0.9976729657548066
0,0,0.004985945813694118
0,0,0.004484385304180291
0,0,0.0054460848076742984
1,1,0.7280924268244527
0,0,0.00545063725644101
1,1,0.9982781310662272
0,1,0.5903903489068074
0,0,0.014487332965195767
1,1,0.9986344245910945
1,1,0.9988427964015459
1,1,0.9988984594377255
1,1,0.9987443879182006
0,0,0.011402731818580524
1,1,0.567732044435575
1,1,0.7616430620417145
1,1,0.9994239360474482
1,1,0.9991660171815954
1,1,0.569666074434401
0,0,0.007504223725046319
0,0,0.005138599194704036
0,0,0.006654500027027193
1,1,0.6837957775753523
0,0,0.006215506326890638
1,1,0.9982752028154716
0,0,0.0034914412346544587
0,1,0.6913836553457758
1,1,0.7895152515297087
0,0,0.0070466679640637355
1,1,0.9979268974534368
1,1,0.9987910501539234
0,0,0.006443610435392286
1,1,0.9991203642829436
0,1,0.764858535911733
1,1,0.9555930075319992
1,1,0.9984769257006343
0,0,0.004826047252312921
0,0,0.006370734594359253
0,0,0.005922490168089125
0,0,0.006029278267071943
0,0,0.009749161765458826
1,1,0.9992373112438031
1,1,0.9985541063199042
1,1,0.9988913937423808
1,1,0.9961486424414006
1,1,0.6868453459875268
1,1,0.9975273955977211
0,0,0.006830911621654379
0,0,0.004391886752885386
1,1,0.6723180210373405
0,0,0.0051573038477300895
1,1,0.998594451445956
1,1,0.9990133114180685
0,0,0.009221094838132002
0,0,0.015681013200379037
1,1,0.6787208628908415
1,1,0.999064683727817
0,1,0.7555898285197664
0,0,0.005738440690149684
0,0,0.009192399551337386
0,0,0.0026264703310568747
1,1,0.761642849400025
1,1,0.6681107228658505
0,0,0.009066601060062471
0,0,0.042765076265449016
0,0,0.004909551219909059
0,1,0.8050798834160114
0,0,0.007440013545147347
1,1,0.6988937322469069
0,0,0.009722594939169703
1,1,0.997888889561457
1,1,0.9407598902736144
1,1,0.9979734742754764
1,1,0.796566370416952
1,1,0.9992087162222372
0,0,0.006275993654203385
0,0,0.010767382849937758
1,1,0.9992469237571833
0,0,0.0049115537276618985
1,1,0.9986677385612283
0,0,0.003247045391795539
0,0,0.0061241657158359174
1,1,0.9975352934081372
0,0,0.004991963685278875
0,0,0.004546930760185916
1,1,0.7533704798484719
0,0,0.0068588968995335845
1,1,0.9981652421444817
0,0,0.004941808442033902
1,1,0.6765761375771953
1,1,0.6799795649305647
0,0,0.008575333278147532
1,1,0.6999057908363279
0,0,0.009695730837505995
1,1,0.705027550923551
0,0,0.004805819708522686
0,0,0.004758642198990464
1,1,0.7152071213201797
0,0,0.0042771113316699685
1,1,0.9994895498647219
0,0,0.00911401836650824
1,1,0.9990973513141503
0,0,0.006487606040027034
0,1,0.7234201796875932
0,0,0.00508441319901771
1,1,0.7873006142019684
0,0,0.0028014859418730156
0,0,0.006415213933386012
1,1,0.9985541920827259
0,0,0.05816237982883473
1,1,0.6878050095046135
0,0,0.005986589185033653
1,1,0.9982655113768912
1,1,0.9993261947600109
1,1,0.7862042410548984
0,0,0.012171855712724902
1,1,0.7206425760931767
1,1,0.6704056260464488
0,0,0.006089743653763761
0,0,0.0069417483501173945
1,1,0.6817030618398775
1,1,0.9985966851643094
0,1,0.8126275266298337
1,1,0.7149867232315021
0,0,0.006654678181514624
0,0,0.0062122790066493115
1,1,0.9983775615919794
1,1,0.6283414904433231
0,1,0.6788571668967412
0,0,0.004988554539591983
1,1,0.9989429976371453
1,1,0.9985665833332888
0,0,0.0045466650397212455
1,1,0.9990428602010583
1,1,0.7639986989773103
0,1,0.6853467825677816
1,1,0.998917197933509
1,1,0.9989033495438979
0,0,0.008250532285267105
1,1,0.9989324542229054
0,1,0.7549360771769635
0,0,0.007887088917777549
1,1,0.999010579537198
1,1,0.7789467762092709
1,1,0.999049706267344
1,1,0.7687104041036273
1,1,0.9986457843009313
1,1,0.9990886932169745
0,0,0.008273701590767082
1,1,0.70061436550769
0,0,0.009666437306050032
1,1,0.7987351183991265
0,0,0.004864527697331703
1,1,0.6092334904035132
0,0,0.005966257039671379
0,0,0.003943738006515134
0,0,0.004967714959716905
1,1,0.9983919285355336
1,1,0.9985130338712669
0,0,0.0060624737549157355
1,1,0.9989972618009669
1,1,0.999110939099454
0,0,0.0065595414130741785
0,0,0.00461348859602166
1,1,0.7248224279814915
1,1,0.9976721612319729
0,0,0.00583175424786013
0,0,0.006043927811154426
1,1,0.7577816651288978
1,1,0.9985232410804549
1,1,0.7667205145526986
1,1,0.9989186568849381
0,0,0.0033332852416597847
1,1,0.9984815316831163
1,1,0.9985608641105561
0,0,0.005106811750069006
0,0,0.0075540256662338595
0,0,0.005308047075427347
0,1,0.6008221205559601
1,1,0.999271112960954
0,0,0.005632845216534427
0,0,0.008337639884671195
1,1,0.9988781488884309
1,1,0.9976266510095272
0,0,0.005707911783226747
1,1,0.9986785307150013
0,0,0.005313678306564453
0,1,0.6743634270735688
0,1,0.7188365078854412
1,1,0.8002214767952825
0,0,0.0032467928467276334
0,0,0.010305523373699907
1,1,0.8289904640527387
1,1,0.763212365878567
0,0,0.004981690378599057
1,1,0.997415505401467
1,1,0.6463143175217817
0,0,0.008132995924685084
0,0,0.004541546143799581
1,1,0.7670770713663368
1,1,0.6820142262385896
1,1,0.9991775024756359
1,1,0.998569185547168
1,1,0.7533708272756644
1,1,0.6711395330907581
0,1,0.7848427723006786
1,1,0.7300692129836438
0,0,0.007246016598739933
0,0,0.009147733485732888
1,1,0.9985311458635928
1,1,0.7307592104578076
1,1,0.9989253028790067
0,0,0.005980936264479463
0,1,0.7183361542584169
0,0,0.020475788166564653
0,0,0.011522864464052896
1,1,0.9991058888264552
1,1,0.8210322126771097
1,1,0.8502257737188234
1,1,0.9991070469824147
1,1,0.6268686433424016
0,1,0.7045025389251711
1,1,0.6914531059208564
1,1,0.9988716689600099
1,1,0.9990503971251479
1,1,0.670207217270762
1,1,0.9993712044768068
0,0,0.014370097499892506
1,1,0.9983641633923284
0,1,0.6115607744046059
1,1,0.9973258700827052
1,1,0.9990065551483368
0,1,0.6347805577892834
0,0,0.0050343806460662385
0,1,0.644100039148719
1,1,0.9986681014153209
1,1,0.7850568945969514
0,0,0.007028749473215634
0,0,0.006509146855863595
0,0,0.00570249120676517
0,0,0.005790221451539285
0,0,0.005039758901803586
0,0,0.014490172936618372
0,0,0.009828362537275136
1,1,0.9990936818912074
1,1,0.9985602707749838
1,1,0.9977033262291315
1,1,0.9992636465567802
0,0,0.005016133529666987
0,0,0.008648069091626152
1,1,0.7860220723225526
1,1,0.9990777565593362
1,1,0.9979288255501777
1,1,0.9974411810575916
0,0,0.006622236345134075
1,1,0.9988223124047063
0,0,0.007609658471420905
1,1,0.998302863030932
1,1,0.9993539481310485
1,1,0.9987287089252185
1,1,0.9989445636675695
0,0,0.005105358211564775
1,1,0.9988359598822223
1,1,0.9990893726211609
0,0,0.006786279915539191
1,1,0.7828290293715091
1,1,0.9983129147053297
1,1,0.9983733157210207
1,1,0.67816645454584
1,1,0.9993647773460869
1,1,0.9989588263792099
1,1,0.7583848140365741
1,1,0.9993590010449734
1,0,0.007847559508647933
0,0,0.009304487735264108
1,1,0.7636902404426129
1,1,0.7860225779080603
1,1,0.9985808450844577
0,0,0.004985170534616063
1,1,0.9982498217917032
0,0,0.004949485344906131
0,0,0.004262254901286064
1,1,0.9970585894072526
1,1,0.9986279426437678
1,1,0.9992777416096988
0,1,0.516988581416984
1,1,0.9991715766427212
0,0,0.0076541865739536185
0,0,0.005262516237151128
1,1,0.9985806623861514
0,0,0.008451011851322902
0,0,0.0042781657086287525
0,0,0.005001362796018877
0,0,0.0051773023453287915
1,1,0.7104384640351717
0,0,0.006793399416238148
1,1,0.8380508863497067
1,1,0.998762584128437
1,1,0.8013088936664505
0,0,0.005601217950371788
0,0,0.006232281961880493
1,1,0.9974526708356437
1,1,0.9993308799826296
1,1,0.8299684133273657
0,0,0.005977103906497217
0,0,0.0033333393178763236
1,1,0.9986190636396208
1,1,0.6739339570399864
0,0,0.05747187625668297
0,0,0.004752274826041693
0,0,0.006721952714257204
0,0,0.007956300876123092
1,1,0.717863748012295
0,1,0.6718688239692587
0,0,0.0076452130359895495
0,0,0.00451113624525522
1,1,0.9989429719248984
1,1,0.9988377626787495
1,1,0.7373876112942858
0,0,0.010465676176914334
1,1,0.7608490203750321
1,1,0.9980027939733994
0,0,0.007858675043121946
1,1,0.9993859070825248
0,0,0.003465840914710963
1,1,0.9992396830314437
1,1,0.9990921250224559
0,0,0.0063133419500777934
1,1,0.9993806025356806
1,1,0.7195762153139003
1,1,0.9988504308655501
1,1,0.9990664646541619
0,1,0.6800792276667436
0,0,0.005304663120105241
1,1,0.804884755129143
1,1,0.6584231386836675
1,1,0.8222359876312146
1,1,0.6365832252990631
1,1,0.9985377925428638
1,1,0.9993657847580576
1,1,0.9991210981301535
1,1,0.9986086680755729
0,0,0.004751229566425708
0,1,0.8000275411304616
1,1,0.7860214749350689
1,1,0.9982553835351433
1,1,0.9991029211511886
1,1,0.9991208822041043
0,1,0.7244343618211685
1,1,0.9993978750036658
1,1,0.9990124565348704
0,0,0.005929202647221358
1,1,0.6781587948770822
1,1,0.772045751467468
1,1,0.8144514476488818
0,0,0.007701242262916095
1,1,0.5770828549214593
0,1,0.5572958406994591
0,0,0.006295601501035529
1,1,0.9995240337475837
0,1,0.7524947942217288
0,0,0.004508660644799468
0,0,0.004879995187912078
0,1,0.7359872899068151
0,0,0.004346727787877085
0,0,0.006654676664788317
1,1,0.9988232305965392
1,1,0.9990577114912053
1,1,0.9988316090631877
0,0,0.005013896341274902
1,1,0.7583868451148638
0,0,0.004969616155492841
0,0,0.00691800531454468
0,0,0.005164885550707355
0,1,0.7163407012454629
0,0,0.003712808353594227
0,0,0.005521977415987937
0,0,0.008066005512042737
0,0,0.004967721984765695
1,1,0.6943669063586266
1,1,0.9984325931042582
1,1,0.9987256729429826
1,1,0.9984481317233098
1,1,0.6813964729899294
0,0,0.004485373932584821
1,1,0.9990504832487213
0,0,0.007559661531354904
0,0,0.005948281436826406
1,1,0.9990903300176348
0,0,0.007674957197339013
1,1,0.5764184038096204
0,0,0.006616693354328024
0,0,0.0033644569971418995
0,0,0.004952645871961347
0,0,0.00822808891739423
1,1,0.6700361656621285
1,1,0.9986881618370256
1,1,0.99862199822615
0,0,0.004783425951375321
0,1,0.7210531199333764
0,1,0.7232507267160961
0,0,0.00501580227132079
0,0,0.008951465620535882
1,1,0.9990934986683286
1,1,0.9972848110897835
0,0,0.006509234058849562
0,0,0.004907214358544097
0,0,0.0031559439853849364
0,0,0.008096585402795805
1,1,0.9988015528647417
0,0,0.010771274503683972
1,1,0.9990043109936665
1,1,0.7989820406002333
1,1,0.9978824803094912
1,1,0.7691986140250384
0,1,0.8124693612893925
0,0,0.005289576561939462
0,1,0.6701975595330452
1,1,0.9987609123030692
1,1,0.99870308791231
1,1,0.7944377241784364
0,0,0.0033418121102467705
1,1,0.8210326390366898
0,0,0.006062784482701066
0,1,0.5472808114321235
0,0,0.01134571525618292
1,1,0.9987496827792405
0,0,0.06294780510528297
0,0,0.007815169770799667
1,1,0.9988973235855864
0,0,0.0052251748718332765
0,0,0.005200649193800454
0,0,0.010482304860810508
0,0,0.0062837038550323234
0,0,0.00670036975428782
0,0,0.00567395419845848
0,0,0.009789140372005171
0,0,0.006619678138135865
1,1,0.9985299150337488
1,1,0.9989362905438814
0,0,0.007933424580369141
0,0,0.004897831682896237
0,0,0.004091011299382162
0,1,0.6687801772154945
1,1,0.9993858958177874
0,0,0.0030805374032371233
0,0,0.0063979689462873865
1,1,0.9986190697692526
1,1,0.9988077940955127
1,1,0.9989044873312269
0,0,0.00783156574241676
0,0,0.005435916755264362
1,1,0.8129070711672288
0,0,0.005652141565002969
1,1,0.9982966978258919
1,1,0.9985745022576467
1,1,0.9987507599876311
1,1,0.7005504870857842
0,1,0.7701156598010724
0,0,0.004262249591116644
1,1,0.9982861846150755
0,0,0.010522086772042413
1,1,0.9992071117671949
1,1,0.9984369854203997
0,0,0.006266300674402483
0,0,0.002768939655667786
1,1,0.997189296448341
0,1,0.6317857013003692
0,1,0.762966185083053
1,1,0.7528815377701384
0,0,0.00406510825845853
1,1,0.629495768624735
0,1,0.7573101502205839
0,0,0.0028799626650496996
0,0,0.012993568735275964
0,0,0.0028587093827333494
1,1,0.9990936844663378
0,0,0.005050077262135131
0,0,0.013171802341731476
1,1,0.9989955126976748
0,0,0.00635814577433137
1,1,0.719575752882527
1,1,0.9985971501818252
0,0,0.004923426531651251
0,0,0.012967169115539981
1,1,0.9990988699829678
0,0,0.0069673309543012525
0,0,0.0063017316342913925
1,1,0.9975240206781562
1,1,0.9988633035040586
1,1,0.9989492719632836
1,1,0.9985067937632129
0,1,0.717652378435412
0,0,0.006215616764709497
0,0,0.00788196894260901
1,1,0.9987456467796892
0,1,0.6778935076393288
1,1,0.9986133811689815
1,1,0.763001074967297
0,0,0.004887889450898829
1,1,0.9983597877743569
0,0,0.006601512221057958
1,1,0.8235262464549061
0,0,0.0065246236590119225
0,1,0.7533293715085655
0,0,0.0059803399325644956
0,0,0.005281653430910839
0,0,0.0052964409422614584
1,1,0.9988190819036048
0,1,0.6698599482584949
0,0,0.012985249371937999
1,1,0.9987927173471802
1,1,0.7003123655537755
0,0,0.005048699033547888
0,0,0.00678760249375079
0,0,0.005117367566458822
1,1,0.6799962569667836
1,1,0.9990600492203093
1,1,0.9988629413736804
1,1,0.6759689007911605
0,0,0.005053413677552631
0,0,0.006233415463642861
0,0,0.006769186145409097
1,1,0.6805505239887911
0,0,0.006590574134590565
0,0,0.0031762562821673382
0,0,0.006619133803200914
1,1,0.9986580341310577
0,1,0.6847568408296733
0,0,0.006343969924781879
0,0,0.002823640422532868
0,1,0.6781902764559159
1,1,0.675745754457167
1,1,0.9979640417604422
1,1,0.9990418653622029
0,0,0.004772381925200358
0,0,0.0050120250909382906
0,0,0.008457931286646462
1,1,0.9978921591152942
1,1,0.999196423001853
1,1,0.997881104702679
1,1,0.9959150685739481
1,1,0.7089444227957991
0,0,0.011611824244229536
0,0,0.007118543372012589
0,0,0.0035438737780921835
0,0,0.006825570151858137
0,1,0.7849905596883598
1,1,0.6646942129786872
0,0,0.008655601982471537
1,1,0.7155438285934439
0,0,0.005921327047036851
1,1,0.7473418506558774
0,0,0.006640429476648477
1,1,0.9988983544936169
1,1,0.9984602196778329
1,1,0.7049125671502585
0,0,0.010940731859400647
0,0,0.007728661321273211
0,0,0.004229573477128437
1,1,0.6592394995212021
1,1,0.9988396159314339
1,1,0.717039767122563
1,1,0.9993701982436796
0,0,0.00705371303076975
0,0,0.002868398842891948
0,0,0.002810013222279502
0,0,0.004610510922917282
0,0,0.008146639390106796
0,0,0.005010524472496716
0,0,0.006426813164302333
1,1,0.6971644071970019
0,0,0.008500376186817434
0,0,0.00814481025925131
0,0,0.006378118494684441
0,0,0.0064756916028860575
0,1,0.706050077898153
1,1,0.6838525112048651
0,0,0.006657186451875262
0,0,0.008212487581441434
1,1,0.7555903277006656
1,1,0.9990664628017161
1,1,0.9983977377935999
0,1,0.6483157741079987
0,0,0.005062876461984141
1,1,0.9986734088556238
0,0,0.0053112248457085
0,1,0.6238348046510599
0,1,0.6981463575804664
0,0,0.006976467244880355
1,1,0.9990916526395047
1,1,0.9993991709285347
0,0,0.005596851005018347
0,0,0.006628718199968405
1,1,0.734133641602994
1,1,0.703998240058259
1,1,0.5862477990921392
0,1,0.7529320027099387
1,1,0.9986330299001953
1,1,0.9984209324537549
1,1,0.998609990056338
0,0,0.006524718561972313
1,1,0.9968962548601681
0,0,0.008092411476728203
1,1,0.6447699376947814
0,1,0.6641459655593829
1,1,0.690518123110267
1,1,0.9987365694298076
0,1,0.6788777866417004
0,0,0.0031580491164136595
1,1,0.999098853108755
0,0,0.00577163603413368
0,0,0.006358119049982199
1,1,0.9989477852157476
1,1,0.8178438853130083
0,0,0.004273016782006147
1,1,0.9990932787874368
1,1,0.7206585426867391
1,1,0.9978872171868425
0,0,0.005884757711046766
1,1,0.9990625563752693
1,1,0.9985321484689854
0,0,0.004973957574139585
0,0,0.005966267627298416
1,1,0.7195755646340916
0,0,0.004965472118406461
0,0,0.006119508475880366
0,1,0.7845389068400457
0,0,0.006858036683231477
1,1,0.9986559545852826
0,0,0.006021076678280432
0,0,0.004248684889882977
1,1,0.8304676424484676
1,1,0.9978677153761206
1,1,0.9982967090047133
0,0,0.010907663809372652
0,0,0.00427744664440267
0,1,0.7018636612844781
1,1,0.9987939879075097
1,1,0.9985897675243081
1,1,0.8328849167257675
0,0,0.007654196525755901
1,1,0.9991112461404813
1,1,0.726195460734796
0,1,0.7197655504703603
0,0,0.011008929424648201
1,1,0.6685482740080806
0,1,0.6797311339637927
0,0,0.009274755990516718
1,1,0.999369274904374
1,1,0.9978811051044858
0,0,0.0056670025054534395
0,0,0.0028556240308400004
1,1,0.997537857128997
1,1,0.9985531952914178
0,0,0.006613607151008566
0,0,0.007449235805658133
1,1,0.623762162491071
1,1,0.9986050752492444
1,1,0.8598446042654582
1,1,0.9993162689286907
1,1,0.6779950385990262
1,1,0.9985424618507283
0,0,0.006469023900775318
1,1,0.9985566052287254
1,1,0.9991064560875388
0,0,0.005159197597225198
1,1,0.9992038706405698
1,1,0.8215146342531489
0,0,0.008644883914710381
1,1,0.9992354960185559
1,1,0.9988159226030946
0,0,0.007589345683373127
0,0,0.008162367132170384
0,1,0.5691809850333974
0,0,0.008212464376212616
1,1,0.9989186616337226
1,1,0.7194904417881154
1,1,0.6922601215147879
1,1,0.9990780194527615
1,1,0.9988809874121974
0,0,0.043622332454812625
1,1,0.9985507163348937
1,1,0.9991529647739572
1,1,0.7747927200011545
0,0,0.007772939985916647
0,0,0.008564416086843133
1,1,0.6820163802409831
0,0,0.004603001586265007
1,1,0.6277097536741779
0,0,0.006289314434633418
0,1,0.7563381889154739
0,0,0.0063333206955151055
0,0,0.005232139898491396
1,1,0.9983202003325272
0,0,0.007444569643906974
0,1,0.753370639015055
1,1,0.9989432228444655
0,0,0.006207288274955812
1,1,0.999053089969751
0,0,0.008627221550940768
1,1,0.9986306324536008
0,0,0.005313099551487459
1,0,0.007674568460615101
1,1,0.9988340237472656
1,1,0.9972212718694391
1,1,0.8113341521385111
0,0,0.003515452683019031
0,0,0.00793312589855039
0,0,0.004307110749965871
0,0,0.004989549534171043
0,0,0.005866478942961069
1,1,0.9992731472603426
1,1,0.66052794826227
0,0,0.007731507826304002
1,1,0.9986164398134321
0,0,0.007840191219400537
0,0,0.005233031437903356
0,0,0.004475144106332394
0,0,0.0049183392495238485
1,1,0.9985604310806407
1,1,0.7662136058516147
0,0,0.005225053781209367
0,0,0.010639454056448847
1,1,0.9983977582156561
0,0,0.006655322891507785
0,0,0.007788137546175674
0,0,0.005281651154319172
1,1,0.9991192337621995
1,1,0.9987874408393322
1,1,0.9987014403145493
0,0,0.006059511744866386
0,0,0.004909737852979455
0,0,0.007339059281552763
1,1,0.9989674509951854
1,1,0.7728826377551478
1,1,0.8134498236996828
0,0,0.00426067865888338
1,1,0.7378424674826894
0,0,0.009672326688059365
1,1,0.9989442189144115
0,0,0.00509249091267741
0,0,0.008151395411922193
1,1,0.7128060734375051
0,0,0.00773018138604187
0,0,0.006394794981644987
1,1,0.7373878818024294
0,0,0.009987493442207984
0,0,0.0072848750501105395
1,1,0.9157528456404821
1,1,0.7967075188249243
0,0,0.011017984323060283
0,0,0.00524434866487535
0,0,0.0049377723973109775
1,1,0.9985034384736869
1,1,0.9985999994771102
0,1,0.5562234538315189
0,0,0.007698068709515541
0,0,0.004263524823982607
1,1,0.7298343807147599
0,0,0.005271620637098399
1,1,0.6700361149344994
1,1,0.9987544166554456
0,0,0.0067793139004337635
0,1,0.8407071794704545
0,0,0.0048598590028853805
0,0,0.004244895743137451
1,1,0.9990644528182363
1,1,0.7670788290854667
1,1,0.9983448864631559
1,1,0.9986363016588732
0,0,0.006121789448235813
1,1,0.9988077927030263
0,0,0.006299629863458191
0,1,0.6559900707805603
0,0,0.0054812261146813205
1,1,0.8270558660531496
1,1,0.9985191933253394
1,1,0.9986642781733166
0,0,0.004752570675611087
0,0,0.005284426229049587
1,1,0.7371673947346312
0,0,0.004441837752373838
0,0,0.0075203795331174016
0,0,0.005106700672506946
1,1,0.8184748007503793
1,1,0.6346075648391254
0,0,0.00840112636811385
1,1,0.7836370556913519
1,1,0.9991529339117882
0,0,0.009193363772509747
1,1,0.7561308331978003
0,1,0.7364893213877789
1,1,0.9983993374099246
1,1,0.6940481918877253
1,1,0.7087664204047198
1,1,0.9991636821160942
0,1,0.7030209568551088
1,1,0.9992087756431287
1,1,0.6555437128499011
1,1,0.9983535050697899
0,0,0.053040314904433596
1,1,0.9985204971116604
0,0,0.0037155292730788212
0,0,0.006735435764855455
0,0,0.004527453330318743
0,0,0.008647794289739826
0,0,0.07623032407104391
1,1,0.6660224332070211
0,0,0.005155286066436802
0,0,0.006520793384160284
1,1,0.9988437783367835
1,1,0.7576015213431595
1,1,0.8178258959519915
0,0,0.009503461720127695
1,1,0.9983027374271981
0,0,0.003734017883920356
1,1,0.975743695121567
0,1,0.6684892205242564
1,1,0.9987529664991216
0,0,0.004127899905318404
0,0,0.006742307595716136
1,1,0.9984635428078924
0,1,0.6770799149550705
1,1,0.9983202010881445
1,1,0.8466175523601169
1,1,0.9988216548655683
0,0,0.006617249360566702
1,0,0.23045749808060817
0,0,0.005927671693654954
0,0,0.005353389931986512
0,0,0.0052445298780807795
0,0,0.014544186268280706
1,1,0.8305768866449387
0,0,0.003529265877300327
0,1,0.756093578195431
0,0,0.005990392789862544
0,1,0.7185815726287971
0,0,0.004476084257843521
1,1,0.9974672759361721
0,0,0.005839157992211854
0,0,0.006523970092240178
0,1,0.7166929036830827
0,0,0.005460806634813509
0,0,0.013705731644077953
1,1,0.99875590169521
1,1,0.9985893516420327
0,1,0.6339178200718258
1,1,0.6841281115717915
1,1,0.9981106954714579
1,1,0.7836366685080165
1,1,0.9982654061155003
0,0,0.004337610247755404
0,0,0.005250818778193833
0,0,0.009486082636279987
0,0,0.011529361002879698
0,0,0.0066450238624499525
1,1,0.7391020968420527
1,1,0.9984677874597863
1,1,0.998950782271579
1,1,0.6702761763409864
1,1,0.7645297193360077
0,0,0.007729011772793476
0,0,0.008449682198024545
1,1,0.9984577008402356
0,0,0.007782476357749191
1,1,0.9989186498065962
1,1,0.9979797454998445
0,0,0.008124941595538423
1,1,0.9986208389542026
1,1,0.6594334741393779
1,1,0.6887612316882815
0,1,0.6713887845814518
1,1,0.9985531940541276
1,1,0.9990577789703455
0,0,0.005094459972244561
0,0,0.012786614340830282
1,1,0.9986674950578424
1,1,0.9985034371069987
1,1,0.9989417467748717
1,1,0.7402170191232611
1,1,0.9988489129699877
0,0,0.3588363525310869
1,1,0.7028643233548248
1,1,0.9983050879152406
0,0,0.006484107099391986
0,0,0.004548662325258988
0,0,0.006319076950239023
0,0,0.004497266547617517
0,0,0.0053760545019300105
1,1,0.9984930141053164
0,0,0.004880486678970735
0,0,0.006342718218588489
0,0,0.0051637763631049985
1,1,0.7156177289471256
0,0,0.007648168419656624
1,1,0.9985757036879286
0,0,0.0043546720174934125
0,1,0.7349676501174992
0,0,0.005106460069704396
1,1,0.9974342046660342
0,0,0.036293906809345154
0,0,0.004357626236194544
0,1,0.6600934208347738
0,0,0.005936687803509787
0,0,0.003230141779733253
0,0,0.005385571570505648
1,1,0.9983238094793856
1,1,0.997916938929876
0,0,0.0059777631407467125
1,1,0.9986308634493317
1,1,0.6935733243544161
0,1,0.6645277198701998
0,0,0.008951173168597368
1,1,0.6661793564184564
1,1,0.6798879673052691
1,1,0.9989955127047297
0,0,0.006966336222527551
0,0,0.008420739028938357
0,1,0.7089431169342797
1,1,0.9990213544684411
0,0,0.006365336327848936
1,1,0.9985705946406638
1,1,0.9991060545759203
0,0,0.005234675828866452
1,1,0.7010760421266186
0,1,0.5150813068285633
0,0,0.005036278405852965
0,0,0.007125595885103999
1,1,0.9976340464646588
0,0,0.0031532521910262717
1,1,0.7949416814372463
1,1,0.7232500181727042
0,0,0.004271139136834341
1,1,0.7665616205146447
1,1,0.6699880376962992
0,0,0.006721367185476516
0,0,0.006386965333802455
1,1,0.9985946131071519
0,0,0.010205250961797243
0,0,0.009485874167381869
1,1,0.8529247820263823
0,0,0.003335634638101838
0,0,0.010941825284958165
0,0,0.010307991945472144
1,1,0.998380021161519
1,1,0.7567958976102279
0,1,0.7231243153601411
1,1,0.6654095209247536
0,0,0.005280078470946361
0,0,0.005618888021660601
0,1,0.7402112510752678
1,1,0.6756670754720403
1,1,0.999025020975446
0,0,0.002691675455511338
1,1,0.5790223560655136
0,0,0.004520071174735267
0,0,0.006306685508962526
0,0,0.011215176697592876
0,0,0.006722543360930649
0,0,0.00388661129627411
0,1,0.7995377914549617
1,1,0.9987548156842435
0,0,0.007675550951247933
1,1,0.9986657208420393
1,1,0.9990654242346262
1,1,0.6660058257515025
1,1,0.9414800571780211
1,1,0.9979169116485578
1,1,0.9992450396040324
0,0,0.008325803790506866
1,1,0.7107257120434024
1,1,0.7626815870325356
0,1,0.7571938709903286
0,0,0.006882718906813367
1,1,0.9983550911383011
1,1,0.7621015535123125
1,1,0.999313161529053
1,1,0.7755225949023552
0,0,0.011468117261719203
1,1,0.9980190741107721
0,0,0.008883389989801031
1,1,0.9988981312251198
0,0,0.005845944675026215
1,1,0.9993528921286364
1,1,0.9989014745480895
1,1,0.7563403992962778
0,1,0.6726525943261905
1,1,0.9983839491103493
1,1,0.9985385165883678
1,1,0.997061225416187
1,1,0.9985241439161985
1,1,0.7017413529690629
1,1,0.9984902212401489
1,1,0.9982225323825862
0,1,0.8126601498512239
0,0,0.005730598351661951
0,0,0.008103370373361606
0,0,0.005276773570936792
0,0,0.008218570511080664
1,1,0.688638497523824
1,1,0.9976312240554662
1,1,0.754882927807856
0,0,0.006302282910906332
0,0,0.005499366525125785
1,1,0.7760545711774789
0,0,0.0069808341550058614
1,1,0.7562086927900731
0,0,0.007698987725299229
1,1,0.7032241656428092
0,0,0.05818865533764156
1,1,0.9991148276217424
1,1,0.9988359680127057
1,1,0.9971655189129115
1,1,0.9988389406456804
0,0,0.003297204536262787
1,1,0.9989621285931004
0,0,0.004844402469764828
0,0,0.006454525784269891
0,0,0.008735126192175733
0,0,0.002697245580591161
0,0,0.045732300825226106
0,1,0.7013015441516536
0,1,0.7393470115944517
1,1,0.998052739303229
1,1,0.9988633006923457
0,0,0.036226015537371044
0,0,0.0055531264768353935
0,0,0.0053706003770550605
0,0,0.005448579839469784
1,1,0.9991112248275953
1,1,0.9988091126431295
1,1,0.786023492510393
1,1,0.9978068009531392
0,0,0.006370817875770077
0,0,0.006274578029221455
0,0,0.008049713084223397
0,0,0.007297481365714994
1,1,0.6752271321400836
1,1,0.9986003253410793
1,1,0.5919764099005861
1,1,0.8144375378692578
1,1,0.563402889080783
0,0,0.005022410471888002
1,1,0.9993345759099107
0,0,0.006639493927321369
0,0,0.0066437806946653575
1,1,0.9993971111940461
1,1,0.9993436689307237
1,1,0.998921648579779
1,1,0.9985449045624255
1,1,0.9977671199091332
0,0,0.008280414066638288
0,0,0.0043150504571941
0,0,0.005296760792463226
0,0,0.005594826949352786
0,0,0.008068003291703776
0,0,0.004840164856904977
1,1,0.9985433752660207
0,0,0.00821285260253795
1,1,0.999334375234641
1,1,0.998596214605136
1,1,0.9993694148693968
1,1,0.9989133099816898
0,0,0.008082984305663463
0,0,0.0050631225141882005
0,0,0.004866030511568302
0,0,0.009402995530957218
1,1,0.9986352988001509
0,0,0.005012003154183944
1,1,0.7480162718667924
0,0,0.00487663579167257
0,0,0.003222692568626875
1,1,0.7598400863712017
1,1,0.9523203510794505
1,1,0.9983306551867955
0,0,0.00786600799752072
1,1,0.9983050904857833
0,1,0.7172474975104196
1,1,0.810180257133055
0,1,0.7091045106022589
1,1,0.8080737593132961
1,1,0.9984484712231863
0,0,0.003040264420004396
0,0,0.011699822087085499
0,0,0.005342096442097883
1,1,0.7595618592820488
1,1,0.9988879917013282
1,1,0.7656704467893766
1,1,0.9992028340022466
1,1,0.998500314668911
1,1,0.9985686951307342
0,0,0.006704258267771312
1,1,0.9985066019355712
0,0,0.004771915102212036
0,0,0.006619364650530809
1,1,0.9983670308295831
1,1,0.999322278220397
1,0,0.01086697201856372
0,0,0.004551894987544293
1,1,0.7142143256643808
0,0,0.010984749317411899
0,1,0.7294731142956568
1,1,0.9977033345591323
1,1,0.7306985632387187
1,1,0.9986727497527335
0,0,0.004351509415847228
0,0,0.008171090170381978
1,1,0.9979918694857635
0,0,0.006427332584634234
0,0,0.005916121840385871
0,0,0.035871184235301536
1,1,0.9985278105452982
0,0,0.005308875894561601
0,0,0.005159824707249423
1,1,0.998539485456907
1,1,0.7741065162748098
0,0,0.035550616296567666
0,0,0.006921985677754343
1,1,0.9988485804524331
1,1,0.9988408171174681
1,1,0.7581342019613806
1,1,0.99861489901965
0,0,0.00457819044133445
1,1,0.8020121302822626
0,1,0.6933401345386772
0,0,0.004223076937394378
1,1,0.9985292001869133
0,0,0.004552844467349959
0,0,0.00607531660931033
0,0,0.012929053331944279
0,0,0.006787756738984557
1,1,0.9986171318812869
1,1,0.6333519507620791
0,0,0.005270697336956682
0,1,0.6573224638723605
0,0,0.008259391011729539
1,1,0.998406941223428
1,1,0.9983995864360895
0,0,0.006563738737933976
1,1,0.7267431570936891
0,0,0.0040124519051621
1,1,0.7306959960163577
1,1,0.9988367272820537
0,0,0.0035038005337238737
0,1,0.5813620804860771
0,0,0.004484395510189154
1,1,0.998540727114203
1,1,0.9984131550969335
0,0,0.007747974395349338
0,0,0.007719995212936683
1,1,0.9396396941680388
1,1,0.9988235824803952
0,0,0.00476964359294289
1,1,0.9989936109273543
0,0,0.005473123401581141
1,1,0.999287693675935
1,1,0.8238087002660863
1,1,0.9984023813227298
0,0,0.005840966107036968
0,0,0.004929348923285386
1,1,0.9990420855070021
1,1,0.747841200882812
0,0,0.005267251834808763
1,1,0.7533296751109347
0,0,0.007787715531726286
0,1,0.8227230284655453
0,1,0.7221507028309597
0,0,0.003949889181472938
1,1,0.9982611214063684
0,0,0.00772362369643759
1,1,0.9993317127119505
0,0,0.006215696230402682
1,1,0.997605837734584
1,1,0.9973862403755067
0,0,0.009106928776793203
1,1,0.9985793773425264
1,1,0.9988489139688814
1,1,0.9991030157826991
1,1,0.9990374471899997
0,0,0.005106383355496193
1,1,0.9989406865174825
1,1,0.9973467178120204
1,1,0.9986229940201654
0,1,0.7012167772887126
0,0,0.0060427139153139235
0,0,0.006602361209615138
0,0,0.009335899565104529
0,0,0.007021845241231239
0,0,0.006763603458597585
0,0,0.010664039423813883
0,0,0.008215892600537133
0,1,0.736192498625384
1,1,0.5566665617341806
1,1,0.9984813425761395
0,0,0.006353238080648623
0,0,0.048048866617127955
1,1,0.9988749814760945
1,1,0.9973742806758291
1,1,0.7053231522517113
0,0,0.010665556257604012
0,0,0.0026755902259294182
0,0,0.0035001527741896957
0,0,0.006995842658773769
1,1,0.8036993131744079
1,1,0.7392515064443663
0,0,0.009335934643591587
0,0,0.042590353118922376
1,1,0.6987534688323628
1,1,0.7600896181585726
1,1,0.998479174146616
0,1,0.6438545360729986
1,1,0.9992826282750934
1,1,0.9986510492048123
0,0,0.006453731979795185
1,1,0.669905041325125
0,0,0.06493174654437099
1,1,0.9983743487295762
0,0,0.0042837126626303354
0,0,0.0047839327632990475
1,1,0.9986626061201133
1,1,0.9985758867775243
0,0,0.0068053233655848994
1,1,0.998790919842469
0,0,0.007941378296788544
0,0,0.007009499656955327
0,0,0.006563055302276219
1,1,0.998325014298895
1,1,0.8113705121299246
0,0,0.0077344170735925075
0,1,0.6934910938490753
1,1,0.9975933109125772
1,1,0.5175301044244687
0,0,0.004838190488587541
0,0,0.009282686731843274
0,1,0.6766139459347882
1,1,0.9988125068280622
1,1,0.7285840571160247
1,1,0.9985665992452507
0,0,0.008351478552843988
1,1,0.6928813179521651
1,1,0.9978632760755051
1,1,0.9988948458334308
0,1,0.6798819663861927
1,1,0.6435635585993944
0,0,0.006203307408155384
0,0,0.00859223314684629
0,0,0.007732955355838331
0,0,0.036565414073249695
0,0,0.008273139247091763
1,1,0.6696510960083234
0,0,0.005193898557489349
1,1,0.9991387508483595
1,1,0.7145276129283215
1,1,0.6787749486467898
0,0,0.007704430516288877
0,0,0.006232261839767803
0,0,0.004283017091780101
0,0,0.00543309416671778
1,1,0.9387109065977173
0,0,0.008149040085747756
1,1,0.9992578693597902
1,1,0.6874681786601813
1,1,0.99850266447159
1,1,0.9982806865802563
0,0,0.0048259747355307026
1,1,0.9984018794166156
0,0,0.005023603518640458
1,1,0.9980189943947229
1,1,0.9988949562824977
0,0,0.0049744360552887645
1,1,0.7968285113422365
1,1,0.9990890733035415
1,1,0.9992515776219275
0,0,0.0327599788244759
0,0,0.006728913041001762
1,1,0.9982839130673784
0,0,0.014248070359294613
1,1,0.9950204928199663
0,0,0.005700516672929091
0,0,0.006738109994592224
0,0,0.005304609513039474
0,0,0.005050106234825126
0,0,0.03540706628295517
1,1,0.9990408311677813
0,0,0.009792424757777514
0,1,0.7995949437832378
1,1,0.9985299257840723
1,1,0.8297653417915958
0,0,0.008079253938246633
0,0,0.0070768702267836985
0,0,0.03880044459284069
0,0,0.0042387473291485445
0,0,0.005101772124514754
1,1,0.7147286789613064
0,0,0.00935910350274966
0,1,0.6214540908002647
0,0,0.0044643688266687844
1,1,0.9972509252316673
1,1,0.9982804368687451
1,1,0.9971921116766109
1,1,0.9990625590411485
1,1,0.9986061294949973
1,1,0.6787749085591691
0,0,0.00866195043763714
0,0,0.005683336974157093
0,1,0.7394867893390648
1,1,0.7100172692105898
1,1,0.9986457507908523
0,0,0.006245920131678246
1,1,0.9975697707889731
0,0,0.004909510872314168
1,1,0.998954372918155
0,0,0.005259261742374012
0,0,0.004548184134719941
1,1,0.9986064774679265
0,0,0.006327642418949698
0,0,0.010394619920892623
1,1,0.9987775312085391
0,0,0.024393930772623917
0,0,0.006612028257992642
1,1,0.6957866374850867
0,0,0.006059192742460751
0,0,0.008775156588692856
1,1,0.9983833522715421
0,0,0.005023950236384542
1,1,0.9988100585323323
1,1,0.9988855821012922
1,1,0.9979420900501242
0,0,0.005616611129767365
0,0,0.0077249587532119786
1,1,0.9983735854864813
0,1,0.7386613541339984
1,1,0.8572534995595263
1,1,0.7797010519039557
1,1,0.9990647496813738
1,1,0.9975311135583348
0,1,0.7346640377527482
1,1,0.7298374589644447
1,1,0.7030267100672445
1,1,0.9991223522778613
0,0,0.0063251738717332055
0,0,0.005126920569569739
0,0,0.004865154593280979
0,0,0.00980159506665906
0,0,0.01071250334669763
1,1,0.9991109175536882
1,1,0.794945157327037
0,0,0.00632342356766106
0,0,0.010340236347662405
1,1,0.9985602571164515
1,1,0.7561002934574066
1,1,0.9993309616873898
0,0,0.00279478208246686
0,0,0.002843550057789304
1,1,0.8303662303692032
1,1,0.9972160472985533
1,1,0.9986148958995337
0,0,0.00496167996892058
1,1,0.7392458882190157
1,1,0.7944374504075303
0,0,0.0027948068997465133
0,1,0.7834234030699577
1,1,0.9989208054856435
1,1,0.9983158018096666
0,0,0.006437623669431849
0,0,0.005058823781413586
0,0,0.005365817378982573
0,0,0.004848588907426032
0,0,0.005293875642262127
1,1,0.757784005542452
1,1,0.7350468179500004
0,1,0.7689193958483422
0,0,0.006193836931517905
1,1,0.9988076563895527
1,1,0.9988730753169898
1,1,0.7008049470254534
0,0,0.006292041796476003
1,1,0.8455481184605497
1,1,0.6924689722133437
0,0,0.003500177311120199
0,1,0.5283482371734876
0,0,0.00631797261398626
1,1,0.9992057578525023
0,0,0.0064975462721151706
1,1,0.998441370649887
1,1,0.9985394880766917
1,1,0.7060541095245487
1,1,0.9989377632145919
0,1,0.8302016983668906
1,1,0.7533707255452798
1,1,0.7047198562497896
1,1,0.9982924075044713
1,1,0.5886569553073272
0,0,0.010265978430499475
1,1,0.7207074415061734
0,0,0.0056328623984600945
0,0,0.007384266886281331
1,1,0.6353431685476443
0,0,0.009208564313224837
1,1,0.998738166733033
1,1,0.6874178082665159
1,1,0.9985034393077705
1,1,0.9985407293019392
0,0,0.0033252079525782035
1,1,0.9988519388637814
1,1,0.9980805188411312
0,0,0.006317973622451214
1,1,0.7861544471571927
1,1,0.9990525602905383
0,0,0.004941061594826382
0,0,0.007715490033547827
1,1,0.7692242403973226
1,1,0.7159231665632536
0,1,0.7768647010369268
0,0,0.007717207530351687
1,1,0.7860241374421748
0,0,0.009183185679511473
1,1,0.8367902774301729
0,0,0.006145660257454227
0,0,0.0052824393996753465
1,1,0.7857440424082143
1,1,0.7550282561641339
1,1,0.7944361424336381
0,0,0.009172770117496008
1,1,0.999390936344409
1,1,0.9983872526599352
1,1,0.7046352365724733
0,0,0.00663512336402541
1,1,0.9985470237079155
0,0,0.0048964217143230866
0,0,0.054402015082036306
0,1,0.6670144964198109
0,0,0.006826518144439621
1,1,0.9483763919031483
1,1,0.9984765350800483
1,1,0.756631939224742
0,0,0.0062030879423222145
0,0,0.010942280818684043
1,1,0.9986449976417034
0,0,0.004929495730438742
0,1,0.8154584077939956
1,1,0.9986816788676065
1,1,0.6116579026359511
0,1,0.7738923698154304
1,1,0.9988489938294746
1,1,0.9982747502844161
1,1,0.9988463451371112
1,1,0.9985372968922628
0,1,0.633836287357131
0,0,0.04291983764676372
0,0,0.00631355452060261
0,0,0.006524669518515263
1,1,0.9984529178752907
0,0,0.004458489063750466
1,1,0.9986624921422517
1,1,0.8382709035433078
1,1,0.9990221020023858
1,1,0.9990547064658235
1,1,0.9988166232752845
1,1,0.9985906091463733
1,1,0.997317148258103
0,0,0.005178666514807668
1,1,0.9978016904187268
1,1,0.9988809268414003
0,0,0.006102237830213269
0,0,0.005935327941422587
1,1,0.7713696579641304
1,1,0.9992071304642113
0,0,0.007056144514904021
1,1,0.9989035659269786
0,0,0.005452821932128422
0,0,0.005396112407610089
1,1,0.9976927631137246
0,0,0.0068052186633017556
0,0,0.004794788189492012
1,1,0.7896118720025824
0,0,0.009241217717329962
0,1,0.7595504951375199
1,1,0.9974989317851166
0,0,0.004970522992645604
0,0,0.006109531437142813
0,1,0.6723933169658808
0,0,0.0046010549611518745
0,0,0.00790743037583164
1,1,0.7876731942140043
0,0,0.005437593492395889
0,0,0.008951634938248566
0,0,0.004513723233242008
1,1,0.7530102492148522
0,0,0.015182117441334169
1,1,0.9989186002309022
1,1,0.999065428173182
1,1,0.9980566368312539
0,0,0.005221159857818881
0,0,0.005116010978649064
0,0,0.004548181010559425
0,0,0.004610435568150654
1,1,0.699980657756389
0,0,0.004948640770588309
0,1,0.6471203315591324
0,0,0.005393829030008936
1,1,0.9986142532273317
1,1,0.9987192614509977
0,1,0.6691904198097617
1,1,0.8210312352087744
0,0,0.005606854450389784
0,0,0.004967687024951997
1,1,0.9992582825242943
1,1,0.9988812137406772
0,0,0.007841411814653743
1,1,0.9983127809789306
0,0,0.003465483742437819
1,1,0.7416624564115294
1,1,0.9985601389081502
0,1,0.7341365337284682
0,0,0.005216335633724902
1,1,0.9981648534332418
1,1,0.997689098921181
1,1,0.7240114370082172
1,1,0.9985455867573994
0,0,0.006906742900955614
0,0,0.010665159506837819
0,0,0.005286684606961868
1,1,0.9987902109362986
0,0,0.011548506782763797
0,0,0.006485416061497284
0,0,0.07597372384813077
0,1,0.76298015570206
1,1,0.9977742141780878
0,0,0.005338221946262174
0,0,0.008759462315512074
0,0,0.005360802903255982
0,0,0.005059533099169476
0,0,0.008064195703405436
0,0,0.009193279078991444
0,0,0.008035293484886049
1,1,0.9978691528293588
1,1,0.9984288301938888
1,1,0.9986553922702073
1,1,0.7630011470849495
0,1,0.7135878051848399
1,1,0.8081653613757617
0,0,0.005104324149138391
1,1,0.6885719246133867
0,0,0.007603592508179406
1,1,0.6707141341931584
1,1,0.6841631609631489
1,1,0.708124703112948
0,0,0.004376640699129202
0,0,0.005335853657934775
0,0,0.005430456842154234
1,1,0.7607989711801063
0,0,0.005010336418769811
0,0,0.004634711182732204
0,0,0.010959405298605224
0,0,0.00869505470985032
1,1,0.8149806405056127
1,1,0.9992367601791752
1,1,0.9994738722337948
1,1,0.9990478246777627
0,0,0.003702142033651446
0,0,0.008301141642391652
1,1,0.6827314002720736
0,0,0.004104541031142274
1,1,0.7809881434504623
0,0,0.044816669693243626
0,0,0.004623164112563986
1,1,0.9980825156568535
0,0,0.006659140435588657
0,0,0.005023885126811457
0,0,0.008381936452481859
1,1,0.6702756449568412
0,0,0.006373036975704607
0,0,0.004840431808774016
1,1,0.9987927656898996
1,1,0.800473301493346
1,1,0.7250339915436028
1,1,0.9971561259706703
0,0,0.005202249627103313
0,0,0.0066221547515290516
0,0,0.008138331102818525
0,1,0.7190364002539245
1,1,0.8226725769828501
0,0,0.004840418046137666
0,0,0.004240997361134333
0,0,0.007046603529683152
1,1,0.9985635126419051
0,0,0.005343159690534512
1,1,0.9977819255377905
0,0,0.004701632806800537
1,1,0.84554499349759
1,1,0.9988597575175016
0,0,0.00634219690688207
0,0,0.008438623564062591
1,1,0.9990918340930902
0,0,0.004495683011366179
0,0,0.006374708112745072
1,1,0.9986330235530216
0,1,0.6439001303043069
0,0,0.0051637774170297515
0,0,0.009208957456790859
0,0,0.006488158091086334
0,0,0.004548470059912077
0,1,0.6811368398664334
0,0,0.007653998422579289
0,0,0.004580328993908317
1,1,0.75298345484138
0,0,0.008277278035039061
1,1,0.9619643299044998
1,1,0.9989429985852981
0,0,0.004972536477815727
0,0,0.006395231069145923
1,1,0.6634614765206844
1,1,0.999137855885584
0,0,0.005966408831574653
0,0,0.0063785042832374995
1,1,0.9985247457770852
1,1,0.998953039736331
1,1,0.9983202010677803
1,1,0.9993264135656279
1,1,0.9973742818909753
0,0,0.00587467737418012
1,1,0.9982033050434713
1,1,0.9991121175692539
0,0,0.005648653650792118
0,0,0.007177301139501169
1,1,0.9983726740849215
1,1,0.998838837181912
1,1,0.9983834553958791
0,0,0.004982047437092287
0,0,0.004624591265832905
0,0,0.0034908907019507783
0,0,0.006893624634949038
1,1,0.9987716487711217
0,0,0.06112476573217375
0,0,0.006366495350685807
1,1,0.998725246957677
1,1,0.7770340344888998
0,0,0.004701515273772549
1,1,0.9978687820992593
1,1,0.9569000589731885
0,0,0.0066648935209780566
0,0,0.013736185101052775
1,1,0.7682030699596339
0,0,0.004488133840096001
1,1,0.9974247477510014
1,1,0.9971982870218251
1,1,0.7884821228447773
1,1,0.7118105387351348
0,0,0.0026836042434366628
0,0,0.004267847241170319
0,1,0.6701389359952669
0,0,0.005905224820552355
1,1,0.998677733126716
0,0,0.006171283341659231
0,0,0.009219497624970673
1,1,0.8163433699138372
1,1,0.9970916956762857
0,0,0.00931720159612763
1,1,0.999306005281949
1,1,0.9989360291497074
1,1,0.7865068669931478
1,1,0.6562357188190602
1,1,0.6407694585371344
1,1,0.999177249824239
0,0,0.005935632289618267
1,1,0.9972579641961735
0,0,0.006114888115595687
1,1,0.9988648416011497
0,0,0.006466555593632775
1,1,0.997793461488247
1,1,0.9985901387013508
0,0,0.009330124660081582
1,1,0.706204107766384
0,0,0.00658332577379848
1,1,0.9977743463785047
0,0,0.0026528707332853104
1,1,0.9978776153715095
1,1,0.9960278383097642
0,0,0.005279461042270098
0,0,0.005033625899715923
0,0,0.00615702367323723
0,1,0.7747485479482077
0,0,0.00489309086786192
1,1,0.9985173927040089
1,1,0.9989034839935387
0,0,0.005956126746727132
1,1,0.728548945913286
0,0,0.011639737249831042
1,1,0.6787283242038235
1,1,0.7115485757044623
0,0,0.005298526064052248
0,0,0.061310490735738736
1,1,0.9982733803475148
0,0,0.0027948948681389306
1,1,0.9987559452598451
0,0,0.00781534380242477
0,0,0.007826186327605232
1,1,0.8196519001195933
0,0,0.004522393905925854
1,1,0.9983083224961806
0,0,0.01052678622867247
0,1,0.6931795489768049
0,0,0.004966300153869176
1,1,0.7342508975753117
0,1,0.7261036052813471
1,1,0.6688330610323329
1,1,0.9982542519401659
0,1,0.8312361410597066
0,0,0.008413567785103234
1,1,0.9990710385686404
0,0,0.010663665087744332
0,0,0.006343350239527936
0,0,0.00526209146752574
0,0,0.010392992733721976
0,0,0.045277393524238
0,0,0.007641519044535646
0,0,0.005185821852667964
0,0,0.008647917507338069
0,0,0.005840810766443488
0,0,0.004633434785230828
0,0,0.005884499306304323
1,1,0.9993709532950078
0,0,0.0049934810911575886
0,0,0.008401205307158044
1,1,0.7124807780520394
1,1,0.9987527518119084
0,0,0.008284724143594711
0,0,0.005096075845588013
1,1,0.9985356780513152
0,0,0.004791832294468252
0,0,0.004549024626914282
0,0,0.006996001752320955
1,1,0.9984023942580886
0,1,0.7573841507103907
1,1,0.9983934679945172
1,1,0.9984889113735884
0,0,0.006787473295464195
0,0,0.005817222665083537
0,0,0.007877292507003588
0,0,0.0077954998754612365
0,0,0.007250503108600767
1,1,0.9989429738023532
0,0,0.009765878909110582
0,0,0.01022227836380553
0,0,0.005824321919129314
1,1,0.998659056123712
0,0,0.006470922675059089
0,0,0.006186711732691457
0,0,0.008443463186446008
1,1,0.9991925826787513
1,1,0.7950714884548624
0,0,0.008458130107407992
0,0,0.004537753282118723
0,0,0.004713406062440592
1,1,0.9991148720026307
0,0,0.007182992031721984
0,0,0.006287924792152544
1,1,0.9991142135140314
0,0,0.0032857915077886264
0,0,0.009695951175537463
0,1,0.7189358876712177
0,0,0.01048945887227226
1,1,0.9986317916463394
0,0,0.05225817157835861
0,0,0.004879999892095753
1,1,0.9991603881002209
1,1,0.9988223101751083
0,1,0.6614173721467858
1,1,0.9986090852752946
0,0,0.005015934805927135
0,0,0.005556370152426023
1,1,0.7204515466725846
0,0,0.004838841807216949
1,1,0.9989868688215173
1,1,0.6815229531359808
1,1,0.9982964951652018
0,0,0.014350330305237104
0,0,0.0063783152837698425
1,1,0.6657125900005376
0,1,0.7630332531547749
0,0,0.004971688924180579
0,1,0.7339910760623709
0,0,0.006020872764654733
0,0,0.00659869538576214
0,0,0.004826307672105502
1,1,0.8500773183591417
1,1,0.814721684841967
1,1,0.9989304607594729
1,1,0.9993220965158144
0,1,0.7133111311391275
1,1,0.9992468459065065
1,1,0.9982647662939015
1,1,0.9985197758974451
1,1,0.9990271374366236
0,0,0.003081081930215441
0,0,0.005429787015088569
0,0,0.006938595827750602
1,1,0.9985358805526228
0,0,0.006220875145744231
1,1,0.8501340005258124
1,1,0.9987551207518824
0,0,0.0072508049956120715
1,1,0.9985637953934642
0,0,0.0050711612126718405
0,0,0.006396894132654964
1,1,0.8299672881868169
1,1,0.9985130977480242
0,0,0.007718303579046173
1,1,0.9988018359863571
1,1,0.9993857455925784
0,0,0.005135397940249523
1,1,0.9987020563483093
0,0,0.004228393568010433
0,0,0.009206677167120092
1,1,0.998434503869711
1,1,0.9990416523236577
0,0,0.007827129422318146
0,0,0.005495751747674291
0,0,0.019949484572289213
1,1,0.9989121114862942
1,1,0.9979571486973972
1,1,0.9992347815370672
0,1,0.6200228817172391
1,1,0.9985470162811655
0,0,0.038261169692240006
1,1,0.997204729965054
1,1,0.9970408549738645
1,1,0.9990892490354154
1,1,0.9989429963045562
1,1,0.6837289855342916
1,1,0.7415582389337988
1,1,0.9984440689659204
1,1,0.830114374257072
0,1,0.7258106277675975
0,0,0.006378595735545092
1,1,0.9993568309227849
1,1,0.7088974420193199
0,0,0.006380135437031538
1,1,0.998790922561068
0,0,0.005445387862664552
0,0,0.0059865214825409385
0,0,0.004217307333967359
1,1,0.7146642591012172
0,0,0.005937105459742899
1,1,0.6658517924199562
1,1,0.6778373460466959
1,1,0.9960001805154877
1,1,0.99885216146317
0,0,0.005943912084895907
0,0,0.004069506171340718
0,0,0.0032185717735086264
0,0,0.0031599956650326575
0,0,0.005329306291323772
1,1,0.9983508521220246
0,1,0.7741965408404198
1,1,0.9970616355078165
1,1,0.99518436108105
0,0,0.007017583615957401
0,0,0.047185092968622014
0,0,0.004337610060058527
1,1,0.9993395363725742
1,1,0.6744955988429809
0,0,0.006290033631613604
0,0,0.006021343076015531
1,1,0.761644887281761
1,1,0.6961717182959479
0,1,0.6896142852429615
1,1,0.6813968411423432
1,1,0.9985716017135374
0,0,0.006787517326590892
1,1,0.9985203919612192
1,1,0.9972029012479093
1,1,0.9986450032579575
1,1,0.9983888289370715
1,1,0.9989186498121192
1,1,0.9982872518042699
0,0,0.014129346389480624
0,0,0.0077833654513878555
0,0,0.008245602468627954
0,0,0.005954710211073008
0,0,0.004561339155202406
0,0,0.014370019318375707
1,1,0.9977934716707662
1,1,0.9993531946981198
1,1,0.9990010526100443
1,1,0.6813973124326024
0,0,0.006609692438637943
1,1,0.9993210526179699
0,1,0.7866905811174999
0,0,0.0031576737534352185
0,0,0.0052248549005825
0,1,0.6816604987039292
0,1,0.7067961258730446
1,1,0.6659249652495802
0,0,0.004897348722290508
0,0,0.006661983544245164
0,0,0.0059327717662782725
0,0,0.004377359942515911
0,0,0.0034501757250790703
0,0,0.005014413953257054
1,1,0.9990758983704405
0,1,0.769715152755384
1,1,0.9984859489083439
1,0,0.27436632742589123
0,1,0.7814419317098951
0,0,0.007824388861185265
0,0,0.006645309113069783
0,0,0.005831976867513339
0,1,0.6786485902062573
1,1,0.9988642810415591
1,1,0.9986681001035924
0,0,0.004272786677180433
1,1,0.9983050891004809
1,1,0.9974903297421657
0,0,0.007654250087709055
1,1,0.7267137565451547
1,1,0.9985933173891353
0,0,0.005637920045126785
0,0,0.005313100345244815
1,1,0.9985860615898591
0,0,0.005013895815182779
0,1,0.7865038980937167
0,0,0.006127190261258573
1,1,0.8383585802364719
0,0,0.008733877474891058
0,0,0.22745204425726098
1,1,0.9989548180204743
1,1,0.998790477308565
0,1,0.6267950801619
1,1,0.5974126943029072
0,0,0.0051648966211820775
1,1,0.9983687158060199
0,0,0.007539509342725534
1,1,0.9990621975317814
0,0,0.005068471235395882
0,0,0.00471460644288284
0,0,0.006289185192258813
0,1,0.5104094877084906
0,0,0.004545115080091191
0,0,0.004695750703268934
0,0,0.0033605528296121456
1,1,0.7680370366429204
1,1,0.9984645989562537
0,0,0.004768681015560185
1,1,0.9961387489428246
1,1,0.6486783089061752
1,1,0.9991314071596663
0,0,0.0044948962874186635
0,0,0.009157606579532223
0,0,0.009405222790160811
1,1,0.6349675482816164
1,1,0.632334934512954
1,1,0.6696507851471641
0,0,0.005976707191084855
1,1,0.9991029191033162
0,0,0.004970724322116764
1,1,0.9983987913229634
1,1,0.9982850138405733
0,1,0.5305987809004087
1,1,0.7507878499232785
1,1,0.9993936885053555
1,1,0.9994599676165129
0,0,0.009791954915003965
0,1,0.7691335179687958
1,1,0.7206645824347119
1,1,0.9961547846306332
1,1,0.7420874654265762
0,0,0.00501199327056417
1,1,0.9984633216014887
1,1,0.7728930322021963
1,1,0.7845551604250404
0,0,0.008225980370836319
0,0,0.00833833596774552
0,0,0.00502072641618448
1,1,0.998049978847983
0,0,0.004932798388018204
0,0,0.01029068872160447
1,1,0.9988003366428327
1,1,0.9988130353448603
0,0,0.006370743737768282
0,1,0.7883961266583066
1,1,0.9985312373400739
1,1,0.7367684048081763
1,1,0.9989335753511017
0,1,0.7301251305718356
0,0,0.005986339178791289
0,1,0.6952150941659754
0,0,0.005050109751251319
0,0,0.008401143496267659
0,0,0.005026956227487418
1,1,0.666712956900085
0,0,0.012186850655497787
1,1,0.9981149710359256
1,1,0.8210302134094698
1,1,0.9969148955882902
0,0,0.006293314093328639
0,0,0.006939267151162888
0,0,0.004751207873124623
0,1,0.7501990950587057
1,1,0.7508454607375176
0,0,0.008055288296259533
0,0,0.009204684554772498
1,1,0.9986795689418487
1,1,0.9987008400989162
0,0,0.00969333356165444
0,0,0.006302362822492224
1,1,0.7027789098211809
0,0,0.006471213000049329
0,0,0.06760276567455915
1,1,0.997750185807774
1,1,0.9979235313436499
0,0,0.004840418043059011
1,1,0.998364441490825
0,0,0.00967586359384337
1,1,0.9985112018302402
1,1,0.9974524080009508
0,0,0.005147474279782166
1,1,0.9988936233748109
0,0,0.002796214700285002
0,0,0.008413742479911989
0,0,0.0061164060530396
1,1,0.9986091964235366
1,1,0.9990923981124491
0,0,0.010907664289746254
0,0,0.011033899160950248
1,1,0.689280482420979
0,0,0.00286438684316626
1,1,0.7682140796428094
1,1,0.6799793723072166
1,1,0.9988316156000169
1,1,0.9993750677022677
1,1,0.7013719209447625
1,1,0.9977091818119285
0,1,0.744725424431614
1,1,0.7341342318555276
1,1,0.8196053583226606
1,1,0.6618065178837873
0,0,0.005116568252202022
1,1,0.7280928120657969
1,1,0.7149298791903479
1,1,0.998596556093888
1,1,0.7287011981895348
1,1,0.9989186461515404
0,0,0.008277225367209292
1,1,0.7539741288859241
1,1,0.9988375354345094
1,1,0.9976225045856063
0,0,0.00973269566262866
1,1,0.771482748322121
1,1,0.9989543059413476
1,1,0.7532874756929883
1,1,0.9985290611046167
0,0,0.004927897121489938
1,1,0.9980037126420294
0,0,0.009676087204864734
1,1,0.9988660059267773
0,0,0.005227503071850995
1,1,0.9982645728176401
0,0,0.005545819097732662
1,1,0.9979365411892563
0,0,0.014448907467707123
1,1,0.9983834662724308
1,1,0.9970826911642547
