y_true,y_pred,y_proba_pathogenic
0,0,0.01017928418761427
0,0,0.0027282569963998234
0,0,0.004789531416078861
1,0,0.48509155718373137
1,1,0.9983849622174156
0,0,0.004696639244687645
1,1,0.9040053198367379
0,1,0.5976418534805176
0,0,0.005141969742729322
1,1,0.9996792434491102
1,1,0.9379934368243903
1,1,0.9159237283972532
0,0,0.40820880341719507
0,0,0.004956214195476518
0,0,0.0064137591223596855
1,1,0.9051030683863266
1,1,0.9996553069114108
0,0,0.003559825715984692
1,1,0.9994838225615864
1,1,0.9019485126616066
1,1,0.9300317781760402
1,1,0.9994464539483798
1,1,0.9990124103530539
1,1,0.9995762783693662
1,1,0.8585818364491391
0,0,0.0035978135055689474
1,1,0.9994097936890808
1,1,0.9998852848690943
1,1,0.9998918768370413
1,1,0.9983921242955647
1,1,0.9074035826691864
0,0,0.010790040993813347
0,0,0.005291492520086272
1,1,0.9222832264243146
0,0,0.002423992709283047
0,0,0.004672578632586713
1,1,0.9999214991201905
0,0,0.00343393596785575
1,1,0.9999264428436879
1,1,0.999939751211046
1,1,0.9993463074404751
1,1,0.9995383670677043
0,0,0.003057406737693276
0,0,0.016142304888431352
0,1,0.7584323677705458
0,0,0.0026049077812669956
1,1,0.9998998380700652
0,1,0.9429692086561985
1,1,0.9991146272112524
0,0,0.002151131466395591
0,0,0.005772027967999378
0,0,0.005591612857722241
1,1,0.999380956879927
0,0,0.004377478432283121
0,0,0.0040119376861158206
0,0,0.00788391097692947
0,0,0.006604076556505163
0,0,0.0032176418988973726
0,0,0.009635134335005385
1,1,0.9999037630473203
0,0,0.004721348683313826
0,0,0.004980795366064234
1,1,0.9996177527753939
0,0,0.006134748766235948
0,0,0.010595493947295628
0,0,0.003934755160760011
0,0,0.0018090591627144886
0,0,0.006755437549862849
1,1,0.8961253856153081
1,1,0.9986354582128399
0,0,0.0035183030998312973
0,0,0.016099486364777416
1,1,0.6467162274205294
1,1,0.9591536787479144
1,1,0.9996570429590259
0,0,0.008368654919203368
0,0,0.004248199355923308
0,0,0.0059009955597353544
0,0,0.007791642545790142
0,0,0.07916774347040664
1,1,0.9986236491131812
1,1,0.9518492800223013
1,1,0.9993405732476752
0,0,0.0023092171908671018
0,1,0.5178549273781563
1,1,0.8666344775908279
1,1,0.9994417065383137
1,1,0.9994334359969117
0,0,0.005082892696337845
1,1,0.9994817922372924
0,0,0.004147936874125686
0,0,0.41192711212122957
0,0,0.0019632687702829514
1,1,0.9650826610870238
0,0,0.009242115043081098
1,1,0.9998580464079139
0,0,0.012830061442779104
1,1,0.974604710819362
0,0,0.004364981342940716
0,1,0.9354735011840766
1,1,0.9142980288659249
1,1,0.9996008900021007
0,0,0.005592385342700104
1,1,0.8978287756641937
1,1,0.9998350732864205
0,0,0.006271183434855964
1,1,0.9369883427772986
0,0,0.2973346840723141
0,0,0.004796385872091049
1,1,0.5348664335411218
0,0,0.003988537128023144
0,0,0.011214666913212934
0,0,0.01195219695597279
0,0,0.006842437042776561
0,0,0.0033786174362264755
1,1,0.9996651432199435
0,0,0.006714325802753836
1,1,0.7026302447328483
1,1,0.9991555540058087
1,1,0.997574777723838
1,1,0.9304655998617662
0,0,0.012229846367993473
0,0,0.005742018266401519
1,1,0.9994550521302066
1,1,0.9083905733280112
0,0,0.19627947709589946
0,0,0.005298134997081613
0,0,0.002219448215468814
0,0,0.004636181103112157
0,0,0.057595146096896796
1,1,0.9186697703193426
1,1,0.9996979286006678
0,0,0.006259768815389588
1,1,0.999447391603023
0,0,0.00639848343579356
0,0,0.003591113385271101
1,1,0.9114737945903896
0,0,0.01358230672611381
1,1,0.9996548448787687
0,0,0.002116143294145688
0,0,0.007370234040302933
0,0,0.0038386253455116623
1,1,0.9159784963825637
1,1,0.9993745315860776
1,1,0.99992452074313
1,1,0.9996259141675432
0,0,0.037116586862495096
1,1,0.9983920749082597
1,1,0.9997338479739876
1,1,0.9982611486552004
1,1,0.9997808385091701
0,0,0.0038201551972126234
1,1,0.9093038085432323
1,1,0.9993726237559194
0,0,0.00491136925579466
0,0,0.009320773776193064
0,0,0.006152928587234088
0,0,0.000850920004841994
0,0,0.005186788144119644
1,1,0.9993714156049528
1,1,0.9998572245223458
1,1,0.9088299657237804
0,0,0.007544230764277619
1,1,0.9264965741807748
1,1,0.9178656515176412
1,1,0.951310198924551
0,0,0.006546287711569556
0,0,0.006389877856306617
1,1,0.9993641414408958
1,1,0.9313313630617537
1,1,0.9409886223242073
1,1,0.9470686667366751
0,0,0.004350495167733409
1,1,0.9995378658337228
1,1,0.9987107495551263
0,0,0.003315816315642401
0,0,0.004540864716903801
0,0,0.008354122423800308
0,0,0.003752679044416825
0,0,0.061353063305574725
1,1,0.9505069416415658
1,1,0.9849419136347978
0,0,0.012372642136828364
0,0,0.0059189077329244695
1,0,0.02030143432145328
0,0,0.005222878111124975
1,1,0.9970721786704614
0,0,0.010830475549958925
0,0,0.004688213880684761
1,1,0.9196813329434989
0,0,0.00826083709014201
0,0,0.0048321449284862246
0,0,0.006301223763619645
0,0,0.005278258912861274
0,0,0.006033611547711246
0,1,0.5852500015450757
0,0,0.0041107904251780755
1,1,0.9997511235064208
0,1,0.9989179828019181
1,1,0.9992402923514885
0,0,0.009192110833455766
0,0,0.10673062273598612
1,1,0.5225240031145991
1,1,0.999375492406318
1,1,0.9091889454502232
1,1,0.9987699909876283
1,1,0.9999047380185838
0,0,0.04950336530026745
1,1,0.9998692027970556
1,1,0.9097779808167252
0,0,0.00753672664622894
1,1,0.9994764381982552
1,1,0.9992766097845538
0,0,0.0017411426191157409
1,1,0.9399664094292086
0,0,0.0047802339748379006
0,0,0.0033807194852114035
1,1,0.9995122281335851
1,1,0.9992944702358012
1,1,0.9365308900050568
0,1,0.5632461172270323
1,1,0.9997922577906215
0,0,0.005037271849806559
1,1,0.9355909314192233
1,1,0.9981758241805626
0,0,0.015377074880373983
0,0,0.006871450744752063
1,1,0.5775193791599342
1,1,0.9994424127113227
1,1,0.998379440258938
1,1,0.9053701141784425
0,0,0.00880399927392262
0,0,0.009253964500890527
0,0,0.005316867408369876
1,1,0.9998794973579105
1,1,0.9997617555017251
0,0,0.005584454531976643
0,0,0.004221295999571021
0,0,0.008976135676963658
0,1,0.7702124092908996
1,1,0.9028231063041299
0,0,0.0029679252840101476
1,1,0.9508944050144571
1,1,0.998763782563881
1,1,0.9994936125988176
0,0,0.014763675446785226
0,0,0.015953322249351285
0,0,0.005661137547668034
1,1,0.9979188428117992
1,0,0.31710411021640034
0,0,0.0031944172427729165
0,0,0.005301213314148376
1,1,0.9994337971884298
1,1,0.9993423161254181
0,0,0.003373165727164086
0,1,0.8616215505448446
1,1,0.9998653540296386
1,1,0.9999038161505043
1,1,0.9987982880486853
1,1,0.9993954469471776
0,0,0.005613272357948648
1,1,0.9095794503137843
0,0,0.006897590679014914
1,1,0.9361104870546381
1,0,0.28658665692373836
0,0,0.007167470926279624
1,1,0.9996215464681344
0,0,0.006069490714602657
1,1,0.9045174313954434
1,1,0.9530230071273215
1,1,0.9906792338016469
0,0,0.0333990034507899
0,0,0.0053450542510464745
1,1,0.9994682659850361
0,0,0.006318772225755557
0,0,0.003733808345146396
1,1,0.9291254622469542
0,1,0.520912828276381
1,1,0.9984621785098495
0,1,0.855869739797382
1,1,0.9994402226669206
1,1,0.830455140998314
0,0,0.009712405602966491
1,1,0.9997459198536245
0,0,0.004836809486651394
0,0,0.0049138098497684135
1,1,0.9998458257318121
0,0,0.014923427065517627
1,1,0.9998244480075357
0,0,0.004818979955309964
1,1,0.7179106977188207
1,1,0.9290300835443907
1,1,0.7473792405920188
1,1,0.9997617552654905
0,0,0.004196618349314652
1,1,0.9355447146980039
1,1,0.9312791654986641
1,1,0.9998394799472979
1,1,0.9997659344553119
1,1,0.8861174224018676
0,0,0.010556305793929499
1,1,0.9994422505819316
1,1,0.9998495313199922
0,0,0.007566081093515419
0,0,0.004260013683798936
1,1,0.9436901491009841
1,1,0.9999035434783805
0,0,0.004655083501528875
1,1,0.9996477176149153
0,0,0.006059997029721932
0,0,0.007729334007545928
0,0,0.004570881490775935
1,1,0.9995541757282493
1,1,0.9994426806088552
1,1,0.9998728829908914
1,1,0.9998528274544833
0,0,0.003504472631024837
0,0,0.00445377940459298
1,1,0.9991826369450233
0,0,0.4006994008096032
0,0,0.008467011591016343
0,0,0.007126540023461959
0,0,0.011458267023016349
1,1,0.9994992211479066
0,0,0.00817993604746685
0,0,0.005255720867960002
0,0,0.0039155888872139
1,0,0.49734242429744113
1,1,0.9990509967943304
0,0,0.0051197864884318526
0,0,0.005565476183191915
1,1,0.9997422014684321
0,0,0.003899753740036216
0,0,0.007190574705309422
0,0,0.004960916425331799
0,0,0.00529010430542558
0,0,0.0033752604277029626
1,1,0.9099227467185794
1,1,0.9999175462100314
1,1,0.9422238908455672
0,0,0.007256946874298262
1,1,0.9996949311327419
1,1,0.9660549494471654
1,1,0.9298083017701473
0,0,0.004845557540468798
1,1,0.9997395485826002
0,0,0.0036302353591820776
1,1,0.6941570439795782
1,1,0.8586548165196441
1,1,0.6645570646723665
1,1,0.9987665080262776
1,1,0.9088286618897494
0,0,0.003302157776024046
0,0,0.010394488320374604
1,1,0.9997517893860418
1,1,0.9996606813137641
0,0,0.004756042231783493
0,0,0.004557653521933606
0,0,0.00497999310356628
1,1,0.9674935724109215
1,1,0.5912854766810135
1,1,0.9997899941845354
1,0,0.007686591510255495
0,0,0.0037909097554449968
0,0,0.0033189862853760027
1,1,0.9149776058774697
1,1,0.9987251392312894
1,1,0.9996868932901336
0,0,0.004803045967734683
0,0,0.007046945432976048
1,1,0.9136918168140072
0,0,0.007046549133379412
0,0,0.0071547406311387755
1,1,0.9145407890907796
0,0,0.008686230411571147
0,0,0.007154844756364025
0,0,0.005312142138281679
0,1,0.5625514288150137
0,0,0.0026872704476381365
1,1,0.9569015137498604
1,1,0.99934588030686
0,0,0.00437221483481664
1,1,0.7891441726064633
1,1,0.999846140595235
1,1,0.9998954263390701
0,0,0.0042799374328161294
0,0,0.010120853342267543
1,1,0.9996407853268441
0,0,0.004637002168111214
1,1,0.9994960519482833
0,0,0.006824920254431939
1,1,0.9996595895494754
1,1,0.9998399517548355
0,0,0.005180390214497135
1,1,0.9984415875296974
0,0,0.005211557917762853
0,0,0.004067938933440896
0,0,0.004943552188598594
0,0,0.006130159943712224
1,1,0.9998604136782224
1,1,0.9209022062366514
0,0,0.006397942110681823
1,1,0.9902874524184849
0,0,0.012877788004041293
1,0,0.10680816847404932
0,0,4.416951119920245e-05
1,1,0.9337104363372369
0,0,0.004363393890526924
0,0,0.00956211666442872
1,1,0.9997773100538359
0,0,0.00376078620015337
1,1,0.9993640570501189
0,0,0.007627806215054289
0,0,0.005670758986912688
0,0,0.006251345970777317
1,1,0.9994527553483402
1,1,0.9989082298837489
1,1,0.999514120285684
0,0,0.00902088709979642
1,1,0.9582684103417128
0,0,0.004565520655157566
0,1,0.9115852909540538
0,0,0.005865275319200453
0,0,0.006115183195891946
1,1,0.9500559805774552
1,1,0.999706335264757
1,1,0.9997229605628195
1,0,0.44713345259655385
0,0,0.011074317788304715
0,0,0.010100410147623319
0,0,0.008737614128461024
1,1,0.9995854518421343
1,1,0.9994571040554295
1,1,0.9214015995344741
1,1,0.9779803201854596
1,1,0.9993503889515223
1,1,0.9993965640161234
0,0,0.007636719263803778
1,1,0.6627685947717926
0,0,0.004495641322616348
0,0,0.013680012929274975
0,0,0.012989504947643143
1,1,0.9410418199848218
1,1,0.9999039520313299
0,0,0.01012283303780721
1,1,0.9996375146484944
0,0,0.0056612881156734495
0,0,0.005630853076118031
1,1,0.9999077933950398
0,0,0.0055406246520527625
0,0,0.003591253353447511
1,1,0.9994198937284408
1,1,0.9995680255365607
0,0,0.004452186285884255
1,1,0.9247678344485891
1,1,0.9639659631885735
0,0,0.05843659792801978
1,1,0.9997694947070976
1,1,0.9993666658560038
1,1,0.9989592545699628
0,0,0.35431631418657616
1,1,0.9035686126429446
1,0,0.006350947347915421
0,0,0.004695469373577377
1,1,0.9998838814763257
0,0,0.00537133168042302
0,0,0.004418552891777355
0,0,0.013583578475885708
1,1,0.9367403820839023
0,0,0.006037034604570928
1,1,0.9995412442574741
1,1,0.9480787090575683
0,0,0.004189930268705098
1,1,0.9995135678180235
0,0,0.001891783244523083
0,0,0.0035473033015812525
1,1,0.964813503470817
1,1,0.9988846325367884
1,1,0.9998078577254017
0,0,0.006355359168226793
0,0,0.03575637020028893
0,0,0.0696283137065313
1,1,0.999171828947455
1,1,0.9056726277810162
0,0,0.007066092197483162
1,1,0.9454933137728232
0,0,0.004774249266166744
0,0,0.006908889192745419
0,0,0.01179349789921926
1,1,0.8165174937724357
0,0,0.0034860660809023056
0,0,0.0008643159789865676
0,0,0.004658776374485391
1,1,0.9994386228579412
1,1,0.9983792983671971
0,0,0.34403176458557644
0,0,0.005220452094675328
0,0,0.003974413792646297
0,0,0.009351612430186217
0,0,0.00666570265349508
1,1,0.9995059117292042
0,0,0.0052462772116155815
1,1,0.5811678266719204
1,1,0.6152248048093081
1,1,0.9996092822299057
1,1,0.9735461479253016
0,0,0.0011073286507347405
0,0,0.007214337305227022
1,1,0.998244725531338
0,0,0.005588712670411839
1,1,0.9998677966654227
1,1,0.9997479282891728
0,0,0.007596410919030796
1,1,0.99976653775539
0,0,0.005865229172353194
1,1,0.9999245209666854
1,1,0.9996939568236733
1,1,0.9995865456812216
1,1,0.9992277047150009
1,1,0.9990471050273585
1,1,0.9995959794105199
0,0,0.009254903296123138
1,1,0.9473744273684588
1,1,0.999921387460644
1,1,0.9453286923312434
0,0,0.006656422440922744
1,1,0.9999280866196893
1,1,0.9996470236110107
0,0,0.004418934190431446
1,1,0.9997839874866574
1,1,0.934325795876907
1,0,0.4187060923808109
1,1,0.7251775686456358
0,0,0.005183655776666141
1,1,0.9180347678841314
0,0,0.004878035461136239
0,0,0.004723565722620444
0,0,0.0049348584936544536
1,1,0.99929594163314
0,0,0.004311151434207264
0,0,0.011436322262841829
1,1,0.9992852895445802
0,0,0.004367239015855612
0,0,0.0029915243745731648
1,1,0.9595468297461655
0,0,0.011028422352370159
1,1,0.8913761340490972
1,1,0.9996570431084322
1,1,0.9377947964344073
0,0,0.007680581162734232
0,0,0.0044653343441287425
1,1,0.8096952629037268
0,0,0.0057203057801990245
0,0,0.0012591129183799278
1,1,0.9997464782598987
1,1,0.8770146143014801
1,1,0.9997759107819784
0,0,0.009094116200691619
1,1,0.9955371777573233
1,1,0.999156676360439
0,0,0.00620280509259797
1,1,0.998033806190057
1,1,0.9994411133879144
1,1,0.9398950245522629
0,0,0.010024804455760974
1,1,0.9999410981230803
1,1,0.9995383512096512
0,0,0.004860621232025416
0,1,0.8759917101760619
0,0,0.005369496748842486
1,1,0.9995177711186171
1,1,0.9176829029705179
1,1,0.8671621780995659
1,1,0.5150222103200425
0,0,0.006109997032655203
1,1,0.999725479783657
1,1,0.8820407845768972
1,1,0.9996122844565242
0,0,0.007529874913909846
1,1,0.9991629297262974
1,1,0.9358378352228799
1,1,0.9999090153487532
0,0,0.0030915934571855283
0,0,0.003862946295284946
0,0,0.004329877911571757
1,1,0.8537104705452864
1,1,0.9288856144579238
0,0,0.032662099484283266
1,1,0.9994299274940877
0,0,0.002557760805836577
0,0,0.010915822524320513
1,1,0.9983419659772511
1,1,0.9995997543418368
1,1,0.8271853752379491
1,1,0.9996170334477715
1,1,0.9988903057397971
0,0,0.004841009775773998
1,1,0.9993692983866004
1,1,0.9962837594431868
0,0,0.005659961508244013
1,1,0.9996079875819774
0,1,0.9527666094750634
1,1,0.9459238020571316
1,1,0.9994657095127037
1,1,0.9994134155124457
0,0,0.1763875187085453
1,1,0.9994744044134174
0,0,0.007607009975668305
1,1,0.9989783838945959
1,1,0.9993651707398362
1,1,0.9997824186847867
1,1,0.9997772038955824
1,1,0.852833758947457
0,0,0.005465109965827269
0,0,0.004799888104179296
1,1,0.9995742893922309
1,1,0.9996416844387578
1,1,0.9998459534259484
0,0,0.005274059422494272
0,0,0.011423714982843107
1,1,0.9985597066547126
1,1,0.8910384014918621
1,1,0.9398290298049615
1,1,0.8204175482135585
0,0,0.011175028605944385
0,0,0.006572763633693821
1,1,0.9989071916187297
1,1,0.9986275626251141
0,0,0.008389412049131047
0,0,0.005000055584970039
1,1,0.9079571082317897
1,1,0.9096042723774455
0,0,0.0064270776907125
0,0,0.01064309168911306
1,1,0.9995225775632851
1,1,0.9996780291417282
1,1,0.9767530118789091
1,1,0.9129737023466941
1,1,0.8923109917871643
1,1,0.9999139954080491
0,0,0.0020826726973533815
1,1,0.9996383373497559
1,1,0.999302425909448
0,0,0.008694333524213012
1,1,0.8926294844147814
1,1,0.9995477091865052
1,0,0.00410196913668928
1,1,0.9997720743734632
1,1,0.9993657993164994
0,0,0.004694282734864221
0,0,0.003208367263709748
1,1,0.9509350866373574
1,1,0.9998926596748682
1,1,0.9988124897601904
0,0,0.004440199933497831
1,1,0.8974527514307857
1,1,0.999062346603903
0,0,0.0017283115386601973
0,0,0.005244061016754963
1,1,0.8908573252546511
0,0,0.0023665812297101207
0,0,0.010105997481898023
1,1,0.9557985127350772
1,1,0.9999116891955347
0,0,0.003921440884406198
1,1,0.9998123845718204
1,1,0.999607954875519
1,1,0.9996157880218659
1,1,0.9995801474851189
0,1,0.6487889733904111
0,0,0.010047424039919798
1,1,0.9992423702842287
0,0,0.009069140414394574
1,1,0.9995468103481577
1,1,0.9989838212854718
0,0,0.006469470845899905
0,0,0.002996863682534779
0,0,0.00535989090787469
0,0,0.006620797297807137
1,1,0.9992840444430956
0,0,0.0069926280060756485
1,1,0.9998924898137821
0,0,0.002516670545123462
1,1,0.9276691879847961
1,1,0.9277612402824771
0,0,0.011733760319073718
1,1,0.9290548355730488
1,1,0.9502117203611699
1,1,0.5411321090986143
0,0,0.00563984392819693
1,0,0.2842509520458392
0,0,0.004712442550838013
1,1,0.8926025192824546
0,0,0.006838670736532292
1,1,0.9998915153391664
0,0,0.0063946216606420424
0,0,0.01140555952353477
1,1,0.9991177197032564
0,0,0.008610999458990494
0,0,0.008579663410339963
1,1,0.9993182941405768
1,1,0.9994016166334624
1,1,0.9142682587619215
1,1,0.9996517906947496
1,1,0.9991868044821722
0,0,0.0072718764473924296
1,1,0.9623967862066939
0,0,0.08898971896399462
0,0,0.00420541610073925
1,1,0.9996077107281895
0,0,0.010616757762810805
1,1,0.919418119242883
1,1,0.9985318655718922
0,0,0.004593289605229373
0,0,0.004747039873523968
1,1,0.9999159299361662
1,1,0.9092423595641951
1,0,0.008346849633917807
0,0,0.005200612034553309
0,0,0.008156481378144852
0,0,0.011345377542715392
1,1,0.9274823626006756
0,0,0.007392313792331151
0,0,0.003857419462795123
0,0,0.004988912818590673
0,0,0.005293738019084959
0,0,0.001917750367954877
1,1,0.9994322427248988
1,1,0.9997125804495204
1,1,0.9994097675821926
1,1,0.8983419552393831
1,1,0.9994610754281795
0,0,0.009197876920358282
0,0,0.005559526967611278
1,1,0.9998743043869265
0,0,0.008629871858724157
0,0,0.004709462747196662
1,1,0.9999415033906902
1,1,0.9980506138107642
0,0,0.006687140978861242
1,1,0.9251323571512681
1,1,0.9592872583829025
1,1,0.9998734439932426
1,1,0.8194427268369127
1,1,0.9992522033897897
0,0,0.00409023338017428
0,0,0.006194956476321058
1,1,0.998845174240009
0,0,0.009974439538910784
1,1,0.8881746810591818
1,1,0.9995234217987654
0,0,0.006296319864175846
0,0,0.006404733757007165
1,1,0.9980574162491473
0,0,0.010288420423695356
1,1,0.9996477691003206
1,1,0.9991820105526913
1,1,0.9991085471890051
1,1,0.9393945321846087
0,0,0.0021140673375225306
1,1,0.9997799777870157
1,1,0.9413324886879786
0,0,0.006485292676826366
1,1,0.9988699717408384
0,0,0.008184807296679713
1,1,0.9986820529304937
1,1,0.9996194263194046
0,0,0.004261455136467374
0,0,0.0058984801698312985
1,1,0.8593519393232134
1,1,0.9998403598053294
1,1,0.9994807840265234
0,0,0.006620483562598337
0,0,0.009010785653813663
0,0,0.004798415598376337
0,0,0.014111797246460603
1,1,0.9996846805097165
1,1,0.9996101281093838
0,0,0.005936705582268707
0,0,0.005943372190775118
0,0,0.014068347919101363
1,1,0.9282593388646911
1,1,0.9998576594826717
0,0,0.003390475810260739
1,1,0.9994580673594353
0,0,0.0044260726001539305
1,1,0.9994901608246293
0,0,0.005494203611078092
0,0,0.004227177955049833
0,0,0.004601943955322737
0,0,0.00866763335475254
0,0,0.005651984865788635
0,0,0.006779333794385527
0,0,0.009232039481697641
0,0,0.004327471328737927
0,0,0.006394318823436814
1,1,0.9523859335008346
1,1,0.9995221141018549
1,1,0.9999487839488718
0,0,0.005498056667637588
0,0,0.004618136237405708
0,0,0.003942332086348061
1,1,0.9996454609157234
0,0,0.00590113684058318
0,0,0.011858501765456194
1,1,0.9986393464933044
1,1,0.9995956232220927
0,0,0.004271648941239329
1,1,0.9197079208194396
1,1,0.9504350776429986
0,0,0.004905720548105363
0,0,0.0021105289677372653
1,1,0.9401112449892743
1,1,0.9007833551529734
0,0,0.007479974956642749
0,0,0.00397079002563969
0,0,0.0047889082058837395
1,1,0.9323200019404593
1,0,0.49162311439729556
1,1,0.9476243191892536
1,1,0.9988687928282748
1,1,0.9999280719794343
0,0,0.003876148907130258
1,1,0.7915026974688723
0,0,0.3067798247594494
1,1,0.9996756237396466
1,1,0.9999462840166983
0,0,0.004243047887715532
0,1,0.8910413035334014
0,0,0.00432120609966192
0,0,0.003374429682812652
1,1,0.9980731527656885
1,1,0.7913205494705179
1,1,0.9992222363973771
1,1,0.9998891625361989
1,1,0.9081783442123812
1,1,0.9202681385713872
0,0,0.012619904649095324
1,1,0.9999381397571838
0,0,0.004140811561149442
0,0,0.0077647873776020265
1,1,0.9994757813032545
1,1,0.597003667329074
0,0,0.00838224878996315
1,1,0.8889037433972837
1,1,0.9997839751804334
0,0,0.001714122759330829
0,0,0.046281411407816726
0,0,0.006956372995168104
0,0,0.0053560058047897995
0,0,0.006397855488178703
0,0,0.005632365107561146
0,0,0.008282503099869224
0,0,0.009553109073262808
0,0,0.005179188364152954
1,1,0.9994041441668969
1,1,0.9993434920637816
1,1,0.9993809111887406
1,1,0.924466336362929
1,1,0.8875098749373691
1,1,0.9996053108560695
0,0,0.008033479553669622
0,0,0.061069797821684604
0,0,0.005543366650291715
0,0,0.013391247696194654
0,0,0.0041093641089064315
0,0,0.007396889078619868
0,0,0.0031946928547719185
1,1,0.94405925980386
0,0,0.0045907509847037675
0,0,0.005034946042272598
0,0,0.007907835796068002
1,1,0.9375521349518778
1,1,0.9981914588794402
0,0,0.05684082405722966
1,1,0.9565180981834417
0,0,0.005056884429998319
1,1,0.9995667091841879
0,0,0.008375559701686894
0,0,0.012451381240419104
1,1,0.9210873652695577
1,1,0.9988167711730883
0,0,0.006711816239848283
1,0,0.1034341013096851
0,0,0.006865492039073315
1,1,0.9998523612805487
1,1,0.7623036665520125
0,0,0.0072920404421730626
0,0,0.0043780965828977185
1,1,0.8813814025253838
0,0,0.012015053359344522
1,1,0.9999052902672453
1,1,0.9993202115274752
1,1,0.9994108709713299
1,1,0.9995350889200502
0,0,0.009305551348468492
0,0,0.0038147612363378584
1,1,0.9996868879075269
1,1,0.9993531209340328
0,0,0.008369417701231228
1,1,0.9458281330396565
1,1,0.9979289874418817
1,1,0.9978289489337719
1,1,0.9993233280668032
0,1,0.7136365130628749
1,1,0.9994241555191633
1,1,0.9994964738883532
0,0,0.0075779377232892565
1,1,0.9243499375391113
0,0,0.00455878861152435
1,1,0.9308206384843151
1,1,0.9406246774229787
0,1,0.6883290938451536
0,0,0.006643376935663658
1,1,0.9996620254894081
1,1,0.9999387756055961
1,1,0.9998644262006211
0,0,0.005980923324383435
0,1,0.8932006180815564
1,1,0.9989304683769652
0,0,0.0027407530263455914
0,0,0.007183664045533674
1,1,0.9025062186907163
1,1,0.9352796172440733
0,0,0.006191814375085641
1,1,0.9993633278773628
1,1,0.9604585159865249
0,1,0.5521420778446604
0,0,0.0038450626735977633
1,1,0.9993511802522397
1,1,0.9980969966433405
0,0,0.006600034027012882
0,0,0.0023950830239507386
0,1,0.5792069010244223
1,1,0.9679265013040779
1,1,0.9995177664299024
1,1,0.999872686861398
0,0,0.005377350988090763
0,0,0.003576017013156182
1,1,0.8979252330150348
1,1,0.9991331475335388
1,1,0.9996215472741359
1,1,0.9999331616061055
1,1,0.8844324229241503
0,0,0.004750824523877301
1,1,0.9998783888936611
0,0,0.006326895847478269
1,1,0.9932383351615119
1,1,0.9997834027140486
1,1,0.9996483996069024
1,1,0.9996745233233585
1,1,0.9362053138608398
1,1,0.9994015604493965
1,1,0.9993725552249272
1,1,0.9997909101694852
0,0,0.0041107642177394725
0,0,0.004646506988261538
1,1,0.9995794428726716
1,1,0.9994401233759961
1,1,0.8733395163222776
1,1,0.9996510861461486
1,1,0.8961466280560505
0,0,0.010043890778189242
0,0,0.0019773829844420853
0,0,0.004110619020553003
1,1,0.9975251034454038
0,0,0.13017775471166046
0,0,0.009018319472190664
1,1,0.9989396517369065
0,0,0.00549941490454838
1,1,0.9593394275169912
0,0,0.007134131267332491
1,1,0.9989744985100956
1,1,0.9990265796280903
0,0,0.005940500432075407
0,0,0.011463750617819988
0,0,0.010288396757220219
0,0,0.004711419815037898
1,1,0.9993641574673348
1,1,0.9998970719222839
1,1,0.9996521744544429
1,1,0.9998833811562601
0,0,0.004329409766858731
1,1,0.9990941804278888
1,1,0.9993686897585218
0,0,0.004383036253852884
1,1,0.9984575888501321
0,0,0.005983228328072973
1,1,0.9516541873329367
0,0,0.012782255865190034
0,0,0.0044286842196065235
0,0,0.015600901619301367
0,0,0.004929289495608186
0,0,0.0023092883306064537
0,0,0.008432396799948408
0,0,0.00817075167875176
0,0,0.0055305896659402975
0,0,0.0037872186852435145
1,0,0.3453686285118757
0,0,0.007085186627072356
0,1,0.7364310269341366
0,0,0.003096288323281559
0,0,0.008244141277852942
0,0,0.006452065824417125
1,1,0.9169411729054038
1,1,0.9995025150154521
1,1,0.5939255606641252
0,0,0.005066450709422079
1,1,0.909065419626437
0,0,0.012863128699886317
1,1,0.953775902578837
0,0,0.005040991085698107
1,1,0.9993401997947996
0,0,0.04852837001744803
1,1,0.9090652034770983
0,0,0.004240243312835167
0,0,0.0061418324623063415
1,1,0.9996082784811914
0,0,0.005292203279444253
0,0,0.003873016667989402
0,0,0.27616509771702674
1,1,0.9992518215038148
0,0,0.00577200683035408
0,0,0.0008954937154624858
1,1,0.9996807374233209
1,0,0.42241957555714316
1,1,0.9982862788006223
1,1,0.9997088401581241
1,1,0.9996258066032876
1,1,0.8797418465077665
0,0,0.005414067308327473
0,0,0.001696002750617104
1,1,0.9996086937810588
0,0,0.43099298792650265
0,0,0.009256279463257515
1,1,0.9492860329090923
1,1,0.9377222844147883
0,0,0.0038618610396479675
1,1,0.9994789959168524
0,0,0.007157299859846786
1,1,0.9994857973090715
0,0,0.004940400257886106
0,0,0.22879721923508622
1,1,0.9996559585825746
1,1,0.9489080360909089
1,1,0.9995490915823481
0,0,0.010045970816146681
0,0,0.00827690716558001
1,1,0.9993983003012971
0,0,0.008731322399876071
0,0,0.007114251622927487
1,1,0.9441669079335736
0,0,0.005655397788928488
0,0,0.005894526525812036
0,0,0.004814743909940577
1,1,0.9458851167321536
1,1,0.9999180873908199
1,1,0.999564332931249
1,1,0.9999207676139713
1,1,0.9043850889902392
0,0,0.004077824493924609
0,0,0.01024959912893787
0,0,0.0048825848525190394
1,1,0.999862046384722
1,1,0.8899045786571707
1,1,0.8949899062972874
1,1,0.9997758670843926
1,1,0.6502500040683992
1,1,0.999841302531064
1,1,0.9231935242370017
1,1,0.9485809955640256
1,1,0.99938954624912
1,1,0.9980076681379552
0,0,0.004287420616718309
0,0,0.005939124730431591
1,1,0.9996130871159147
1,1,0.999812591739187
0,0,0.009469570639521181
0,0,0.008863009958870401
1,1,0.9994184639902183
1,1,0.9994807824954459
0,0,0.0018677701147467092
1,1,0.9526340410210161
0,0,0.00576825561583922
0,0,0.3862530374887646
0,0,0.00643107261134464
0,0,0.006146612444962176
0,0,0.006044086983253651
0,0,0.006365423494620203
1,1,0.9994879957005313
0,0,0.006362885295092572
1,1,0.9996620071622129
0,0,0.00805882632195005
1,1,0.9439036194478404
1,1,0.8019993921448973
0,0,0.006130360417146762
1,1,0.9995437922399806
0,0,0.0047215994581676244
1,1,0.8551089402530885
1,1,0.9988955120727521
1,1,0.9994330356746182
0,0,0.0028054047680255295
0,0,0.005373464696398431
1,1,0.9997808354191545
1,1,0.999664853594585
1,1,0.8852536099180394
1,1,0.9988692398274485
0,0,0.004111686638418
1,1,0.9082679789904482
0,0,0.007104169163377255
0,0,0.0038790398244141692
1,1,0.9986233115985501
0,0,0.008690367474565575
0,0,0.0030832657819711185
0,0,0.004735783206828372
1,1,0.9990050932362292
1,1,0.9993476327603893
1,1,0.9995794631801784
0,0,0.2660024485994241
0,0,0.016536564271189085
1,1,0.8605451883852065
0,0,0.006039415700362483
0,0,0.0036649471630755734
0,0,0.2579297928006961
1,1,0.9995825795731355
0,0,0.0069810388971624305
1,1,0.999424585334982
0,0,0.003082286273761928
1,1,0.9997514728838831
0,0,0.010525363774019875
1,1,0.9994228253643246
1,1,0.9990824043169958
1,1,0.9209138719020171
0,0,0.010832321846694479
1,1,0.999604666264598
0,0,0.015999710624336316
0,0,0.012062615829369256
1,1,0.9985111379211176
0,0,0.008724625227335152
1,1,0.9998170795869965
1,1,0.5225241089251526
1,1,0.9971805343292148
1,1,0.8820190111516949
0,0,0.005211547841758512
1,1,0.9997547870775718
1,1,0.9262361149247298
0,0,0.008026402823266554
1,1,0.999428176331382
1,1,0.9995140156996337
1,1,0.9053841036794988
0,0,0.002656495332482584
1,1,0.5970055015479689
0,0,0.0028142197511051956
1,1,0.9203523878978283
0,0,0.0039005912200152236
1,1,0.878307816223693
1,1,0.9998712078091538
1,1,0.9999014830744242
0,0,0.005227771302768109
0,0,0.007701488546457515
1,1,0.999932955888131
1,1,0.9999272354781009
0,0,0.007894074088597594
0,0,0.005244537720742581
0,0,0.004309606706169386
1,1,0.9991204278675935
1,1,0.9418560632964587
0,0,0.0144526162050144
0,0,0.005516491170097077
0,0,0.004378040774877939
1,1,0.9996426695201671
1,1,0.9991557454453629
1,1,0.9992918752618914
1,1,0.9614346809639065
0,0,0.009812616209743564
0,0,0.0038512861115590344
1,1,0.9990138006450036
1,1,0.999200954649519
1,1,0.9420901231014295
1,1,0.9994163334409802
1,1,0.890255994199873
1,1,0.8999120116077759
1,1,0.5654860411106559
0,0,0.007753740487937748
1,1,0.9992876117975868
1,1,0.9998783060933818
1,1,0.9996318021168464
1,1,0.9641384367715515
0,1,0.5432935945379821
0,0,0.008227367351635751
0,0,0.00873645829514315
1,1,0.9236642922400862
0,0,0.008624312345597835
0,0,0.005699489336527938
0,0,0.005096857771429768
0,0,0.0056042667397346296
1,1,0.9171799868953495
1,1,0.9982570628527188
0,1,0.880514593992584
0,0,0.00768765318610316
1,1,0.5225221510130096
0,0,0.004042186902142388
0,0,0.00763659984046374
0,0,0.012154281570633942
1,1,0.9998413314675497
1,1,0.9640414620155371
1,1,0.9997546007608498
1,1,0.8888408760743497
0,0,0.004622626023595558
1,1,0.9282326707265874
1,1,0.9670561206341142
1,0,0.3973571906748156
0,0,0.006133953774993637
0,0,0.003988947129095007
0,0,0.005313420659629159
0,0,0.0025153363955646587
0,0,0.006658335730925842
1,1,0.9997822176736931
1,1,0.9998854484750223
1,1,0.905674414823877
0,0,0.005314971250804615
1,1,0.999835013533993
1,1,0.9618132475067546
0,0,0.007790163041834831
1,1,0.9994233562490433
1,1,0.9161978579862944
0,0,0.0061077218637999205
1,1,0.9998615852469077
1,1,0.956672933725849
0,0,0.0033631872882593323
0,0,0.004712414914371284
0,0,0.004071580442963255
1,1,0.9997411077489868
0,0,0.004570794702337061
0,0,0.004872379576993903
0,0,0.006674848727430628
0,0,0.005519077905817301
1,1,0.9994682306341165
0,0,0.0039180550651550594
1,1,0.9993869318590858
0,0,0.01195632413669655
1,1,0.999786232374151
0,0,0.006288919193278848
0,0,0.005641191135056066
1,1,0.8999754316746654
0,1,0.974206186283908
0,0,0.00788361086482505
1,1,0.9994832774497365
1,1,0.941401190663669
0,0,0.005987527248418178
0,0,0.0042729560985885545
0,0,0.012721733385764978
1,1,0.9987454228527929
1,1,0.9980707398279448
0,0,0.005715083725142431
0,0,0.004109375383692074
0,1,0.9393878247132591
0,0,0.010545824043967568
0,0,0.005029603966113689
1,1,0.9994260225909913
1,1,0.9997588248503001
0,0,0.005524873834749249
0,0,0.004357385262879023
1,1,0.9995996912155365
0,0,0.006894260599074031
0,0,0.003407540277497923
0,0,0.4890660097056697
1,1,0.9997128670899792
1,1,0.9998897321769383
0,0,0.005758746735095443
1,1,0.9995475483226794
1,1,0.9271816808696025
1,1,0.9997875562223492
0,0,0.015436261653749873
0,0,0.0053116346178073625
1,1,0.9983028824985747
1,1,0.9996554793581277
0,0,0.00427128935213577
1,1,0.9999194671493985
0,0,0.005654015112569023
1,1,0.9996747703821491
1,1,0.8843354434655625
1,1,0.8799290530132468
1,1,0.5602003794705563
0,0,0.004204560107411163
1,1,0.9996166408570233
1,1,0.9994617779240835
0,0,0.005800479184449763
1,1,0.9988576262387581
0,0,0.007975870297199584
0,0,0.00719742034781566
1,1,0.999546766489421
0,0,0.006346137848154824
0,0,0.0023689110782349515
0,0,0.006557554327875605
1,1,0.9998516490115396
0,0,0.006083986263673138
1,1,0.5320143704128546
1,1,0.9989615849090789
1,1,0.9238047949106981
0,0,0.12364816417593744
1,1,0.9988640634821488
0,0,0.011233410671572054
0,0,0.010274736267741032
0,0,0.004192836198268148
0,0,0.07639715565220251
1,1,0.905442693182285
0,0,0.005599914924622027
0,0,0.004271873011704364
1,0,0.014752978710162096
1,1,0.6738386515768438
1,1,0.9999541377350243
1,1,0.9679803288408689
1,1,0.9142671857731419
0,0,0.004503921574652423
1,1,0.9996829154367993
1,1,0.9994002740150508
1,1,0.8954653258379249
0,0,0.0037433779829938616
0,0,0.015256815428637507
0,0,0.0038712832633350266
1,1,0.9993770254819965
1,1,0.9992371558894176
0,0,0.003798136015737374
0,0,0.004391840823205669
0,0,0.008642837304494898
0,0,0.003887690716265971
1,1,0.9988486742737552
0,0,0.014057081450522035
0,0,0.0047985318826687965
1,1,0.9999012966781142
0,0,0.0047682484615820964
0,0,0.009305201346469118
0,0,0.004795164985186548
0,0,0.00506439770049775
0,0,0.009084764633925288
0,0,0.001408008236951969
1,1,0.9867647436303434
0,0,0.007215097128168689
1,1,0.9980840811879782
0,0,0.006491464685670724
0,0,0.006289330980181452
1,1,0.9995181624873024
0,0,0.007883610995419664
0,0,0.45984322481412765
1,1,0.9512555635010611
1,1,0.9997218859362085
1,1,0.8657723860863269
0,0,0.005091840160787654
1,1,0.9995489760150345
1,1,0.9996249592653418
1,1,0.9019993053742347
0,0,0.009969617361912117
0,0,0.004286929468042305
1,1,0.9995035831543475
1,1,0.9980543839689923
1,1,0.8393517004724792
0,0,0.3678736397651635
0,0,0.005708282741765295
0,0,0.007141557301946236
1,1,0.9999001558992167
1,1,0.9998072883700572
1,1,0.9997755649415364
1,1,0.997666731810051
0,0,0.008763925808779022
1,1,0.9998586655254871
1,1,0.9995972828024586
1,1,0.9996274974760269
1,1,0.9992718317351643
1,1,0.9994997533951956
1,1,0.9996085400905222
0,0,0.004940444065321818
0,0,0.004465924924389656
1,1,0.9994854025495553
0,0,0.0076008088076611946
0,0,0.01091663886016138
1,1,0.9939414925147089
0,1,0.8588184107018572
1,1,0.7554958724377401
0,0,0.004965150313552173
1,1,0.9267241846829054
1,1,0.9998181773026297
1,1,0.9997111998594774
1,1,0.9995782671879254
0,0,0.005628921929667933
0,0,0.004334774587413559
0,0,0.0043814359405397185
0,0,0.19462603841236523
0,0,0.0046384020756048356
0,0,0.004792723187385685
1,1,0.8602896084271244
0,1,0.9228292341798758
1,1,0.9160860740801371
1,1,0.9870289118056266
0,1,0.8691538172533753
0,0,0.004599382299613768
0,0,0.012320454112638796
0,0,0.06571543250837783
1,1,0.9995337051812176
1,1,0.9341436312147723
0,0,0.006876386227594775
1,1,0.9992857834135083
0,0,0.005364683288813592
0,0,0.010261626839993033
0,0,0.004721993216293591
1,1,0.9998379572850867
0,0,0.011384417383457163
0,0,0.006816572382072653
1,1,0.9566717598108734
0,0,0.005845816634446271
1,1,0.9993367325541482
0,0,0.00770788134110134
1,1,0.9984662844746119
0,0,0.005181653088534646
0,0,0.007151731534461597
1,1,0.9995717284354385
1,1,0.9255670216509831
1,1,0.9996718954553968
0,0,0.005995778035194308
1,1,0.9090349544615975
1,1,0.9994016782094157
0,0,0.004903414469987727
1,1,0.9440535026553971
1,1,0.9917805851750623
0,0,0.005055158173074378
0,0,0.004320324308757904
0,0,0.0067945955283976
1,1,0.9994896674095816
1,1,0.9984503250153908
1,1,0.8992810543740034
0,0,0.007537447732052431
0,0,0.004554773625858602
0,0,0.008021517777544871
1,1,0.9997616334210954
1,1,0.9992541712735655
0,0,0.0015922932506938908
1,1,0.9980157172899488
1,0,0.4011218705003493
1,1,0.999136866889727
0,0,0.004165967042308254
0,0,0.014880024102258057
1,1,0.9999493426558377
0,0,0.011793481786907041
0,0,0.34138554723958253
1,1,0.9997934868767488
1,1,0.9983921674995067
0,0,0.00535140306914139
0,1,0.8850392953704318
0,0,0.003939522947697601
1,1,0.999419747984399
0,1,0.6195632850619803
1,1,0.9890323797645191
1,1,0.9994162589074982
1,1,0.9989039700885652
1,1,0.9996173406721389
0,1,0.817186408835112
1,1,0.917346466071456
1,1,0.8127896223079293
1,1,0.9206653473985857
0,0,0.008264157396645938
0,0,0.01650256944376309
0,0,0.3009960263745137
1,1,0.9996704453008236
0,0,0.007325272455320551
0,0,0.004072113790739171
0,0,0.005413380312872241
0,0,0.004723379642090692
1,1,0.9992764838647781
1,1,0.9777676123426707
1,1,0.8636358145577208
1,0,0.3558974532303416
0,0,0.0038517176214429337
1,1,0.9997823849674069
1,1,0.9993909454088992
0,0,0.008119234233324264
0,0,0.006781528389026479
0,0,0.005442623924294844
1,1,0.9996824326527489
0,0,0.010164226741049087
0,0,0.0054248321014609075
0,0,0.007833568409716218
1,1,0.9222943326145555
1,1,0.9997876145258789
0,0,0.02068034466085672
1,1,0.9101408878351034
1,1,0.9264157836385897
1,1,0.9996089719148785
1,1,0.9998622631603121
0,0,0.00406239652283213
1,1,0.9991209774626063
1,1,0.9998899382599516
1,1,0.9996680257581927
0,0,0.004406474959948615
1,1,0.9994879883239768
0,0,0.0067017706665461465
0,0,0.003434694393300403
1,1,0.9993709184592348
1,1,0.9138041680071158
1,1,0.9998757697195049
1,1,0.9997899848962677
0,0,0.007129679280761306
1,1,0.9993744706375717
0,0,0.003791087861799619
0,0,0.003847254621034468
1,1,0.9993815198634981
1,1,0.9993024214574231
0,0,0.003247228682242075
0,0,0.004166784765531168
1,1,0.9993995179193261
1,1,0.9999408260294702
1,1,0.9995811329221636
0,0,0.004653750258702601
1,1,0.9992313892600967
1,1,0.9998970048238601
1,1,0.8707180636990428
1,1,0.8221802316198147
1,1,0.883794172873826
1,1,0.8906532000293433
0,0,0.011290992401200323
0,0,0.005098403433074011
0,0,0.028225859845065995
1,1,0.5078313272183432
1,0,0.008053672210691646
1,1,0.998710203189786
1,1,0.9998412443275078
0,0,0.0060292496765668455
1,1,0.9398290323543563
1,1,0.8630434573231822
0,0,0.004747557964777403
1,1,0.9993233279753484
0,0,0.0037817861825139108
0,0,0.009213580631806188
0,1,0.6007852620886635
1,1,0.9995241727075774
0,0,0.004996598367345202
1,1,0.9994149352713896
0,0,0.0030063252385357383
0,0,0.010766007957181188
1,1,0.9482797202936055
1,1,0.9902150849362483
0,0,0.006579422956576325
0,0,0.011127669868966641
0,0,0.0012040715260066214
1,1,0.9994299612939861
1,1,0.896454013429461
1,1,0.5248353479741175
1,1,0.5248316241592742
0,0,0.007802488242291634
1,1,0.8646607903892383
1,1,0.939552191965182
0,1,0.8169668563809719
0,0,0.005591406453292408
1,1,0.9509069183900848
1,1,0.9996567294434047
0,0,0.004010395079550242
1,1,0.8922669889564241
1,1,0.9128424310173896
1,1,0.9991847243592884
0,0,0.3644944125153601
0,0,0.0061581061532498425
1,1,0.9999281483687853
0,0,0.007783528082630473
1,1,0.9990008935043968
0,0,0.008241732027276348
0,0,0.004519343830714467
1,1,0.9999489276639848
1,1,0.9994464327721094
0,0,0.007231814058400319
1,1,0.9182172515783386
1,1,0.9999182276717258
1,1,0.9986093173314792
1,1,0.9995760101882892
1,1,0.9994017134345426
0,0,0.004326059939971039
1,1,0.9998574056496387
1,0,0.3723385227394324
1,1,0.8859691138521762
0,0,0.004774829582170097
0,0,0.00682006823854216
1,1,0.9993709753826701
0,0,0.004962501160958865
0,0,0.005137780931910814
1,1,0.9998542311806135
1,1,0.9987950454357466
1,1,0.9990181677531653
0,0,0.005326182682161664
1,1,0.999719952100716
1,1,0.9998143066664813
0,0,0.003785728824281834
0,0,0.006948962280332505
1,1,0.9110189552878268
0,0,0.004686676654786922
1,1,0.8885363025222912
0,0,0.00983580773410476
1,1,0.9998432692759236
1,1,0.9991785700742957
1,1,0.9267204158807429
0,0,0.008286471400886524
1,1,0.9987344627026083
1,1,0.9996890905563259
0,0,0.0025029078519583675
1,1,0.9189410186564675
1,1,0.9985811147139028
0,0,0.006336034443420336
0,1,0.8989999898778841
0,0,0.006350644230811468
0,0,0.0012633891840806517
1,1,0.9988623168011844
1,1,0.949702700984322
1,1,0.9359153124875365
0,0,0.1033022712572243
1,1,0.9908148977188026
0,0,0.0059884280812726
1,1,0.9007807163608442
1,1,0.9994228316623288
0,0,0.004922171914951218
0,0,0.0023689133984794736
0,0,0.004963004915587163
0,1,0.8784200561705439
1,1,0.6230675799274497
1,1,0.9019629236319435
0,0,0.004325160596098978
1,1,0.8896416738163597
0,0,0.010095763214451672
0,0,0.010166708277589143
1,1,0.8104197732848958
0,0,0.004768765818026107
1,1,0.9545234963350062
1,1,0.9287402362472797
0,0,0.005007078978321697
0,0,0.007158114033534686
0,0,0.004664082588010605
1,1,0.9997263772675359
1,1,0.9997752347247563
0,1,0.5398350964941228
1,1,0.8846246581609747
1,1,0.9996745276336367
0,0,0.44219669555850466
1,1,0.9993821141806671
1,1,0.9159610385416962
0,0,0.007188791725178088
1,1,0.9995289587489317
0,0,0.0031001995903050116
1,1,0.8999133687206272
1,1,0.99913144146965
0,0,0.4849957515964785
1,1,0.9331912953533287
0,0,0.00788106811126066
1,1,0.9993088551367196
1,1,0.9981382379771557
0,0,0.007921945678433037
1,1,0.9997517504990431
1,1,0.9995527286015994
1,1,0.8734555580031592
1,1,0.9996115824003331
0,0,0.007018801959522129
0,0,0.011635475699445877
0,0,0.00453147736722415
0,0,0.3742208063603411
1,1,0.999439928631118
1,1,0.9986502337127899
0,1,0.6644466164341783
0,0,0.004115357467790292
1,1,0.9060014407019986
0,0,0.009690273387348035
1,0,0.09973413525800441
1,1,0.9994071770277828
1,1,0.9997503776686955
1,1,0.9996000210030115
0,0,0.01147496541116563
0,0,0.009385577118629373
0,0,0.005832627322373295
1,1,0.999300226918728
1,1,0.9982142002427585
0,1,0.8973434729219656
0,0,0.00464808067072775
1,1,0.9998947343529198
1,1,0.9993006495925617
0,0,0.008907788772031702
1,1,0.9993638815377067
0,0,0.00413986629186819
0,0,0.04629469419364131
1,0,0.009211829880559545
0,0,0.004330918020659682
1,1,0.999621557525871
1,1,0.999462600493379
1,1,0.9987826040957914
1,1,0.9997599624479501
1,1,0.9489277131891894
0,0,0.0049303215638235
1,1,0.9578663408594686
0,0,0.009954540934551063
0,0,0.01061435950269593
0,0,0.004460271183300513
1,1,0.9546645093573792
0,0,0.0018690222011756754
1,1,0.9992980144843161
1,1,0.999131432982117
0,0,0.002481571204902
0,0,0.004166717430274693
0,0,0.004386752510692828
1,1,0.8369517766470941
1,1,0.9662926361943327
1,1,0.9985583623137609
1,1,0.999615803518642
1,1,0.9995761783197522
0,0,0.004362542559706868
0,0,0.0008563198242052671
1,0,0.405290899497501
1,1,0.9231325569307082
0,0,0.006132473526024574
1,1,0.998868800429505
0,0,0.009498042131148712
0,0,0.008762360206741447
0,0,0.015999703447923907
1,1,0.9590774412156385
0,0,0.005899009372712838
0,0,0.00401155013918819
0,0,0.006389767651197882
1,1,0.9092115664341001
0,0,0.004462961206903037
0,0,0.006482717500430568
0,0,0.010237121412497732
0,0,0.004305294948859549
0,0,0.0032471029486991717
1,1,0.9983420686722164
0,0,0.006272001404424151
0,0,0.008376421997672603
1,1,0.9318347696546184
1,1,0.5650760326973817
1,1,0.9043164187611799
1,1,0.9998547616272668
0,0,0.006058726041304088
0,0,0.00561881751277338
1,1,0.9998343832232113
1,1,0.9349504586902957
0,0,0.0045435118534180715
0,0,0.004559212630061206
1,1,0.9985771044289756
0,1,0.7999982246847485
1,1,0.9226233973991883
0,0,0.11747400931600176
0,0,0.007018208875151726
0,0,0.0035122489097229623
0,0,0.41801918981606984
0,0,0.007577059036946065
0,0,0.007881877384216196
0,0,0.0045052300343242325
1,1,0.9996416059995717
1,1,0.9995834348914641
1,1,0.9995964921625096
0,0,0.00513833383929215
1,1,0.9996568026256394
1,1,0.9986500472623709
0,0,0.007538056309624635
0,0,0.009879404247392663
1,1,0.9057772889498789
1,1,0.8889993569268729
1,1,0.999931124290085
1,1,0.9982139392581632
1,1,0.9999387516423921
0,0,0.1296703365004922
1,1,0.9998388606675837
1,1,0.9994826759568985
0,0,0.001998023876285597
1,1,0.9999113514639053
0,0,0.0063929627345454725
0,0,0.005660964654225072
1,1,0.9994905033308312
1,1,0.8979327124857744
1,1,0.8972337000236894
0,0,0.00486568189928757
1,1,0.9993289212507147
1,1,0.9987664720341349
1,1,0.998723825237443
0,0,0.005619142822236133
0,0,0.005741782350780478
0,0,0.01289067375129578
0,0,0.006070481904485696
0,1,0.9368177045299709
0,0,0.009972969050066234
0,0,0.010051185744184508
1,1,0.9994510649175181
0,0,0.004562042057670824
1,1,0.8841706421305526
1,1,0.9992823649231288
0,0,0.004240598205697258
0,0,0.003807524116984891
1,1,0.8769802022773685
1,1,0.9522919325275573
1,1,0.999468263930322
0,0,0.002789744209311853
1,1,0.6222297901106366
1,1,0.9992726025516586
0,0,0.008566111929633797
0,0,0.004567667587651481
1,1,0.8886988260724806
0,0,0.015361953416845518
0,0,0.0076366018143990315
0,0,0.0054077445883079596
1,1,0.999718745597195
1,1,0.9999407148470686
0,0,0.005067245683279955
1,1,0.9145120032052487
0,0,0.004670998960267498
1,1,0.9999248223374699
0,0,0.006097236176652245
1,1,0.9994528952112992
1,1,0.9996563398852312
1,1,0.9997511265507814
0,0,0.004867962456196952
0,0,0.010137756638236047
1,1,0.9996430860455018
1,1,0.9998943034546465
1,1,0.9199999342069256
0,0,0.002196469663331871
1,1,0.9999038935240234
1,1,0.911043334654042
1,1,0.9994632192848552
0,0,0.0066288784119987515
1,1,0.9996254286419488
1,1,0.9998907865522474
0,0,0.010469254009860006
0,0,0.012287051166741121
1,1,0.9996552834386948
1,1,0.887752845612324
0,0,0.01080937865773865
1,1,0.9988685302844595
0,0,0.009659590550896944
1,1,0.9993276681229123
0,0,0.00616934544682058
0,0,0.0038675891322998224
0,0,0.012414873784960308
0,0,0.008213686975219014
1,1,0.9994390124113539
1,1,0.9995541755831578
0,0,0.013299963176366118
1,1,0.9999048643825085
1,1,0.9998183375569547
0,0,0.005092072095439674
0,0,0.005516997588433926
0,0,0.008562168279694138
1,1,0.9998417725383663
1,0,0.12375331642697306
1,1,0.9228686755682508
0,0,0.004736770744588417
1,1,0.999382165480786
1,1,0.9998572529417906
0,0,0.012180049838297824
0,0,0.007276177293189691
0,0,0.008021174326840623
1,1,0.9312376729891007
1,1,0.9993677564909192
0,0,0.004779268878404014
1,1,0.8768733327398048
1,1,0.9189525769719247
0,0,0.007729023560580398
1,1,0.953503801820307
0,1,0.5112708990145134
0,0,0.011335366405057437
0,0,0.011030788487456773
1,1,0.9993272020942595
1,1,0.8749153817394651
0,0,0.003954224335742303
1,1,0.9994053704689336
0,0,0.014105262957121202
1,1,0.999927862629762
1,1,0.9996436996054074
1,1,0.9995509245151155
0,0,0.007845604583904327
0,0,0.006986113674100597
0,0,0.030633391882090046
1,1,0.9994191928817272
1,1,0.9998387814032123
1,1,0.9998219158179349
1,1,0.9999103085930515
1,1,0.9997593129317768
1,1,0.9168142953887304
1,1,0.9996008889529502
0,0,0.27947084836351
1,1,0.9998914507829865
1,1,0.9996358613107224
1,1,0.9996180660617501
0,0,0.008690356988508435
1,1,0.9157209463322966
0,0,0.003351497196639341
1,1,0.9998122419126142
0,0,0.006761054652541157
0,0,0.007215831299163153
1,1,0.6231139927373414
0,0,0.008433582203025243
0,0,0.005821410659052828
0,0,0.005240398735268681
0,0,0.002856993847406531
0,0,0.25181439103503905
0,0,0.1752696674414575
0,0,0.008533948250700897
0,0,0.0023237033317257114
1,1,0.9575475853484745
0,0,0.0063777972078647655
0,0,0.005437788969744677
0,0,0.0058775313297704124
1,1,0.998252541783155
1,1,0.999254159578803
0,1,0.8026679656586649
0,0,0.0028694772973641225
1,1,0.9296415712857427
1,1,0.9996104832571461
1,1,0.9096468196812927
1,1,0.9994870252143183
0,0,0.07987277503973199
0,0,0.006011742632860555
1,1,0.9997165712830259
1,1,0.9995274285378519
0,0,0.0008746227667243162
1,1,0.9030927147431681
0,0,0.007145988468718246
1,1,0.7799147535146517
1,1,0.999193043345752
0,0,0.012480561029909484
0,0,0.005528578723461347
1,1,0.9996056697182699
1,1,0.9991970316507751
1,1,0.9382163953840882
1,1,0.999863383890836
0,0,0.011326645052650795
0,0,0.0038047825388473787
1,1,0.9192220921723043
0,0,0.00477913008175769
1,1,0.9102138963448405
1,1,0.998895365857189
1,1,0.952157441179714
0,0,0.006940410694896618
1,1,0.9989424345892981
0,0,0.008270307696425491
0,0,0.0059130129118319195
0,0,0.004720489737248457
0,1,0.5264236083322364
0,0,0.005434555354056258
0,0,0.02655403230747438
1,1,0.9344070481794141
1,1,0.9993924291732629
1,1,0.9995281615134242
1,0,0.4049479727924289
0,0,0.005401022520932018
0,0,0.002519875330090281
1,1,0.953482906517829
0,0,0.00438653182177733
0,0,0.006674855290795064
1,1,0.999819420803902
1,0,0.00708240309831546
1,1,0.8921294104672967
1,1,0.9550974000626996
0,0,0.0042522916317575
0,0,0.006301033122202229
1,1,0.9999427307726966
1,1,0.9995022325409058
0,0,0.004705454212341351
0,0,0.020677107698333273
0,0,0.02210380866564195
0,0,0.0036341607244643873
1,1,0.9995475900997588
1,0,0.3328112501333764
0,0,0.01168167949800567
0,0,0.004762997239768712
1,1,0.9995224741714086
0,0,0.003654313256642889
1,1,0.999744345395686
0,0,0.004170001566673675
0,0,0.00901980874081225
0,0,0.003856013251911944
1,1,0.999886209370157
0,0,0.00587715767655099
1,1,0.9357778407453263
0,0,0.10351825543128058
1,1,0.9998641684705145
1,1,0.8503199452528033
0,0,0.009652891619036022
0,0,0.0038290339675015115
0,0,0.004279659967141155
0,0,0.005847856916778884
0,0,0.0028667825507449865
0,0,0.004234417656443755
0,0,0.004626270488342474
0,0,0.011248305014216253
0,0,0.008638289453028464
0,0,0.006211185400008649
1,1,0.9993009572463191
0,0,0.004409595249088274
0,0,0.015625219910225047
1,0,0.16674195687167886
0,0,0.006028299623319249
0,0,0.004946781989725115
1,1,0.9985456584266119
1,1,0.9380036412923392
0,0,0.006498752779214455
1,1,0.9997570762760444
0,0,0.008367234233145997
0,1,0.9017007945255143
0,0,0.011248201865590843
1,1,0.950748597710511
0,0,1.4229041898487172e-05
0,0,0.009017041800970883
1,1,0.9995077243229105
1,1,0.9396961858896611
1,1,0.8999122077164063
0,0,0.007920474865105978
0,0,0.007152855753442252
1,1,0.6640767738531113
0,0,0.004749725046257837
1,1,0.999780076994843
0,1,0.9419950957711253
1,1,0.8976707582439344
1,1,0.9992892366261568
0,0,0.005300944538734648
0,0,0.005351964272323911
1,1,0.9995471368297549
0,0,0.003151194313824585
1,1,0.9993781963045714
1,1,0.9984755854818778
1,1,0.9998587258687645
1,1,0.9987839237242427
0,0,0.007900261193853553
0,0,0.0057206113680901395
0,0,0.007342373514591233
0,1,0.9059521020111069
0,0,0.005893147386331281
1,1,0.9996421146954534
0,0,0.008729778840241698
0,0,0.005356329329223547
1,1,0.9995364464773654
1,1,0.9084119519627621
0,0,0.0064247198853843715
1,1,0.9992200755549405
0,1,0.5855607381126835
0,0,0.006001101185796858
1,1,0.9539065026638269
0,0,0.012623149084074388
1,1,0.9994260317798281
0,0,0.004278470468321836
1,1,0.918823260841086
1,1,0.8398907864928711
1,1,0.9995217908427366
0,0,0.010262963282740302
1,1,0.8908038151890139
0,0,0.004593270848109649
1,1,0.9992959709633374
0,0,0.006569027525339899
1,1,0.8911682366182457
0,0,0.013290041723683324
1,1,0.9994798685597842
1,1,0.9991003398834394
0,0,0.007411230760903809
0,0,0.011934686946447714
0,0,0.40112368971547463
0,0,0.004910874521827684
0,0,0.0034881059656900614
0,0,0.00613371485462118
1,1,0.9997716150831455
1,1,0.8889022118991541
0,0,0.006387142907915528
0,0,0.0031504821812905095
0,0,0.0037885559495914258
1,1,0.9994604826238889
1,1,0.999615396489812
0,0,0.0040372968399924524
1,1,0.9985453665487669
0,0,0.006071291050136448
0,0,0.006902757760621937
0,0,0.01203632262520322
0,0,0.07813563831414534
0,0,0.01308584342569241
0,0,0.0017282565543165825
1,1,0.9997709222065889
0,0,0.007014339467419874
1,1,0.935548427157958
1,1,0.9977259551459211
0,0,0.00486791264776313
0,0,0.0017768663371992958
1,1,0.9994247663888297
0,0,0.0050702294095334765
0,0,0.006339632961583814
1,1,0.9992676023773999
1,1,0.8344183879891566
1,1,0.9996644580450436
0,1,0.9394076941276093
1,1,0.9116089374772018
1,1,0.9300341006783012
1,1,0.9987234185405507
1,1,0.94311781253504
0,0,0.0017203363774572682
1,1,0.9251759835118254
0,0,0.008787750411440089
0,0,0.006632344384445745
1,1,0.9994775638443817
1,1,0.9268460480474063
1,1,0.9995074482910061
0,0,0.004327093252351227
1,1,0.9996464067852318
1,1,0.9245027161393917
0,0,0.002321261728900067
0,0,0.005921319238494234
1,1,0.9992107283972848
0,0,0.004750958776494778
0,0,0.01087037667745906
0,0,0.008830608562149934
0,0,0.004500323403495115
0,0,0.00494763265293029
1,1,0.9994098483810776
1,1,0.5970054866846204
1,1,0.999804807392655
0,0,0.007882404797501453
1,1,0.9993335692649653
1,1,0.8656852638500002
0,0,0.006737388638165874
0,0,0.09088458677478924
1,1,0.9280660625079205
1,1,0.9998288498410954
1,1,0.9993518917798945
1,1,0.9997079143670928
1,1,0.999491863851358
1,1,0.9996646908672997
0,1,0.9021877888875749
0,0,0.005339260051177067
0,0,0.05680866255280699
0,0,0.008723623722807952
1,1,0.9995762783460291
0,0,0.003920448311700594
0,0,0.00112785528809896
1,1,0.9264885860535951
1,1,0.9993974673686485
0,0,0.005817911018395612
1,1,0.9998072593817212
1,1,0.9994056192370916
0,0,0.01536170240180852
0,0,0.0044053739915163445
0,0,0.005572849998095464
1,1,0.893491958653787
0,0,0.00452892144949583
0,0,0.008715407821686977
0,0,0.008128244754450748
1,1,0.9578877496401895
0,0,0.0038584100604319134
1,1,0.999897619981115
1,1,0.9998080706844613
1,1,0.8947240568953903
1,1,0.9994895285515106
1,1,0.9071146749396084
1,1,0.9994048952832596
1,1,0.9998936031901557
0,0,0.005714044116658698
1,1,0.9994219137952011
1,1,0.7937479780420128
1,1,0.9320305259587497
1,1,0.9278506587609159
1,1,0.7167914480755788
0,0,0.009038411669987402
1,1,0.9994248987937976
1,1,0.9993929047898324
0,0,0.007485155474448237
1,1,0.9469919571042852
0,0,0.0049443656465467
1,1,0.9995447877881593
0,0,0.004011529972198756
0,0,0.00612366544921186
0,0,0.003612876778071538
1,1,0.9981612944563899
0,0,0.005545740195557551
0,0,0.008829133159656194
1,0,0.3875408907180026
1,1,0.9997199379740653
1,1,0.9990638022619718
0,0,0.005533903127745117
0,0,0.003897246847198593
1,1,0.999857179117681
0,0,0.005266004855109634
0,0,0.003615764836387845
0,0,0.007158144126594131
0,0,0.006779196848548159
0,0,0.007305967231929715
1,1,0.9996935937177608
1,1,0.9122063313431126
0,0,0.0041055242066253455
1,1,0.9493884475790921
1,1,0.9992216200451906
1,1,0.9299946411594905
1,1,0.9998450880857355
0,0,0.008733171202850542
1,1,0.9992653536908797
1,1,0.9989161189965
1,1,0.8709827686023486
1,1,0.9980495780023833
1,1,0.7950614664439515
0,0,0.004671418359946291
0,0,0.003167497299540437
1,1,0.9994276084947271
0,0,0.003986337673607001
0,0,0.005359423095280229
0,0,0.0044262539132734376
0,0,0.0756983421400409
0,0,0.0017265442202204924
1,1,0.9998231601910199
1,1,0.9998505618028806
1,1,0.9995247839718577
1,1,0.8979046896772698
0,0,0.0064970443405994345
0,0,0.011480699957521994
1,1,0.910854849473286
1,1,0.8256944075591032
1,1,0.9999225747985234
0,0,0.009017339548628291
1,1,0.9998414867950153
1,1,0.9575312553188882
1,1,0.9986131963425792
1,1,0.9999213957963349
0,0,0.006785600558265456
0,0,0.0036040085286086748
0,0,0.007958070092845923
1,1,0.999396382241005
1,1,0.9996598562876238
0,0,0.005917927085749681
0,0,0.00460583438416528
1,1,0.9994013877714613
1,1,0.9998546724908083
0,0,0.004196825761568681
0,0,0.0062533623145019914
1,1,0.9985113129103638
0,0,0.005933688419988935
1,1,0.999805967289151
1,1,0.9995468104343812
0,0,0.005591655861793105
1,1,0.9997647152466257
0,0,0.3978775250198872
1,1,0.9005670384181692
1,1,0.912973545600482
0,0,0.007129672614552551
0,0,0.003987975773787923
0,0,0.005501575964590336
0,0,0.012368106923405345
0,0,0.004940378029410159
0,0,0.005508668477196403
0,0,0.0042023403508544
0,0,0.004615631666110026
0,0,0.004507585293382917
0,0,0.009454928397151086
0,0,0.005025301560627044
1,1,0.9308529306099208
1,1,0.9626149109030314
1,1,0.8912592073792991
1,1,0.9993826996488381
0,0,0.005082026797529314
0,0,0.004376466561967517
1,1,0.8862253749442207
1,1,0.9995956146180424
1,1,0.8994939681635352
0,0,0.0075788329863139565
1,1,0.9992929508886668
0,0,0.007064493856646421
0,0,0.004121353723915461
1,1,0.9995831750215176
0,0,0.008565885301414458
0,0,0.011333563047627945
1,1,0.9992366909041112
1,1,0.9997120418103018
0,0,0.004932141096461529
0,0,0.0025179207685360255
1,1,0.9225371357958388
0,0,0.006841766874798712
1,1,0.999290633373363
0,0,0.0057415217140348316
1,1,0.9983268832122485
1,1,0.9998740121047003
1,1,0.9493602273190995
1,1,0.5023468430410014
1,1,0.9594022748815677
1,1,0.9985011546483451
0,0,0.004097941196685703
1,1,0.9360538249690895
0,0,0.0045636717225704835
1,1,0.9154785766990206
1,1,0.8854469724695007
0,0,0.02765026100735168
0,0,0.004761336872334965
0,0,0.021313712192923592
1,1,0.9512565245210955
0,0,0.008682997318105425
0,0,0.01047051616714451
0,0,0.007316757690262411
1,1,0.9993462821857473
0,0,0.004102856988412185
1,1,0.9997718794135457
1,1,0.9197630133120203
0,0,0.004279894026409154
1,1,0.9375196010878304
1,1,0.8754276754258491
1,1,0.9997079230185725
0,0,0.010832155839021885
1,1,0.9998242048054597
1,1,0.9996740633121165
0,0,0.01089037766819201
0,0,0.015509619275426538
0,0,0.058552063648134776
0,0,0.0073922430514885284
0,0,0.011261884319681077
1,1,0.9986356032985586
1,1,0.9995508901536282
1,1,0.9994600555009969
1,1,0.9994946562188186
0,0,0.006699372275507275
1,1,0.9699641216916015
1,1,0.9314634063499393
1,1,0.9995954601325708
1,1,0.9998713200235804
0,0,0.004609199371671489
0,0,0.005963422920996935
0,1,0.9078959433974647
1,1,0.9998015991117818
1,1,0.9994097671980707
1,1,0.9994470560139178
1,1,0.999349123362918
1,1,0.9511402280525699
1,1,0.8925048443028384
0,1,0.8579516174912926
1,1,0.7964339119766572
0,0,0.012174857977721986
1,1,0.9211216189334585
0,0,0.00770761369862177
0,0,0.015464704977239294
0,0,0.004950646882219762
1,1,0.9995340920950916
1,1,0.9079372313086876
0,0,0.00543784006970634
1,1,0.9997573073870234
1,1,0.999646474527796
1,1,0.9993517143514663
0,0,0.004163699904177893
1,1,0.9994247715088906
0,0,0.0044752842109985844
0,0,0.009806872060634136
1,1,0.5214322047486462
0,0,0.003527144979561805
0,0,0.011090697504050584
0,0,0.007783331681706109
0,0,0.004758170485922306
0,0,0.015625547894854337
1,1,0.9389331653655466
0,0,0.004057631794674989
1,0,0.21938184098665986
1,1,0.9286822869425647
0,0,0.009798163216182253
0,0,0.005054454549655327
1,0,0.11667524189342507
0,0,0.004572222244638994
1,1,0.9636817143990034
1,1,0.8959420254072703
0,1,0.9048158426745687
0,0,0.014615965571461512
0,0,0.006600908895867656
1,1,0.8084487218931137
1,1,0.9991660932671933
1,1,0.9255068851664389
1,1,0.9998837537002125
1,1,0.9993676031758213
1,1,0.9196505381567562
1,1,0.8235606370895112
0,0,0.01245968368351783
0,0,0.005129318915034919
0,0,0.3846110133129585
0,0,0.004799204053450303
0,0,0.005148874050648741
0,0,0.004951361630452502
1,1,0.8517358915875931
0,0,0.0041496342237593
1,1,0.9995353477453043
1,1,0.9351342222949262
1,1,0.999775910341315
0,0,0.00817113624451397
1,1,0.8792840649010037
0,0,0.010159480498264142
1,1,0.9998819070568167
1,1,0.9069443589120568
0,0,0.006176876587618633
1,1,0.9996367874884902
1,1,0.6851351456610271
1,1,0.999509341977409
1,0,0.3893209662094265
0,0,0.0051119964736682155
1,1,0.9584735296382844
0,0,0.003081066483548341
0,0,0.006052971099469296
1,1,0.9996072282112659
0,0,0.004711041497157272
1,1,0.8960699321001688
1,1,0.9510113956847944
1,1,0.9996157231576343
0,0,0.008539792529577307
1,1,0.999287466782749
0,0,0.06801636473293599
0,1,0.9005762012240397
1,1,0.9984740214142728
1,1,0.9996619921023333
0,0,0.009137005872037788
1,1,0.9998303102086032
1,1,0.9996980479766323
1,1,0.9961048060854506
0,0,0.006743491753720531
1,1,0.944887870923605
1,1,0.998793949488499
1,1,0.9998844762005024
0,0,0.007311751966221129
1,1,0.9533792538480792
0,0,0.0035481219895706698
1,1,0.7916968436429597
1,1,0.9242197489405135
1,1,0.9992218944551741
1,1,0.7720918104839816
1,1,0.5414371344786533
1,1,0.999463393208675
1,1,0.9992330150896259
0,0,0.004833357106110887
1,0,0.26345717885992487
0,0,0.00530884102841632
0,0,0.009268932592050468
0,0,0.006048614712528289
1,1,0.9993822124637383
1,1,0.9993024257523182
0,0,0.005380464897195933
0,0,0.004698747365990584
0,0,0.006135860162048841
0,0,0.002609676694135693
1,1,0.9993092596367825
0,0,0.005841318135403281
1,1,0.8467689233772769
1,1,0.9996857545746339
0,0,0.006501097669485671
1,1,0.9997494487264891
0,0,0.0008968445848124151
0,0,0.007829671326378284
1,1,0.9994866537220326
0,0,0.005541051679189524
0,0,0.012880503018802511
1,1,0.9996288185910995
1,1,0.9661368022861186
1,1,0.9993755150983885
1,1,0.9486637296797117
1,1,0.6230847694232082
1,1,0.7989257509703975
0,0,0.004657974356666477
1,1,0.9997120314152687
1,1,0.9998465715296906
1,1,0.9996254886213988
1,1,0.9993338187222239
0,0,0.16055865539650596
0,0,0.0047379857859174285
1,1,0.9791813435445118
1,1,0.9997625201695756
1,1,0.9992474231187412
0,0,0.005926549283127165
0,0,0.016039931842361944
0,0,0.00808180527422796
1,1,0.9996322375430676
1,1,0.999823859192064
1,1,0.999782181064233
1,1,0.999525461979058
0,0,0.009359361865738667
1,1,0.9015417160581348
1,1,0.9981931260139212
0,0,0.0024106704576081273
0,0,0.006604088419676437
0,0,0.006898559307972419
1,1,0.9996651507490959
1,1,0.9998712498485133
1,1,0.9993478042640674
0,0,0.002616286397353724
1,1,0.9997290156339728
0,0,0.0018261703583431934
1,1,0.9994425313203082
1,1,0.9999032990279879
1,1,0.9997027448622396
1,1,0.9996519882192813
1,1,0.9375971562281282
0,0,0.004573766159615734
1,1,0.9995167652006842
0,0,0.006762448440737787
1,1,0.9986367202936817
1,1,0.9996872257628138
0,0,0.11621623241026745
0,0,0.1177019932185627
0,0,0.0061173188006412
0,0,0.007987489767495252
1,1,0.9996650979850166
1,1,0.999837959808191
1,1,0.9965232186454838
1,1,0.9995828001470158
0,0,0.01428924818425929
1,1,0.9388928921166907
1,1,0.9988480226043973
0,0,0.38377496886127455
1,1,0.9998198311452248
1,1,0.9996809884841913
1,1,0.9424578394745445
0,0,0.0046811182933602065
1,1,0.9997636226344774
1,1,0.909624554325928
1,1,0.9396498800131329
0,0,0.0047188072951579235
1,1,0.998731325296708
1,1,0.9990927343022786
0,0,0.005830457547980216
1,1,0.9999551851610955
0,0,0.005151619043648877
0,0,0.003209638890574643
0,0,0.005838298682168954
0,0,0.009199865698154697
1,1,0.9992246469525518
1,1,0.9986673982995383
0,0,0.00257711443303655
0,0,0.01004920819042021
0,0,0.011197676204995788
0,0,0.00563480878094158
1,1,0.9789492992041984
0,0,0.005618957679374831
1,1,0.9995179507773062
1,1,0.9066219499828848
0,0,0.006157577615618615
1,1,0.9994882950300812
1,1,0.9998476333514784
1,1,0.9994921418010535
0,0,0.06704108012628764
0,0,0.007762234063996892
0,0,0.002309638190829033
0,0,0.004761111384736592
0,0,0.005516992365095349
0,0,0.0046623001817709345
0,0,0.43393537240958796
1,1,0.9994044656609843
1,1,0.9999325798202758
0,0,0.006313507560502275
0,0,0.005312038933159947
1,1,0.94519793808942
1,1,0.8861177535304129
1,1,0.9996364691445981
0,0,0.004345933057818228
1,1,0.9200253343008057
1,1,0.99894557541435
1,1,0.8598949571123649
0,0,0.004031238053519495
1,1,0.9993019592485315
0,0,0.010007816939007298
1,1,0.9984914849354893
0,1,0.8959116142690396
1,1,0.9992108487224264
1,1,0.8637037754542432
0,0,0.006127521831690655
0,0,0.2970522216830311
1,1,0.9996215356962268
0,0,0.007501241870318664
0,0,0.004625723616188181
1,1,0.9118677271851583
1,1,0.9355129625137412
0,0,0.006572422048919135
0,0,0.004456602443667723
1,1,0.915324621690676
0,0,0.004876843320328508
0,1,0.5425091476225232
0,0,0.007143247398481771
0,0,0.005894031264041497
1,1,0.9998468608114991
1,1,0.9993564147877839
0,1,0.8618660397858067
0,0,0.0048923300917979905
1,1,0.9996313274931117
1,1,0.9982468977129456
1,1,0.999948999200897
1,1,0.5851324779778734
0,0,0.014573945383541962
0,0,0.008725224248076044
1,1,0.9996131795355896
0,0,0.0045755700639495125
0,0,0.007578504062627586
0,0,0.00885031833411955
0,1,0.5091396134350133
0,0,0.00437709475648867
1,1,0.8574666178515152
1,1,0.9964477366144081
1,1,0.8725969908116211
1,1,0.9996215457846741
1,1,0.7414886009378141
0,0,0.005623905827487947
1,1,0.9993246298470015
1,1,0.999556296023476
0,0,0.004279661077104868
1,1,0.999640507138991
0,0,0.006642845556807439
0,0,0.004635492884335942
1,1,0.9590493357902671
0,0,0.0038207569680274614
1,1,0.9454168393638509
0,1,0.5798349863987635
0,0,0.005917463826830484
1,1,0.8704094472465157
0,0,0.007883540814179423
0,0,0.005157694259180259
0,0,0.00669125002294439
1,1,0.9996154573616718
0,0,0.010055301955847341
0,0,0.005820687488225546
0,0,0.003752790789856039
1,1,0.9994650328196392
1,1,0.999934751863037
1,1,0.9603196627772487
1,1,0.9989408933301213
0,0,0.0035752756032985974
1,1,0.9998893881484398
1,1,0.9997570294557743
0,0,0.0018016469412939762
0,0,0.21842333715150095
0,0,0.007729469187676395
0,0,0.012737546411421379
0,0,0.41466513694618834
1,1,0.9982147518130606
0,0,0.001809157795839512
0,0,0.006314488396537729
1,1,0.6209300561730796
1,1,0.9013324828606739
0,0,0.4680308394860268
1,1,0.9983681861367222
0,0,0.10434803946206773
0,0,0.01004558451984739
1,1,0.999697334691284
1,1,0.9993827035826547
1,1,0.9986777004537389
0,0,0.006576471994143447
0,0,0.006358388500082277
0,0,0.005899921820980293
1,1,0.9408106509687112
0,0,0.007765730773529937
0,0,0.008281137559816637
1,1,0.9372863641942302
1,1,0.9993367337128837
0,0,0.004746226024413172
0,0,0.005569645749269941
0,1,0.656171228674669
1,1,0.5225222468257475
0,0,0.004133603583809745
1,1,0.9987872328187001
1,1,0.9998503055511706
1,1,0.899212731187096
0,0,0.009927337924433989
1,1,0.9989643509349433
1,1,0.9998924792294502
1,1,0.9999260132985325
0,0,0.005122849117794672
0,0,0.007104959148074515
1,1,0.9992856255732081
0,0,0.0014824910232155318
0,1,0.7689421045074406
1,1,0.9995136329791566
1,1,0.9096057277925154
0,0,0.004662989903771002
0,0,0.005124370655571587
1,1,0.9997497518606632
1,1,0.9996440760978681
0,0,0.005075151591990593
0,0,0.006294402606880449
0,0,0.011348460406627165
0,0,0.0077678158901877525
1,1,0.9969776532386363
1,1,0.8244271127364307
1,1,0.9986355162512512
1,1,0.9991734948987666
1,1,0.9992894917238719
1,1,0.9203524466158648
1,1,0.9993705584641875
0,0,0.004298114697447361
0,0,0.003081970418204315
0,0,0.005507703138307628
1,1,0.8909557808533889
1,1,0.5284681889094169
0,0,0.004795926339300291
0,0,0.00996627741071709
1,1,0.9445897712494574
1,1,0.7873228016609344
1,1,0.9987102281602316
0,0,0.006393134177643116
1,1,0.9616066865892305
1,1,0.9996274157780112
1,1,0.9258718156507075
1,1,0.9998897054378019
1,1,0.9986275209126994
1,1,0.9335470467244051
0,0,0.006545400276458805
1,1,0.9998257266702796
1,1,0.9996392485147617
1,1,0.9989183974940484
1,1,0.999655384668844
0,0,0.008842978059538589
0,0,0.00470684051259303
0,0,0.01103081530260926
1,1,0.9679015029148352
0,0,0.001934873278486861
1,1,0.9994605253444286
1,1,0.7724069798639881
0,0,0.005033753159714101
0,0,0.00402527857827601
0,0,0.00903363344428048
0,0,0.006011078840062679
0,0,0.0067911854972081236
1,1,0.9992566835700212
1,1,0.5037464822892188
0,0,0.01008812176202554
0,0,0.003433905844089151
0,0,0.004921725155115867
1,1,0.999343439256169
1,1,0.9100565379863466
1,1,0.9991360456588976
1,1,0.9995831601128066
1,1,0.9999197940696845
0,0,0.004156636913373064
1,1,0.9094675583414464
0,0,0.01025054663352707
1,1,0.9993981955517589
1,1,0.8947114389617966
0,0,0.00482742125345508
0,1,0.7558912753302377
0,0,0.005304503778860088
1,1,0.958397262362154
1,1,0.9225652312269921
1,1,0.9998198852951509
1,1,0.9981992104577754
0,0,0.0022706668640211287
1,1,0.9997503553127229
1,1,0.9227668436443929
1,1,0.9997891271301503
0,1,0.8311215195706664
0,0,0.004344253654704309
1,1,0.999336731924424
1,1,0.99992867160765
0,0,0.0053618056869009275
1,1,0.9993906259965344
1,1,0.9056630785505744
1,1,0.9990766736570045
1,1,0.9997662598503351
0,0,0.009302638578225868
0,0,0.009683441935983424
1,1,0.9993933495780748
1,1,0.9105902712031994
0,0,0.07006173641111722
1,1,0.9995477130830073
1,1,0.9988364300949351
0,0,0.31333002532218335
1,1,0.9997915150019515
1,1,0.9578141135245919
1,1,0.9998665894052575
0,0,0.004688080738843345
1,1,0.9997313197825205
1,1,0.9986670764935586
0,0,0.004465329178099701
0,0,0.005040918445853451
0,0,0.011677168189886119
1,1,0.9991233430712952
1,1,0.9994833772069276
1,1,0.9993776912014017
0,0,0.0033481308452032073
0,0,0.00636728599285953
1,1,0.9204452306344275
0,0,0.006169180299551014
0,0,0.004966198125742842
0,0,0.005265440718339031
1,1,0.9984987382619835
0,0,0.007585532329751866
1,1,0.868755423801107
1,1,0.9993865921096394
0,0,0.006865503674129518
0,0,0.004434495974669552
1,1,0.913697961033652
0,0,0.004278593321762505
1,1,0.775073880333469
1,1,0.9993024758993743
1,1,0.8888621295354494
0,0,0.006301471825554219
1,1,0.9994155909163203
0,0,0.001973567667762186
1,1,0.9998695105424384
1,1,0.8480123944752652
1,1,0.9474138610471247
1,1,0.999576583944333
0,0,0.003613044625355205
0,1,0.6287824055932209
1,1,0.9033127198759849
0,0,0.006133971150140975
1,1,0.9253129940509963
1,1,0.9997943664393912
0,0,0.0036573961510966402
0,0,0.012722180080136402
1,1,0.999482842468776
0,0,0.004337420193944764
0,0,0.005329741505602498
0,0,0.0046065424792367604
0,0,0.009716253630156246
0,0,0.007687768320018815
0,0,0.0022457813890767783
0,0,0.010164727895400077
1,1,0.999394943140283
0,0,0.00483765869183924
0,0,0.008932378770250694
1,1,0.9999375842927235
1,1,0.9062107915739279
1,1,0.845831184220175
0,0,0.00463198253565386
0,0,0.007731213961775555
0,0,0.007120341054254752
1,1,0.9325616880837719
0,1,0.9230131728566493
1,1,0.8986911657478233
0,0,0.008015403892937624
0,0,0.027432533526267285
0,0,0.005273532736614312
1,1,0.9997721733636948
0,0,0.004597364949716294
1,1,0.9222010537507646
1,1,0.9999083275458366
0,0,0.010205301894591075
1,1,0.999593717185906
0,0,0.029862066839114465
0,0,0.003733988416241503
0,0,0.004196448791141542
0,0,0.009163606666484891
0,0,0.004793166933744907
0,0,0.011425750386067714
0,0,0.007484544661423765
1,1,0.9995452485382829
1,1,0.999893127751264
1,1,0.9998542558926238
0,0,0.012345033493324522
1,1,0.9446318851824772
0,0,0.005416369970802927
1,1,0.9993876855829478
0,0,0.004236503004752926
0,0,0.005829964697949102
1,1,0.9033448512998847
0,0,0.004355059145939412
1,1,0.9983185140506615
0,0,0.004797167450262684
1,1,0.9997673714645068
0,0,0.004633508070900899
0,0,0.008094845708244537
1,1,0.8949813494405677
1,1,0.9992409063604982
1,1,0.9980509145145113
0,0,0.008737097948100903
0,0,0.008045051991737004
1,1,0.9993468762721038
1,1,0.9992938695803665
0,0,0.36342918139932784
1,1,0.9991982115539673
0,0,0.005591577290484654
1,1,0.999497431465364
0,0,0.004537582719039248
0,0,0.005096882833305636
1,1,0.9995034203547052
1,1,0.999673073612112
1,1,0.9103793817380461
0,0,0.0125505059015562
0,0,0.006929967757400009
0,0,0.002492661515720287
0,0,0.32722481240199963
0,0,0.010577335038318184
0,0,0.008231138708351337
0,0,0.012072388368749758
0,0,0.005217370310058106
0,1,0.8454129570524777
1,1,0.9997935164881598
0,0,0.004103379243527624
0,0,0.00035375441445062124
0,0,0.006451988171116785
0,0,0.00420391118216906
0,0,0.006889062645555301
1,1,0.9987802392242204
1,1,0.9988026146396807
1,1,0.9981865730613133
1,1,0.9476974152052768
0,0,0.00820134535590001
0,0,0.004679023087200725
0,0,0.0071425197883519835
0,0,0.0036126865531821302
1,1,0.8921561124946258
0,0,0.004625252897427698
1,1,0.899913302248947
1,0,0.041850860125684675
1,1,0.9994322476387711
0,0,0.004426260218901832
0,0,0.007396661637104871
0,1,0.8537647541876789
0,0,0.032725265102937426
0,0,0.01031286915389715
0,0,0.01190472020976375
1,1,0.9987782753174961
1,1,0.9996664789926624
1,1,0.9995094189421747
1,1,0.5978805428314392
0,0,0.01124513070754075
1,1,0.9057264199089611
1,1,0.9996485936821978
1,1,0.9991198615735295
1,1,0.9999074717041945
0,0,0.003947891997929477
0,0,0.010832144964049587
0,0,0.004773746493186244
1,1,0.9981982266775672
0,0,0.005520633773501276
0,1,0.9040978996296187
1,1,0.9422238957538958
1,1,0.9994591751522997
0,0,0.004748672180977056
0,0,0.004323670892973471
1,1,0.9345497301598026
1,1,0.9988962447389194
1,1,0.9995181730486912
1,1,0.9998585169030676
1,1,0.9998924786950543
1,1,0.9994641482479616
0,0,0.004216242353935234
1,1,0.9993113669701835
1,1,0.9994668887944752
0,0,0.002982697894476592
1,1,0.9360141322508724
0,0,0.0019258989197818409
0,0,0.0034575975767833357
0,0,0.005293666793811062
0,0,0.004940454801773129
1,1,0.999793516413706
1,1,0.9994422473056723
1,1,0.9298812825046795
1,1,0.9994488166078369
1,0,0.46439007024038226
0,0,0.007240212619441253
0,0,0.005024230176039409
0,0,0.006653774438502245
0,0,0.05096091429228215
0,0,0.006561479060748386
0,0,0.013132216725632547
1,1,0.9995807900319496
1,1,0.9997236446941686
1,1,0.999467518483416
0,0,0.005791654649927256
0,0,0.006489372945795298
0,0,0.0031735993195607824
0,0,0.004543049139315086
1,1,0.9992695357092931
0,0,0.007291660977666691
1,1,0.9996930090026472
1,1,0.8937376661098182
1,1,0.9998229030499373
1,1,0.9996092919184086
0,0,0.006384908021771339
1,1,0.8634708056115965
0,0,0.005255259132433577
0,0,0.005034834603228508
0,0,0.010635104309776851
1,1,0.9998874224320436
0,0,0.004666021545187489
1,1,0.99986659697704
0,0,0.0022499631912610636
1,1,0.9136463643764055
0,0,0.012328430650915668
0,0,0.008129003594451538
1,1,0.9995080197602523
0,0,0.005267389545031809
0,0,0.013629369038260295
0,0,0.008473530051805633
0,0,0.0077216641659405725
0,0,0.007572978652314016
1,1,0.9997569530257053
1,1,0.5101553289774897
0,0,3.4392417339370126e-05
0,0,0.005564140414483173
1,1,0.9992538871923042
1,1,0.9998167319002553
0,0,0.004363766828930111
0,0,0.011102212021617559
0,0,0.1759344233220734
1,1,0.9993498383843338
0,0,0.004548553547194708
0,1,0.9391661301145886
0,0,0.008232125388681974
1,1,0.9610557006552957
0,0,0.03736899585305354
0,0,0.008762791806844089
1,1,0.8288624874737048
0,0,0.006421264403177334
0,0,0.005239980827151794
0,0,0.005915747345034346
0,0,0.008191561910402682
0,0,0.010261012741902536
0,0,0.005195828367143672
1,1,0.9532230220874216
0,0,0.006911920494025294
1,1,0.9999498179736348
0,0,0.005241722862491879
0,0,0.00101610239751515
1,1,0.9999281015841609
0,0,0.005730082633358201
0,0,0.10782249527638885
1,1,0.9084947162597706
0,0,0.0060973156927457296
0,0,0.0042191940921522215
0,0,0.004007514239316413
0,0,0.005212772819684511
0,0,0.004157946031852709
1,1,0.9284197649203042
1,1,0.9994637531064026
0,0,0.004123868292494215
0,0,0.005301755505571392
1,1,0.9996769566239901
1,1,0.9192460291836617
1,1,0.9994515787835915
1,1,0.9180160719395528
0,0,0.009783601093650507
0,0,0.004181489913712141
1,1,0.8903776790380152
0,0,0.004705994926070297
0,1,0.6902320084019667
0,0,0.006493138944799046
1,1,0.9994857998130279
0,0,0.005998945576445014
1,1,0.9995824292236081
0,0,0.004960331478185002
1,1,0.9998893428581705
0,0,0.05662950622729906
1,1,0.998963096098814
0,1,0.8464202587259066
1,1,0.8978611468564038
1,1,0.9994895558120475
0,0,0.005400203518633308
0,0,0.005667850561378296
1,1,0.5588363785376567
0,0,0.003782042411737923
0,0,0.006067501857743245
0,0,0.225047840436006
0,0,0.005205646316748505
1,1,0.6209300667842496
0,0,0.007704003881464512
0,0,0.0025223676191974305
1,1,0.9994833628595653
1,1,0.9995885005761388
1,1,0.9992875738782658
1,1,0.8946526735333407
1,1,0.9995534073374226
1,1,0.9154803412971386
0,0,0.004105444667934752
0,0,0.006127223824174574
0,0,0.009700885467491243
1,1,0.998621315633927
0,0,0.004107324426424504
0,0,0.005056709731190778
1,1,0.9115853509737843
1,1,0.8275166921695145
0,0,0.001625917103240425
0,0,0.006213714195484672
0,0,0.0023522624423610848
0,0,0.007220061951801794
0,0,0.004987581102954252
0,1,0.7735028920367218
1,1,0.8504621726717685
0,0,0.007515527080503958
1,1,0.9978633297567511
0,0,0.0033916658628954702
1,1,0.9997464688613656
1,1,0.9005136268598253
0,0,0.010090064721936192
0,0,0.008287343656719442
1,1,0.9982149912891328
1,1,0.8813120550827648
1,1,0.9993827018459688
0,0,0.006536556913343833
1,1,0.999619343382675
0,0,0.004813502025325409
1,1,0.999449965309249
0,0,0.007046672538708242
1,1,0.9992843198039395
0,0,0.25614309503638494
1,1,0.9996579455730795
0,0,0.007437698382901657
0,0,0.004777915217104192
1,1,0.9994371897371771
0,0,0.0051428564955240015
1,1,0.9998400285093035
1,1,0.9605008583787289
0,0,0.0038230917200593626
0,0,0.005494229101496042
0,0,0.009774244032247175
1,1,0.9993710569989376
0,0,0.004207391024659551
1,1,0.9999107431667394
0,0,0.00420455993963146
0,0,0.005215502920787421
1,1,0.9992617072129982
0,0,0.004910940515507906
1,1,0.9984832466063336
1,1,0.9988059944401773
1,1,0.9998959720542331
1,1,0.9636076693771697
1,1,0.9256269472085279
0,0,0.19784641598099076
0,0,0.011276175275820938
0,0,0.012104192008713117
0,0,0.005536449734179492
0,0,0.004242171383063592
1,1,0.967056099622417
0,0,0.0008687573363556857
0,1,0.9133857300659552
0,0,0.005803495891731726
0,0,0.0036324099353738544
0,0,0.005650913931566888
1,1,0.9998612158143823
1,1,0.9997484557538098
0,0,0.0031727386373506658
1,1,0.9394566995301072
1,1,0.999482931973779
1,1,0.9996554747582989
0,0,0.0046881174040567805
1,1,0.9987812757737996
0,0,0.011281165218110588
1,1,0.9998029906358442
1,1,0.9999039453763447
1,1,0.9983886303546198
0,0,0.012758228969854624
0,0,0.0019522858063983507
1,1,0.9294174821755724
1,1,0.999608877990593
0,0,0.006494918002751311
0,0,0.00985789876732786
0,0,0.2663456220115661
1,1,0.8852908203953732
0,0,0.00337428894978637
0,0,0.00959875235866655
0,1,0.5143198866597094
0,0,0.004696873914150546
0,0,0.007312154857943608
0,0,0.005244021124774675
1,1,0.999439150913775
0,0,0.005507700037969878
0,0,0.02437306806952649
1,1,0.99915474989894
0,0,0.006406763598996851
1,1,0.9252302309374341
0,0,0.012104700964811326
0,0,0.005609684004573029
0,0,0.0037136645440952903
0,0,0.005838395024750212
1,1,0.9515297209943766
0,0,0.00546359072208802
0,0,0.002352922556427295
0,0,0.005211325966822055
0,0,0.004671547605784264
1,1,0.8848365214045053
0,0,0.005291459932672258
0,0,0.007581941344835813
0,1,0.7111370740984763
1,1,0.9517382928876419
0,1,0.7841052008748556
1,1,0.9101311233273042
1,1,0.9998612134315372
0,0,0.0036881588458205637
1,1,0.9415255257073075
1,1,0.9993905775473918
0,0,0.011335434272003748
0,0,0.0056305797029345805
0,0,0.00442341655214657
0,0,0.006354378165758839
1,1,0.999897158365437
1,1,0.918710132218683
1,1,0.9145064481080286
1,1,0.9748971165240804
0,0,0.0009602068577172401
0,0,0.0020280660485296944
1,1,0.9985090995811015
1,1,0.9993975465964692
1,1,0.9070284652671057
1,1,0.9997181964737428
0,0,0.006482622973460761
1,1,0.9997343414542024
0,0,0.006948995844086859
1,1,0.9990050422920451
0,0,0.0051043865354898675
1,1,0.9506299888714841
1,1,0.9222636926441649
1,1,0.9344418568605951
0,0,0.006876303962720782
0,0,0.009698087015784318
1,1,0.8897651820874939
0,0,0.006741202040639053
0,0,0.3827571974029983
0,0,0.005505081766205501
0,0,0.0060237074389653455
1,1,0.9996571741901168
0,0,0.0059306410122878985
1,1,0.9994135137179856
1,1,0.9993931302505374
0,0,0.004723192234518265
1,1,0.9655566918100721
0,0,0.004934723591004431
0,0,0.006975547127922089
1,1,0.9998633890001044
1,1,0.9322092286457204
0,0,0.0013820310754781046
1,1,0.9533926266575807
1,1,0.9470019893393434
1,1,0.9993971126767195
1,1,0.9130041381740316
1,1,0.9972466793599877
1,1,0.9998678165732774
1,1,0.999485275932947
0,0,0.013835712188106732
1,1,0.9136125074507202
0,0,0.004208621461682921
1,1,0.770212474318319
1,1,0.9998428464921948
0,0,0.00790203982665275
1,1,0.9993823255203502
0,0,0.13605759453272895
1,1,0.7315154903617149
1,1,0.888901850622516
0,1,0.5065438461100471
1,0,0.4626162627329561
0,0,0.016769393064869464
1,1,0.9999358133077287
0,1,0.6384432570365802
1,1,0.9999007576445221
0,0,0.0056515767004268625
0,0,0.0030500215611409046
1,1,0.9992705495414902
0,0,0.006153292666956216
0,0,0.17200688422488153
0,0,0.007469335497096621
0,0,0.004006175214334187
1,1,0.9965232079780549
0,0,0.004903908295696252
1,1,0.9123030420880365
0,1,0.5303515757319469
1,1,0.8879847473546744
1,1,0.9993299083239582
0,0,0.01555669622265447
0,0,0.001615443710926921
1,1,0.9993195473679315
1,1,0.9857700956236083
1,1,0.9983691186273185
0,0,0.004780105468468864
1,1,0.9997330156910909
1,1,0.9668059640654784
1,1,0.999858913540323
0,0,0.008225147488235465
0,1,0.7060753720405102
1,1,0.9993956463786405
1,1,0.9329830976120199
1,1,0.915143114294449
1,1,0.9997858532281895
0,0,0.005691317895084453
0,0,0.014677716874454272
0,0,0.004568204475092278
0,0,0.013417662549345535
0,0,0.03574476726828709
1,1,0.9997749838750183
1,1,0.9998237568625048
1,1,0.9296664154351242
1,1,0.9997800847861749
0,0,0.00983174004358961
0,0,0.00063242202839749
0,0,0.3468961626764897
1,1,0.9147273433454596
1,1,0.9341926191374126
0,0,0.00462967948149263
1,1,0.9492085918288494
1,1,0.9993524609170878
0,0,0.006423244164894555
1,0,0.265797666515701
0,0,0.0049404424154563574
0,0,0.0035978107342173483
1,1,0.864623208276738
1,1,0.9990215260990988
1,1,0.9994046524690947
1,1,0.8643383195838857
0,0,0.4777986275800139
1,1,0.5225239993654063
1,1,0.9039109253078005
1,1,0.9884186097908824
1,1,0.9994623351974027
1,1,0.9991947585406036
1,1,0.9992290807914714
1,1,0.9994529295778956
0,0,0.003552099101665192
0,0,0.012689949137357904
1,1,0.9992111706386836
1,1,0.8913955865882126
1,1,0.828736780906917
0,0,0.005563494779076945
0,0,0.0049442698744219145
0,0,0.005766730049189354
1,1,0.9625685002983803
1,0,0.42982936732292676
1,1,0.999694305869152
1,1,0.9997296230422921
0,0,0.004706806500743754
0,0,0.003453453232263923
1,1,0.9997475445057554
0,0,0.008382611262346129
1,1,0.9008871340519062
1,1,0.9994765131219387
0,0,0.005350286198629219
1,1,0.9995772386318567
0,0,0.002390091294318177
0,0,0.006461395110932827
0,0,0.003563500807612787
1,1,0.9999505775871569
0,0,0.007143375601413701
1,1,0.9993827340514658
0,0,0.005897853879420249
0,0,0.012758271346557264
0,0,0.007920754864809561
1,1,0.9988922824090877
0,0,0.010261489362563212
0,0,0.010766941984048843
1,1,0.9426781814734297
1,1,0.9998921528217931
1,1,0.9995035364149214
1,1,0.7893817468079847
0,0,0.006744446668703802
1,1,0.9977652987554798
1,1,0.9572839481568788
1,1,0.9240385757822467
0,0,0.004173634775995521
0,0,0.004966209003091843
1,1,0.9185329732094001
0,0,0.0030443085392474253
1,0,0.49151053898410296
1,1,0.9998904625184497
1,1,0.9989093197080652
1,1,0.9995596462669214
0,0,0.006828123669539708
1,1,0.999501944719447
0,0,0.006666848779858354
0,0,0.005715398460039509
1,1,0.8969467157579052
0,0,0.006867936311264544
0,0,0.008309870939611263
0,0,0.007231913915773766
0,0,0.005725648824834179
0,0,0.09057661921377085
0,0,0.0044360473110079774
1,1,0.9998857362661757
1,1,0.9036860828242002
0,0,0.005390438123997247
1,1,0.9987738776336493
0,0,0.004312243566547861
0,0,0.005977058483314863
0,0,0.0053916776321315165
0,0,0.004597708321808606
1,1,0.9255709409414646
1,1,0.9995489027259918
1,1,0.9997408428847437
0,0,0.003100198599519134
0,0,0.0060892692044734265
1,1,0.5970028920232939
0,0,0.004749516336828541
0,0,0.01038911086210811
1,1,0.9109154769312439
1,1,0.9994288309461584
0,0,0.009648757404120353
0,0,0.004835816640350612
0,0,0.00902067288051986
0,0,0.0063968912831025735
1,1,0.9998975730131539
1,1,0.9995683423546003
0,0,0.0038873806649322115
1,1,0.9984672488867872
0,0,0.0017872450483663942
0,0,0.4668198098777209
1,1,0.899715895043832
1,1,0.9614345372727258
0,0,0.012881254862441897
1,1,0.9996194761590652
1,1,0.9996172784455628
0,0,0.006058773611415351
0,0,0.003463192549476114
1,1,0.9997672963719014
0,0,0.0035155572586494667
0,0,0.005321406601248568
1,1,0.9993327506718255
1,1,0.9993708281974136
0,0,0.004795929646939269
1,1,0.9997181899422506
0,1,0.5244873222766373
0,0,0.006259841054977401
1,1,0.9395634072097587
1,1,0.9996072299065196
0,0,0.0042198497780834895
0,0,0.3547198717763884
0,0,0.006570892100544922
0,0,0.01147460917698725
0,0,0.007270444874146632
1,1,0.9997850996310151
1,1,0.876433383670398
0,0,0.00576642849285967
0,1,0.911632343415547
1,1,0.9997586805345582
1,1,0.9080763945560041
1,1,0.9998464021106543
1,1,0.9993754889785015
1,1,0.9985572797673719
0,0,0.2017220051849636
0,0,0.0041144811214325555
1,1,0.8838461728777329
0,0,0.0055286001840488715
0,0,0.008646191415200526
0,0,0.03351876995169975
1,1,0.9482601463093061
1,1,0.9998790490405445
0,0,0.00663312490838832
0,0,0.010950142070467966
1,1,0.9994349459902837
0,0,0.011849579805518732
0,0,0.007105547525167822
0,0,0.003590654844894684
0,0,0.01238822550244563
0,0,0.004024408425119684
1,1,0.9998315539502776
1,1,0.9998215427450102
1,1,0.9979574551641565
1,1,0.9993625493712865
1,1,0.9989822620695119
0,0,0.011513063827972627
0,0,0.008224722688146975
0,0,0.0034183266122014156
0,0,0.00480488722826732
0,0,0.00467025408904167
1,1,0.9995834662282116
1,1,0.8659646810751392
0,0,0.0039945928409105625
0,0,0.019314912560906106
1,1,0.9442182984233861
0,0,0.007546130574173399
1,1,0.9986628503239438
1,1,0.9995177690108742
1,1,0.9824703856565747
1,1,0.9988150790292466
1,1,0.8150304231789401
0,0,0.0053960602376605105
0,0,0.005531276364534718
0,0,0.004880690992273289
1,1,0.907506223922464
1,1,0.9995248762985808
0,0,0.0062945284907453035
1,1,0.8764928429354965
1,1,0.9998178094204528
0,0,0.005959521073630491
0,0,0.0054942125969366816
1,1,0.9992553398172165
1,1,0.9994096181522577
0,0,0.0048012202213861075
0,0,0.007289607712152296
0,0,0.005032552864731573
0,0,0.005494159901762569
0,1,0.7820664291819021
1,1,0.8896366297546924
1,1,0.9576143505059403
1,1,0.9021276484032034
0,0,0.008212546737753432
0,0,0.012120154635561637
1,1,0.8417109415302737
1,1,0.999695727471129
1,1,0.9999247237860598
0,1,0.8878702718495413
0,0,0.00574478273579882
1,1,0.9294220059967597
1,1,0.8910072950230847
0,0,0.01126438908896093
0,0,0.004501009188161704
0,0,0.007671582530340937
0,0,0.0057498604880646806
0,0,0.008690386202781132
1,1,0.9994421911948868
1,1,0.9992572081128096
1,1,0.9995863706176609
0,0,0.005251412192938548
1,1,0.9998813619025669
0,0,0.013417701185129624
1,1,0.9994704325458627
1,1,0.999580432752446
1,1,0.9994033153905443
1,1,0.9510730106515095
0,0,0.006444214434117962
0,0,0.005766103298593052
0,0,0.011237119022862094
1,1,0.9991397353846315
0,0,0.0035008045347402297
1,1,0.9996859510740693
1,1,0.9995895183301274
1,1,0.9992525704767821
1,1,0.9996754921678457
1,0,0.00122344066684359
1,1,0.9998193265472909
1,1,0.6209387435386657
0,0,0.003318653590716608
1,1,0.9595285003992439
1,1,0.9998054739286729
0,0,0.00613127126691961
1,1,0.9998300424632585
1,1,0.9996358827322178
1,1,0.9157493458912437
1,1,0.8560400327542379
1,1,0.9999020331012833
0,1,0.9987249617460188
1,1,0.999333431013582
1,1,0.9998924559301883
1,1,0.8845102463504296
1,1,0.9993024566328838
0,0,0.00496768621004409
0,0,0.06758319758188265
1,1,0.9996323336836053
1,1,0.9994382103941133
0,0,0.005839263454592151
1,1,0.99924564529897
0,0,0.0070041368130193
0,0,0.005628861346259055
1,1,0.9986544192906905
0,0,0.006003280713223617
1,1,0.9998812859817692
1,1,0.9422093657444036
1,1,0.9880948790321581
0,0,0.004585709453307972
0,0,0.012056699278651585
0,0,0.0035045268720424643
1,1,0.9993767328745375
1,1,0.928457396777925
1,1,0.9993745121171866
0,0,0.007108126160727539
0,0,0.005665820305344023
0,0,0.011986651132091766
0,0,0.004918676235119704
1,1,0.9993337787157317
1,1,0.9995042907519449
0,0,0.007156535889574702
0,0,0.005341739010617233
0,0,0.004398759966932833
1,1,0.9995274800755036
1,1,0.9992176733661913
1,1,0.9658800032906263
0,0,0.004460690871508571
0,0,0.0020998518606641856
1,1,0.9987637945682635
1,1,0.9993933852760482
0,0,0.0010443597694265302
1,1,0.9215211176128643
0,0,0.004506544157365237
1,1,0.9980712126027598
0,0,0.003548053925563551
1,1,0.9998533153699096
0,0,0.010064580931728932
0,0,0.005017844500526291
0,0,0.003901375904471876
1,1,0.9081861214363085
0,0,0.012019990555631205
1,1,0.999848263819088
1,1,0.9522991324326023
0,0,0.006049572580844236
1,1,0.9564555350839885
0,0,0.0015280220415602973
1,1,0.6209300628541866
0,0,0.004970625532270993
0,1,0.7566185373509652
1,1,0.9998261454354513
1,1,0.9995508900411972
1,0,0.38373081506126067
0,0,0.004929984307724351
0,0,0.05057523287285703
1,1,0.9988880114379793
1,1,0.9994382308520727
1,1,0.8893347901818964
0,0,0.006362779623092875
1,1,0.9995955347870645
0,0,0.004777847819977202
1,1,0.9451842487851009
1,1,0.9998597393437405
0,1,0.8943402030180774
0,0,0.003907235568396936
1,1,0.9998734523077576
1,1,0.9143452558003478
1,1,0.999173261096647
1,1,0.9996723499280142
1,1,0.9995433240469307
1,1,0.9987255917089697
1,1,0.9990607685904197
0,0,0.004999722502843508
0,0,0.4825718993444816
0,0,0.0047898623606851135
1,1,0.9996470370292255
1,1,0.99954759028852
1,1,0.9018564542064168
0,0,0.0050128229005723165
0,0,0.005425595493239651
1,1,0.9996461367074783
1,1,0.9996951386076313
0,0,0.0039193293118152586
0,0,0.008190121921152451
0,0,0.004143263918991077
0,0,0.005456640638979863
0,0,0.005605912252832577
0,0,0.006259464282640179
0,1,0.8443240730177068
0,0,0.004595816056127226
0,0,0.0006302816598512762
1,1,0.9995537552033961
0,0,0.014454027440641382
1,1,0.9994380412415306
1,1,0.9980133557053076
1,1,0.9996891813915925
1,1,0.9254251392332933
0,0,0.005273639041665747
0,0,0.006169183043097334
1,1,0.750812735581744
0,0,0.004679121314563315
0,0,0.005669291861396795
1,1,0.9997616409202916
1,1,0.9177000438524909
1,1,0.9994117540394354
1,1,0.9992471112245015
0,0,0.003753782619270572
1,1,0.9997648436889371
1,1,0.7408390903974527
0,0,0.007547351026872661
1,0,0.14405302588289443
0,0,0.00657679613714644
1,1,0.8600392199491133
1,1,0.9263703835244995
0,0,0.003167505908738523
1,1,0.9996180430783487
0,0,0.006342016556443139
1,1,0.9997092743377163
0,0,0.0043595556984999725
0,1,0.6687803080219664
1,1,0.9986868758949315
1,1,0.9998489171438367
1,1,0.9997329645106252
0,0,0.005499460481825174
0,1,0.5275045470181038
0,0,0.005287606043650963
0,0,0.005622837397928109
0,0,0.009192174287623343
0,0,0.004466307703426787
0,1,0.6538794947521858
1,1,0.8999143539105461
0,0,0.004493739837407943
1,1,0.9993428355500548
0,0,0.0049404588648857585
0,0,0.007483189126844884
0,0,0.009093136571815775
1,1,0.9998695243065228
1,1,0.933454895326496
1,1,0.8922778389475808
0,0,0.006621186659023327
0,0,0.0034063923515359955
0,0,0.007536090572828033
1,1,0.818354352545313
1,1,0.9982731830200817
0,0,0.004963019147485349
1,1,0.9436342345152604
1,1,0.9100366041070492
0,0,0.016713707699642453
1,1,0.9995089253838807
1,1,0.8808406535637091
0,0,0.0032614865040435396
0,0,0.009462265857688336
1,1,0.917023439517888
0,0,0.004376293842444191
0,0,0.007729431678668786
0,0,0.005345436291527902
0,0,0.006780819241174488
1,1,0.9999255667500738
1,1,0.9982861964883688
1,1,0.8533291740966619
0,1,0.8148685086340449
0,0,0.011290797509706144
1,1,0.9969153665724698
1,1,0.8896584775835203
0,0,0.010105199356943874
1,1,0.9998829774499065
0,0,0.015557235828438383
0,0,0.006322765522778444
1,1,0.9996485829425662
0,0,0.0039735444168627655
0,0,0.28247409193391054
1,1,0.9998072900307522
0,0,0.016609342847003904
0,0,0.05778509148292978
0,0,0.004086132248986626
1,1,0.9370448061540515
0,0,0.0032470125776728324
0,0,0.005685561767799911
0,0,0.0037286083639529364
1,1,0.9398552770172618
0,0,0.0050529334354836065
1,1,0.999236941545539
0,0,0.009305832349333104
0,0,0.004618731694564584
0,0,0.010060881833906273
1,1,0.9995019519615256
0,0,0.006162745354287592
0,0,0.09662232990532907
1,1,0.999482845137318
1,1,0.9694705394279355
1,1,0.9995023918631025
1,1,0.9027223671930895
0,0,0.0037024618536337732
1,1,0.922272537055712
1,1,0.8965820383707803
1,1,0.9994959195753276
1,1,0.9995888965442472
0,0,0.00544139440547282
1,1,0.910418088105742
0,0,0.2664633066561037
1,1,0.9996552764823583
0,0,0.0037524676541600336
0,0,0.0061123274082181805
0,0,0.008243419487627206
0,0,0.007576437512330482
0,0,0.007753103184889916
1,1,0.9605133236424493
1,1,0.9612709520972218
1,1,0.9992850692296608
1,1,0.9988699533431173
0,0,0.005437020043539446
1,1,0.9441411214776992
0,0,0.003330901030182189
0,0,0.005773652567808574
0,0,0.011785765119610252
0,0,0.01026197285638335
1,1,0.9995718274808361
1,1,0.8565524992767649
1,1,0.9996397674122804
0,0,0.004692457614288284
0,0,0.003882517899813621
1,1,0.9533903999597285
1,1,0.9283049832170731
0,0,0.005518873609288727
1,1,0.9993294742026472
1,1,0.9997479755228694
0,0,0.006455884961154136
0,0,0.00578762251572617
0,0,0.004964898097393114
0,0,0.0017447743232622097
1,1,0.9507632891030521
0,0,0.2845484471174846
0,0,0.010977464676939419
1,1,0.9991381148757609
1,1,0.9993696687065776
1,1,0.999259572914938
1,1,0.9992163451053812
0,0,0.007093317240063774
0,0,0.010624518487235083
1,1,0.9059718574102781
0,0,0.006058474833835464
0,0,0.009871818164217843
1,1,0.9996871169231704
1,1,0.9989100750022489
1,1,0.9994290812872914
1,1,0.9985471866033548
1,1,0.9985663316713722
1,1,0.9996104493037307
1,1,0.9991938392618557
1,1,0.9118678295683371
0,0,0.0044671783760821555
0,0,0.00605654557671682
1,1,0.9993558510571147
0,0,0.007536553026124984
1,1,0.9998204207796602
1,1,0.9612108817067693
1,1,0.9993287289283115
1,1,0.9103018861305634
1,1,0.9985980948796239
0,0,2.488796379884725e-05
1,1,0.9998922682153559
0,0,0.003420887679287764
0,0,0.01584987815542322
1,1,0.9998560624554099
1,1,0.9427276215532289
0,0,0.009017646407805746
0,0,0.005744697199632673
1,1,0.9484666792351849
0,0,0.006493139332561332
0,0,0.0008556070060604022
1,1,0.9981932393643127
1,1,0.9998813795291077
0,0,0.004320283419181414
0,0,0.005682591512888042
1,1,0.9308936624718276
0,0,0.004737800828722661
1,0,0.0050072875214212205
1,0,0.352682457282495
1,1,0.999853637203316
1,1,0.9996158141304586
1,1,0.9086365009278077
0,0,0.005908201322079182
1,1,0.999747034804957
0,0,0.004525886096500373
1,1,0.9994302777119239
1,1,0.9992369336789908
1,1,0.9996533670698209
1,1,0.9990336076429701
1,1,0.9998734203494838
0,0,0.00926994832606989
1,1,0.9988544492568372
1,1,0.8926057403637425
1,1,0.9997121431001744
1,1,0.9994241448210109
0,0,0.005261683233444025
1,1,0.9988693029396721
0,0,0.005976526843989642
0,0,0.0027292425545009354
0,0,0.004526531916581692
0,0,0.004030670260592949
0,0,0.006089849085814304
0,0,0.005273361123967123
0,0,0.004705557214686492
1,1,0.9997634466865465
1,1,0.9555689572236259
0,0,0.0041048792978112805
0,0,0.005775919259030956
1,1,0.9990232194086653
1,1,0.9002249277506819
0,0,0.006380279941343029
1,1,0.8687409016833195
0,0,0.0007678369191278087
0,0,0.008890296135468661
1,1,0.999317313250903
0,0,0.01678660846616451
0,0,0.0036774484765263325
1,1,0.9982424624185926
0,0,0.008265458079077876
1,1,0.9999356774837516
1,1,0.9998964158905953
0,0,0.0019636972855634305
0,0,0.005458636443485425
1,1,0.9994783782597104
1,1,0.9986593174516982
0,0,0.00726160668400434
1,1,0.9989881999018531
0,0,0.012718917135084174
0,0,0.01128449698695258
1,1,0.9043366087435518
0,0,0.005981770774807908
1,1,0.9999292803001466
0,0,0.0041485688938941835
1,1,0.9994604806674374
1,1,0.999777101076583
0,0,0.007475146177032517
1,1,0.999294035867976
0,0,0.005368139389113989
0,0,0.0044145141741755
1,1,0.9252248728593311
0,0,0.0057202955904230475
0,0,0.4010006594825412
0,0,0.008209755402853295
1,1,0.9997899224490756
0,0,0.004266928980537293
1,1,0.9195298493669387
0,0,0.011522205056925175
1,1,0.8824637763741329
0,0,0.005657221451503965
0,0,0.0038730186778052253
1,1,0.7355571108776949
0,0,0.08880793408304825
1,1,0.8717649988736536
0,0,0.006066876858084859
1,1,0.5535583923693222
0,0,0.004328088718301319
1,1,0.9995643808539038
0,0,0.0050430541456035986
1,1,0.9998481381140271
1,1,0.9998678211853463
0,0,0.003086334830793699
1,1,0.816987986793515
1,1,0.9328602316365674
0,0,0.0014860748898507107
0,0,0.005134892074866604
0,0,0.005263755344428039
1,1,0.9998483101120565
0,0,0.006080645831363186
1,1,0.9997585865558711
0,0,0.005971942659412033
1,1,0.9997785616034924
1,1,0.9998381480812606
1,1,0.9995674675911472
0,0,0.006556112004576028
1,1,0.9998237220642712
0,0,0.003558195606879102
1,1,0.9996155728582632
0,0,0.002549728822973131
1,1,0.8243542274678346
1,1,0.9993024933590992
1,1,0.9999034171235448
1,1,0.9996180339663315
0,0,0.005037253322319978
1,1,0.9318930149371362
1,1,0.9431489079139663
1,1,0.9997590472144897
0,0,0.004166000274328586
0,0,0.00724370145685333
1,1,0.9998280711125943
1,1,0.9986663225135625
0,0,0.0011823669618987317
0,0,0.01419156230462753
1,1,0.9998385906875793
0,0,0.008720929842954918
0,0,0.0023665761798592156
1,1,0.8551153440948278
0,0,0.0102648480166754
1,1,0.9995248076489512
0,0,0.006855030600256126
1,1,0.8716038115037513
1,1,0.9995959156904314
0,0,0.00856674944208491
1,1,0.9997457096675784
1,0,0.3992340896184087
1,1,0.9471041169673079
0,0,0.00438656548200044
1,1,0.8941913137471871
0,0,0.004140407413700411
0,0,0.0052576727299659485
0,0,0.005211543764617929
1,1,0.9998101395732064
1,1,0.9113890034240426
1,1,0.9998282913854141
0,0,0.00398112633936416
0,0,0.0065395908130512085
1,1,0.9263136419657267
1,1,0.9367153722994191
1,1,0.9969681815837818
0,0,0.006477711283930638
1,1,0.9990267354321767
1,1,0.9497231934781896
1,1,0.9417588674945381
1,1,0.9994530669009762
1,1,0.9998199440517697
1,1,0.9996602979053443
0,0,0.005351493072613586
1,1,0.9072004634028729
1,1,0.9998924912157698
0,0,0.004669597431975183
0,0,0.004506698031219486
1,0,0.016494379400326088
0,0,0.005122785024574224
0,1,0.6278522181675293
0,0,0.0038226119792502166
1,1,0.9995140459849884
0,0,0.010211464045782295
0,0,0.4415221309992293
1,1,0.9994481189162461
0,0,0.013029461005431224
0,0,0.00684194521204671
1,1,0.9499703297549725
0,0,0.005734779743965803
0,0,0.004067964498396703
1,1,0.9998435094428438
1,1,0.9249444791671488
1,1,0.9177060570917478
0,0,0.008209523253439734
1,1,0.9002753592237946
1,1,0.9987456792418956
0,0,0.007215226667051899
1,1,0.9988000492518384
1,1,0.999633829739637
0,0,0.004711277364627478
1,1,0.9408887855914873
1,1,0.9998409053280505
0,0,0.01026156853862283
0,0,0.008134162529673224
1,0,0.44802965978327663
1,1,0.9996439692672477
0,0,0.0034758878027623947
1,1,0.9993327642283888
1,1,0.9997599878161249
1,1,0.9998607746350766
1,1,0.8864829261605006
1,1,0.999818419327828
0,1,0.8926041500424645
0,0,0.0072717901896329875
1,1,0.9994550497839456
0,0,0.005385439527637636
1,1,0.9998891495538345
1,1,0.9469290479805574
0,0,0.00883482278120674
1,1,0.9996542944645889
0,0,0.008685734909752706
1,1,0.8807416720754091
0,0,0.00533172228361206
0,0,0.009690484541072882
1,1,0.8793649039254536
1,1,0.999425521323567
0,0,0.007080860456717091
1,1,0.9996935603683829
1,1,0.9986131198434152
0,0,0.008576300027374292
0,0,0.005226291314771131
0,0,0.007186701363086976
0,0,0.005533914044055741
1,1,0.8946950931460823
1,1,0.999952759232133
1,1,0.9994099413864149
0,0,0.002258568277695152
1,1,0.8766511130575535
0,0,0.004658325336320306
1,1,0.9993653316812525
1,1,0.9993230276442285
1,1,0.9177426035262247
0,0,0.012093056504725612
0,0,0.006481434867953174
0,0,0.0023507088793938446
0,0,0.011519822443296426
1,1,0.9987459135155503
1,1,0.9338682388841045
1,1,0.9982619995070336
0,0,0.0010678970858352507
1,1,0.8921876248701456
1,1,0.8444009582510993
1,1,0.9999391979423282
0,0,0.005032460816954686
0,0,0.004194109481763417
0,0,0.010831815480074116
1,1,0.9994685601011889
0,0,0.008830854566914698
1,1,0.9979932192396961
1,1,0.9203524840687629
0,0,0.004350616352000025
1,1,0.9160851638848098
0,0,0.010104616820570884
0,0,0.006260087482009377
1,1,0.9991176335080748
0,0,0.0018407613608542985
0,0,0.003677073912328166
0,0,0.005720324647309065
0,0,0.003919460308590045
1,1,0.9995046901592566
0,0,0.008132403254487724
1,1,0.9982727213638612
0,0,0.0044497072143011
0,0,0.010548031130131155
0,0,0.005084752897320184
0,0,0.37262995096730706
1,1,0.9358702319248543
0,0,0.011102134717876395
1,0,0.002403964105195899
1,1,0.9997349475247475
0,0,0.005233398418906059
0,0,0.006848013243349681
0,0,0.007612967361449646
1,1,0.9994930001635707
1,1,0.9993481265827815
1,1,0.8959983638281545
0,0,0.004490101467588143
1,1,0.9992794885088938
0,0,0.00407812954681931
0,0,0.010491016427343312
1,1,0.9992892346599062
0,0,0.0048779151914872575
1,1,0.9172850659444682
0,0,0.0047915141292539185
1,1,0.8006801885221241
1,1,0.9992792624910318
0,0,0.008430619932293335
1,1,0.9997855827919575
1,1,0.9994871759581332
0,0,0.005295465614154626
1,1,0.9380871526868642
0,0,0.004798932470363338
0,0,0.007064705693209946
0,0,0.0047755142847637246
1,1,0.8291988511655558
1,1,0.9359554567904264
1,1,0.9996912480901189
0,0,0.005252547998152034
0,0,0.007826514902100378
0,1,0.9490200256722888
1,1,0.9993697288602682
0,0,0.004700811124547568
0,0,0.33762103499903745
0,1,0.9263941419047825
0,0,0.00526727995439998
1,1,0.9651347750478309
1,1,0.9978634181809612
1,1,0.9999115409469339
0,0,0.005345614147223317
0,0,0.007953704141086385
0,0,0.01133155601362919
0,0,0.0011000442644040942
0,0,0.008844277686181052
1,1,0.6352751119724322
1,1,0.999295993518495
0,0,0.0037399993099396013
1,1,0.9987215855726983
1,1,0.9993827032149225
1,1,0.999808347429521
1,1,0.9997136337847937
0,0,0.009899933606292032
0,0,0.0023207436256025725
0,0,0.005900681010197357
0,0,0.005663779344803348
0,0,0.35776803611001146
1,1,0.9998662328108174
0,0,0.006906993805448121
0,0,0.007530583419362677
0,0,0.005021738273977944
1,1,0.9998530147737169
1,1,0.9994474572639149
1,1,0.9510984424152379
1,1,0.9996198161974371
0,0,0.007687795412848374
1,1,0.9996552852056625
0,0,0.005611294210000173
1,1,0.8418288043044941
0,0,0.0034477556950103447
0,0,0.004722975965877477
0,0,0.012801131116503203
1,1,0.9995421967415138
1,1,0.9995137320644183
0,0,0.006061101734251071
0,0,0.005122543389442459
0,0,0.006136680835396269
0,0,0.004454649306947735
0,0,0.007044754934060305
1,1,0.9203652989514791
0,0,0.0018820855967687635
0,0,0.005132367277490569
1,1,0.9596871309485175
1,1,0.9994649340387648
0,0,0.002171436021527851
1,1,0.9305600335698256
1,1,0.6079575349561425
0,0,0.006778984729018496
1,1,0.9995469743894102
1,0,0.36549809581786885
1,1,0.9998874803149216
1,1,0.9138600101425504
0,0,0.006863622332080887
0,0,0.011468569606301904
1,1,0.9996812343361472
1,1,0.9975224086052187
0,0,0.004506239640382956
0,0,0.00498468521900102
1,1,0.9998967654218686
0,0,0.0023665475602984137
1,1,0.9990748762301328
0,0,0.19704911923794266
0,1,0.8348768591203931
1,1,0.9982447068875857
0,0,0.005608462932912244
1,1,0.999468607896102
0,0,0.004684385677197828
0,0,0.00944561288347777
1,1,0.9184640701446531
1,1,0.9994857755116672
1,1,0.895852356263536
0,0,0.3465528098788851
1,1,0.8627487489999465
0,0,0.009081510352583337
0,0,0.0061275240921969815
1,1,0.7884757011998662
0,0,0.004279776514896205
0,0,0.004799176422755592
0,0,0.003855946263018198
1,1,0.999512811336224
1,1,0.9386444862632352
1,1,0.9986935917760654
0,0,0.08552076549615739
1,1,0.9997768173580209
1,1,0.8649798398194956
0,1,0.8971378953873873
1,1,0.9429671667904614
0,0,0.010447472343080468
0,0,0.0038517007941412684
1,1,0.9996477501061528
1,1,0.9286085500769762
0,0,0.10218784872972957
1,1,0.9995181849205291
1,1,0.9993826924556907
1,1,0.9993918616284498
1,1,0.8698639470160588
0,0,0.004997947031527948
1,1,0.9996367876630855
1,1,0.9998556056170216
0,0,0.0037717907917085712
1,1,0.914521678611452
1,1,0.8808790690747689
0,0,0.0014833468816871699
0,0,0.0074125299637262795
0,0,0.004945426567531411
1,1,0.9983919203914265
1,1,0.933442389870556
1,1,0.987967772257365
0,0,0.005462649700524222
1,1,0.9391655232519073
0,0,0.000811208726561064
1,1,0.9301945742725667
0,0,0.011740722145827491
1,1,0.9620652151941393
0,0,0.007218236095069543
0,0,0.0038002944871383467
1,1,0.9993024274144007
1,1,0.9236690778185611
0,0,0.010466811356702164
0,0,0.006987833448748238
0,0,0.005303488988507268
1,1,0.9986004126228973
1,1,0.9216938739561278
0,0,0.007666066245767177
1,1,0.899076501267853
1,1,0.9998259602061221
0,0,0.005899801291078872
1,1,0.9997642948191775
0,0,0.0044546980714778245
0,0,0.006365290570418367
0,0,0.0073026022069538395
0,0,0.00948465419108348
0,0,0.00974130348937311
0,0,0.007716552515268474
0,0,0.004944068130169576
1,1,0.9997484266021798
0,0,0.00795309141349181
0,0,0.0025363105892460456
1,1,0.9993298953289611
0,0,0.009583253410122942
1,1,0.9999138855722811
1,1,0.9998777207922439
0,0,0.004950477362711823
1,1,0.9627541259642731
1,1,0.9997092975201899
0,0,0.008363072395491469
0,0,0.005528602710886671
0,0,0.003231150533781615
0,0,0.01061582477308598
0,0,0.004204299259973661
1,1,0.9998309869853649
1,1,0.9997600370318894
0,1,0.6211082210284188
1,1,0.9276222748621733
0,0,0.009798050953179994
0,0,0.004791494207840923
0,0,0.006568314656127249
1,1,0.9999080294800406
0,0,0.00466260985314408
1,1,0.9993677377867297
0,0,0.0009125388334341657
0,0,0.0034871366642802363
0,0,0.004492113237097383
1,1,0.9999161940278598
0,0,0.00999025753386346
1,1,0.9160397804633854
0,0,0.0062663579438885526
1,1,0.9998048032371271
1,1,0.999577237620047
0,0,0.003548637936324583
1,1,0.7653847081089863
0,0,0.006366359841590707
1,1,0.9072489851994517
1,1,0.9577525109739674
0,0,0.013415329664156242
0,0,0.0008156197323982963
1,1,0.9994338221442416
1,1,0.9993877204360431
1,1,0.9979777936672755
0,0,0.00684905930515603
1,1,0.9998888813170198
0,0,0.007058213163004162
0,0,0.005461541160458629
1,1,0.9037980888413967
0,0,0.47967709951680854
1,1,0.999615809564252
0,0,0.0067360532002428255
1,1,0.9997820648566647
0,0,0.006655698925843859
1,1,0.9994097935768043
0,0,0.006493614746425215
0,0,0.006372209016996202
0,0,0.006545880553248092
1,1,0.999827666292656
0,0,0.005233146161201291
0,0,0.0035757998536476154
1,1,0.8819821270389062
0,0,0.008448665984903837
1,1,0.9167391743535092
0,0,0.008403046211406692
1,1,0.9996465141406171
1,1,0.9696861254530533
1,1,0.9996652314754979
0,0,0.003809872993616541
0,0,0.0047108728946351035
1,1,0.9990881429264332
1,1,0.9165894358698614
0,0,0.006430279279615147
1,0,0.009425453950875984
0,0,0.007765070906581436
1,1,0.9997808355640344
0,0,0.0058836236100013595
0,0,0.00520557188956384
0,0,0.004698499886165584
0,0,0.017777251300769768
0,0,0.007686680059153564
1,1,0.999530094817508
0,0,0.004387189836552284
1,0,0.49396731676333105
0,0,0.001961106845083621
1,1,0.9994952719107322
1,1,0.9571659571043005
0,0,0.004992584873535713
0,0,0.007907038380453413
1,1,0.9994123091935642
0,0,0.005193575335755962
0,1,0.7827519607386675
0,0,0.006379570797401764
0,0,0.008691975341525885
1,1,0.9996819931473117
1,1,0.9999352870207919
1,1,0.9993919067994673
0,0,0.005374075828160926
1,1,0.9141909322615539
1,1,0.8589334703371174
1,1,0.999652032938461
1,1,0.9995834322724586
1,1,0.999352298691383
0,0,0.008326339541493
1,1,0.9996377530247912
0,0,0.007881957669736924
1,1,0.999765880680381
0,0,0.007352553513399323
0,0,0.004964651644539142
1,1,0.9987057655534648
0,0,0.004830691437955062
0,0,0.008890631372238623
0,0,0.007777332950108517
1,0,0.3202407452708438
1,1,0.9062591211565041
1,1,0.99990187685474
1,1,0.9996180103192097
1,1,0.9996912592001093
0,0,0.0063793525202442535
0,0,0.004819368583657072
1,1,0.9984605241438147
0,0,0.004909134806246186
1,1,0.9984926815194184
1,1,0.967231705776955
0,0,0.0025335786528511554
0,0,0.0041152530452159275
0,0,0.004672707362916274
0,0,0.005558881329659188
1,1,0.9995734628515743
0,0,0.005399431060685073
1,1,0.9984565791632066
0,0,0.004575920534539645
0,0,0.013415200252856738
0,0,0.009492791421921963
0,0,0.010261051658234014
0,0,0.008992065196491537
1,1,0.9993955943263244
1,1,0.9445526042733786
1,1,0.8658203898846987
0,0,0.0051130443183149904
1,1,0.9986456680523551
0,0,0.013310765163112666
1,1,0.9507718985599886
1,1,0.9993827022631447
1,1,0.9996215821187967
1,1,0.8931473252775478
1,1,0.9281151572797969
1,1,0.9996619944814711
0,0,0.003285761718054411
1,1,0.9123685762621955
1,1,0.9996215320886777
1,1,0.9989122396131082
1,1,0.986208250528406
0,0,0.009201190245068564
0,0,0.006132620003971689
1,1,0.9996180314302541
0,0,0.011188436890880147
1,1,0.9999007999710602
1,1,0.9997199530884655
0,0,0.005628859594284368
1,1,0.9990499407175301
0,0,0.007094043977738754
1,1,0.9999116166287441
1,1,0.9115483652960633
0,0,0.006929869787908412
0,0,0.005991018915136975
1,1,0.9992410441257524
0,0,0.0001746998154294466
0,0,0.004207952195527957
1,1,0.9995966677741268
0,0,0.1212096185521901
0,0,0.014647733060836705
0,0,0.09150473163634795
1,1,0.9306732421723267
0,0,0.0064281292179257515
0,0,0.0033380532802273887
1,1,0.9999047619850236
0,0,0.45892372135921095
0,0,0.005306105590966067
1,1,0.9996634626616252
0,0,0.00722122478879112
0,0,0.004819149744495168
0,0,0.007530704753849685
0,0,0.04237477391769911
1,1,0.951095723992732
0,0,0.006145909854560378
0,1,0.7681358083454802
1,1,0.9997674556384464
1,1,0.9989099971414919
0,0,0.010830212314156056
1,1,0.9998388810969733
1,1,0.9994515792585773
1,1,0.9995673656733429
0,0,0.0023843561272243485
0,0,0.004712093385444656
1,1,0.9442268451589017
1,1,0.9987374859645624
0,0,0.0039526473930270945
1,1,0.9994158189068966
1,1,0.9999192288222684
0,0,0.00524309592265141
1,1,0.9998717768469334
1,1,0.9992807840351771
0,0,0.0047068427008525
0,1,0.5532442678247306
1,1,0.8993138618267253
0,0,0.00606928968074834
0,0,0.004782082344846492
0,0,0.09348032915474684
1,1,0.5454235126387232
0,0,0.01071433557244467
1,1,0.9997111882143777
0,0,0.008308390435130812
0,0,0.007825999133361433
0,0,0.005729059171197473
1,1,0.9995128128346928
0,0,0.0039214180576850445
0,0,0.008269882062370412
0,0,0.2950349951263462
0,0,0.004174749043013449
1,1,0.999465210995114
0,0,0.007206462594688838
1,1,0.9998670296780167
1,1,0.9023230273372346
1,1,0.9239716255365406
1,1,0.999547711405749
1,1,0.9993267721707797
1,1,0.9998227763102087
0,0,0.0041252628072054294
0,0,0.008431295200464237
1,1,0.9989940164183799
1,1,0.9994422105227582
0,0,0.40428741396285545
0,0,0.004450324111106132
0,1,0.8985154724664789
1,1,0.9992429253659061
0,0,0.0009242711053787006
0,0,0.07975144559132896
1,1,0.9984068531759437
0,0,0.004909112669486497
1,1,0.9992587575421471
1,1,0.9983491862554773
0,0,0.006023703420101527
0,0,0.005498044488748283
0,0,0.013413709283077165
0,0,0.005763089449188818
1,1,0.9996658342812307
0,0,0.1624496935707909
1,1,0.9994619351210224
1,1,0.8019924381539691
0,0,0.004672586102842784
0,0,0.008173069034228557
0,0,0.007104959324757075
1,1,0.9996424812117944
0,0,0.005289066531087958
0,0,0.0061369616867766145
0,0,0.006632306223632031
0,0,0.021419505085191977
1,1,0.9637739438514213
0,0,0.46092098231812023
1,1,0.9090643769707653
1,1,0.9978668873872312
1,1,0.9992983282977158
0,0,0.005168650853027322
1,1,0.9997344850136792
0,0,0.006600793562618734
1,1,0.999791212636533
1,1,0.9991381206314395
1,1,0.9997534050103388
1,1,0.9998364516062758
1,1,0.9643397292428547
1,1,0.99938026552244
0,0,0.00596960505259909
0,1,0.6166027069445376
0,0,0.005863672393976558
1,1,0.9998135685880019
1,1,0.998547701672952
0,0,0.009107728306899128
0,0,0.2461771781262245
1,1,0.9999007483436106
0,0,0.005615647410449579
1,0,0.0015917439480621438
0,0,0.009757696742871476
0,0,0.005933667915093594
1,1,0.9567501025413985
1,1,0.9003262158738536
0,0,0.004658142406055862
1,1,0.9039184803657957
1,1,0.9993755240297265
0,0,0.004929461025068775
1,1,0.922220602731163
0,0,0.004365160634832292
1,1,0.9641697667398346
1,1,0.9994879776601266
0,0,0.01191787529604101
1,1,0.9994474427688034
1,1,0.9997471225537129
0,1,0.9092863214757045
1,1,0.8891621073668121
1,1,0.9995723988564139
0,0,0.005059082797527942
1,1,0.8461300871383186
0,0,0.0011355983966592168
0,0,0.002101872249400322
1,1,0.9998996537907282
1,1,0.9538430459112336
0,0,0.004696274937407702
1,1,0.9996621171200714
0,1,0.9255170929691706
0,0,0.0036607230401626096
0,0,0.00499153493273671
0,0,0.04492245295105265
1,1,0.9997536812723674
1,1,0.9995762656313287
1,1,0.5660451224289073
0,0,0.004226393858630184
0,0,0.01353742573198582
0,1,0.7772059951981368
1,1,0.9993906067254746
1,1,0.9999298207006971
0,0,0.004794665157714039
0,1,0.9257475818987062
1,1,0.9472470139434972
0,0,0.007316802413420366
1,1,0.9544245429147231
1,1,0.9996408575814256
1,1,0.9996766830595074
1,1,0.9985086424240373
1,1,0.9997092474406639
1,1,0.8939275786606032
0,0,0.004736989886826638
1,1,0.879759112548098
0,0,0.007637335773157593
1,1,0.9367556229685005
1,1,0.9997616732854483
1,1,0.9088432334567444
0,0,0.006469416949175467
0,0,0.0033898554977348765
0,0,0.0036142420365433774
1,1,0.923589364729637
1,0,0.3974401848983549
1,1,0.9111207292244836
0,0,0.004253341094926824
0,0,0.005081588710661486
1,1,0.99955346844141
1,1,0.9071891600135219
0,0,0.005098230965446172
1,1,0.9994149381905458
1,1,0.9398303816633954
1,1,0.9335479431250289
1,1,0.9999381617040607
0,0,0.010111633652520515
1,1,0.9203334274321053
0,0,0.004799452689768354
1,1,0.9998430184345439
0,0,0.008735849992714106
0,0,0.002016662951100231
0,0,0.004671827288056457
1,1,0.9996066371881968
0,0,0.0036768152277494187
0,0,0.009502209700293616
1,1,0.8919998439774347
0,0,0.004508747049514654
1,1,0.9996620340008048
1,1,0.9997809131537204
1,1,0.9979076212700915
1,1,0.9998738997992471
1,1,0.522522156011935
0,1,0.5232942856828536
0,0,0.008817370780957815
0,1,0.930240217317138
0,0,0.01138594982311573
0,0,0.0015442438704191363
0,0,0.005307773089958107
1,1,0.9996893433207414
1,1,0.9996761914170019
1,1,0.9996159056630001
1,1,0.998222504438613
0,0,0.0050208052942299665
1,1,0.9995193562778283
0,0,0.007605856951934243
1,1,0.9994700766085581
1,1,0.9986480415091309
0,0,0.005239032841202681
0,0,0.004634038323445108
0,0,0.0040029139274485375
1,1,0.876063585674334
0,0,0.014748041173448448
1,1,0.9998207165292449
1,1,0.9997218834191048
0,0,0.0037719157041959162
1,1,0.998406157632398
0,0,0.005722628107217995
1,1,0.9998932933932677
0,0,0.008473701970796922
1,1,0.6640904457413787
0,0,0.0009434919265792616
1,1,0.9991933270053505
1,1,0.9996147864725224
1,1,0.6640874101336407
0,0,0.006012597599004003
0,0,0.19675939015345284
1,1,0.9993076116566354
1,1,0.9994918535279215
0,0,0.006665500992614842
1,1,0.9993328008682885
0,0,0.006864226519322174
1,1,0.9993689572631027
1,1,0.9994162584691523
1,1,0.9998412942601224
0,0,0.004273699309296273
0,0,0.004829880588124145
0,0,0.005868365724541036
0,0,0.004450543997410724
0,0,0.08239827808483204
0,0,0.003173542706191614
0,0,0.10790377746963951
1,1,0.9996339516717332
1,1,0.7229283905230967
1,1,0.9996280915287677
0,0,0.02568712923727404
0,0,0.006027569456267455
1,1,0.9997949303432386
0,0,0.006771618117733683
1,1,0.9994726882345997
0,0,0.0016811873354317052
0,0,0.006670527184570694
0,0,0.00289665294211931
0,0,0.004190453115804223
0,0,0.00209462868480267
1,1,0.898556806836903
0,0,0.007882156526455223
1,1,0.9587034996129226
1,1,0.9991566701193773
0,0,0.0076866220224800965
0,0,0.0038992813133873036
0,0,0.006175342797673714
0,0,0.004432556693972589
1,1,0.9993169507657459
0,0,0.009934580371782567
1,1,0.9993154245793442
1,1,0.9997842634102255
1,1,0.9996509929829701
1,1,0.5225222314123942
1,1,0.9988257348178428
0,0,0.004040166942442879
1,1,0.9186945085709897
1,1,0.9153577970243829
1,1,0.9983414489962077
1,1,0.9993917398669504
1,1,0.747810753077107
1,1,0.9998246291497503
0,0,0.004606213542143185
1,1,0.9997734604476731
0,0,0.014303870820740468
1,1,0.9401046491851623
0,0,0.007831870068601527
1,1,0.9994655173643057
1,1,0.9993324338846301
1,1,0.99814058472078
0,0,0.005351300811666471
0,0,0.007719036089707593
1,1,0.9986454452693241
1,1,0.9994371727760292
1,1,0.8638268649670133
1,1,0.5407401407026224
1,1,0.9355813531010251
1,1,0.885091436810796
1,1,0.9290854115562777
0,1,0.7355410937672491
1,1,0.9484118374771259
1,1,0.9985502364734926
0,0,0.0008957391338767207
1,1,0.9995416796503023
0,0,0.007538705705714912
0,0,0.00641095276054098
1,1,0.9993939173806282
0,0,0.004882838485591824
1,1,0.99959432795537
0,0,0.00446924862565424
0,0,0.010492652800804716
0,1,0.8905056198331378
0,0,0.0026976848119125312
1,1,0.9232403811688724
0,0,0.005295488094216406
1,1,0.9995029771953929
0,0,0.0016535116914639784
1,1,0.9996761486027441
1,1,0.88885332481588
1,1,0.9999460237186857
0,0,0.004651811031513541
1,1,0.893478023973092
1,1,0.9100694503798721
0,0,0.004656288874502925
1,1,0.9998226953723933
0,0,0.004614057586953064
1,1,0.9100987570415396
1,1,0.9705794977518126
0,0,0.005830415166711699
1,1,0.9993487300722829
1,1,0.9994333535047886
1,1,0.9122169663689581
0,0,0.007762284128022109
1,1,0.999584001493921
1,1,0.8917150291645031
1,1,0.9998894077622886
0,0,0.004723636966722055
0,0,0.004717602375121513
0,1,0.7740282674848384
1,1,0.9151336577498153
0,0,0.0049678047621783085
1,1,0.9996180355690628
1,1,0.9994692062806098
0,1,0.9442090051699983
0,0,0.007344032477902276
1,1,0.9299191527702597
1,1,0.9998588542709169
0,0,0.014085457996559725
1,1,0.9165968480704265
0,0,0.004798262534441218
0,0,0.0005344925521514295
1,0,0.005880149993866267
1,1,0.9989425085613001
1,1,0.9997696279297631
1,1,0.997872394340114
1,1,0.9987772448513628
1,1,0.9354370339961647
0,0,0.004967756710424021
0,0,0.004878704163639002
1,1,0.9603053990519282
1,1,0.9992859031860998
0,0,0.005630770807048284
1,1,0.9994329843343338
0,0,0.006576949378074105
1,1,0.9998708578972803
0,0,0.0034656378516901764
0,0,0.0030762579192904777
0,1,0.8496835449774122
1,1,0.9995906486531252
1,1,0.9991823530349196
1,1,0.9993896613172248
1,1,0.9991383383905053
1,1,0.9993699058822902
1,0,0.010082112594461512
1,1,0.9996416880462604
1,1,0.9303349445111486
0,0,0.007606770848384279
1,1,0.9232309164443827
1,1,0.9998984031699908
1,1,0.9573568276301014
0,0,0.004967886456174168
1,1,0.9235122695588135
1,1,0.9992315407170551
1,1,0.9991581921807527
0,0,0.010063825700799951
0,1,0.7913250437328825
1,1,0.8043096218732269
0,0,0.005728924278463194
0,0,0.012631055790821641
0,0,0.006368675681880738
1,1,0.9996568372192434
0,0,0.009400543124795609
0,0,0.0025150362051649627
0,0,0.003935744755590132
0,0,0.004885017429541386
1,1,0.5225275231890124
1,1,0.9272288271884909
0,0,0.004590803504116245
1,1,0.9997115521114126
1,1,0.8940465326006846
0,0,0.006962093509878594
0,0,0.003916087171347962
0,0,0.3386151846582792
0,0,0.006412105452222896
0,0,0.004504532112243192
1,1,0.9998126451782875
1,1,0.9501275058535706
0,0,0.005454460890881075
0,0,0.012649785803145044
0,0,0.0041826847192998765
0,0,0.005288431831990202
1,1,0.8580314726956874
1,1,0.9057771730974103
1,1,0.9585078307281554
1,1,0.9577609834621498
0,0,0.0023625904142675204
1,1,0.9995428336093487
1,1,0.9997758832919856
0,0,0.0052330429094860275
1,1,0.9834116708179456
1,1,0.9998414625345998
0,0,0.010265770413148979
1,0,0.3986568758248918
0,0,0.15426059076854245
1,1,0.9211681431106126
1,1,0.9995532284890883
1,1,0.620899624040135
0,0,0.033065865543422876
1,1,0.9998777358973675
1,1,0.920277360682299
1,1,0.9996316414387305
1,1,0.9984061468370066
0,0,0.00864661264847429
0,0,0.27520396092901434
0,0,0.008318968338288124
1,1,0.9995631197728833
1,1,0.9998511330222642
0,0,0.0019320713896801333
0,0,0.008392175869096167
0,0,0.004336183689913661
1,1,0.9996981966347519
0,0,0.005836095275692559
1,1,0.9998308564772823
0,0,0.004680557664443663
1,1,0.999858057708314
0,0,0.005283902930456849
0,0,0.00487606015891086
0,0,0.004181099840966153
0,0,0.006011548791636094
1,1,0.9550857089824418
0,1,0.8781950774998863
0,0,0.0063981055937969355
1,1,0.693056339698469
0,0,0.008863093372623004
1,1,0.9994802330452707
1,1,0.9349782446819924
0,0,0.00690687513413931
1,1,0.9115854118009176
1,1,0.8879109079635418
1,1,0.999568097022048
0,0,0.006315256542401673
1,1,0.999778654733875
1,1,0.9995225963213088
0,0,0.004323093340469881
0,0,0.004279991239909068
1,1,0.8842808027993937
0,0,0.004807848596585853
1,1,0.9992941351961919
1,1,0.9996050788509954
1,1,0.9998507606444043
0,0,0.005666743324314148
1,1,0.9986058772698548
0,0,0.004272981529145947
0,0,0.001801559445306219
0,0,0.0025150940068734947
0,0,0.0058284850609338894
1,1,0.9998891779567864
0,0,0.004996625822358529
1,1,0.9998519306927093
0,0,0.008687689087239743
0,0,0.004341579917298872
0,0,0.1182876730206382
0,0,0.022545014097168827
1,1,0.9333341312001958
1,1,0.9988558571984001
1,1,0.9999035389269066
1,1,0.9150340590287294
1,1,0.9998335033083652
0,1,0.8744171671916796
0,0,0.003352821608314216
0,0,0.006213562125479063
1,1,0.9986436850295932
0,1,0.9314609272008857
1,1,0.9993827183545871
1,1,0.864740096345642
1,1,0.9994691081359444
0,0,0.1158135372378326
0,0,0.008180002207799308
0,0,0.04952497937697776
0,0,0.006614205745128348
1,1,0.9971974954363527
1,1,0.9995008441549426
0,0,0.008320331170040413
1,1,0.9998252145438964
1,1,0.9998936038404626
0,0,0.39456785721312226
1,1,0.9986275693209814
1,1,0.9994686525715886
1,1,0.9999347524795111
1,1,0.8885229312674707
0,1,0.886895334919208
0,0,0.005136284355102061
1,1,0.99956493724165
1,1,0.9995143340986377
0,0,0.00554845430975178
0,0,0.006058870633069822
0,0,0.011237367043763019
0,0,0.004971581223038849
0,0,0.0035214201731313885
0,0,0.006365700914587993
1,1,0.9993500855533035
0,0,0.12213856001119291
1,1,0.9998079293817136
0,0,0.006229116265110192
0,0,0.003760488037602436
0,0,0.005541386035262852
1,1,0.9910719196627822
0,0,0.00544748761179269
0,0,0.003419640238370691
0,0,0.007267484500875698
1,1,0.8186233428652373
0,0,0.007158255706964019
1,1,0.8976998582067881
0,0,0.005839345162289141
0,0,0.004833833338762057
1,1,0.9992669868569889
1,1,0.8729029845685577
0,0,0.0022605657770714193
0,0,0.48981215692192515
1,1,0.9991088075121228
1,1,0.9988142607467922
1,1,0.9995828002911512
0,0,0.0035911093823340966
1,1,0.9993651510997685
0,0,0.007188032885123435
0,0,0.0042189035668231826
0,0,0.01089851025685146
0,0,0.12412859458560623
0,0,0.015394492880754224
0,0,0.005956217157764708
0,0,0.005434560425763522
1,1,0.9997870140766539
1,1,0.999868925218014
1,1,0.9248194620213164
1,1,0.9168734542608266
0,0,0.005518022862506915
0,0,0.00593517849185398
0,0,0.005392773058588356
1,1,0.9992140105781817
1,1,0.8999130981716201
1,1,0.9993930916854447
0,0,0.006013018839498101
0,0,0.008625340149154007
1,1,0.9993573473344591
0,0,0.007415314330406572
1,1,0.83537291922417
0,0,0.010684864695623403
1,1,0.8537104311337662
1,1,0.9267465857031453
1,1,0.9607147594422468
1,1,0.9530586714125303
0,0,0.005673804612787729
1,1,0.9230022075881079
1,1,0.5660608266286278
1,1,0.999886020864331
1,1,0.9998103489756144
1,1,0.9194541334237475
0,0,0.005385789394853039
0,0,0.003935627309700416
0,0,0.005573274475574219
1,1,0.9998450195578339
0,0,0.007881226747592443
1,1,0.9995854976247209
1,1,0.9995007937847565
1,1,0.9995537555184298
0,0,0.004836811728958392
0,0,0.007658945364359876
0,0,0.006341980119524208
1,1,0.9981871721889132
0,0,0.006132593452712588
1,1,0.998481615177641
0,0,0.005630892332603699
0,0,0.004903480024998648
0,0,0.007418032403757807
0,0,0.007517232735226306
1,1,0.9997759158611393
1,1,0.9133304853776621
1,1,0.9995289758378302
1,1,0.9996784977601869
0,0,0.0023845607597817184
1,1,0.887315948631062
0,0,0.36258588248522405
1,1,0.8515844137880488
0,1,0.8126272978825763
0,0,0.0034260180455121204
0,0,0.002273098237619698
0,0,0.38965354029825633
0,0,0.006159365517833967
0,0,0.005273385665285064
1,1,0.9240538460650377
0,0,0.006368745724484734
1,1,0.9507804575149523
0,0,0.00474601485871279
0,0,0.006096464302211114
1,1,0.9995662134938904
0,0,0.004853612517993595
0,0,0.003104121833079742
0,0,0.0076866521551380105
1,1,0.9993407231687143
0,0,0.003169419616718594
1,1,0.9986435983742592
1,1,0.9996092811949819
1,1,0.9000935127447317
1,1,0.9999316457463239
0,1,0.8722506100236391
0,1,0.6671263086351
0,0,0.0018719954618880348
1,1,0.9993024974301014
0,0,0.004276641484332954
1,1,0.8511727218470054
1,1,0.9996447197485248
0,0,0.0048447467635090655
1,0,0.24830436230961425
0,1,0.9383033995686995
1,0,0.16601039820881314
0,0,0.005668983974574196
1,1,0.9992921077910937
0,0,0.0036032998258121057
1,1,0.7975827542832373
1,1,0.9534681041328136
0,0,0.003934767070849568
1,1,0.9588691368761543
0,0,0.0037550657324264434
0,0,0.009941797697817842
1,1,0.9996358515566612
1,1,0.9998016288120439
0,0,0.0004551053630799078
0,0,0.008142035902811026
0,0,0.00917126366034722
0,1,0.9011643522331789
1,1,0.9618554526264743
0,0,0.007153216331446268
0,1,0.9218459330033504
1,1,0.9055954466050589
1,1,0.9976596288007439
1,1,0.9111738703020474
1,1,0.9440262790478609
0,0,0.005922092792245193
0,0,0.005475895347380964
0,1,0.8321817407593926
1,1,0.999640265953395
0,0,0.004290123943185486
1,1,0.9995882249989211
1,1,0.9998460828977997
0,0,0.0058591852888260606
1,1,0.9998589161813892
0,0,0.0080374124050146
1,1,0.9988676168809623
1,1,0.9998284726886357
1,1,0.9991733135746335
1,1,0.9997327207676635
0,0,0.41189153895416847
1,1,0.9983605912810934
1,1,0.9995997093218109
1,1,0.9990277289382088
0,0,0.004238445516694245
0,0,0.0030810465590212998
0,0,0.008333699844881866
0,0,0.005251012635377937
0,0,0.01009299675532118
0,0,0.004644112331266825
1,1,0.9994397689205421
0,0,0.005619552770818208
0,0,0.004274705805466138
0,0,0.004786370984239228
0,0,0.010378524052113189
1,1,0.9994748653356984
1,1,0.8829873518314644
1,1,0.9996389974144799
0,0,0.004606173312395395
0,0,0.004690600392432198
0,0,0.00495364987811117
1,1,0.9998804737546522
0,0,0.010824437326340041
1,1,0.8574664958198225
1,1,0.9987936648808301
1,1,0.9998818747928377
1,1,0.9987165237098558
1,1,0.999615803896335
1,1,0.9995960909517244
0,0,0.0051202121508993215
1,1,0.9081779441845366
1,1,0.9995534826350096
1,1,0.9287574327505452
1,1,0.999391960117303
0,0,0.004081800643278935
0,0,0.00788422050389617
1,1,0.8937085671014541
0,0,0.007910972588505748
1,1,0.9998313728753385
1,1,0.8868947027650906
0,0,0.0016126820868687124
1,1,0.9994095638212209
0,0,0.009694203486358875
0,0,0.006650518107526915
0,0,0.003973152600108774
1,1,0.9090670517736605
1,1,0.998712566981281
1,1,0.9993712849838852
0,0,0.004679675708443263
0,0,0.0053990007313418605
0,0,0.007219606983953738
0,0,0.004901121005693835
1,1,0.9996553158128696
1,1,0.9998643296480534
0,0,0.008094171425860554
0,0,0.0045972831468269445
0,0,0.00444875012509662
1,1,0.999442885903678
1,1,0.9992874848602001
0,0,0.0042599425947622395
1,1,0.9031415181364808
0,0,0.009017043054247881
0,0,0.4414332991297501
0,0,0.01110785777449822
0,0,0.009351132970435211
0,0,0.005265277133526582
0,0,0.003381295709855476
1,1,0.555117834484952
1,1,0.9994482890471529
1,1,0.9998200887873508
0,0,0.004671435524885095
0,0,0.012075408580066406
1,0,0.07375332353661561
0,0,0.004561164038028162
0,0,0.005573612245010094
1,1,0.890610552535158
1,1,0.8800497930843765
1,1,0.99915138776418
0,0,0.004946358615138047
1,1,0.9082493413867389
0,0,0.006144124366898182
1,1,0.9993745116139828
0,0,0.0059112040521647514
0,0,0.31878551738335814
1,1,0.999359037143469
1,1,0.9996912156701426
1,1,0.999909536697471
0,0,0.015081276174772281
1,1,0.9993722701333316
0,0,0.004687788469365218
1,1,0.9993781472413116
0,0,0.00438650215053308
1,0,0.09300051606720057
1,1,0.9994305900458516
0,0,0.004377363798183951
1,1,0.9996201419952268
1,1,0.648240476101838
1,1,0.7807580473629928
0,0,0.012234644860255004
1,1,0.9978965489251159
1,1,0.9998396968620302
1,1,0.9416984673242321
1,1,0.9994832774445624
1,1,0.9998358377056198
1,1,0.998637249873561
1,1,0.8682738237554242
1,1,0.9998711920812677
1,1,0.9998258239055847
0,0,0.03243056931780541
1,1,0.9996408783503402
0,0,0.1423831193609817
0,1,0.720518324352675
1,1,0.9137313179008569
0,0,0.0070798446348553845
0,0,0.010262203749551653
1,1,0.9997915975393122
0,0,0.0031943446232199084
0,0,0.0038664955653667926
1,1,0.9994046540347821
0,0,0.010924666099465522
0,0,0.0655478528506366
0,0,0.010792460602699077
0,0,0.004495480214427701
1,1,0.9997056211993796
0,0,0.004942138318552072
0,0,0.00513333746308103
0,0,0.005490106786559969
0,0,0.0043776571197642
0,0,0.0019643882893804494
0,0,0.004365182313000766
0,0,0.08190237049997694
1,1,0.7036675547161055
0,0,0.005833561825093818
1,1,0.9994422449592262
1,1,0.920382113543828
1,1,0.9987304551841863
1,1,0.8966187941409415
0,0,0.005605593567012923
1,1,0.8831576763717817
0,0,0.005716968037802067
0,0,0.004504649200485371
1,1,0.9992296020443062
1,1,0.9993916187071527
1,0,0.004279415276479889
1,1,0.9995043246160611
1,1,0.9996038356599828
0,0,0.01195285931870553
1,1,0.931482851368591
0,0,0.0050040442202754195
1,1,0.9446252732578492
1,1,0.9988371770006161
0,0,0.004851423756638021
0,0,0.007471178020076632
1,0,0.49109258345193074
1,1,0.9651501502992033
1,1,0.8889282013057673
0,0,0.0049482040659784236
0,0,0.006085675844110389
1,1,0.9995831749067302
1,1,0.9993216638980496
0,0,0.004756278050681404
0,0,0.4278749011730781
1,1,0.9993462992455847
0,0,0.00034830960181648964
0,0,0.00921684917850417
0,0,0.005229284560920748
1,1,0.9995043307357757
1,1,0.9992499086900931
0,1,0.6765070180304413
1,1,0.8388619599645677
1,1,0.9309253430100702
0,0,0.00716771586027145
1,1,0.9925789543626532
1,1,0.9993435514629259
0,1,0.5705210618113274
1,1,0.9537824038851045
0,0,0.04229536131908898
1,1,0.9993603930731602
1,1,0.9150626117958504
0,0,0.004968560643614353
0,0,0.006074970198993345
1,1,0.999845817306872
0,0,0.005738260902129503
0,0,0.01095095653178728
1,1,0.9005574994386532
1,1,0.9430061893979338
0,0,0.0013579037058313996
0,0,0.0056704669048043745
0,0,0.31059300531328415
1,1,0.9999008250454143
1,1,0.9991846025920349
1,1,0.9998975816969047
1,1,0.8607764341192963
1,1,0.9999139829183571
0,0,0.0057154828603125625
0,0,0.004735288631441462
1,1,0.9994220401365497
1,1,0.7763020595622226
1,1,0.9987345879187617
1,1,0.8919202233223907
1,1,0.9996158067383195
1,1,0.6640873866681539
0,0,0.0034505994885841392
0,0,0.00494046492262349
0,0,0.0041656018882324855
1,1,0.5512214186633578
1,1,0.9993877966037319
1,1,0.9997078724245553
1,0,0.37173534972929045
0,0,0.012790821535032068
1,1,0.9037870320016971
1,1,0.9993537758219172
1,1,0.8917291657086719
1,1,0.9180675196365738
1,1,0.8439678623147816
1,1,0.8879871832426879
0,0,0.006341712287488485
1,1,0.8082178701497091
1,1,0.9987923177424197
1,1,0.8695970218794145
1,1,0.8844324300919759
1,1,0.9988578631037567
1,1,0.9375819235270525
0,0,0.08896939294337197
1,1,0.9334387877008279
1,1,0.9995800107429607
1,1,0.999283729437222
0,0,0.0062900380073951335
1,1,0.999527207352601
1,1,0.9994832888272636
0,0,0.0038737703801126513
1,1,0.998581718468911
0,0,0.0048594863933965025
0,0,0.009290317628533249
0,0,0.00298788297261675
1,1,0.9999098794142899
1,1,0.9614101046931754
1,1,0.9997038287159812
1,1,0.9352127170833027
0,0,0.008715035443461364
0,0,0.004754393786411398
0,0,0.0035835201549350533
1,1,0.9995042414084443
0,0,0.004967767712270605
0,0,0.42389142275806535
0,0,0.0011937362532624452
1,1,0.9999204938754902
0,0,0.00940495857212497
1,1,0.9391505061516663
0,0,0.006221024543045073
0,0,0.007778207652803324
1,1,0.9316547319560295
0,0,0.0056288598883478085
0,0,0.005311216917413744
1,1,0.9398286913954993
0,0,0.005477433102726669
0,0,0.011708206260983305
0,0,0.006814823951710622
1,1,0.9995801660618103
0,1,0.8239599075667773
1,1,0.9209938377573268
0,0,0.003604720427357838
0,0,0.004449790894597748
0,0,0.005201411327871867
0,1,0.6588293969636757
1,1,0.9987890188594768
0,0,0.012109765773006214
0,0,0.005023133944105381
1,1,0.9995832121268273
0,0,0.008795731774973366
0,0,0.003475648715115398
1,1,0.9998689324663004
0,0,0.005673817562764648
0,1,0.8888827546724557
0,0,0.005519179553507401
1,1,0.9997771376016636
1,1,0.9998410054239045
1,1,0.9355568153034896
0,0,0.010633772277276481
0,0,0.005372494937709547
1,1,0.9372726550927001
1,1,0.999769058264894
1,1,0.9995518672963984
1,1,0.9999096753915282
0,0,0.004799652600277923
1,1,0.998711362245668
1,1,0.9578141153461778
0,0,0.01130804526236049
1,1,0.9999245364996987
0,0,0.008585217043878112
0,0,0.004308314182448919
1,1,0.522524674220083
1,1,0.9993696262759806
1,1,0.9995865512561604
1,1,0.9996361201692907
0,0,0.005915940261002993
1,1,0.9998387602995352
0,0,0.008435187709275656
1,1,0.9986532422519615
1,1,0.9998640740064842
1,1,0.9996215409783088
0,0,0.007516738078224331
1,1,0.5384499886326145
1,1,0.9994422639753026
0,0,0.0069733915888850135
0,0,0.007828525802931528
1,1,0.9997758476558111
0,0,0.005347894406752525
1,1,0.9994930045986362
1,1,0.9319337839117603
0,0,0.004204774977083718
1,1,0.9999449886380711
0,0,0.004463767871517651
0,0,0.0569403553702297
0,0,0.0032052251035528372
1,1,0.9995115735817284
0,0,0.006543652915741506
1,1,0.9997203000854784
0,0,0.0033421729853716346
1,0,0.1484212146302141
1,1,0.999621580018708
1,1,0.9995417069160624
1,1,0.9376215126568381
0,0,0.004779707919677718
1,0,0.00038241804356767885
0,0,0.012550421209853975
0,0,0.004605433061550819
0,0,0.0038694109672366027
1,1,0.9996419511933838
0,0,0.00648115249878771
0,0,0.01178825487877509
1,1,0.9998923493885966
0,0,0.007042600527002688
0,0,0.006134213823817391
1,1,0.9283320841429147
1,1,0.8778721487792907
0,0,0.006933525982810867
0,0,0.0033823414474079233
1,1,0.9994692174523897
0,0,0.008787502497807893
1,1,0.9996137136192675
0,0,0.011215298942098832
1,1,0.9999238637444239
1,1,0.9994269569034104
0,0,0.0010920334125036088
0,0,0.008702305199380322
0,0,0.0043918358951449184
0,0,0.00470594618337874
0,0,0.008735919511746487
1,1,0.9801871944781769
1,1,0.992053785240882
1,1,0.9110055497124429
1,1,0.9020900534614598
1,1,0.9996180380362609
1,1,0.9999173515966421
0,1,0.9325555746429208
0,0,0.007156871806947787
1,1,0.9995458948468737
0,0,0.004275494656981544
1,1,0.943043524932487
0,0,0.010265603621173163
0,0,0.008637160731806346
1,1,0.9993231933966844
0,0,0.0042057165792869396
1,1,0.9997617484603215
1,1,0.9127248211771797
0,0,0.007053086651453256
1,1,0.6614858678836651
0,0,0.00493175423198601
0,0,0.005845734456199949
0,0,0.00673703370683201
1,1,0.9250655858990657
1,1,0.9996349827845137
0,0,0.0002600531989449472
1,1,0.9319733785127348
1,1,0.8972530496173007
0,0,0.012476821619428702
1,1,0.999214062127581
1,1,0.9236739304748737
0,0,0.013637891573822124
1,1,0.999580444045417
1,1,0.9996506787713919
1,1,0.9094734288134089
1,1,0.9998691043292273
0,0,0.006605851909389152
1,1,0.9998931006587246
0,0,0.0047365324249802505
1,1,0.9980394950408955
1,1,0.9997985462324676
0,0,0.0038573639106158296
0,0,0.0011881812409410952
0,0,0.006305529741406572
1,1,0.9994833870104278
1,1,0.9994714692078583
1,1,0.951037907693143
1,1,0.9312388102915254
0,0,0.00496897779970076
0,0,0.004916028574428327
1,1,0.9994904315373726
1,1,0.870289576724911
1,1,0.9304232868249969
0,0,0.005645498598706593
0,0,0.004420385774011587
0,0,0.002226371920570324
0,0,0.007883397136543485
0,0,0.0020606241150826
1,0,0.006123639362828739
0,0,0.004449543833203269
0,0,0.010293352739829545
0,0,0.007966593762008027
0,0,0.006249343705472823
0,0,0.005333007565868303
0,0,0.006140851155839258
0,0,0.004181059617014316
0,0,0.2928779199888518
0,0,0.004928465419362787
0,0,0.004911539593204171
1,1,0.9989513107565865
1,1,0.9988093017147583
1,1,0.9989182424809661
1,1,0.9994916862897835
1,1,0.9997467518149612
1,1,0.9997242094161312
0,0,0.005928698236316305
1,1,0.9240771679826938
0,0,0.004335661214810945
0,0,0.00043231127467042426
1,1,0.9997790792385508
1,1,0.9995498779492109
1,1,0.9993218241370175
0,0,0.0049460471404096755
1,1,0.9186208140918235
1,1,0.9971701328423295
0,0,0.012628470550792678
0,0,0.004915052046799334
1,1,0.9017066057605084
1,1,0.9992474795751318
1,1,0.999538128125529
1,1,0.8362215018611149
0,0,0.005285782147976735
0,0,0.013940321861424543
1,1,0.999858381045795
0,0,0.005328089272786736
0,1,0.5958153940776529
0,0,0.00437809695408019
1,1,0.6882008132662065
1,1,0.999063714030356
1,1,0.9996572179388458
0,0,0.013624724003626217
0,0,0.004435199350570168
0,0,0.01764531564601824
1,1,0.9528493280386771
0,0,0.005573867768904214
1,1,0.9994886752672629
1,1,0.6503670550708293
1,1,0.8768870843801925
0,0,0.005584090319683256
0,0,0.0035218193247969257
1,1,0.9991000476092404
1,1,0.9993251833259799
1,1,0.9997616715822961
1,1,0.761200142884312
1,1,0.9301156187341663
1,1,0.9997409662615123
1,1,0.9997657112902751
0,0,0.0053044869317880545
0,0,0.0018226390506797944
0,0,0.00618994411115251
1,1,0.9994232884852687
0,0,0.004189135428226832
1,1,0.9999093256348025
0,0,0.3441819513355448
1,1,0.9994329918367606
1,1,0.9101561704834775
1,1,0.9981372576282057
1,1,0.8870516998509359
0,0,0.009858598229085897
1,1,0.8894034884444951
0,0,0.004818238900518237
0,0,0.00116476065287076
1,1,0.954185351662874
0,0,0.004330589907456371
1,1,0.8990757922231185
0,0,0.004449965207752704
0,0,0.0072614394217108535
0,0,0.011523518606198352
1,1,0.9996215476847161
1,1,0.9245828877131502
1,1,0.9239485064617706
0,1,0.9111769257559268
0,0,0.004702496731125116
0,0,0.0049013352679587886
1,1,0.9998306319256394
1,1,0.8611445612648055
1,1,0.8982929299860343
0,0,0.004707071501986764
1,1,0.9995863032697756
1,1,0.9998260069522447
0,0,0.005281796791825502
0,0,0.3695406616902447
0,0,0.058874737011241685
1,1,0.9978724164849708
0,0,0.004448877866750969
0,0,0.005101628008219943
1,1,0.9989618136254312
0,0,0.005196606106073221
0,0,0.0031673616009936993
1,1,0.957683402858661
0,0,0.004160727280514925
1,1,0.9994644691869587
0,0,0.004772709321858031
0,0,0.0060393907803583955
0,0,0.002176999711128649
0,0,0.01614206734488732
0,0,0.004203870061690016
1,1,0.9997476293641534
1,1,0.9994720970040456
1,1,0.9112375702833267
0,0,0.004910927207364119
0,0,0.005670296282917787
0,0,0.003958680616653392
0,0,0.0013437726012673927
1,1,0.9995747048827845
1,1,0.8945910426477607
0,0,0.00695650866634544
0,0,0.008563915953940722
1,1,0.9334078299915068
0,0,0.005885890768561752
0,0,0.004984591449321849
1,1,0.9992560681666707
1,1,0.9694405676003022
0,0,0.004465826042817621
0,0,0.004882322992034851
0,0,0.0026265279227110235
1,1,0.9996574476077588
1,1,0.9995778773113274
1,1,0.9159540994667029
0,0,0.007761319052844242
0,0,0.006568671511504842
1,1,0.9992560666846572
0,0,0.0071957385452244196
1,1,0.9998432765522884
0,0,0.004345931323853964
1,1,0.9998436680375838
1,1,0.9996110307602777
1,0,0.4053895690311424
1,1,0.8656316188468096
1,1,0.9994293708779921
1,1,0.9995929601494047
0,0,0.005879225226239572
1,1,0.9993074925464996
0,0,0.009302604447510488
0,0,0.00868245652770129
0,0,0.0020603216023452565
1,1,0.9994433268389977
0,0,0.003450250039653508
1,1,0.8930156721349007
1,1,0.9982345564724283
1,1,0.923938623982365
1,1,0.9992978778285749
1,1,0.9333352952549182
0,0,0.00495403756653937
1,1,0.9301574112004991
0,0,0.006476644010568747
0,0,0.006071651605226258
1,1,0.9993526115449431
0,1,0.6940434980295077
1,1,0.9998998777736476
1,1,0.9994812271858867
1,1,0.8872347630816373
1,1,0.99965549264835
1,1,0.999949981627246
0,0,0.01620476986165327
1,1,0.9993491758576343
0,0,0.0034535334417549585
1,1,0.9997948447836639
1,1,0.8927235975847547
0,0,0.004997236495700193
1,1,0.9995760037662663
1,1,0.9987068034932993
0,0,0.004271632692146939
1,1,0.9994389674002284
0,0,0.0025255768599164816
0,0,0.012918215354099908
1,1,0.6169063296366214
1,1,0.9998144149801708
1,1,0.9996452929865901
0,0,0.007637811501075606
0,0,0.003174454981168304
0,0,0.004413708277421968
1,1,0.9989366677970963
0,0,0.006145987171652298
0,0,0.003595857221292225
1,1,0.9998874512582546
0,0,0.0042716541043161
1,1,0.9997865714469477
1,1,0.9487611416867041
0,0,0.011323434740966275
1,1,0.9090649395699992
1,1,0.9998254735490407
0,0,0.0038728411416400397
1,1,0.9997770329176467
1,1,0.9998509880027361
0,0,0.01796160081096527
1,1,0.8105695456723707
1,1,0.9993335745825059
1,1,0.8358895504790124
1,1,0.9998445944504305
1,1,0.999549380039851
1,1,0.9189703647139104
1,1,0.9318117531325841
0,0,0.004940001017481767
0,0,0.007762564662242632
0,0,0.0031248651507304773
0,0,0.009814257821017773
1,1,0.5101731648133011
0,0,0.009855044529806843
1,1,0.9998236395664789
0,0,0.004834898374183363
1,1,0.9516946849386504
1,1,0.9997591865068391
0,1,0.8660955915642184
1,1,0.9542180449909929
1,1,0.9254450315765488
1,1,0.9986791337261651
0,0,0.004795108864559166
0,0,0.007203298031576369
1,1,0.9998497428133469
0,0,0.007704977524123078
1,1,0.9163584583536855
1,1,0.9996684798771739
0,0,0.006494879550079598
1,1,0.9996464209723931
1,1,0.9849486546272385
1,1,0.7849259956213175
0,0,0.004706806297373137
1,1,0.8937378154846845
1,1,0.9995467662329948
1,1,0.9278882626433262
0,0,0.004279860448313855
0,0,0.004298311330168387
0,0,0.009414712170334311
0,0,0.014538837503347267
0,0,0.006452113297255245
0,0,0.015986306613817836
0,0,0.004450541976344852
1,1,0.9996990242916886
0,0,0.004705594394434083
1,1,0.9998355122715552
0,0,0.0051926955077458885
0,0,0.004387752847184624
0,0,0.006536893284939866
1,1,0.92731458635845
1,1,0.9998200885706647
1,1,0.9987884947845975
0,0,0.004274796846459793
1,1,0.9984797919836831
0,0,0.00433393382946756
1,1,0.9988476257101865
0,0,0.004007431838948327
1,1,0.9993024287692044
0,0,0.17727369136189602
1,1,0.9999271059379063
0,0,0.0037854205755693832
0,0,0.013774859203509748
1,1,0.9998314969467488
1,1,0.9994552055588475
0,0,0.005430101850512286
1,1,0.9103565300526608
0,0,0.00668946781797035
1,1,0.9998073115127394
0,0,0.004553233673755035
0,0,0.004616143302652622
1,1,0.9995847032366579
1,0,0.1622624976405271
1,1,0.7047130338657074
1,1,0.9451923084329625
0,0,0.00575277667774028
1,1,0.9029258412185603
0,0,0.0045940472636517805
0,0,0.004394083166630107
0,0,0.0044325640030930345
0,0,0.004614950724254439
0,0,0.2267375852309833
0,0,0.04514361963076804
0,1,0.5075976655234917
1,1,0.9997964638381366
0,0,0.0097408172153147
1,1,0.9567915928674918
0,0,0.0054579443137464725
0,0,0.01206046951145086
0,0,0.005630835407199623
0,0,0.009098765499505303
0,0,0.0035862059960868322
0,0,0.006097716845801968
0,0,0.0034755282492807058
0,0,0.30157975130162834
0,0,0.005726551877484158
1,1,0.9983772468918486
1,1,0.9986083078351775
0,0,0.0065687593100390435
1,1,0.9995205389638063
0,0,0.007105606447997088
0,0,0.009708069073689637
0,0,0.0062993231278854105
0,0,0.005986931445700217
0,0,0.004667685287911755
0,0,0.00448778755061918
0,0,0.08708136468195615
0,0,0.006015496531950548
1,1,0.9998414983701697
0,0,0.0042725450890383375
1,1,0.9999280832797671
0,0,0.012890934931694164
1,1,0.9996496329593848
0,0,0.005688167989275371
0,0,0.25440176854511487
1,1,0.9999277087323745
1,1,0.9995113897624543
1,1,0.9142909268462106
1,1,0.9201738704071474
0,0,0.005274624216044118
0,0,0.015543120185382897
1,0,0.41718271136002283
0,0,0.005078958420402269
0,0,0.008578943306470603
0,0,0.007383510978735664
1,1,0.9995373234071686
0,0,0.010853397885956092
1,1,0.9997128390622988
1,1,0.999560336863691
0,0,0.005031966655644367
0,0,0.007303235807984426
1,1,0.999718780121732
0,0,0.00576614827819389
1,1,0.9995799068221244
0,0,0.002016815637738511
1,1,0.9996104490098501
0,0,0.005555082008960865
1,1,0.8741260185633272
0,0,0.008884834546352414
0,0,0.0032133520158636707
0,0,0.00955655289520817
1,1,0.9997111882071462
0,0,0.005666656727297566
1,1,0.9992704338362126
1,1,0.9993889655816531
0,0,0.00538577398472258
1,1,0.957617881123978
1,1,0.9472639143882842
1,1,0.9994066591835776
0,0,0.0045527920109404915
0,0,0.004616071808038965
1,1,0.9996045034445479
1,1,0.9994603362075374
0,0,0.0068428266172385985
1,1,0.9993340073721407
1,1,0.9995703497005567
1,1,0.9994492800949754
1,1,0.912787459073754
1,1,0.9520742751785054
0,0,0.011425581462241206
0,0,0.006069668953571856
0,0,0.007686622977655536
1,1,0.9996511206361539
1,1,0.9996753995854049
0,0,0.005871908434140125
1,1,0.9986219156907388
0,0,0.0991950811050124
1,1,0.9997366530413245
0,0,0.18148633151885948
0,0,0.004910017341582415
0,0,0.007921252606530997
0,0,0.007428851468304249
1,1,0.9998326982956505
1,1,0.9998704995949439
1,1,0.960852010582686
0,0,0.008767734143200041
0,0,0.002337041725556495
0,0,0.0041708351059172605
1,1,0.9994775150264867
1,1,0.9994545403235597
1,1,0.9995367832685655
1,1,0.9018521443659429
0,1,0.8776551712252089
1,1,0.9996127615145537
0,0,0.0035911828518724715
1,1,0.999504242160185
1,1,0.9354988522779331
1,1,0.9994700550230935
1,1,0.8914509928361126
1,1,0.9998695100198168
1,1,0.5511020825886241
1,1,0.955561014707594
0,0,0.005331153566593878
0,0,0.006736428301595471
1,1,0.9992839101361799
0,0,0.004910910088786802
1,1,0.9998919011794518
0,0,0.0052728784010111695
1,1,0.8999231212680092
1,1,0.818502478974042
0,0,0.004883240371556589
0,0,0.006328018154735083
0,0,0.003939562370637001
0,0,0.005476132812560382
1,1,0.9993623676335948
0,0,0.004657608136240333
1,1,0.9996248144058445
0,0,0.009138412046094363
0,0,0.006341689171612885
0,0,0.005709198522573837
1,1,0.9996973237346791
1,1,0.9995965873854867
1,1,0.9088357543420097
1,1,0.999695456674666
0,1,0.9406545958488539
0,0,0.3986306246060376
1,1,0.89469837811497
0,0,0.004142043418416062
1,1,0.9988692434012065
0,0,0.005385225171141282
0,0,0.005567180314553889
0,0,0.005304537523662162
0,0,0.010827391330677795
1,1,0.9029707732531609
0,1,0.859672095851351
1,1,0.99936514877559
1,1,0.8910633093260649
0,0,0.007310538514458045
1,1,0.9987962993812541
0,0,0.00438514756675282
1,1,0.9275208604027536
0,0,0.004972225602702019
1,1,0.9998302239001721
1,1,0.9995464386922495
1,1,0.9551973971647442
1,1,0.999900795050828
1,1,0.9992703461415959
0,0,0.3898170988303588
1,1,0.9993725475609511
1,1,0.7825202736854525
0,0,0.005226579284841476
0,0,0.0022384470603020994
1,1,0.9990800274771893
0,0,0.08659076391094005
1,1,0.9175744353873584
0,0,0.0021989287645197727
0,0,0.0069008587238116904
1,1,0.9984823675272964
1,1,0.9996547914434917
0,0,0.07219413848076209
0,0,0.1343973072259905
0,0,0.00608153470105345
0,0,0.005528578695921307
0,0,0.0001237536042736219
0,0,0.007217340028909767
1,1,0.9016109196234933
1,1,0.9992983627409779
1,1,0.9991206487240885
1,1,0.999375755624404
0,0,0.00805282679401612
1,1,0.8920296440603956
0,0,0.006193207027866241
1,1,0.8639163919944823
1,1,0.9997893892265516
1,1,0.999716568700803
0,0,0.005524772023793328
0,0,0.0042533600114493565
1,1,0.9993099668579059
0,0,0.003202401421402919
0,0,0.4051761363319884
0,0,0.004773703089770405
0,0,0.005912366007427407
0,0,0.006499462837785265
0,0,0.004928992472806715
0,0,0.005266593728257882
0,0,0.0074689867250353
1,1,0.9998551184885353
1,1,0.9565608622637413
0,0,0.0020766452008410615
1,1,0.9995945385053278
0,1,0.7419879497095043
0,0,0.005154099679518664
0,1,0.7898674435734995
0,0,0.04485693617729447
1,1,0.9985615203065727
1,1,0.943022073175775
0,0,0.004282832121841146
1,1,0.9999011448917365
1,1,0.9994879119225617
0,0,0.005883642117158515
0,0,0.0057309406678247386
1,1,0.9991935391394177
1,1,0.9993340829438659
0,0,0.004297756686725492
0,0,0.009778363688181139
1,1,0.9175410015053875
1,1,0.9984313745338601
0,0,0.006137165553005434
0,0,0.005643579794766969
0,0,0.004244752221415732
1,1,0.9997616757806776
1,1,0.9994731924163535
0,0,0.0065279931757000025
1,1,0.9993011619139813
0,0,0.005901909674368075
0,0,0.016487073537871103
0,0,0.3937136431158291
0,0,0.029337465556549452
1,1,0.859148978108972
0,0,0.003257430349912642
1,1,0.9999285770627709
0,0,0.326937215438062
0,0,0.4644285479745939
1,1,0.9998521460710021
0,0,0.004128563112691362
0,0,0.008434157292835101
0,0,0.005669206869696959
1,1,0.9998044402033341
0,0,0.010867272275049317
1,1,0.9995498785486912
0,0,0.004309994019794875
0,0,0.008101927886967534
1,1,0.9043247913792127
1,1,0.93559336761861
1,1,0.9970003296053891
1,1,0.9987810803511697
0,0,0.46042029300976073
1,1,0.999521811976106
1,1,0.9990731024728137
0,0,0.004666786060324202
1,1,0.9993726440659273
1,1,0.9514643521868192
0,0,0.005343153444217426
1,1,0.9969101620608369
0,0,0.0027125391416989333
1,1,0.848339773157308
0,0,0.004624959459289583
1,1,0.9993564501310193
0,0,0.009870490177924077
1,1,0.9293779935134583
0,0,0.01191543481182859
0,1,0.8847660431423154
0,0,0.0060565949692231264
0,0,0.005004784186081231
1,1,0.9993663197522439
1,1,0.8768234182536925
0,0,0.004763017596883071
0,0,0.004748535295894453
1,1,0.9994688281843415
1,1,0.9994319335959586
0,0,0.0050158429870013075
0,0,0.006631287149960262
1,1,0.9992946488421264
1,1,0.939978723779458
0,0,0.004468871922931753
1,1,0.9989942571369138
0,0,0.010537191137310851
0,0,0.41175839989109925
1,1,0.9988362817344842
0,0,0.004727262933742607
1,1,0.9994738887225049
0,0,0.005393650860028485
0,0,0.004330089332574996
0,0,0.00663382421817178
1,1,0.878262469434746
0,0,0.006075173200948637
1,1,0.9996137674686293
0,0,0.00350050513824239
0,0,0.01181627694339001
1,1,0.9999104702722772
0,0,0.00784776628596153
1,1,0.9988925633602508
1,1,0.9995972006923518
0,0,0.005037322657916709
1,1,0.9335380626661449
1,1,0.9372011641334085
0,0,0.004629226313921993
0,0,0.004705543068543665
1,1,0.9998274502040346
0,0,0.004705723707462429
1,1,0.9994700825990587
1,1,0.8899236411265119
0,0,0.29054809822963784
1,1,0.9981693249207106
0,0,0.005130093583838111
0,0,0.014017351607214333
1,1,0.9996510850501135
1,1,0.9999037671067488
0,1,0.6101098225816178
1,0,0.2672047001539637
1,1,0.7278131921430108
0,0,0.004603405687489904
0,0,0.00172873413380553
1,1,0.9992766114356844
0,0,0.006133838019839562
0,0,0.004488738540582763
0,0,0.0053047744531715185
1,1,0.9342569745526932
0,0,0.004456282957717365
1,1,0.9183974522508924
0,0,0.010824678234026292
1,1,0.9992076629369557
1,1,0.9994891855226358
0,0,0.0065942929525637795
1,1,0.9995173135031696
1,1,0.9982414686409111
0,0,0.008782203857158425
1,1,0.9989424159195335
0,0,0.007577300131983911
0,0,0.007463690210480616
1,1,0.8884970643182117
0,0,0.004988116402138166
1,1,0.9998231343716817
1,1,0.9510738386070052
1,1,0.9988936852927095
0,0,0.006416864544901038
0,0,0.005267250986289104
1,1,0.8917963915291862
1,1,0.9994266016701179
0,0,0.008055019479533333
1,1,0.9999441682347284
1,1,0.9480219007541077
0,0,0.004170416910028386
1,1,0.9993970131298479
1,1,0.9993780033242579
0,0,0.00520971345255659
0,0,0.006704931023984435
0,0,0.048495278404696814
0,0,0.004189424387801687
1,1,0.9999357809936643
0,0,0.005831041286989965
1,1,0.9994337955387167
0,0,0.00748348659120882
1,1,0.9510984519671587
0,0,0.00389041186466203
0,0,0.005031941245091302
1,1,0.9995651646437753
0,0,0.0019297572134166607
1,1,0.99935118600424
1,1,0.9076766101649814
1,1,0.9995903042933997
1,1,0.9997355063470584
0,0,0.014244413476768641
1,1,0.9988544112098974
0,0,0.0023665593155638353
0,0,0.01417034516870674
1,1,0.8970056906258858
0,0,0.004365090487516223
0,0,0.2949061718552952
0,0,0.004638403463188976
1,1,0.9995738238473512
1,1,0.9998783083932351
1,0,0.40114642457668703
0,0,0.014195033052435796
0,0,0.005141937591151262
0,0,0.0018015438286538529
0,0,0.008560079401041577
0,0,0.007869020205839513
1,1,0.9502816428217619
1,1,0.9999035117905242
0,0,0.005591987325405581
1,1,0.999354638889819
0,1,0.9039365392363328
0,0,0.05968357788249019
1,1,0.9994031741646999
0,0,0.005137197539153324
1,1,0.9998586163936672
0,0,0.011284984818044238
0,0,0.011085653238155427
1,1,0.9983772119171308
1,1,0.8641372412138802
1,1,0.6663410564870391
0,0,0.0037532491663244106
0,0,0.009790615612876738
0,0,0.006777501279516788
0,0,0.004556621183474921
0,0,0.005631348565731297
1,1,0.999553507933614
1,1,0.9132545697437614
0,1,0.87472254172535
0,0,0.0034639114301635307
1,1,0.9236710692629259
1,1,0.9997177824247017
0,0,0.0044486370476592065
0,0,0.0030254847066924708
0,0,0.2823579760705988
1,0,0.004925298512070227
0,0,0.004326932902341704
0,0,0.005682506493367311
0,0,0.004723061385324149
0,0,0.004810956660889777
1,1,0.8451389856846726
1,1,0.8370533662515571
1,1,0.9868515286817298
0,0,0.004937557079549197
0,0,0.0036032614004949514
0,0,0.004515339000933417
1,1,0.9997634246541073
1,1,0.9993827038607712
0,0,0.006847819516097987
1,1,0.9992354885008603
0,0,0.006543761102610752
0,0,0.0026298758674656846
1,1,0.999456976616708
0,0,0.004528868305409803
1,0,0.01262085113651452
1,1,0.8998118685147968
0,0,0.00624839528793796
0,0,0.00850112898973815
1,1,0.9994070016200138
1,1,0.7278681624609783
1,1,0.9994880793763227
0,0,0.009574249976631683
0,0,0.005824676076709558
1,1,0.9203303990296827
0,0,0.010742858902517657
0,0,0.005412751980758794
0,0,0.005856237269743235
0,0,0.00899725312419565
1,1,0.9993477984668883
1,1,0.9992934753474436
0,0,0.015874170580788688
1,1,0.9353484332712494
1,1,0.9986857170873923
0,0,0.006972228107407728
1,1,0.9650533243558719
1,1,0.9942308642346993
0,0,0.027932935913711727
0,1,0.6409482574733266
0,0,0.004985504989630739
1,1,0.9996154689707822
0,0,0.004746055199835234
1,1,0.9997749839381229
0,0,0.008209853928292637
0,0,0.00699965574722159
0,0,0.1773688596370855
1,1,0.9993178990488931
0,0,0.004058171538461478
1,1,0.88890116895946
0,0,0.003582109040350206
1,1,0.9105186928304728
1,1,0.8809573325058766
0,0,0.00449279351115004
1,1,0.9995733353408317
1,1,0.9996907074954392
1,1,0.9996288031458089
1,1,0.998696057270839
1,1,0.9985949189460368
1,1,0.9076693658226737
0,0,0.005514455291743212
0,0,0.01045426440804286
1,1,0.8830790275332899
0,0,0.00605877713067317
1,1,0.9230697830261115
1,1,0.9996631258123473
0,0,0.006366197320910346
1,1,0.999500283623869
0,0,0.00787015676007381
1,1,0.8740619376230838
0,0,0.005753134093689709
1,1,0.9994640652408728
1,1,0.9994303040206258
0,0,0.004414513843949355
1,1,0.9995340539642116
0,0,0.005275687664117056
1,1,0.9998238081640484
0,0,0.4126742429172591
0,0,0.005855872024508711
0,0,0.005682418992350747
0,1,0.9995068672195399
0,0,0.005377457660186269
0,0,0.0034091349424011587
1,1,0.9994935282610797
1,1,0.8857335593537279
0,0,0.004788956675306487
1,1,0.8977577497846434
1,1,0.9901557160245735
0,0,0.0056787671699520485
0,0,0.004299675469428494
0,0,0.015547045525971036
0,0,0.015518130841140168
1,1,0.9099401472936355
0,0,0.0036839665236449563
0,0,0.003776942641838911
1,1,0.9994621489166076
1,1,0.523689584442889
0,0,0.01130654966827202
1,1,0.7378503318862474
1,1,0.9998356445786092
1,1,0.8767605286059619
1,1,0.9044647660745545
1,1,0.7242395231670058
1,1,0.9986199351693467
0,0,0.004312202324117461
0,0,0.004943066011472748
1,1,0.9994411806353688
1,1,0.9240736075375636
0,0,0.001725900236369419
1,1,0.9996159262088906
0,0,0.0031511846473829697
1,1,0.9986659975337339
1,1,0.9995552226522872
1,1,0.9997591743931717
0,1,0.8255416885454107
0,0,0.05926620468834629
0,0,0.012173459127810116
0,0,0.41879358388420856
0,0,0.005034547888530924
1,1,0.9985441638593231
0,0,0.004200912887856119
0,0,0.01274916750195624
1,1,0.9997151599234907
0,0,0.009802993415828637
0,1,0.8852993718013114
1,1,0.9207319702511201
0,0,0.013542918947585386
1,1,0.9198941041888336
0,0,0.007716085750115329
1,1,0.9994371837779638
1,1,0.9992952450820326
0,0,0.0035603659662763075
1,1,0.9375234733821991
0,0,0.005666344471897686
0,0,0.006620900689710847
1,1,0.9998523853011424
0,0,0.0010567755226896655
0,0,0.008613549672465713
0,0,0.4496675848311467
1,1,0.9998193833262787
1,1,0.9336735820590119
1,1,0.9999121793418367
0,0,0.004782913485663595
0,0,0.010180734107515698
1,1,0.9981509921937103
0,0,0.0033384665147738056
1,1,0.9984483277990308
0,0,0.008586861903730918
1,1,0.9991717975226357
1,1,0.7931713372705879
0,0,0.004662614293233411
1,1,0.9209434645763197
0,0,0.001367405564289488
0,0,0.00866445642725817
0,0,0.006026255112547578
0,0,0.002390472272578776
1,1,0.9992595655323122
0,0,0.0077109955828695495
1,1,0.9996059797858328
0,0,0.010022627857033195
1,1,0.8464607262778134
0,0,0.3902945750102677
0,0,0.003861610458146651
0,0,0.00458149342894006
0,0,0.004619093343482855
1,1,0.999876791168035
1,1,0.9630972854043738
1,1,0.7601780595173843
1,1,0.8674931697299179
1,1,0.9563600283635414
1,1,0.9997467656352385
0,0,0.0013273930014869688
0,0,0.005972880625559492
0,0,0.0046292890781799685
0,0,0.008253029971510612
1,1,0.9994488340043052
1,1,0.9995369888950334
1,1,0.9995257177168803
0,0,0.005303874740480673
0,0,0.012446109801848662
0,0,0.005032079684767569
0,0,0.005436605185276453
1,1,0.8893512121929569
1,1,0.9993672093537993
1,1,0.9998779401242162
1,1,0.9416070923496704
0,0,0.006936233258841175
0,0,0.0069074612935017335
0,0,0.006212518183375758
1,1,0.9994725369577084
1,1,0.5970057923875093
0,0,0.011237004559210532
1,1,0.9277892156577717
0,1,0.7178430751095977
0,0,0.002139003044910832
1,1,0.9993967589631708
0,0,0.004649782376229313
1,1,0.9998072799878219
0,0,0.006022927273387759
1,1,0.9986358853022868
0,0,0.005876045812375209
1,1,0.9475794385708826
1,1,0.9995631169051719
1,1,0.9995634645454686
0,0,0.002522354575235677
1,1,0.8971719597412674
1,1,0.9998519615121715
0,0,0.005040214977530366
0,0,0.0016083279742166701
1,1,0.9993995130725326
1,1,0.9994049683285032
1,1,0.9998851400997543
1,1,0.9482734124527549
0,0,0.007671601177321219
0,0,0.005364118273944958
1,1,0.9993435682478573
1,1,0.9994723583050682
1,1,0.9115987715579454
1,1,0.9994881647606545
1,1,0.9359544705929315
1,1,0.999779946262167
0,0,0.004910495241177976
1,1,0.99936971768167
1,1,0.907056284549045
1,1,0.9993696488945915
0,0,0.009757696065268115
1,1,0.8775986591659639
1,1,0.9129258813177065
0,0,0.006529045725029973
1,1,0.9995217293008735
1,1,0.9996361445006492
0,0,0.003973092444811394
1,1,0.9377229525426368
1,1,0.9998946163284588
1,1,0.9993462906720904
1,1,0.9996497212613253
0,0,0.004559645823881334
1,1,0.999645242010443
1,1,0.9998784421964223
1,1,0.9992680887384513
1,1,0.9998813893546862
1,1,0.9653845621302025
1,1,0.9919819329328625
1,1,0.9985063642511652
0,0,0.008621611585345058
0,0,0.0020285265582350247
0,0,0.004746027998129859
0,0,0.005808170218214741
0,0,0.008375209177688794
1,1,0.9985476881961556
1,1,0.9996244695423131
1,1,0.9992992208772808
0,0,0.004922535174032055
1,1,0.9561409876314276
1,1,0.936284890891158
1,1,0.9136902073558358
1,1,0.9986716523403626
1,1,0.9585078289352262
0,0,0.0068177770669866295
0,0,0.027158125003389297
1,1,0.9299926648577018
0,0,0.006499939731558481
0,0,0.004754861057199139
1,1,0.8113638616550254
1,1,0.9188232642036055
1,1,0.998731550505098
1,1,0.9891614821678895
1,1,0.521878788556597
1,1,0.9997154404152571
0,0,0.0008403213599287426
0,0,0.011144225862327505
0,0,0.004331115582048537
0,0,0.0056308130822014715
0,0,0.009020118160802101
1,1,0.9560499270537436
1,1,0.9982803307686305
0,0,0.012104517953017481
1,1,0.9995748325987871
0,0,0.004963770189588035
0,0,0.006014018674493249
1,1,0.945468581721329
0,0,0.00466181616697353
0,0,0.008983362668882307
1,1,0.6412354764963784
1,1,0.999712053371007
0,0,0.004213962020979331
1,1,0.9994778708547993
0,1,0.6828892352676438
1,1,0.9491795297675079
1,1,0.87020729290603
1,1,0.9998733610457338
0,0,0.004798492928350366
0,0,0.008762457633614487
1,1,0.5100678474866196
1,0,0.41253804185932
0,0,0.010049206695474527
1,1,0.9412820480132612
0,0,0.004010583663113677
1,1,0.9993126294173986
1,1,0.9989135643137508
1,1,0.9980366078126812
1,1,0.9996059682632438
1,1,0.9995208552502137
1,1,0.9995896249467536
1,1,0.8826744664757803
1,1,0.9118919617505254
1,1,0.999938951811441
0,0,0.007489306235273577
0,0,0.0016246857323891073
1,1,0.9994707030968074
1,1,0.8775732687811415
1,1,0.9995643067121558
1,1,0.9981758221800681
0,0,0.0058031897077791455
0,0,0.005934676627515537
1,1,0.9992853198309649
0,0,0.004552770308346592
0,0,0.0019632677528072548
1,1,0.940893037396069
1,1,0.9778414255183423
0,1,0.5477562376190654
1,1,0.9553916127793111
0,1,0.8945817073660675
1,1,0.9999022071912228
1,1,0.8890314490615353
1,1,0.9256536998900957
1,1,0.9302644633136485
0,0,0.008256285222723703
0,0,0.005166034489656615
1,1,0.9985067320668282
0,0,0.005081612642636675
0,0,0.004492641340506528
0,0,0.0066210419378330285
0,0,0.0011133030054932894
0,0,0.00834456308119923
0,0,0.24061245883067514
1,1,0.9994773914604678
1,1,0.999656544356988
1,1,0.9997900191788528
1,1,0.9988580036646697
1,1,0.9996867620448207
0,0,0.00711809076820344
1,1,0.9995242528057924
1,1,0.9984490243517423
1,1,0.998586785377177
0,0,0.005741859860316498
0,0,0.006946350106520301
1,1,0.9993317610487501
0,0,0.006784528525137657
0,0,0.007469274749440015
1,1,0.9997758772176427
0,0,0.00567589616179283
0,0,0.007384278052680538
0,1,0.5845754977730262
0,0,0.0035912148223734472
0,0,0.005815586939385173
0,1,0.9150739695016452
0,0,0.012922749193730439
1,1,0.9990175883229497
1,1,0.9997459555640401
0,0,0.006983214427169444
1,1,0.9992972543977121
0,0,0.004008383795131181
0,0,0.005242145314487891
0,0,0.006554191439206502
0,0,0.011340824710567285
0,0,0.008589109890456519
0,0,0.004959641791175576
0,0,0.00882860294071813
1,1,0.9987146728753048
1,1,0.68403219734202
0,1,0.5768619462652484
0,0,0.005004609533592103
1,1,0.5225260676697572
1,1,0.999418463923259
0,0,0.01103261229697983
0,0,0.002114102512381739
1,1,0.9021308751530166
0,1,0.8971220446225162
1,1,0.9120548282198776
0,0,0.0017451122780381414
0,1,0.6208813365480604
1,1,0.9428439472397872
1,1,0.9264109353766811
1,1,0.957281329073273
1,1,0.9991316282449156
1,1,0.9155366446455471
0,1,0.6845145122607942
1,1,0.9998482921980912
0,0,0.001325826610552579
1,1,0.9992538876541442
1,1,0.9995945317488685
1,1,0.9987874784215417
0,0,0.0010621892958250826
0,0,0.015358923403843934
1,1,0.9991233773947389
1,1,0.9913707800400042
0,0,0.006646546938445139
1,1,0.9999330301673202
0,0,0.00663310584222644
1,1,0.9998854441642453
0,0,0.004508114850286025
0,0,0.00439571918100431
1,1,0.9998482485501696
0,0,0.3728400576899059
1,1,0.9996190935283311
1,1,0.9999374126211781
1,1,0.9996572178753378
1,1,0.999557833192835
0,0,0.004378515398543805
0,0,0.0063150306005353195
1,1,0.9072750128530415
0,0,0.009216745707445687
0,0,0.004671715319909648
1,1,0.9178746800584756
1,1,0.96169032008609
0,1,0.5203190032821047
0,0,0.0030969207696728103
1,1,0.9170495186491466
0,0,0.005619820581959502
1,1,0.9999055466533758
0,0,0.005498595508558239
0,0,0.004465326973632219
1,1,0.9987345876275567
0,0,0.007479985146052258
0,0,0.005966616109725859
0,0,0.007000877129650074
1,1,0.9984930219394759
0,0,0.01004447343539404
0,1,0.5418294951343374
0,0,0.032019516502173835
0,0,0.004852560798199852
1,1,0.999811281449718
0,0,0.007618770839917752
1,1,0.9995999834694719
0,0,0.007638887831368624
0,0,0.00683069065878898
0,1,0.8160514840058868
0,0,0.005296915317510044
0,0,0.007760867933837153
1,1,0.9995515149568169
1,1,0.9123498343918868
1,1,0.9991314705925681
1,1,0.9996137109333056
0,0,0.4932856285091996
0,0,0.0055350774154601465
1,1,0.9514239831545385
1,1,0.9994116764444171
1,1,0.9996041580057206
0,0,0.007044709803701677
1,1,0.9994573485025623
1,1,0.9986958969633043
1,1,0.9996155698185599
0,0,0.005020402684165823
0,0,0.004853531747185846
1,1,0.999886163794118
0,0,0.006387417494649863
1,1,0.9997929823849299
0,0,0.0038079602905568425
1,1,0.9994050261845314
0,0,0.004446956741613779
1,1,0.9993782279924267
0,0,0.004290657051228986
0,0,0.004111423500892076
1,1,0.9086840339578169
0,0,0.0038920330354034
1,1,0.8616371202737033
0,0,0.005572183193925007
1,1,0.9998546510107056
0,0,0.0035404978350095278
1,1,0.9996329728348726
1,1,0.9490011351830882
1,1,0.9294962408418533
0,0,0.003608707679269895
0,0,0.01010916373823683
0,0,0.003918118843259457
1,1,0.931651987601336
0,0,0.015333778844969708
1,1,0.9549107999111994
1,1,0.9161286705942271
1,1,0.9996215556460912
1,1,0.908482651737004
1,1,0.8985700758808544
1,1,0.9994228539400264
1,1,0.9993916172604993
1,1,0.9993959977185688
0,0,0.005190701039575084
0,0,0.008880079038811948
0,0,0.0038020869722430474
1,1,0.999473107949068
0,0,0.014195516948721617
1,1,0.959238595810372
0,0,0.010179564181654107
0,0,0.007954225570887005
1,1,0.9993497865304246
0,0,0.0047463097314
1,1,0.9256842289501263
1,1,0.9995765829260106
0,0,0.003449705176154893
1,1,0.924430679123654
1,0,0.21601785147885147
1,1,0.9998921073871463
1,1,0.9048599947663009
1,1,0.932499796437843
0,0,0.011410012110508705
0,0,0.0007631920830253093
1,1,0.9993806066732871
0,0,0.0035461530563356777
0,0,0.008374068214220865
1,1,0.8604914529361924
1,1,0.9998530843226846
1,1,0.9985091735195899
1,1,0.9993462912076642
1,1,0.9991659461003863
0,0,0.0060174956998090105
0,0,0.0029542133222448634
1,1,0.8912520523865124
1,1,0.899574548325528
0,0,0.006149861265204388
1,1,0.999736653387116
0,0,0.008169436943710499
0,0,0.005498278789644428
0,0,0.002038864678614599
1,1,0.9991900678121945
0,0,0.29165597670897103
1,1,0.9993699033401757
0,0,0.008085349644324714
0,0,0.0038322032316588485
1,1,0.7786135126258983
0,0,0.004200305436684931
1,1,0.9015570241115419
0,0,0.031189058077620183
0,0,0.005608403133553118
0,0,0.009831711744333201
0,0,0.014772567432833875
1,1,0.9608607936784425
1,1,0.9564780008092348
0,0,0.0042447615230298014
1,1,0.9992697231963976
0,0,0.004661461708272946
0,0,0.009808704106109354
0,0,0.0037006406778854603
1,1,0.9994306028325537
0,0,0.006880359612875022
1,1,0.9298225451780026
0,0,0.0047265461996741
0,0,0.0067010326532801045
0,0,0.004789940816223201
0,0,1.9281751697812774e-05
0,0,0.014292082753150494
1,0,0.44764315690433004
1,1,0.9192952567843317
0,0,0.005557505128518568
1,1,0.9821367120912229
1,1,0.8896743020578757
1,1,0.9992475707634085
1,1,0.9979456042533342
0,0,0.007130745546497898
0,0,0.007239128670553066
1,1,0.9997521148965728
1,1,0.9360898729069361
1,1,0.9997603918142758
1,1,0.9995832087898986
1,1,0.9999515363101188
1,1,0.6134481831901403
0,0,0.01210068900920698
0,1,0.9245076816834059
0,0,0.008019411745579557
1,1,0.9570771043668208
0,0,0.00434113210607448
0,0,0.0015002332375974204
1,1,0.9996759734231367
1,1,0.9994999447570023
0,0,0.005785894154360832
0,0,0.014598128268229779
1,1,0.9994974267676987
0,0,0.005364477339325784
0,0,0.006469472380600101
0,0,0.00895068665162591
0,0,0.037906983265219414
0,0,0.0067168252255810235
1,1,0.9984182828832315
1,1,0.9999233598438518
0,0,0.007118238459949174
1,1,0.9197964930737993
0,0,0.003911421851556892
0,0,0.006077003302111695
0,0,0.004456855059948505
1,1,0.9987897193488936
1,1,0.998862404387397
1,1,0.9999365807111665
0,0,0.004751214240891937
1,1,0.9996598820641578
0,1,0.9281016583700556
1,0,0.0010751416698391398
1,1,0.9112822083097435
1,1,0.9424825462964033
0,1,0.6371289725077649
0,0,0.003595113358573451
0,0,0.008428399980758642
0,0,0.0046999009599246674
1,1,0.9260038605399785
1,1,0.9986646799730344
1,1,0.9995490683614582
1,1,0.9994097912672469
1,1,0.9993826813164484
0,1,0.8115677295534013
0,0,0.002364231443730348
0,0,0.014676925070956616
1,1,0.9989677348814769
0,0,0.007195991433306494
0,0,0.0035921653140232566
0,0,0.007338185571201557
0,0,0.006604080335629447
1,1,0.9997616473477589
0,0,0.003456975586534274
1,1,0.9986142581487102
1,1,0.8569768286174826
0,1,0.5074714810277932
0,0,0.004254164473571123
1,1,0.9481820417278178
1,1,0.522524213485973
0,0,0.006464784568462436
0,0,0.010261671812652638
1,1,0.9994168121505654
0,0,0.00461943926793664
1,1,0.9998332861677384
1,1,0.9976487000334441
1,1,0.9997592090123237
1,1,0.9985607822691553
1,1,0.9210630057508357
0,0,0.0016917937529161028
0,0,0.00685568219735188
1,1,0.999150591651623
1,1,0.858776577521963
0,0,0.01083227663875857
1,1,0.874742754856793
1,1,0.6222277955322792
1,1,0.9236260169221244
0,0,0.005624995605749693
1,1,0.9997387249043734
1,1,0.5858462074527516
1,1,0.9998167220115083
0,0,0.003382504446926473
1,1,0.9995043232974753
0,0,0.010720470395297284
0,1,0.6109867747076803
0,1,0.8551824190595239
1,1,0.9982324029082587
0,0,0.002439396719383164
1,1,0.9256380406109539
1,1,0.9998719904986468
1,1,0.894067928693415
1,1,0.8879876464331732
0,0,0.16737302319614847
1,1,0.9999309759752868
1,1,0.8990385854985837
0,0,0.004005930557971111
0,0,0.010627966557958057
1,1,0.9205889635108963
0,1,0.6332859653871113
1,1,0.9996585177024713
0,0,0.006737287607215035
0,0,0.011262175829870245
1,1,0.9995074322178519
1,1,0.9995580118323877
1,1,0.9997404868200661
1,1,0.9205999919541059
1,1,0.9215490598716269
1,1,0.9296389228560392
0,0,0.004387868693452887
1,1,0.9153319446862422
0,0,0.004156531086242098
1,1,0.9983593523020913
0,0,0.005986928216335406
0,0,0.0021125998704538637
0,0,0.004432167565031763
0,1,0.8611617285718575
0,0,0.004761108330797795
0,0,0.008788184631185103
1,1,0.9996180414386735
1,1,0.99950433493466
0,0,0.010283366461127243
0,0,0.00633169644256155
1,1,0.8661428482509743
0,0,0.004390440459156958
0,0,0.00540917141460314
0,0,0.005259979717505575
0,0,0.0044027908596111455
0,0,0.007635633127945777
1,1,0.9996620036164823
0,0,0.00337870240766502
1,0,0.00625716649355084
1,1,0.9216727280843786
0,0,0.00659446555424287
0,0,0.005741327613478863
1,1,0.9984186924781157
1,1,0.9998316099096615
1,1,0.9988793709548406
0,1,0.5067672885230566
0,0,0.01699021673794291
1,1,0.9998693569876361
1,1,0.9997837656109232
1,1,0.9999347424170203
1,1,0.9999108194046026
1,1,0.9994437999946066
0,0,0.007657421273242817
0,0,0.056152551782489145
0,0,0.00721409226718711
0,1,0.8934693402752123
0,0,0.0039205576064017915
0,0,0.29412688448431296
0,0,0.008846796186059066
0,0,0.0032657729344580154
0,0,0.005306948823336126
1,1,0.9995883309212985
0,0,0.005264603102069916
1,1,0.9994448555205334
0,0,0.0053338545242249315
0,0,0.0017250636643025802
1,1,0.9994229453833008
0,0,0.01238239911135665
1,0,0.47156038311045545
1,1,0.9978288159424578
1,1,0.9367426983894211
1,1,0.9998366801088845
1,1,0.9993632842852789
1,1,0.9998284659199451
1,1,0.9265055218501217
0,0,0.004830337300609591
0,0,0.008482396485276239
1,1,0.8818492324929443
0,0,0.007649062967047138
1,1,0.9997344186211367
1,1,0.9112869067653251
0,0,0.0036781954366257633
1,1,0.9991825533426282
0,0,0.003578562123882261
0,0,0.007954013658948617
1,0,0.3895521452710368
1,1,0.9146047776467101
0,0,0.011632601563025178
0,0,0.00753664358100026
1,1,0.9996157839664476
1,1,0.9997668044245115
0,0,2.3630716675195893e-05
0,0,0.00802837221013303
1,1,0.904475725202228
0,0,0.00615854847144961
1,1,0.9311220588243987
1,1,0.999679009376995
0,0,0.007223346483295324
1,1,0.9649175822958656
1,0,0.12958025025197398
0,0,0.01002800995872886
1,1,0.999814406173834
0,0,0.004968029708642635
1,1,0.8735464458603472
1,1,0.9155416635270481
0,0,0.005386131713978353
1,1,0.9998662070625207
0,0,0.005272232191361017
0,0,0.004658050148398294
0,1,0.5738854234860771
0,0,0.00582386327413505
0,0,0.004726309919398227
0,0,0.006452159033730799
0,0,0.006141954725125036
0,0,0.004093083748299008
1,1,0.9661584400706218
0,0,0.0118553346596232
0,0,0.007247742120014968
0,0,0.012213578025693481
1,0,0.39854821208743074
1,1,0.9367155716955474
0,0,0.007425570426853059
1,1,0.9062393736787842
1,1,0.9999369831836713
1,1,0.9345015145370308
1,1,0.9992218162995089
0,0,0.009968930619240498
0,0,0.008701380252061141
0,0,0.006274449232367221
0,0,0.008052831035341776
0,1,0.7574132629113471
1,1,0.9992029781028553
1,1,0.9994341272723544
1,1,0.9998469005233039
1,1,0.9413733358305111
1,1,0.781606619504508
1,1,0.999608004404131
1,1,0.9119902805223251
1,1,0.9608345922646881
1,1,0.9996274963979379
1,0,0.005346419112985134
0,0,0.011474354530503711
0,0,0.0037432140144872824
1,1,0.9999161379636186
1,1,0.999707679872397
1,1,0.9281486184285991
1,0,0.33376005541255177
0,0,0.008559342331536313
0,0,0.045804725123356295
1,1,0.9996394653967143
1,1,0.8500070122274461
1,1,0.9999207489550309
0,0,0.005374155045732664
0,0,0.0038609857994981157
1,1,0.9372690035181068
0,0,0.004784682201016338
0,0,0.004563840808556316
0,0,0.008795312150176817
1,1,0.9988124468926911
0,0,0.005857390229626129
1,1,0.999845774199104
1,1,0.9997367021270522
0,0,0.004950401324331873
1,1,0.9998264167470879
1,1,0.9998446600539427
1,1,0.9999177257534788
0,0,0.005580781891411399
1,1,0.937012276722435
1,1,0.9304097676065495
0,0,0.006214901681270804
0,1,0.9132086677896617
0,0,0.008216837343294201
1,1,0.9304238752315381
0,0,0.010792659556591875
0,0,0.0051228459266268915
0,0,0.004507025457362911
0,0,0.009064096872464957
1,1,0.9990025668453256
1,1,0.9998616225678824
0,0,0.0035821085397430407
0,0,0.006245213966212016
1,1,0.9660511765449422
1,1,0.9993864867103727
0,0,0.010260283918640306
1,1,0.9184464791549817
0,0,0.004425425278544607
0,0,0.004763724197542639
1,1,0.8353721239732179
1,1,0.9637578325018903
0,0,0.003921269152447846
1,1,0.9999277084902585
1,1,0.9994044694412708
0,0,0.004603257338795658
1,1,0.899912617979369
1,1,0.8793143945821859
1,1,0.9099776012467576
1,1,0.9991803901876392
0,1,0.5861493840000842
1,1,0.923165839269383
0,0,0.0062673193877428
0,0,0.010089319939034553
0,0,0.006539391394414158
0,0,0.004782303721928393
0,0,0.004891354180922495
0,0,0.008631341846629191
0,0,0.001365168107862377
0,0,0.005662160368935096
0,0,0.0073969082765558605
1,1,0.9071986967287897
1,1,0.9993029639215761
0,0,0.003825040249363361
1,1,0.9996553467458383
0,0,0.03569805142715897
0,0,0.006420953616229908
1,1,0.9993972785010069
0,0,0.004538725582310998
1,1,0.9998215719200556
1,1,0.9994515966854227
0,0,0.01072770087144625
1,1,0.9321316259545986
1,1,0.9989128343172862
1,1,0.9995489762408543
1,1,0.9999264290306684
1,1,0.9993733617343837
1,1,0.9998143281730771
0,0,0.012990148473340657
0,0,0.011515020540736987
1,1,0.9989494932475186
1,1,0.5225253303287176
0,0,0.004110875657491671
0,0,0.005720329436123183
1,1,0.8804390723980557
0,1,0.588744627263935
0,1,0.8619581691233101
1,1,0.9998976248956335
1,1,0.9184597138683196
1,1,0.999734340188918
1,1,0.9993917841325948
1,1,0.9989592354555696
1,1,0.8039964463828172
1,1,0.9993205400652942
0,0,0.007279951713760257
0,0,0.00945196123413492
1,1,0.9202187879190156
0,0,0.00534436395067932
0,0,0.01111122244580489
0,0,0.004520018825510958
0,0,0.003562080291181975
0,0,0.004671442348955547
1,1,0.9981937374545168
1,1,0.9041746912538776
1,1,0.9993038352191475
1,1,0.9597163485271712
0,0,0.006359678004484633
0,0,0.006876563591344283
0,0,0.008227586608522458
1,1,0.9998220521870058
0,0,0.004940417002672561
0,0,0.004575343619733284
0,0,0.31311378209324425
0,1,0.6799412155213415
1,1,0.9997874416254501
0,0,0.005991767943849443
1,1,0.9998557453193039
1,1,0.9999413626518806
1,1,0.9999591973602038
1,1,0.9998072601976474
0,0,0.006245372968462576
0,0,0.009832534667245754
1,1,0.9996076856931398
0,0,0.01539051877476857
0,0,0.35861282406707207
1,1,0.9997153610977213
1,1,0.9610278014517052
1,1,0.9994626005633304
1,1,0.999311901359152
1,1,0.9680340183376315
0,0,0.003527208934928714
1,1,0.9344592500146335
1,1,0.9993171839531724
1,1,0.9997786540499338
1,1,0.9156984495440075
1,1,0.9994558525234564
0,0,0.005577045406950125
0,1,0.8963496741801631
1,1,0.9016624097862936
0,0,0.00884862667127906
1,1,0.9037460482690546
1,1,0.91794357061284
0,0,0.004922516011422509
0,0,0.004404529623814518
0,0,0.004657468506184713
1,1,0.8816754803780976
1,1,0.912233757990445
0,0,0.008767556384030711
1,1,0.9992542497374715
0,0,0.007943667980840239
0,0,0.005968510906962409
1,1,0.9995940764157506
1,1,0.9993991144080451
1,1,0.9993048764726267
0,0,0.007184585602467235
1,1,0.9999478060708794
1,1,0.9999351675380677
1,1,0.9384253960770155
0,0,0.013233563831883004
0,0,0.006440766311076205
1,1,0.9991340756015312
0,0,0.006499661347710503
1,1,0.9994228587873009
1,1,0.9985736819059918
1,1,0.9662065789503208
1,1,0.9072993489409552
0,0,0.00677636939383798
0,0,0.001787172976018975
1,1,0.9998731381611967
1,1,0.8503199611912146
0,0,0.0042220046621348605
0,0,0.012445423299707915
1,1,0.9146121219337512
0,0,0.006365306221026071
1,1,0.9037756382989124
1,1,0.9998643907182437
1,1,0.9996497195476994
1,1,0.8836659200540725
1,1,0.9996280921501312
1,1,0.9994550475522599
0,0,0.00549607513221664
0,0,0.004717309331983812
1,1,0.9997852958678038
0,0,0.005131098917003171
0,0,0.004249072560719827
1,1,0.9747381428770233
0,0,0.007794313558939916
1,1,0.9979091840449524
0,0,0.011119498558034565
0,0,0.00781632333210748
1,1,0.9995765867074307
0,0,0.002114076245660673
0,0,0.005328639604897936
1,1,0.9079557934945668
1,1,0.999707875704769
0,0,0.004689737043601214
0,0,0.01371221256789297
1,1,0.9133967356363588
0,0,0.005804474809985283
1,1,0.9006897703352923
0,0,0.007806213778183096
1,1,0.9998446809428102
1,1,0.9550264224640269
0,0,0.009093876109650395
0,0,0.006506229741768014
1,1,0.9998966892709165
1,1,0.9986342766426454
1,1,0.9238545127148551
1,1,0.8713654528711983
0,0,0.00785039605842525
1,1,0.9996349753059496
1,1,0.9998644992927821
0,0,0.006789966759533626
1,1,0.999193536116166
0,0,0.003969694200700403
1,1,0.999662033317103
1,1,0.9112624657934165
0,0,0.00651162285502283
1,1,0.9079347284239676
1,1,0.9344460867561393
0,0,0.005355284049521192
0,0,0.008846032965404638
1,1,0.9297288354986883
1,1,0.9996796888844867
1,1,0.9989905358430785
0,0,0.08337671559809773
0,0,0.006112599835281848
0,0,0.004591043160810762
0,0,0.01177556653945613
0,0,0.0036770741692430547
0,0,0.006972828534570896
0,0,0.0074200224489675
1,1,0.9994891985920276
0,0,0.012491263648255157
1,1,0.999772173226021
0,0,0.0019249311886064917
0,0,0.0007430204566328825
1,1,0.9998869146624787
0,0,0.010095726236845565
0,0,0.0070979157172154665
1,1,0.999651102338618
0,0,0.010100306276355076
1,1,0.8728220481849293
0,0,0.0024899245918480356
1,1,0.9997493801682997
1,1,0.9999189063357475
1,1,0.999618069844479
0,0,0.005998946024479849
0,0,0.003518791420498398
0,0,0.009405928397247007
0,0,0.00667286574644668
1,1,0.9252671228904138
0,0,0.005555681240105304
0,0,0.00574158740267767
0,0,0.005059561780299438
0,0,0.00476410728000108
0,0,0.00491939375663391
0,0,0.003566066803902145
1,1,0.9998375259224491
1,1,0.9993119668467226
1,1,0.9997173421149878
1,1,0.894033263840603
0,0,0.0010772050333569404
1,1,0.9996780275251634
1,1,0.934547214664476
1,1,0.9993542879291781
1,1,0.8999130291431701
0,0,0.0042413748803475015
1,1,0.9994149708434437
1,1,0.9098189397337451
1,1,0.99943194039184
0,0,0.00911548752952734
1,1,0.8900090648060347
0,0,0.006248334937651158
0,1,0.5002570389152362
0,0,0.0032458764623241637
0,0,0.010095569517360481
0,0,0.0020754886821667626
0,0,0.009502296054849847
0,0,0.014934559010534717
1,1,0.9993802683682227
1,1,0.9992552033007194
0,0,0.005392177065772045
1,1,0.9995838716584614
0,0,0.005569015184022197
0,0,0.005205907421196358
0,0,0.0044187754367704625
1,1,0.881378551170854
1,1,0.7138280165598533
0,0,0.007884479601602441
0,0,0.007044667161382795
1,1,0.9984950192197674
0,0,0.006111428373912406
0,0,0.008736159850982701
0,0,0.0018826529758988796
0,0,0.4988457008975929
0,0,0.056712863219650675
1,1,0.9997137098734343
1,1,0.9994735323502644
0,0,0.006955284540843484
1,1,0.9998773473976688
0,0,0.015992696338286882
0,0,0.004793913473455854
0,0,0.010791313010124764
0,0,0.007119228351014891
1,1,0.8754584281498446
0,0,0.004252300391303411
1,1,0.9029920854962269
0,0,0.005670496456274009
0,0,0.004651412810857705
1,1,0.8820723808226353
1,1,0.999147519486001
0,0,0.010265774688268411
1,1,0.918823247017393
0,0,0.003678070576876523
1,1,0.9342227661982204
1,1,0.9995662214241446
1,1,0.9999449891167768
1,1,0.7509837132160456
0,0,0.01009796430761813
0,0,0.004688124056859615
1,1,0.9998460299147256
1,1,0.9997690897523532
1,1,0.9997151807136889
0,0,0.006320646157822378
1,1,0.9997628945876839
1,1,0.9995756496643023
0,0,0.0035008049716015463
1,1,0.9998592016773841
1,1,0.9998995742270426
0,0,0.005865276312250963
0,0,0.008738709047427917
1,1,0.9982683342201344
1,1,0.9994727252569614
0,0,0.00479157863769867
1,1,0.9535501503357389
0,0,0.0048874097242834645
0,0,0.006115382090927905
1,1,0.9999388088306268
0,0,0.005536415288078973
0,0,0.007572093221488596
1,1,0.9333798878694496
1,1,0.9260050024294489
1,1,0.958553193699433
1,1,0.9995296625864536
1,1,0.9998695479721669
1,1,0.9999350418721504
1,1,0.9985842289455424
1,1,0.9996510530667382
0,0,0.010115389301847136
1,1,0.9995066784573883
0,0,0.012894615659680513
1,1,0.9993852877687125
0,0,0.0056463852222375195
1,1,0.9632090443411634
0,0,0.0033730356389727843
1,1,0.8934367808457161
0,0,0.010617869782686957
0,0,0.004156444509314516
0,0,0.003947365126992574
0,0,0.007803966881737132
0,0,0.007536624073105059
0,0,0.008736391433321685
1,1,0.998864924112822
1,1,0.8560385796297061
0,0,0.002709856965966672
1,1,0.9403881990189872
0,0,0.0026212845651145925
1,1,0.9992937221490057
1,1,0.9001290862670236
0,0,0.008072401098722941
1,1,0.9994020218360892
0,0,0.00048023579955105755
1,1,0.999858045230327
1,1,0.9983830350604073
1,1,0.9999274418724133
1,1,0.9993389162387538
1,1,0.999517087060505
0,0,0.16868995949033738
0,0,0.004276268938722272
1,1,0.9994038058460142
0,0,0.004234488629829908
0,0,0.006568290926739261
0,0,0.004918345616383248
0,0,0.00565005124078992
0,0,0.010262370982841457
0,0,0.007564856010221442
1,1,0.9250907442953066
0,0,0.010777364567398086
1,1,0.9996542874254051
0,0,0.004440529651131245
1,1,0.999662019910175
1,1,0.9983949221682974
0,0,0.005901096828299064
1,1,0.999513643226638
0,0,0.007263706480595366
1,1,0.9995765866968306
0,0,0.17545463147902554
1,1,0.9042896796533929
1,1,0.999662009959844
0,0,0.3680256289421428
0,0,0.0046142282301749335
1,1,0.8573560251202189
0,0,0.008713583953469651
0,0,0.005050396858631018
1,0,0.44387296885267563
0,0,0.003971334254953056
0,0,0.006379370861703123
1,1,0.9024656990003314
1,1,0.9998317264259057
1,1,0.9998458058008894
0,0,0.008418181132506608
1,1,0.9491410001554784
1,1,0.999463312723403
0,0,0.0714415659521155
0,0,0.006797473946245367
0,0,0.02395910841100171
1,1,0.9993815171255023
0,0,0.005668099664061151
0,0,0.003937970188382683
0,0,0.002171020282269752
0,0,0.0031523899338347992
0,0,0.004304347141142787
0,0,0.005622397534490984
1,1,0.9986450734275687
1,1,0.9649170875395404
1,1,0.9998504652644329
1,1,0.9996194511990512
1,1,0.9053798223234695
0,0,0.007947720083339938
1,1,0.8766578237505582
1,1,0.9997797943229824
1,1,0.9219829173792956
0,0,0.003816605442244209
0,0,0.008638184858467443
0,0,0.01006351344417492
0,0,0.011195095016767607
1,1,0.8879874091084616
0,1,0.9546777446187754
0,0,0.006470387905394091
0,0,0.005494212761155441
1,1,0.963116458930266
1,1,0.9998284721027638
0,0,0.004303309714335899
1,1,0.9096634148599542
1,1,0.8855220397802462
1,1,0.9993428371981582
1,1,0.9997205615052177
0,0,0.0064984728175460854
1,1,0.9998672014965664
0,0,0.00550869882747583
1,1,0.999492186460762
1,1,0.9998786245956861
1,1,0.8945842114185311
0,0,0.004380802516635264
1,1,0.9018958903497981
0,0,0.004450249571534039
0,0,0.0046575707029944445
1,1,0.9997949469120802
0,0,0.005391932887703353
0,0,0.010204365263051273
0,0,0.004679688136220602
1,1,0.9090642982949603
0,0,0.3685650953582652
0,0,0.0019643904498842374
0,0,0.004789666445713191
1,1,0.9989269334792072
1,1,0.9827770379349619
1,1,0.9988325952799193
1,1,0.9254066100849834
1,1,0.9990711702372915
1,1,0.9554007136804797
1,1,0.9996248157428027
1,1,0.7735310732188816
0,0,0.3291508510896619
1,1,0.9997480358008842
0,0,0.005560295759949712
1,1,0.9995792756237378
0,0,0.004149727828550438
1,1,0.9253971375284779
0,0,0.011923269006775535
0,0,0.0020946385268175534
0,0,0.25470162940857016
0,0,0.010240856938996828
1,1,0.999740487287484
0,0,0.00535033766741118
1,1,0.9997151356449449
1,1,0.8714663362776663
1,1,0.9992911059632813
1,1,0.663139335584976
1,1,0.9994232960847196
0,0,0.007487152933559021
1,1,0.9662538652075576
1,1,0.9998500951002155
1,1,0.9279181979337481
0,0,0.005536416308496821
0,0,0.005875640410197691
1,1,0.9125499420460021
0,0,0.0036966271584026075
1,1,0.9983772219153945
1,1,0.9995330437461052
0,0,0.003267297290802095
0,0,0.0038728261653559752
0,0,0.0070457553156183595
0,0,0.005032001007768907
0,0,0.008144573860866474
1,1,0.9987135822024027
0,0,0.005754025680574283
1,1,0.9995493778975549
1,1,0.999832082914049
1,1,0.9984672525689788
1,1,0.9998561761371424
0,0,0.00556017773440565
1,1,0.9994135447197808
0,0,0.004459832538870262
0,0,0.4111214226768658
0,0,0.00234734364790166
0,0,0.005043770842737406
0,0,0.004625564962408133
1,1,0.5587635992229688
0,0,0.007016175245973277
1,1,0.889140731132458
0,0,0.48368977812660624
1,1,0.9998161908784767
0,0,0.23143224536396667
0,1,0.9473881769321103
1,1,0.9994144703235588
1,1,0.9300816050303631
0,0,0.003871479246282351
1,1,0.8907175633568374
0,0,0.010104095423676525
0,0,0.005265926627351678
1,1,0.9559622624082547
0,0,0.008433581365259488
0,0,0.010158401151417465
0,0,0.007821131643882779
0,0,0.004890555637742798
0,0,0.0036884617517135856
1,1,0.9996323019073884
1,1,0.9999139840133768
0,0,0.005542640887640271
0,0,0.0056689392294537715
1,1,0.9928107438556835
0,0,0.008166064935915356
0,0,0.006382822862130573
0,0,0.0047915383896493845
1,1,0.9980506545535013
0,0,0.0046276353153303735
0,0,0.0054894353800295365
0,0,0.0033168622771404723
0,1,0.9025881830751701
1,1,0.9994619353365236
0,1,0.5509790844109042
1,1,0.8628685719470732
1,1,0.9136572197154186
1,1,0.9412038523261583
1,1,0.9994903520248063
1,1,0.899855567694267
1,1,0.9994554858667469
0,0,0.0033222471728929217
0,0,0.012414732448999736
0,0,0.004601672104736548
0,0,0.0059336718829418175
1,1,0.9993919592132718
1,0,0.47226628638788287
0,0,0.004706928370148409
1,1,0.9987151057603738
0,0,0.00589276551681003
0,0,0.006478062829835059
1,1,0.9995176434999935
0,0,0.004052067524232765
1,1,0.9998667993615835
1,1,0.9995196368394252
0,0,0.0037852334861205083
1,1,0.99978378339507
0,0,0.002630213937529926
0,0,0.005806062206421345
1,1,0.9994735308259288
1,1,0.9979498382287681
1,1,0.9226304838865999
0,0,0.0017023931575314269
0,0,0.003096891469341083
0,0,0.10941938334471626
1,1,0.9321554966292873
0,0,0.010635436528197132
0,0,0.0023090761411513295
0,0,0.003952286728085784
0,0,0.005732410161722279
0,0,0.22480024616518712
0,0,0.001124173656238199
0,0,0.004314904846088732
1,1,0.9996431566931633
0,0,0.006121880428412522
0,0,0.004684501883274775
1,1,0.9996370179216865
0,0,0.00665550041388828
0,0,0.010461541805509324
1,1,0.9997584538122656
1,1,0.9994783405981014
0,1,0.8895429613714232
1,1,0.9987932634673616
0,0,0.007352041074794758
0,0,0.1572175261787883
0,0,0.005474046915509232
0,0,0.012918201067942689
0,0,0.004748846276347099
1,1,0.9996619988182628
0,0,0.47261563950378166
1,1,0.9994551238855561
1,1,0.9996907383809136
1,1,0.9023291951334839
0,1,0.8080472445838136
1,1,0.9041030896149
0,0,0.005573839347509282
0,0,0.005331644139759236
0,0,0.0012424627601033008
0,0,0.00529434315519551
1,1,0.9998845991392274
1,1,0.5888130061626263
1,1,0.9994974314100087
0,0,0.012758122702734437
0,0,0.005344644234487434
1,1,0.999480722448369
0,0,0.00729007440251308
0,0,0.005062547272343036
0,0,0.00731375077220442
0,0,0.0044692421624836515
0,0,0.0036772692645619365
1,1,0.9071631705106112
0,0,0.005341072693665288
0,0,0.005806402262280929
0,0,0.0057531352970808265
0,0,0.008862798237813519
1,1,0.9996113782878928
1,1,0.8077801755790895
0,0,0.013417504271972911
1,1,0.9966390616740225
1,1,0.9001101411841438
1,1,0.9210803271428781
0,0,0.004905412930532017
0,0,0.006357893214505824
1,1,0.9995650589382585
1,1,0.9993640537852851
0,0,0.004280121758137651
1,1,0.9992960768342585
1,1,0.9994833782820369
1,1,0.9998369917842147
0,0,0.00635066869616353
1,1,0.9284125673619797
0,0,0.008170362747598275
1,1,0.9146053763483338
1,1,0.9941648914500791
0,0,0.006603338148127566
1,1,0.9987966536402678
1,1,0.8969271973534452
1,1,0.9997051611712336
0,0,0.0069834452201438385
1,1,0.9998860989489885
1,1,0.9994528742071758
0,0,0.00607887708082356
1,1,0.999655107007058
1,1,0.9666907169285419
1,1,0.9994528652237598
1,1,0.9992918743887506
0,0,0.004259831965758226
1,1,0.9996318000537887
1,1,0.9996715601218692
1,1,0.8389114519090923
1,1,0.9993218421742881
1,1,0.9996824165550952
1,1,0.9365843092893447
0,0,0.09662220864816025
0,0,0.005786939658546163
0,0,0.00997110475040138
1,1,0.9247414294930015
1,1,0.9989439490537602
0,0,0.009267599883196028
0,0,0.008589109250645342
1,1,0.9662065782961052
1,1,0.8574668427324329
1,1,0.9997574697471442
0,0,0.012802603268745676
1,1,0.9538241848719269
0,0,0.003194752486892576
1,1,0.9995145386851296
0,1,0.8637630718519549
0,0,0.0068257907479633275
1,1,0.9116848243450535
0,0,0.003646055479841915
1,1,0.8196690068139331
0,1,0.6965084270157995
0,0,0.00615987818070175
1,1,0.9992395708505387
1,1,0.9235304173553198
1,1,0.9995082512217445
1,1,0.9995070993214126
0,0,0.006264777945108567
0,0,0.008578916063392854
0,0,0.004694866340453369
1,1,0.8874961454480478
0,0,0.4945569960607269
0,0,0.004985221565462564
0,0,0.004775670847355132
1,1,0.8990754587584571
1,1,0.9998544558812269
1,1,0.9998775370008409
0,0,0.010682786854416364
1,1,0.9998397036269053
0,0,0.0032686237660714793
1,1,0.9993527573007561
1,1,0.999486480666039
1,1,0.9981991423196804
1,1,0.8020224958799476
0,0,0.015507674837289613
1,1,0.9993586598333712
1,1,0.999393810358664
0,0,0.004735423805372739
1,1,0.8885780877293119
0,1,0.8686321499719315
0,0,0.005332724401053222
0,0,0.00795488762755511
1,1,0.9619758323593952
0,0,0.008803401049138676
0,0,0.013501280049668404
0,0,0.004409843984536113
0,1,0.9467924310314553
1,1,0.9984300426238656
0,0,0.005062109891356272
0,0,0.05684563083503448
0,0,0.006493735813586402
1,1,0.9995961309527759
1,1,0.7562950303604329
0,0,0.007869940994837994
0,0,0.35512920026662587
1,1,0.9994263547443286
0,0,0.0020860573215317276
0,0,0.005802388933073397
0,0,0.005815279540242365
1,1,0.9998238093131168
0,0,0.00690271254375372
1,1,0.9511287810597168
0,0,0.00764346694761006
0,0,0.006947233387829188
0,0,0.006972371491722035
0,0,0.42367365238145754
1,1,0.9993233333395494
0,0,0.012093059437016104
0,0,0.013829512986051616
0,0,0.004405917983210336
1,1,0.9995080133660531
1,1,0.9996361559619213
1,1,0.8894506922000486
0,0,0.008211936278626004
1,1,0.9995515901274103
1,1,0.9988821552126957
0,0,0.008563048186108537
0,0,0.008976121997461024
0,0,0.004791093226472731
1,1,0.9994413192622187
0,0,0.00427340599404955
0,0,0.006012051213013838
0,0,0.008876124527232902
1,1,0.9988600256331239
1,1,0.9993735791035062
0,0,0.008736376250669038
1,1,0.5343438739830806
0,0,0.004637362872244577
0,0,0.0047900973570302735
1,1,0.9300348732662091
0,0,0.006152498033440082
1,1,0.9541310221915772
1,1,0.9996323294352727
1,1,0.9986778866852222
1,1,0.9995631135263082
0,0,0.004064949123634912
1,1,0.9223130327807199
1,1,0.9999417366467319
0,0,0.0024769335496584786
1,1,0.8919035434399222
1,1,0.9997151338551516
1,1,0.9988571654860264
0,1,0.9292561235783174
0,0,0.010767026209210235
0,0,0.008782768279765096
1,1,0.9988543211570784
1,1,0.9252669196876888
0,0,0.008009134828159825
1,1,0.9995795872610876
1,1,0.999256572624601
0,0,0.0043220727232635495
1,1,0.8894491877435455
0,0,0.005524574424458153
1,1,0.9996454412975688
0,0,0.005821248167434018
0,0,0.010688506156874531
0,0,0.004652583805050143
1,1,0.9175983374342674
0,0,0.014730293532260597
0,0,0.0012429502702571156
1,1,0.9987259188970956
0,0,0.011374425661440375
1,1,0.8857609263685197
0,0,0.006572421394809769
0,0,0.008627245849164591
0,1,0.5509492314549931
0,0,0.005831459042440389
1,1,0.9326838657149975
0,0,0.0055875952085571775
1,1,0.9981528910948007
0,0,0.003822805603299743
1,1,0.9998364110839969
0,0,0.0077124642221167924
0,0,0.00697779228881314
1,1,0.999496147370719
1,1,0.9997873969231093
0,0,0.0033535036671899113
1,1,0.9995711154227918
0,0,0.011121648908945611
1,1,0.9984221671847014
0,0,0.0023518702036151454
1,1,0.996722400733863
1,1,0.9990740135896369
0,0,0.00611017256743966
0,0,0.007832854837633381
0,0,0.008142749575228229
1,1,0.9997949641574249
1,1,0.9615977610268946
0,0,0.004019853355988354
0,0,0.007174450996543633
0,0,0.0045512817489736755
0,0,0.005579925737529164
1,1,0.9995748859317183
1,1,0.9999075878706134
0,0,0.0037429655353054007
0,0,0.004813939173192715
1,1,0.9998135683679651
1,1,0.9996172762136443
1,1,0.9564962351603585
0,0,0.0010103599268240458
0,0,0.0035624946736214714
1,1,0.9998888217707502
0,0,0.008063753176498285
0,0,0.00704579094392712
0,1,0.8935790032221594
0,0,0.0050346683962405915
0,1,0.6780037124716279
0,0,0.0037247516343420542
1,1,0.8229527524494907
0,1,0.5423721099405445
0,0,0.0007150133787456643
1,1,0.9997722295725875
0,0,0.0056569574026574644
0,0,0.005658196391883911
1,1,0.999662022467946
0,0,0.008265436070837412
1,1,0.9992332347618499
1,1,0.9982900809585853
1,1,0.9483979442811586
0,0,0.0015915557230866267
1,1,0.9999407943078559
0,0,0.007314881949546334
1,1,0.9991808881233671
1,1,0.9994881883267173
0,0,0.018699350108290155
1,1,0.9237934669242542
0,0,0.005123187928030182
1,1,0.999802187025603
0,0,0.0077337500887995035
1,1,0.7644130252082546
1,1,0.9396343302219401
0,0,0.006733210835253772
0,0,0.49158619215396926
1,1,0.9997129268647587
0,0,0.005819341532702574
1,1,0.9001512383554211
1,1,0.9328242263952528
0,0,0.008732642534622982
1,1,0.9994142277424557
0,0,0.009245521121858169
0,0,0.004110733398124357
1,1,0.9995469153229013
1,1,0.9992493432221602
0,0,0.15622139708746693
0,0,0.31771486470041765
0,0,0.004124189853376751
1,1,0.9996038359191778
1,1,0.999917948230339
1,1,0.9360709672679781
0,0,0.0038554766010327683
0,0,0.008347008901441598
1,1,0.9993113402409725
1,1,0.9011930873759535
0,0,0.006114357560956178
0,0,0.006290156332305686
0,0,0.0019486287470208946
0,0,0.005780420744672605
0,0,0.0017847727448598364
1,1,0.9607841989072707
0,0,0.28090570392424175
1,1,0.9986372411070841
0,0,0.004808177275975168
1,1,0.9988181335347058
0,0,0.008377576080037913
0,0,0.004289955313425606
1,1,0.9994413135639352
0,1,0.8860835908997848
1,1,0.9994999448145844
0,0,0.006119090416596958
1,1,0.8923514292406431
0,0,0.0033730228695393453
0,0,0.007833191755513936
0,0,0.10594134666679332
1,1,0.9256133577364177
1,1,0.6230741540560099
0,1,0.6674268695209865
0,0,0.0021157955197421774
1,1,0.8116358426303796
1,1,0.9996268358236016
1,1,0.9996259269181107
1,1,0.9996394906308995
0,0,0.008293785717033491
0,0,0.004863985266164406
1,1,0.9997813427488901
1,1,0.9994935768784592
1,1,0.998373441022431
1,1,0.8599787941985401
0,0,0.00438775575022507
0,0,0.007114381465702608
1,1,0.9996748201958778
1,1,0.8879847578177817
0,0,0.004663189959721954
1,1,0.9218097443790632
1,1,0.9998371684881842
0,1,0.8118891371671538
0,0,0.11020650270017208
1,1,0.999548588880145
0,0,0.004072344673972581
1,1,0.9986667364542036
0,0,0.0014560455420828604
0,0,0.010039188032128278
0,0,0.0034411822783916167
0,0,0.006349946291252977
0,0,0.006560160059241375
0,0,0.00403259371697526
1,1,0.9986370304788404
1,1,0.9974785721781528
0,0,0.00804597976996176
1,1,0.9564724840081669
0,0,0.0037008156715157437
1,1,0.9977628232794078
1,1,0.9997435517104362
0,0,0.4109385876162419
1,1,0.9985407255092705
1,1,0.9996595620836456
0,0,0.007127967190363809
0,0,0.006268311357434042
0,0,0.003879710993387734
1,1,0.9989506906666326
0,0,0.0035725818377924396
0,0,0.0032674576595330906
1,1,0.9403678676042013
1,1,0.9998981737787417
0,0,0.012102353126504203
1,1,0.9143613876714979
0,0,0.0035221721356463345
1,1,0.8809611681347898
1,1,0.9998662151632295
1,1,0.8992819172388528
0,0,0.005290733074889659
0,0,0.004842346917887467
0,1,0.6795013422001275
1,1,0.9567500883086634
1,0,0.4314420892233752
1,1,0.8273539512331961
0,0,0.006841816166030527
1,1,0.9998544605439211
0,0,0.0067372847579897305
0,0,0.2807399701393702
0,0,0.01573985853079243
1,1,0.8649798253892464
0,0,0.001837910575003877
0,0,0.001712717980106406
1,1,0.9996041043500484
0,0,0.005009688934745929
1,1,0.9994179386391724
0,0,0.006165495120079069
1,1,0.9998698368423645
1,1,0.9441856828079142
0,0,0.0006389957295590762
1,1,0.9993590623729975
1,1,0.8810535109083844
0,0,0.008002601449748814
0,0,0.011793478868012226
0,0,0.004749903871833749
0,0,0.007213920670306091
1,1,0.9324177159074046
0,1,0.9390364295382843
1,1,0.9354146357075155
0,0,0.005154011001026102
0,0,0.006124987071377046
1,1,0.9997752303710429
1,1,0.9987107670536013
1,1,0.9995461616132347
1,1,0.999289893372193
0,0,0.008617199258109672
0,0,0.012538118817429007
1,1,0.8816071406789063
1,1,0.9994130506857936
0,0,0.008201300347101337
1,1,0.9992449738831614
1,1,0.9996041554634378
0,0,0.006902742754996011
1,1,0.9981267411560983
1,1,0.9995566950520968
1,1,0.9998914905683312
1,1,0.99971219982941
0,0,0.008410842277809171
0,0,0.011989099677846516
1,1,0.9997827460419062
0,0,0.0032158287540625012
1,1,0.9976747290056477
0,0,0.005261809900020505
0,0,0.011613643257550389
0,0,0.005738823403229448
1,1,0.9248923330977401
1,1,0.7108711800820151
1,1,0.9611255766208084
1,1,0.9995070975183169
0,0,0.005026050513910021
1,1,0.9201119932820944
1,1,0.9988970310203903
0,0,0.004850692951973333
1,1,0.999460612233036
0,0,0.005905926858638783
0,0,0.006314990356215084
1,1,0.9990269803839384
1,1,0.9072942853038327
1,1,0.6328363441549459
1,1,0.9994856859462642
0,0,0.004315854329512067
1,1,0.86133846737276
1,1,0.9997043483268832
0,0,0.0066243161112067815
0,0,0.010104705704530361
0,0,0.005260341214747356
0,0,0.012483239911019151
0,0,0.0645077196860681
0,0,0.01006871914549209
0,0,0.005899407615082724
1,1,0.9998797698034666
0,0,0.0015531955956843988
1,1,0.6222308443076012
1,1,0.9994298657254974
0,0,0.004651086518469845
1,1,0.9998888834652493
0,0,0.002315821535974422
1,1,0.9999370711501027
1,1,0.9986381912769902
0,0,0.007176990910905593
0,0,0.004187201900208366
0,0,0.255718472040297
1,1,0.9988790325618083
1,1,0.9297329081430445
1,1,0.8773816554347558
0,0,0.005664957726355156
0,0,0.012625794989280629
0,0,0.006847837586495609
1,1,0.9187060569920761
1,1,0.999850581620907
0,0,0.006067850101086047
1,1,0.7957540082620042
0,0,0.006890810434653255
1,1,0.9993892131092413
1,1,0.9986214211274885
1,1,0.9998700275913017
0,0,0.0046925735517582435
0,0,0.006607950563281587
1,1,0.9993905184296846
1,1,0.9986716296675218
1,1,0.6040058466972447
1,1,0.9995772410131983
0,0,0.004427711120181689
0,0,0.004968043690752718
1,1,0.9996011107362383
0,0,0.04005032792625991
1,1,0.9979771255904663
0,0,0.0050136968012879386
0,0,0.01026483208819808
1,1,0.9379021007813441
1,1,0.9996991213027224
0,0,0.004465588818597319
1,0,0.4004225305646468
0,0,0.004429257319450968
0,0,6.254429257214846e-05
0,0,0.009183087567967997
1,1,0.9997478557131922
0,0,0.012383733366973852
0,0,0.002547711302219454
0,0,0.007501107953538263
1,1,0.8717022179091146
0,0,0.005092138042078282
1,1,0.9997949743061718
1,1,0.9997408431793452
1,1,0.9998345936239909
0,0,0.007044757597040743
1,1,0.9993801934249853
0,0,0.003559803897196361
0,0,0.00788145665904983
0,0,0.010703584450794335
1,1,0.8660601917851372
0,0,0.008480920075257683
0,0,0.0048952205354981905
1,1,0.8216435897139283
0,0,0.0033534885662412283
0,0,0.37674750904513493
0,0,0.004621963489028088
1,1,0.5961887398928382
0,0,0.0040713193254558735
1,1,0.9998357683676856
1,1,0.9367805330989312
0,1,0.9203824599005156
0,0,0.004516751263137968
1,1,0.9988102497468729
0,0,0.006371119227739865
1,1,0.9982338880795861
1,1,0.9994490438290942
0,0,0.005750079709431877
1,1,0.9997422763462224
1,1,0.9996962436825886
1,1,0.999824109398735
0,0,0.0009646755025993361
1,1,0.9996438721360689
1,1,0.9999028001424013
0,1,0.6214399947836228
0,1,0.8638999655051918
1,1,0.9998746028250802
1,1,0.8930474760720406
1,1,0.8985879884661553
1,1,0.9998342969570585
0,0,0.007881615290084286
0,0,0.006083775160916667
0,0,0.003855945801251002
1,1,0.9620556640390843
1,1,0.9997875586158095
1,1,0.9986274730699032
1,1,0.9994882424423701
1,1,0.9988487023603743
0,0,0.07455080909172461
1,1,0.999828019879015
1,1,0.9994998473485818
1,1,0.998879198010923
1,1,0.9992239343169558
0,0,0.006037357488926476
1,1,0.9999125597563137
0,0,0.0010641749865453935
1,1,0.8838606584985853
1,1,0.9997637207603937
1,1,0.883067233550984
0,0,0.00636625389515222
1,1,0.8584501637917407
1,1,0.9996022826116684
1,1,0.8882736593970777
0,0,0.0049903289494561505
0,0,0.004386383566481238
1,1,0.9999450029580349
0,0,0.005805771173830729
1,1,0.8690449139592269
0,0,0.009499881724159989
0,0,0.00623501315993776
0,0,0.007636071615863027
0,0,0.006779282449211821
0,0,0.010243498210471576
1,1,0.9995801463127929
0,0,0.0036650648965160493
0,0,0.42628441196354216
1,1,0.9993003556764573
1,1,0.9993781848091413
0,0,0.005495274304655834
1,1,0.9469236375010559
0,0,0.0033605219270860845
1,1,0.9995143034793933
1,1,0.999660875124672
0,0,0.011102574496554215
0,0,0.00541944350701709
1,1,0.9425814800391145
0,0,0.0046898975656666335
1,1,0.999489842494052
0,1,0.9400083287583787
1,1,0.9992793669545981
1,1,0.9997572613780787
0,0,0.003679673643702666
1,1,0.9992688206432623
0,0,0.005456635806748628
1,1,0.9995573083875446
1,1,0.9270486370528449
1,1,0.9997721733762454
0,0,0.008622741650829196
1,1,0.9996496789252837
0,0,0.0048275123779806285
0,1,0.892504452814764
1,1,0.9997875819141986
1,1,0.9321882547826074
0,0,0.004466439668220553
1,1,0.9496426182553687
0,0,0.014063984613262902
1,1,0.9993827406369681
1,1,0.999479242173855
1,1,0.9997387188498622
0,0,0.0041351628329333425
0,0,0.007388995226088895
1,1,0.9603262741569164
1,1,0.9428960532446109
0,0,0.003604726418810489
1,1,0.9998574104708359
0,0,0.0037313309148984436
1,1,0.9997256472452513
1,0,0.4226245228025804
1,1,0.9993641615128723
0,0,0.005450729665738713
1,1,0.7549567322866476
1,1,0.9289281118733443
0,1,0.7256506104412039
0,0,0.0006721264183353777
0,0,0.00446558852910497
0,0,0.015494564809098728
0,0,0.0044259357224223075
1,1,0.9998881549251357
1,1,0.9996181808477728
1,1,0.9998721700284737
0,0,0.005856207712398799
0,0,0.0035941380716709537
0,0,0.007044790253671642
0,0,0.005305290437662407
1,1,0.8844610696744281
1,1,0.999333391284802
1,1,0.9993451413960117
0,0,0.004418713625565602
0,0,0.006494750025820544
1,1,0.9652820660373871
1,1,0.9995005178201779
0,0,0.006896484563473322
1,1,0.9996007764958256
0,0,0.007806213739386314
0,0,0.007768277481442766
0,0,0.005880547415957691
0,0,0.002691313384954196
1,1,0.9993763150328238
1,1,0.9079112051074334
0,0,0.007554579993206985
0,1,0.8681507982922331
0,0,0.009576984427571203
0,0,0.0037126166212373252
1,1,0.9996007547140313
1,1,0.9196709481921785
1,1,0.999687266323818
1,1,0.9586130689459789
0,0,0.012775546370446466
1,1,0.8636491814866168
1,1,0.9692137678237133
1,1,0.7445415461869995
0,0,0.007531671711526852
0,0,0.008384653484536065
0,0,0.006990119998129768
0,0,0.009037865570340241
0,0,0.11243946614596521
1,1,0.9992874024074853
1,1,0.9990517260287929
0,0,0.004633973582363442
0,0,0.2965873794973208
0,0,0.006369216791180952
1,1,0.9998561481940338
0,0,0.004845821964023514
0,0,0.009225022303677133
1,1,0.9999160667116025
1,1,0.9025303683704788
1,1,0.9995782994743629
1,1,0.9979196324683308
1,1,0.9997004508543238
1,1,0.9993637165358348
0,0,0.0050023306634331514
0,0,0.0033894651988085277
0,0,0.011290656429364686
0,0,0.014125423404995825
1,1,0.9985502648941275
1,1,0.9994056806995713
1,1,0.9996461382844706
1,1,0.9996281048072303
1,1,0.7721392433613272
1,1,0.9995136185415234
1,1,0.9992248474851378
0,0,0.004453890419230501
0,0,0.00993801568468211
1,1,0.9993707224660942
1,1,0.9993216201658487
1,1,0.9562560048913765
1,1,0.8705242393497447
1,1,0.9998403595934552
1,1,0.9996429409530154
1,1,0.99900632960022
1,1,0.9986669327479696
0,0,0.005233305923299625
0,0,0.0038064819197790164
0,0,0.004830017392443585
1,1,0.9987102372148561
1,1,0.9559385522030224
0,0,0.0011681402566995685
0,0,0.004872360522190269
0,0,0.01112006427584615
1,1,0.9634077605925785
1,1,0.943482933167489
0,0,0.00555869276563836
0,0,0.005026048085094894
1,1,0.9995544526494147
1,1,0.9994485857389483
1,1,0.9996280813416109
0,0,0.005279507122503467
0,0,0.004453804359387218
1,1,0.6640743602181696
0,0,0.011597859520100595
1,1,0.9161651705408471
0,0,0.007187006101619041
1,1,0.8844017508750551
1,1,0.9272751620776373
1,1,0.9994564466666614
1,1,0.9997941429349287
0,0,0.004917597055763614
0,0,0.0034540275885326334
0,0,0.0035755458855389706
1,1,0.9997188595397427
0,0,0.012715268642045951
1,1,0.9998886613215762
1,1,0.9979272532337533
1,1,0.9998202359030103
0,0,0.003197376233497058
0,0,0.008544671576074326
1,1,0.8756235418901154
0,0,0.007636346548276413
0,0,0.005995830465175815
0,0,0.004900140328128783
1,1,0.99823164942614
0,0,0.003937869503767743
0,0,0.004983702790711097
1,1,0.9995813660641705
0,0,0.0043400945089307535
0,0,0.009666203946374113
0,0,0.00545872615625561
1,1,0.9995801700740046
0,0,0.0059183374162411605
1,1,0.9998472120937023
1,1,0.9995782986032333
0,0,0.00499347427739386
1,1,0.9991709814411789
1,1,0.9999169764761451
1,1,0.9998574111088566
0,0,0.0074384021385034685
1,1,0.9998414974996084
0,0,0.04652410811527199
0,0,0.007190989766997405
0,0,0.008623647121925204
0,0,0.005714733746765568
0,0,0.16757112877166383
0,0,0.004024898553139772
0,0,0.005620279841562855
0,0,0.006518909636771296
1,1,0.9997838049603461
0,0,0.003965449516215652
0,1,0.6185701905841453
1,1,0.9994303048229969
1,1,0.8920403495845558
1,1,0.9308934312120323
1,1,0.9975858186186168
0,0,0.006011981677087824
1,1,0.8201424875917399
0,0,0.007250430018940857
1,1,0.910763419886225
0,0,0.006496174641500422
1,1,0.9999018624387384
0,0,0.0058145062391629365
1,1,0.8951062076251886
0,0,0.006039729120403532
0,0,0.0076056813539749114
1,1,0.9529241787806579
1,1,0.9997786884786244
1,1,0.9994846591111028
1,1,0.9047547181214884
1,1,0.9994316138892034
1,1,0.5691336647854264
1,1,0.9995832064734619
1,1,0.9995051541992634
0,0,0.0028904303143899917
0,0,0.005282728352851431
1,1,0.9993518429872518
1,0,0.444029868065746
0,0,0.012117080220208066
1,1,0.9395806821558514
0,0,0.005437291054006685
0,1,0.5625300300321757
0,0,0.008861410214439317
1,1,0.9993592584428986
1,1,0.9189151346463336
1,1,0.9551741863083797
0,0,0.006569341443869306
0,0,0.0037760681753647965
1,1,0.999302015400075
0,0,0.003522514719747882
0,0,0.0074896437263760355
0,0,0.004945034694046974
1,1,0.9197976204084009
0,0,0.005809440600341602
1,1,0.999642917663046
1,1,0.9164719692208382
1,1,0.9987838927568748
1,1,0.9997649063335631
1,1,0.9624500447676433
0,0,0.0057009343063105025
1,1,0.9991323382533286
1,1,0.999563801014055
0,0,0.011340635170501304
1,1,0.9990727062061961
1,1,0.999883698638102
0,0,0.003580243424716558
1,1,0.8916240872004179
1,1,0.9998924679428519
0,0,0.006440170286306091
0,0,0.009415688862810082
0,0,0.015744019877084417
1,1,0.9993939436093429
1,1,0.9989451213975296
0,0,0.0078082938579376645
1,1,0.9998445950402594
0,0,0.008640746370316572
1,1,0.9987071897559461
0,0,0.006294059695152554
0,1,0.7863315084145517
0,0,0.004196637503068051
0,0,0.008846955136203266
0,1,0.8951098077563877
0,0,0.004150068253735071
0,0,0.005600413814674949
0,0,0.005041439492724296
0,0,0.0016816829176031737
1,1,0.9990978826145921
1,1,0.9268372465416054
0,1,0.7360369796029219
0,0,0.005265105006233792
0,0,0.004432348892089884
1,1,0.9986588239987312
0,0,0.006676573498731138
0,0,0.010902011786234804
0,0,0.0034842578925766412
1,1,0.7815887687887542
1,1,0.9997397129865497
0,0,0.004136776527070763
0,0,0.00606944287955337
1,1,0.9992411397097186
1,1,0.9130244062816169
0,0,0.0030403715958666412
0,0,0.009017565297858314
0,0,0.0046518028218658
1,1,0.9999139577068219
1,1,0.9994756800440827
1,1,0.9988693039278238
0,1,0.9415687542776077
0,0,0.004563672382480395
1,1,0.9369596380312395
1,1,0.8743126475168549
1,1,0.9991435820049308
0,0,0.006035873767980253
1,1,0.9296372778344651
0,0,0.008893463141142748
0,0,0.005267645783014737
1,1,0.999449466443292
0,0,0.006223636435335047
1,1,0.9993357880982349
0,0,0.004931340968435965
1,1,0.9085285940896022
1,1,0.9067398164617085
1,1,0.9999233398391717
0,0,0.002309040245393915
1,1,0.9083910934061826
1,1,0.9997120465529773
0,0,0.007696156660089648
1,1,0.9995181467404802
1,1,0.8761689315886967
0,0,0.00948482663200365
1,1,0.836822179516508
0,0,0.002053879109014886
0,1,0.9118026910077068
1,1,0.9437591889692036
0,0,0.007906728606592998
0,0,0.010053280850940247
1,1,0.9981085191483371
1,1,0.9997627423494971
0,0,0.005024346860440011
0,0,0.005809029941865905
0,0,0.3755498987412612
1,1,0.9994793854949495
1,1,0.9561083671076208
0,0,0.00415006812952434
0,0,0.010439794424199986
0,0,0.007298343888306663
1,1,0.9998257892775559
0,0,0.001180751451006722
1,1,0.9993962093301952
1,1,0.9994415601723954
0,0,0.01004591246559956
1,1,0.9589786773308203
1,1,0.9028792068955139
1,1,0.9996230649748653
0,0,0.004736532401366919
1,1,0.8999126125653514
0,0,0.0036780248951478003
0,0,0.006825180896308998
0,0,0.27749977222493716
1,1,0.9994727058551497
0,0,0.006906252339601776
1,1,0.9114405855665635
1,1,0.9994962134506248
0,0,0.00437815251535483
0,0,0.003988900354708442
0,0,0.005685579692845024
0,0,0.00831906531202488
0,0,0.006880356254225578
1,1,0.9993882093086716
1,1,0.999858529285773
0,0,0.00537487217110564
0,0,0.010540248574288324
1,1,0.9993053948489412
1,1,0.9995742539436698
0,0,0.009689925731790889
1,1,0.9994296962291989
1,1,0.9992108349268565
1,0,0.37015232794496994
0,0,0.006674308776936455
1,1,0.9996958813126038
1,1,0.999007571499207
1,1,0.9987563220575443
0,0,0.005377241700645852
1,1,0.8382230301389971
0,0,0.006354655206951374
0,0,0.0050659100121971876
0,1,0.9286563378998698
0,0,0.005250836180433108
1,1,0.9993390684180424
1,1,0.9998374905282141
0,0,0.0057412864100947125
0,0,0.020054208302614424
0,0,0.0030822465681560767
1,1,0.9372381239922237
1,1,0.9995360584466275
1,1,0.9995777793852515
1,1,0.9999154140455988
0,0,0.010418849654662781
0,0,0.00909699287379507
0,0,0.004288606964835545
0,0,0.007537448743773911
0,0,0.005729492166183356
1,1,0.9994623130670688
0,0,0.01082837136558693
0,0,0.00546635151020478
1,1,0.9996614140335949
1,1,0.999643336182816
1,1,0.9994326653619113
1,1,0.859133957050244
0,0,0.00365223276832928
1,1,0.9997402328498128
0,0,0.004999930485652923
1,1,0.9040334043117002
1,1,0.9999077893636508
1,1,0.9143448368210232
1,1,0.9996659067151755
1,1,0.9992612622997404
0,0,0.006029384533231144
1,1,0.9006686466375083
1,1,0.8725331902133416
0,0,0.000879232092101584
0,0,0.005058999359358363
0,0,0.008321276038687717
0,0,0.010163254274608758
0,0,0.3862263230958162
1,1,0.998979264240789
1,1,0.9996368014170628
1,1,0.926508287291002
1,1,0.9996166407418507
0,0,0.007152915101322606
0,0,0.010010093197472565
0,0,0.012484133863551681
0,0,0.00967550472014846
1,1,0.9998733067544685
1,1,0.9390747139693152
1,1,0.9998951021406305
1,1,0.8999120508596073
0,0,0.005034171889133974
1,1,0.9996215480258129
1,1,0.9998249786657117
1,1,0.8756080343881864
1,1,0.9994727337147277
1,1,0.9995510789154841
1,1,0.9993641310863606
1,1,0.6494573309673763
0,0,0.003921629151205589
1,1,0.893456358073609
1,1,0.9993341226068149
0,0,0.01198902154185041
0,0,0.003906605624481683
0,1,0.9984509145158367
0,0,0.011217145936666912
1,1,0.9998362167468539
0,0,0.004067992950548776
0,0,0.010095560757025909
0,1,0.9268809976243103
1,1,0.9986894303687087
0,0,0.007639357200312044
0,0,0.005164372154810055
0,0,0.006595792498574978
0,0,0.0072616861863983116
1,0,0.3934918850363638
0,0,0.008325368806415523
0,0,0.0055591900236400755
0,0,0.255664955670694
1,1,0.9996202777745605
0,0,0.030966637252427383
0,0,0.005822406534181285
1,1,0.9992952652425051
0,0,0.016044446684432372
0,0,0.00901765936579727
1,1,0.9999021419240302
1,1,0.999843973861447
1,1,0.9018295064427644
0,0,0.08233097421696431
0,1,0.6012150775871002
0,0,0.007318441041812151
1,1,0.763776708346658
0,0,0.005324096640202291
0,0,0.005267210201472853
0,1,0.8595016083556455
0,0,0.004136713155131482
1,1,0.999559934696948
1,1,0.9506460628635212
1,1,0.9994869790609962
1,1,0.9981144642407832
0,0,0.005902215933558279
0,0,0.3654609066726899
0,0,0.4108962944224302
1,1,0.9993729973552531
1,1,0.9340989491409055
0,0,0.009685243273898327
1,1,0.9994615581718546
1,1,0.9995319436164782
1,1,0.9983515601598938
0,0,0.004194554978675518
0,0,0.014621817537990772
0,0,0.0031037361091125846
1,1,0.999881254644184
1,1,0.9998483046266861
0,0,0.3941429167190421
1,1,0.8824265162041436
1,1,0.8940509555627879
1,1,0.9980338354194217
0,0,0.005222585510975359
0,0,0.0049798338380101425
1,1,0.5225246588067364
1,1,0.9991681425174797
1,1,0.9998063124314205
1,1,0.9992174515207503
0,0,0.004422529615487243
0,0,0.0037985687026868783
0,0,0.0043013746629744325
0,0,0.25136753400216266
0,0,0.004910847326617553
1,1,0.9997665579922851
1,1,0.9999450505147793
1,1,0.9064265591828627
0,0,0.0031524746625745245
1,1,0.9987056413554783
1,1,0.9997199553757494
0,0,0.005337025620771311
0,0,0.003055999804005792
1,1,0.9995447887605998
0,0,0.004881697686960215
0,0,0.015556700825412394
1,1,0.9997199399454535
1,1,0.9391885056986317
0,0,0.011384128113123726
1,1,0.9993495423771798
1,1,0.901630005520164
0,0,0.008879030210066176
0,0,0.015509618969490015
1,1,0.9996007939236038
1,1,0.9997432004825108
1,1,0.8910962303194002
0,0,0.006600769130568416
1,0,0.4643934861403784
0,0,0.007318049062790112
0,0,0.3978995107528403
1,1,0.9996212274009582
1,1,0.9984847097819675
0,0,0.008624037929189157
0,0,0.00428998762238504
1,1,0.9992908747851811
0,0,0.18445380629524724
0,0,0.004418940030246062
0,0,0.003468831787102019
1,1,0.9998458118994388
0,0,0.003948317956209551
1,1,0.9328697451855766
0,0,0.003450040080672983
0,1,0.6163178668791873
1,1,0.9997566157045475
0,0,0.0060427287146905566
1,1,0.9998659409142479
1,1,0.8937387409070149
1,1,0.9273561842941593
1,1,0.9989957497429598
0,0,0.007783649309201589
1,1,0.9988699580297674
0,0,0.007475172267782481
0,0,0.006735471418602511
0,0,0.011423330637468415
1,1,0.9287193576713737
0,0,0.005298615032970655
0,0,0.012758218875176723
0,0,0.006071459890408578
0,0,0.006487491278856879
0,0,0.004990838536868864
0,0,0.003743856651319492
0,0,0.00308413485462244
0,0,0.0038595580779623587
0,0,0.004276251726566352
0,0,0.006921875034611739
0,0,0.2161891711530843
1,1,0.8728460291663682
0,0,0.01671370383054797
0,0,0.008431997868655526
0,0,0.00236851000595376
1,1,0.9247854589317969
0,0,0.0045886147871582045
0,0,0.011896395026121456
0,0,0.005883419007687587
0,0,0.006961617713068787
0,0,0.004976884494325873
0,0,0.006283782301831515
0,0,0.004718131019880816
0,0,0.007387796788775651
1,1,0.9998522736576894
0,0,0.008164972500793588
1,1,0.8575452558836989
1,1,0.8904681884380546
0,0,0.006136625146039806
0,0,0.00985846513573921
1,1,0.998533845356531
0,0,0.005386509026435691
1,1,0.9239643658147958
0,0,0.00459052958553979
0,0,0.004313624445300184
0,0,0.00563564032288271
1,1,0.9998394915192113
1,1,0.9989745076784424
0,0,0.006422798824265953
1,1,0.9996463976738458
0,0,0.0065573147174358215
1,1,0.9998154969382463
0,0,0.4779837948352883
0,0,0.005217065753500565
1,1,0.9348758674302096
1,1,0.9278151830555389
1,1,0.9277750169964641
0,1,0.9302081688048615
1,1,0.9996041132748272
1,1,0.9995351391310076
1,1,0.9996164648198772
0,0,0.003992970599484782
1,1,0.9995377100653727
1,1,0.9574890768520959
0,0,0.007689332509192829
1,1,0.9995409159898462
1,1,0.8894358929877022
1,1,0.9996473827453258
0,0,0.004435156691883697
1,1,0.9196645719664203
0,0,0.0013325246742695023
1,0,0.004964457350398661
1,1,0.9986081593956287
0,0,0.017019078793901365
1,1,0.9237543034298943
1,1,0.9992285102222264
0,0,0.004350554018198211
0,0,0.005639776528561765
0,0,0.007000902774255929
0,0,0.006515315493936572
0,0,0.006890205714838974
1,1,0.9986068502578862
1,1,0.9476562650681496
0,0,0.009174600555782163
1,1,0.9100554680166528
0,0,0.0062098820379692474
1,1,0.9994550072321485
0,0,0.00870734951652152
0,0,0.008376852900193051
1,1,0.9988767597696092
0,0,0.01609967087040269
1,1,0.998320276250235
0,0,0.0047229203974748155
1,1,0.9994598176400885
1,1,0.9991430084454516
1,1,0.6255391197526113
0,0,0.011291113186864623
1,1,0.9994425112133057
0,0,0.0046879844433853814
0,0,0.004838459209317402
1,1,0.9996069084300454
0,0,0.10236548990795316
0,0,0.004685997209375357
1,1,0.9997204987492859
0,0,0.005242006902601514
1,1,0.9357871004690522
1,1,0.9999046519281516
1,1,0.9998538608298934
0,0,0.004733948155515956
1,1,0.9981861483026864
1,1,0.9995776514783514
0,0,0.016268485275313573
1,1,0.9998580129494242
0,0,0.006404461842666273
0,0,0.0035351678337872047
1,1,0.9994281443698999
0,0,0.00528759529447723
1,1,0.9993278865386536
1,1,0.9993907550735074
1,1,0.9546064088797649
1,1,0.86794863342388
1,1,0.9993746572447046
0,0,0.009193137034261759
0,0,0.006412564651654718
1,0,0.424663962298242
1,1,0.9123184521747338
0,0,0.005386559473162553
0,0,0.005338577543864566
1,1,0.9158405329453211
1,1,0.999631800090662
1,1,0.9995341078443493
1,1,0.9998122636592889
1,1,0.9987500068404714
0,0,0.005508024962821652
1,1,0.9995507821531995
1,1,0.9997139089170826
1,1,0.9997964636821802
1,1,0.9324287177045263
0,0,0.005696944615990894
1,1,0.8345144700582888
1,1,0.9992641833783638
1,1,0.9997479170575401
1,1,0.9996411874114425
1,1,0.9498188663417715
1,1,0.99954157452407
1,1,0.9994392280868074
1,1,0.9998534986685882
0,0,0.004156531894864
1,1,0.8517064380526428
0,0,0.007636554250291577
1,1,0.8712301164116897
1,1,0.999880256677925
1,1,0.9997325928880705
1,1,0.9151333190356549
0,0,0.00452639667215998
0,1,0.5761774750785523
1,1,0.9995485533086462
0,1,0.789019356206005
0,0,0.011364795260192632
1,1,0.8967018920257818
0,0,0.004796890183370296
1,1,0.9994071202999227
0,0,0.00415760054581971
1,1,0.999454796961325
0,0,0.005337834610248013
1,0,0.004162832799644796
1,1,0.9985411725197859
0,0,0.003422586721857369
1,1,0.9994393100564544
1,1,0.9992866971111785
1,1,0.9049815714938184
0,0,0.008832599301376984
1,1,0.6580215996198531
0,0,0.005438815847320635
0,0,0.0038647187469309655
1,1,0.9993297711532998
1,1,0.9665193332629154
0,0,0.0035311736996181103
1,1,0.9993675327686588
0,0,0.0012457418333595247
0,1,0.8666825481908872
0,0,0.40662400489610173
1,1,0.9995996640984897
0,0,0.00536305195953529
0,0,0.005787704008322584
0,0,0.004273134570329232
1,1,0.9986372011936796
1,1,0.9507877495550536
1,1,0.8849874317864864
0,0,0.004625771554822279
1,1,0.9993390654801084
0,0,0.004726073329454634
1,1,0.9997631166512674
0,0,0.005298506164376646
1,1,0.9993028671052083
1,1,0.9437843093274044
1,1,0.9178606942268959
1,1,0.8641350399876369
1,1,0.9997706023646004
0,0,0.006836321428018247
1,0,0.0013118626487980756
1,1,0.9994484604001072
1,1,0.9996324694807487
1,1,0.7222371908289934
1,1,0.8775529341991458
0,0,0.004518000818858234
1,1,0.9984559223963079
1,0,0.4654273813987165
1,1,0.9997978017568219
0,0,0.004843880721545331
1,1,0.9570061312357033
1,1,0.9149614907384527
1,1,0.9994138207392566
1,1,0.9995607702001923
0,0,0.004803962400489891
0,0,0.0054784590379483925
1,1,0.9994381934880697
1,1,0.9999005424402796
1,1,0.9994515329587954
0,0,0.004976171134142688
1,1,0.9609014209356415
0,0,0.21807015881333477
0,0,0.006621194104939542
0,0,0.005311606530696631
0,0,0.49288971346511545
1,1,0.951150269026641
0,0,0.0031538265839535324
0,0,0.010675775104720996
0,0,0.006155915791348568
1,1,0.9547626874234084
1,1,0.998796593127552
1,1,0.9029591389951757
1,1,0.7587184027475948
1,1,0.9621234091013253
1,1,0.9995981658100755
0,0,0.005666150562812837
0,0,0.009720788138888659
1,1,0.999365252456119
0,0,0.007114211770666417
1,1,0.999631641433197
1,1,0.8902563509641511
1,1,0.6209030554794183
1,1,0.9996592438864116
1,1,0.8582297922045771
0,0,0.0102646711254372
0,0,0.015518558700714983
0,0,0.007634321532352271
0,0,0.20402723433007344
1,1,0.8881526587065868
0,0,0.0061897273180507445
1,1,0.99944476355043
1,1,0.90816412684112
1,1,0.9982630947560328
0,0,0.007643845530737834
1,1,0.9996415685691756
0,0,0.010162276982889573
0,0,0.00955190113809388
1,1,0.9995884974560112
0,0,0.0123750607850256
0,0,0.004494943186776569
1,1,0.9997585727820338
1,1,0.9372857015228824
1,1,0.8661293356967871
0,0,0.011870150295118929
1,1,0.9991340330576419
0,0,0.007352164550730262
0,0,0.004658034103441094
1,1,0.9014772937186112
1,1,0.999850152379934
0,0,0.005964578147823176
0,0,0.005993444189516559
0,0,0.00495158391101389
0,0,0.007538324982653649
0,0,0.008888177513537395
1,1,0.9261683069043085
1,1,0.9994445928115528
1,1,0.9246702859553749
1,1,0.9570341526619726
0,1,0.8278117648670446
1,1,0.9993248398670704
0,0,0.006668446614337628
1,1,0.9046197193620434
1,1,0.999228981916873
0,0,0.0044019780780687355
0,0,0.011715949360299582
1,1,0.9995031337704285
1,1,0.9514790618845206
1,1,0.7781916188257586
0,1,0.6649165472864191
1,1,0.9998825462227768
0,0,0.009574247791673112
1,1,0.9993725965742332
1,1,0.9092330874386774
1,1,0.9991314508363084
1,1,0.9159910711129473
0,0,0.009503561521293915
1,1,0.9998418758459588
1,1,0.9992422513881832
1,1,0.9990269886534269
1,1,0.9615388851097012
0,0,0.020328725484275337
0,0,0.0076449393459904775
0,0,0.0055515205304328685
1,1,0.9995339450876597
0,1,0.9475940816232361
0,0,0.004947414029383891
0,0,0.007537709469152675
0,0,0.0027813598965450484
1,1,0.9995970839063251
1,1,0.9993428362277187
1,1,0.9927512182111519
1,1,0.9562508489295444
1,1,0.9997443474539239
1,1,0.6172701454896903
1,1,0.999484604297649
1,1,0.9999093356013127
0,0,0.011429693617536745
1,1,0.9334263599237906
0,0,0.11656796583618018
0,0,0.005334108231314612
1,1,0.9993592735898947
1,1,0.9994323377933969
1,1,0.9996601811446505
1,1,0.9040588462291238
0,0,0.003906441005218195
1,1,0.9449870475353677
1,1,0.9986013923309854
0,0,0.010169929292494866
0,0,0.006743192687023964
0,0,0.006341189533059224
1,1,0.9985105581834488
0,0,0.0049082802558691055
1,1,0.9131097438328943
0,0,0.007774158522228959
0,1,0.8904783026910853
1,1,0.9998104983780499
1,1,0.999826691010883
0,0,0.0009602993355438483
1,1,0.9045784185949048
0,0,0.005652274591438472
0,0,0.003817851313476427
1,1,0.9989837271510178
1,1,0.8132647970518876
0,0,0.004748287333980655
0,0,0.004114298883949836
0,0,0.0018014309850164407
1,1,0.9319915569818106
1,1,0.9998417234146492
0,0,0.008342417884060618
1,1,0.9990124282694295
0,0,0.004327627941969153
0,0,0.25594500806713394
0,0,0.004099515661522707
0,0,0.0046248343775422245
1,1,0.9994858150178068
1,0,0.41667387712993115
0,0,0.00352891426075724
1,1,0.9998417183550664
1,1,0.999387493124879
1,1,0.9994918661256943
1,1,0.9989481905037163
0,0,0.004725386460126067
0,0,0.006947284689867356
0,0,0.004210295997672384
0,0,0.07983099286514202
1,1,0.9994042313585941
1,1,0.9987753002832672
0,0,0.004795177891699626
1,1,0.9999329633695025
1,1,0.9996101287810751
0,0,0.008638000165983635
0,0,0.006288391411790883
0,0,0.003974900267392981
0,0,0.007697313547149026
1,1,0.9997533039632829
0,0,0.004025479755781521
1,1,0.952796064931639
1,1,0.9998894238692294
0,0,0.003202410588868824
0,0,0.007881146130017025
1,1,0.9585575918152769
1,1,0.8959715866013954
1,1,0.5630728278357295
1,1,0.9987459749298051
0,0,0.004256408703790583
0,0,0.004790099410632432
0,0,0.005234133455147333
1,1,0.9996004648535696
1,1,0.9998482637143673
1,1,0.8785223205567309
0,0,0.004684129710095002
0,0,0.005347637957286362
0,0,0.003338056079913505
0,0,0.010449692749690822
1,1,0.9704668759854322
0,0,0.004081785371323379
0,0,0.006825256321205352
0,0,0.0038962932603424133
1,1,0.9998435024921116
1,1,0.8806463751821308
0,0,0.004296244317961389
0,1,0.9994911408089949
0,0,0.007020979807068389
1,1,0.9996215595976604
1,1,0.8909999756404317
1,1,0.9997758435693274
1,1,0.9997978877788889
0,1,0.9232945321355629
0,0,0.06198661297670283
1,1,0.9971186647619878
0,0,0.00817124989917615
1,1,0.9160604600699529
0,0,0.11753093981598703
0,0,0.004484929614468276
1,1,0.9994550507988412
0,0,0.3033291529988647
1,1,0.9998044689498709
0,0,0.005342758848104942
1,1,0.9993441241514328
0,0,0.006016942885782983
0,0,0.005725735251104071
0,0,0.008743301220522175
0,0,0.006248527622918926
0,0,0.005689344328109003
0,0,0.011066179748625529
1,1,0.9996747685005974
1,1,0.99987950988814
1,1,0.999395640281357
0,0,0.0067237890836899135
1,1,0.8768443224172247
0,0,0.00923582070604502
0,0,0.006251570393189775
0,0,0.006825620667708232
0,1,0.9315910084127479
1,1,0.9406257727223897
1,1,0.9998783992671286
1,1,0.9011409613925121
0,0,0.004022721076638874
1,1,0.9982804273866701
1,1,0.9997411207994436
1,1,0.9986627094522869
0,0,0.011329494349423814
1,1,0.9993435066078998
0,0,0.07498636941921713
1,1,0.998684247920827
0,0,0.0043305807137602225
0,0,0.0065799472730587285
0,0,0.2593277705687824
0,0,0.00589516841328607
0,0,0.0901770570125586
1,1,0.9314020145517852
0,0,0.31719860028473534
0,0,0.008270453135389221
0,0,0.006312562200673455
1,1,0.9990637054260876
1,1,0.9992726722202943
0,0,0.011963722472115157
1,1,0.9995319384030793
0,0,0.004575588079888436
0,0,0.0058725368589880485
1,1,0.9161793508226905
1,1,0.9997616757591946
1,1,0.6269966170483271
1,1,0.8999119406235864
1,1,0.9993344335350997
0,0,0.006593951034123332
1,1,0.7674531027550392
0,0,0.007896854650018504
1,1,0.9402431768398359
1,1,0.5150221373367683
1,1,0.9303019794614285
0,0,0.007778202317907146
1,1,0.9996025763981922
1,1,0.9984427808457483
1,1,0.8925434512866761
1,1,0.9998912835435452
0,0,0.006471387662415459
1,1,0.9633611608674902
0,0,0.2619414627106719
1,1,0.9998502176839313
1,1,0.9443948730076747
1,1,0.9998700986161567
0,1,0.8758549796433942
0,0,0.004619128297814581
1,1,0.9353033826344084
1,1,0.9996180145047886
1,1,0.9996760889515028
0,0,0.006406880233698622
0,0,0.006735452227808112
1,1,0.9106925465337309
1,1,0.9333858570451958
0,0,0.009083155927485452
1,1,0.8876001190114476
1,1,0.9997735718277809
0,0,0.005805885746674617
1,1,0.5102491535447821
0,0,0.006388629383384152
0,0,0.006941437408177067
1,1,0.865808232106999
0,0,0.004570857696723494
1,0,0.3079935033428918
1,1,0.9993634705381816
1,1,0.9997699962691602
0,0,0.005717552927720742
0,0,0.006982596571696681
1,1,0.9043564972064285
0,0,0.006761941382194183
1,1,0.9995834320096534
1,1,0.9150410456379441
0,0,0.0035214188372802496
0,0,0.008579660257380021
0,0,0.004258358023454669
0,0,0.009387962199807287
0,0,0.0058328591469546135
0,0,0.44330801681633775
0,0,0.013143537498256261
0,1,0.5453165833670722
1,1,0.9998414944600146
1,1,0.9997672964080274
1,1,0.99986799849573
1,1,0.999596468107017
0,0,0.00344738741860728
0,0,0.0741810019388658
1,1,0.9993071530902775
1,1,0.9993739214628435
1,1,0.9551925091752672
0,0,0.005412493779611606
0,0,0.15969680262658364
0,0,0.008469942409037225
1,1,0.9992319706620758
1,1,0.9985173077121586
1,1,0.9995530663286809
0,0,0.004289651041428474
1,1,0.9998576912766203
1,1,0.6510365897540611
1,1,0.9993356833671064
1,1,0.9992355441832023
1,0,0.3912009761021617
1,0,0.01143628596280037
1,0,0.001782782536732129
1,1,0.9998628609194726
0,0,0.008622659583104072
1,1,0.6482977826413524
0,0,0.005032010387288086
0,0,0.3477612400312605
1,1,0.940687562496202
1,1,0.9998072713883261
0,0,0.011394746196971154
0,0,0.006936609146979203
0,0,0.009774571320183712
0,0,0.009815259924855602
1,1,0.9134550126871616
1,1,0.9995163601697238
1,1,0.9365812074791953
1,1,0.9999280832148091
0,0,0.07386912112236953
1,1,0.9991660911901143
0,0,0.0049913366092587475
0,0,0.004784584368137719
0,0,0.3680301258101329
0,0,0.003144406355309636
0,0,0.009927337530567905
1,1,0.9999102593635366
1,1,0.9996440471447336
0,0,0.007635769781292316
1,1,0.9997949743349217
0,0,0.005512069122455783
0,0,0.004890387192637523
1,1,0.9992550551816876
0,0,0.008645921664699543
1,1,0.9295998988981548
0,1,0.8459869770853546
1,1,0.9992857834778587
0,0,0.008655085216075359
1,1,0.9981359951240316
0,0,0.018629982436067633
0,0,0.006837061150412094
0,0,0.003690132950940961
0,0,0.007689909363645466
0,1,0.777094047897016
1,1,0.9993228564111404
0,0,0.00042809749589790017
0,0,0.004242851374937661
0,0,0.003697642268120841
0,0,0.01137700854588253
0,0,0.004946646515347709
0,0,0.005630818382978243
0,0,0.007553003280905895
0,0,0.008851831554442175
1,1,0.9249642405133999
1,1,0.9995793020373641
1,1,0.9998777774397694
0,0,0.0034088903365322425
1,1,0.9992377825864509
1,1,0.9994994429655009
1,1,0.9426104949951547
0,0,0.008511908461912755
0,0,0.005698734992769749
0,0,0.003979426588821809
1,1,0.9998580195386901
1,1,0.9998465039000841
0,0,0.006152928311555726
1,1,0.9996093235913613
1,1,0.9994101828164165
1,1,0.9998497032900697
0,0,0.005688084830510545
1,1,0.9998896370883621
1,1,0.9998863095738207
0,0,0.006950603786023235
0,0,0.13385678083375055
0,0,0.003476486842254346
1,1,0.998388042081825
1,1,0.9998542522290769
0,0,0.007590532833262923
1,1,0.999373541528051
0,0,0.003625788844093978
1,1,0.9995221899624632
0,0,0.0015514055554753472
1,1,0.8746236485989355
0,0,0.0072474471626786715
1,1,0.998993461750066
1,1,0.9933903112767681
0,0,0.004293755916980375
0,0,0.004627267047042895
1,1,0.9995136400221419
1,1,0.9994700686927518
0,0,0.0067021643717135254
1,1,0.9472961389274175
1,1,0.9365810496209268
0,1,0.8966383522446407
0,0,0.004337307973120556
1,1,0.9993435720464238
1,1,0.898480520361653
0,0,0.0053629146653713785
1,1,0.9438232927465091
0,0,0.005222849815037757
0,0,0.00109282709886448
0,0,0.21711055443746088
1,1,0.9988946876332191
1,1,0.801118371278039
1,1,0.9098546770930005
0,0,0.0012487605480876317
1,1,0.9991314295654072
0,0,0.007541699959173191
0,0,0.005326397817815223
1,0,0.37233817193866203
0,0,0.00636528325672931
1,1,0.9998550556620374
1,1,0.8727959016255936
0,0,0.004657493461103688
1,1,0.9077204330876456
1,1,0.907473201170962
1,1,0.9367175578628756
1,1,0.9998382880089164
0,0,0.007224198160810394
0,0,0.004281697753731928
1,1,0.8598719859669383
0,0,0.009205948669162635
0,0,2.7821119281845723e-05
0,0,0.009812551895409867
0,1,0.6140305223655538
1,1,0.9997263542211986
1,1,0.8917150277134803
1,1,0.8922208999079547
1,1,0.9000771729324366
0,1,0.896301180547747
0,0,0.00526136210311174
0,0,0.007076843527562389
1,1,0.53575618390991
1,1,0.9997631331309498
0,0,0.005097373676426802
1,1,0.9994017383051503
1,1,0.999889743191437
1,1,0.964044894293392
0,0,0.005112113492815123
0,0,0.009424253228769004
1,1,0.9351453141116771
0,0,0.0059146925341460425
0,0,0.006982167294554639
1,1,0.999727656543912
1,1,0.9997256582436101
0,0,0.28298649761350675
0,0,0.0039056978410241783
0,0,0.0011108447161473631
0,0,0.005241392740151352
1,1,0.9995703385108535
0,0,0.006849377384074738
0,0,0.0038943451315515405
1,0,0.004429677584913557
1,1,0.9998749057067335
1,1,0.9989318216297697
1,1,0.9773094817663219
1,1,0.9987714716814793
1,1,0.9985395451110919
1,1,0.9282570262972133
0,1,0.5227456847537612
1,1,0.9459409418649102
0,0,0.006435853475885899
1,1,0.9997352893946398
0,0,0.004363814852414144
0,0,0.013121617884923697
1,1,0.9997668820145803
0,0,0.005283817498837148
1,1,0.7648454642934573
1,1,0.9997600208743326
1,1,0.9996319093286933
0,0,0.009346461147324845
1,1,0.8730818714786057
1,1,0.922726380953909
0,0,0.0059184389951082005
0,0,0.006368847508984326
1,1,0.9991816581598444
0,0,0.009507075198517607
1,1,0.9996074654433691
0,0,0.004672268945799849
1,1,0.9999275686613036
0,0,0.006091644215839536
1,1,0.9992638591080031
0,0,0.007827930266117845
0,0,0.005756496796718088
1,1,0.9023575672888956
0,0,0.005210313403920346
0,0,0.004682465317773011
1,1,0.9993971332178356
0,0,0.004775597951716505
0,0,0.006222581836691829
1,1,0.9970723413736122
1,1,0.8949480149992861
0,0,0.007535991590221626
1,1,0.9646576005902268
1,1,0.7317219224179895
0,0,0.0027767557859688344
1,1,0.9010577291768103
1,1,0.9243358936785934
0,0,0.003917747994594962
1,1,0.9412769561685611
1,1,0.9992680851420819
1,1,0.9994897917613995
0,0,0.0019655665872339648
1,1,0.9996714257065178
0,0,0.0037907983651536883
1,1,0.9527651621681158
1,1,0.9994785692640686
0,0,0.07745265349321777
0,0,0.3835464845909652
0,0,0.003947310390646502
0,0,0.002072959509907127
0,0,0.006350115688281267
0,0,0.009069168624550195
0,0,0.007003056273984283
1,1,0.998890599814984
1,1,0.9328108451976347
0,0,0.006047862396781477
0,0,0.014149279336110309
1,1,0.99952257946999
1,1,0.9999449912845849
1,1,0.9997730889214544
1,1,0.9994149413430229
0,0,0.010262440736251925
1,1,0.9995489928842868
1,1,0.8808471628136436
1,1,0.999441747954013
0,0,0.004488623302652874
0,0,0.008413823825543234
1,1,0.9993584545160136
1,1,0.9994700688598949
0,0,0.00563507846942402
0,0,0.004012930261880609
1,1,0.8953870012769224
0,0,0.0044369831022404915
1,1,0.9592809200864097
1,1,0.9996545461737187
0,0,0.012210336912659879
1,1,0.9996003778173517
0,0,0.004621023923612054
0,1,0.9147713031250133
0,0,0.011631962820284359
1,1,0.9995508826858964
0,0,0.002220280633130184
1,1,0.99973434805977
1,1,0.9990808967274584
0,0,0.004655380888874452
1,1,0.997522221112745
1,1,0.9539420863275365
1,1,0.9383475072366856
1,1,0.9998893785778031
1,1,0.9996597313060309
0,0,0.013057586320182953
1,1,0.9991146259410361
0,0,0.0048196957176228385
1,1,0.8526870505124119
1,1,0.5704445051796738
0,0,0.004962771128673207
0,0,0.0037365624806674057
0,0,0.004910905854028747
1,1,0.9997063224259907
1,1,0.9994558416213938
1,1,0.8793425099890624
0,0,0.00528619988679281
0,0,0.006113221707745674
0,0,0.005330956907171432
0,0,0.012758370779881928
1,1,0.9995234121278652
1,1,0.9998386221109944
0,0,0.004658754443019504
1,1,0.9996513033503068
0,0,0.012772036716552866
1,1,0.9995289187586103
1,1,0.9372726726643811
0,0,0.01587945916302922
0,0,0.007154011958853917
0,0,0.00406797446271557
0,0,0.005056968639950223
1,1,0.999937237440558
0,0,0.0035515686550747364
1,1,0.9992039200505205
0,0,0.005618666534179451
1,1,0.934504513692619
0,0,0.004608807681236065
0,0,0.0048174167763048205
1,1,0.9488098885893033
1,1,0.9991395912969373
1,1,0.9994879856127482
0,0,0.005202138350508203
0,0,0.01195408864128741
1,1,0.9303656912931442
1,1,0.6585091514698578
1,1,0.9611685249771795
1,1,0.9992583144076493
1,1,0.9999205295226646
1,1,0.9096911841169724
0,0,0.0006791988066710453
0,0,0.006366254043020766
0,0,0.006051397261277157
1,1,0.9998937146819371
0,0,0.008265540692618393
1,1,0.9999113520813716
1,1,0.9997592689502305
0,0,0.007211748260644157
1,1,0.8990761297774454
0,0,0.002346421254053887
1,1,0.6353624170381568
1,1,0.863895586529823
1,1,0.9432447884220907
0,0,0.003930170619752607
1,0,0.011501959076474267
0,0,0.016040723878060027
1,1,0.9995181423006871
0,0,0.004987948634157055
1,1,0.8603801060191558
0,0,0.005753964050148608
1,1,0.9995816940091038
0,0,0.004947378741865271
0,0,0.012882244528273136
1,1,0.5727317528671959
1,1,0.9985900451603211
1,1,0.9333313380685311
1,1,0.9022916504456977
1,1,0.9079671075334866
1,1,0.999554020629029
0,0,0.004617069310936039
1,1,0.9998260331852495
0,0,0.004137337204439281
0,0,0.004881812428800619
1,1,0.9985341073699825
1,1,0.5970051058614678
1,1,0.9160303627142832
1,1,0.9960258267568994
0,0,0.0040288976178515104
1,1,0.9996286479326628
0,0,0.004026716811358435
0,1,0.9987992888597487
0,0,0.004065508050009209
0,0,0.005425700658339617
0,0,0.009132676246175968
0,0,0.010691111673431416
1,1,0.9999351711518444
1,1,0.9263453187710864
1,1,0.9985156402278285
0,0,0.2689623229160545
1,1,0.9994971928797282
1,1,0.954377916017199
0,0,0.010694978029607395
1,0,0.4465407448516122
0,1,0.7736105513956097
1,1,0.9165748353194481
0,0,0.004727458534714942
1,1,0.9423461716542781
0,0,0.019611985934885626
0,0,0.37603331333916784
1,1,0.999517068967953
0,0,0.0079740902951337
0,1,0.9029466175669372
0,0,0.005532072255560215
1,1,0.9994662738292921
1,1,0.6125024130752932
0,0,0.007211902445192467
1,1,0.9370428768262524
0,0,0.0008762575891943368
0,0,0.005482592346189014
0,0,0.006851010438587746
0,0,0.006814541643675436
0,0,0.004501199981881271
1,1,0.9994897107105157
1,1,0.9071256991802513
0,0,0.010942067974097153
0,0,0.003992221777535792
1,1,0.9994262427223868
1,1,0.9021308875361912
0,0,0.0042800011094827305
0,0,0.0077993826413059394
0,0,0.004327997297268866
1,1,0.9998306317105389
1,1,0.9986132557676167
0,0,0.004288309427544398
0,0,0.005667696117533737
1,1,0.9996510949892852
0,0,0.006131535378201249
0,0,0.007634817782798468
0,0,0.0040531609410835645
1,1,0.9994833424849536
1,1,0.9993892132193155
1,1,0.9997070162054541
1,1,0.9984936132624119
1,1,0.8804504576409558
1,1,0.9994130352464702
1,1,0.9979698588159844
0,0,0.006620479664630242
0,0,0.006172366162035903
0,0,0.00514889828076173
1,1,0.9063560938490335
0,0,0.3393476825107699
1,1,0.9995893374318564
0,0,0.0010721184896553561
0,0,0.11927684410154227
1,1,0.9994820507225888
1,1,0.8610628926868532
0,0,0.011320521914120347
0,0,0.0019456477222475415
0,0,0.00741512526268833
1,1,0.9172489048751399
0,0,0.00230934706591242
0,0,0.0075267916047732685
0,0,0.010469406052969645
1,1,0.9999407806013557
0,0,0.011395071388786924
0,0,0.008366941090908079
1,1,0.999714380512188
0,0,0.006665442953173199
0,0,0.007637546475792905
0,1,0.5205748236286483
0,0,0.0065943410136958345
0,0,0.012628299353763382
0,0,0.008687220879716682
0,0,0.010691089050913741
0,0,0.0048314740284833005
1,1,0.9574586294734895
0,0,0.015702015372321656
1,1,0.8518811550044952
1,1,0.8903546942084873
1,1,0.9426730436387274
1,1,0.9998676422050499
0,0,0.00860990002682027
1,1,0.9997521983564285
1,1,0.999651954835062
1,1,0.9995768613356861
0,0,0.004969113909288219
1,1,0.9631943229742999
1,1,0.9995772422663078
0,0,0.004557039582278657
0,0,0.012178327648995723
0,0,0.009982285733275795
0,0,0.001329607352064395
1,1,0.8977104828601468
0,0,0.004749661642771028
0,0,0.007265925826308315
0,1,0.5139585888305752
0,0,0.00649751541080244
1,1,0.9995817033000048
1,1,0.9498973868169934
0,0,0.005386042340946143
0,0,0.008588558207492674
1,1,0.932734869294933
0,0,0.012550445295822046
0,0,0.007639118717957167
1,1,0.9615986261370328
1,1,0.9997436000225268
1,1,0.9998558788853048
1,1,0.999828003864726
0,1,0.8455761488947097
1,1,0.5186420941091403
0,0,0.0043369375111454765
1,1,0.9996521479008907
0,0,0.008692177046960597
1,1,0.9998722248963331
0,0,0.004798561753972946
1,1,0.9983559300414723
1,1,0.9998489657462246
1,1,0.9998827272148388
0,0,0.015725812845994662
0,1,0.9486567591441977
0,0,0.0033146178403659805
0,0,0.0060180602590148595
0,0,0.001340588330389685
1,1,0.9995878303400906
1,1,0.9995008505666767
0,0,0.005470512516966499
0,0,0.0047048460855335095
0,0,0.015266422531283535
0,0,0.005507800132686322
0,0,0.0062919498818532656
0,0,0.005774296365141983
1,1,0.9983420750064952
0,0,0.007836653617799855
0,1,0.9127374502737235
1,1,0.9221817407960065
1,1,0.9991501145109019
1,1,0.9517133003881936
0,0,0.04252525507591035
0,0,0.005917274116049882
1,1,0.9986773936610958
0,0,0.006357931030118717
0,0,0.007881611412399016
1,1,0.5150249674191483
1,1,0.9993165672779093
0,0,0.004860616652757731
0,0,0.04956184597435896
0,0,0.00639778618889238
0,0,0.004575542139003487
0,0,0.0033524877654827917
0,0,0.008847060098460586
0,0,0.0064031348903677825
1,1,0.999646922249467
0,0,0.0049642821002914336
0,0,0.006209640755675473
0,0,0.0009029211197150327
1,1,0.9998444313370062
1,1,0.9987349494064003
1,1,0.9994422628798316
1,1,0.9994536542277443
0,0,0.004240472352612146
1,1,0.9983919806601819
1,1,0.9974868849187334
1,1,0.9996553223357809
1,1,0.9982125426701365
0,0,0.005230407503598715
0,0,0.20750437773040867
0,0,0.010359228229193366
0,0,0.006321109176879023
0,0,0.007788730351555083
0,0,0.007881759222744663
1,1,0.9999419470957556
0,0,0.007085781918009588
1,1,0.9993466297302823
1,1,0.999502339364836
1,1,0.8939275598202389
1,1,0.9998408786770492
0,0,0.0050265832601795015
1,1,0.9992132986170528
0,0,0.08695421088307655
0,0,0.004693134240080144
1,1,0.8891903279034884
1,1,0.9037226614187748
0,0,0.0033421057376447523
0,0,0.005196254007459998
0,0,0.004358792587117924
0,0,0.008564272644546077
1,1,0.9997851546470421
0,0,0.0052292390308959205
0,0,0.004940381223072445
1,1,0.9995761770182198
0,0,0.007552725481527701
0,0,0.0070182742001599924
0,0,0.2636460332723528
0,1,0.8952293626002567
0,0,0.004137340940017867
1,1,0.9997420672514116
0,0,0.1551052520784522
0,1,0.8199463087032416
1,1,0.9978713498604933
1,1,0.9196237398205512
0,0,0.0048739703112860655
1,1,0.9994115304601692
0,0,0.006779245461139023
1,1,0.9269019592684105
0,0,0.0063880416024067275
0,0,0.006631386854862082
0,0,0.0066323099197981615
1,1,0.999841024472659
1,1,0.6314728608090554
1,1,0.9995659707098665
1,1,0.9988215742021438
1,1,0.9994727024382662
0,0,0.0066233815986572585
1,1,0.9992876130919978
1,1,0.9998705606490147
0,0,0.004220387548176095
1,1,0.9225440467713135
1,1,0.9995929709591785
1,1,0.9997570693765938
0,0,0.004209742175817332
0,0,0.008579370474020343
0,0,0.004656810878260285
1,1,0.9995455993823384
0,0,0.005938601213480201
0,0,0.005311281028962635
0,0,0.004449030558001571
0,0,0.00591346908050377
1,1,0.9511229077469928
0,0,0.007718357716135541
1,1,0.9289467319048528
0,0,0.0049354887583435685
0,0,0.006088850014342504
1,1,0.9994300791197841
0,0,0.010045616932039177
0,0,0.0019450120481781642
1,1,0.9995171356800638
1,1,0.8996854446963172
1,0,0.4258140586302098
1,1,0.9997880129966867
1,1,0.9993754841091677
0,0,0.0066955104110663416
1,1,0.8934863489620074
0,0,0.0062433806911763555
0,0,0.006184047779443102
0,0,0.006544566538014272
0,0,0.0016811864695048335
0,0,0.005661255241795015
0,0,0.005964885462628426
1,1,0.9476213799202818
0,0,0.011293167426220375
1,1,0.9998474414004846
0,0,0.007383739866759437
0,0,0.006900674061967875
0,0,0.0071925760821147265
1,1,0.9998408604414072
0,0,0.0035905340691147637
1,1,0.9994072739769985
1,1,0.9998586674423505
0,0,0.008682158342476017
1,1,0.9995437393294526
0,0,0.00827069699100402
1,1,0.9993827318571764
1,1,0.9997353675076234
0,0,0.004339059118998218
0,0,0.011760874542095108
1,1,0.9121550396278318
1,1,0.9237464205956859
0,0,0.010042361306567897
0,1,0.77572823837741
0,0,0.006133966905939449
1,1,0.9994974310508848
0,0,0.00462530995549035
1,1,0.9996782059233356
1,1,0.9983975924170225
1,1,0.9997563690118588
1,0,0.005281114559967505
0,0,0.004658054398374449
0,0,0.013161998115605122
0,0,0.16198806970410645
1,1,0.9995252934761817
0,0,0.004576254827016707
1,1,0.9990043710436474
1,1,0.999590848804944
0,0,0.005849450962712135
0,0,0.004311971090391395
0,0,0.006623503509055763
0,0,0.010053996102273638
0,0,0.0034030432940307686
0,0,0.0021478876892589978
0,0,0.0023663502405835675
0,0,0.004212176149095545
1,1,0.999418463020764
1,1,0.8328698464483509
1,1,0.9994149425780394
0,0,0.0033168560839492906
1,1,0.8948014198016553
1,1,0.9998852813181142
1,1,0.99958857129435
0,0,0.011157114164873388
1,1,0.9999245474808333
0,0,0.015552516704625182
1,1,0.9261462088447107
0,0,0.007970145539941267
1,1,0.9068118025876266
1,1,0.9176279913480786
1,0,0.4297380980629985
0,0,0.004456310669191652
1,1,0.9994721913727352
0,1,0.6375738547394381
0,0,0.007321462974818136
1,1,0.8894826069295579
0,0,0.006272657163408909
1,1,0.9127585366732193
0,0,0.004426591285418746
0,0,0.004976172996996764
1,1,0.9999292384105755
1,1,0.9141043378420352
1,1,0.999465948293397
0,0,0.012528851830930113
1,1,0.9156332471003097
1,1,0.9998678295405049
0,0,0.0018315652224482244
0,0,0.0038869568313258684
0,0,0.007120860227354123
0,0,0.07263336310257529
1,1,0.8779329230490318
1,1,0.9992620605943671
0,0,0.007010027976762096
1,1,0.9534082688760945
0,0,0.005658219199256476
0,0,0.01153344657403103
1,1,0.9248135800798708
0,0,0.007762230822278282
1,1,0.6480639076844553
1,1,0.9993744543350078
1,1,0.9447166829055305
0,0,0.008974244554110574
0,0,0.010340205083365127
1,1,0.9991334183128463
1,1,0.9999356012718312
0,0,0.006131396846786289
0,0,0.008663391379936155
0,0,0.009469899569697958
0,0,0.03207814770155278
1,1,0.999528956013242
1,1,0.9998392138520144
1,1,0.9997831964921806
1,1,0.9981556173505504
1,1,0.9310317685238414
0,0,0.012400736075373568
0,0,0.004768512272699552
0,0,0.00536183975595105
0,0,0.011289826799739005
0,0,0.005269270216740004
1,1,0.9482300507587295
1,1,0.9997781752699536
0,0,0.009709696881883294
1,1,0.9995378639734229
1,1,0.6035037389329216
0,0,0.004171767663940117
1,1,0.5150020026902035
0,0,0.007238561854150028
1,1,0.9995398947762764
0,0,0.006921759887317381
1,1,0.9461775110081009
0,0,0.007763395440341333
1,1,0.9278114869642949
1,1,0.9296595536591394
0,0,0.008737689748949246
0,0,0.004962158451008626
0,1,0.9208004454572849
1,1,0.966310813606401
0,0,0.00522544955473975
1,1,0.9999173126529795
1,1,0.9993416857778361
1,1,0.998905878918072
0,0,0.004607328426547587
0,0,0.007369111997715546
0,0,0.00445616466920728
0,0,0.004161673478496087
1,1,0.6180636947565052
1,1,0.9994163209476427
0,0,0.006164495283539501
1,1,0.9997646618988966
1,1,0.9690290976993883
0,0,0.007268305608831832
0,0,0.010261471099077338
1,1,0.9994209778158523
0,0,0.003953142898219289
0,0,0.004516086097646154
1,1,0.9997324706094045
1,1,0.9617001209423007
1,1,0.9997552658298686
1,1,0.942733719449969
0,0,0.004547181819784865
0,0,0.003638844762944065
0,0,0.004387819194536214
0,0,0.011275927772850225
1,1,0.9995939466566366
1,1,0.9992581575354134
0,0,0.011870160201697597
0,0,0.008629470547572914
0,0,0.013165088285703452
0,0,0.012540015335036143
0,0,0.01140565578441916
0,0,0.005770342584719182
0,0,0.005007647228399286
1,1,0.9995989703667154
0,0,0.006251759117451529
1,1,0.9994903531611047
0,0,0.3367261699939508
0,0,0.004098899261336297
0,0,0.012384030875853573
0,0,0.00960846604739876
0,0,0.14387368427588487
0,0,0.005071278341969961
1,1,0.9991656758819795
1,1,0.9177848276992358
0,0,0.09743293211882001
1,1,0.8662986607764805
1,1,0.8513037267184379
0,0,0.006672869697478378
1,1,0.9255272162310024
0,0,0.00661291958445997
0,0,0.005541238933117216
1,1,0.9872875651922651
0,0,0.003726992532458047
0,0,0.004158756079287629
1,1,0.9191158322835389
1,1,0.8942271652209383
1,1,0.9981152508653515
1,0,0.3625820254122663
0,0,0.00505704324891541
0,0,0.007766722168832565
1,1,0.6723500181973956
0,0,0.004056962215233917
0,0,0.003096891345624574
0,1,0.601575198276952
0,0,0.00709576569223548
0,0,0.00827068770557035
1,1,0.9999277776647159
0,0,0.006848666412433783
0,0,0.004552739601016932
1,1,0.9441459238575438
1,1,0.999390334153846
0,0,0.007190145714458373
0,0,0.011112254424290818
0,0,0.003993499841491095
1,1,0.9998511298266873
0,0,0.0072333823906999195
1,1,0.9998069331858201
0,0,0.006663451073820888
1,1,0.9995846972143042
1,1,0.9996496741153036
1,1,0.9997675006786638
1,1,0.8730249935689062
0,0,0.004149544229627291
0,0,0.001828887711792182
0,0,0.00796659031789919
1,1,0.8815068027083902
1,1,0.9997151838072705
0,0,0.0030255114951933237
1,1,0.9992314020900026
0,0,0.010261838121614254
1,1,0.9555172144603286
0,0,0.007806298045240496
0,0,0.005714380694594619
0,0,0.0046417790555667885
1,1,0.9987830792411108
1,1,0.9576844303356797
1,1,0.9994437874901795
1,1,0.9999070801088015
0,0,0.007707827589739811
1,1,0.9996598815095139
1,1,0.9998380808305681
0,0,0.00766675501760493
0,0,0.0037885682632746863
1,1,0.9210194592581625
1,1,0.9991394060489919
1,0,0.4444214565224577
1,1,0.9998825044262889
1,1,0.999547706508301
0,0,0.00964251023010558
0,0,0.005590783619813814
1,1,0.7119822513289548
1,1,0.9245712542066863
0,0,0.01562479208422155
0,0,0.013715864183671666
0,0,0.005134815913108144
1,1,0.9999215610605973
1,1,0.9986938637952125
1,1,0.999351792543554
1,1,0.9997752934358195
0,0,0.0007575565906905129
0,0,0.00094629790224495
1,1,0.9543286745036142
0,0,0.0018905526182324485
0,0,0.0008912575393139462
1,1,0.9996562767821271
1,1,0.9031536531372216
1,1,0.999377071726576
1,1,0.9998434103327872
0,0,0.004204210333459703
1,1,0.9236622312617463
0,1,0.8991310709254403
0,0,0.0010084486516839083
1,1,0.9994786867134295
0,0,0.004381541893688619
0,0,0.005548012408443584
0,0,0.004858403093661105
1,1,0.9110203379620678
0,0,0.005723755650091946
0,0,0.004306288818064626
0,0,0.01368011108845507
1,1,0.9989339203086067
0,0,0.007531672160838867
1,1,0.8288677187325243
0,0,0.00795694019642555
0,0,0.01009001237185981
0,0,0.007542016089472615
1,1,0.9986146412041461
0,0,0.0075532876615505805
1,1,0.9999051899832712
1,1,0.9998545492007253
1,1,0.9997949696625406
1,1,0.9992911062507014
1,1,0.999370918267137
0,0,0.0053258853171977765
1,1,0.9996232565827751
1,1,0.9996298588998113
1,1,0.7744952385721856
1,0,0.3533657124896779
0,0,0.006045216274223044
1,1,0.9527631885584678
1,1,0.9996104492803243
1,1,0.9999077913438192
0,0,0.0048771256599695525
0,0,0.0102644423146156
0,0,0.008319693358736446
1,1,0.8909606144496768
1,0,0.0044656155410481265
0,0,0.006011454022845584
0,0,0.004690005575870987
1,1,0.9997993944619175
0,0,0.005195109287381525
0,0,0.008564065814866524
0,0,0.0039483206156278
1,1,0.5626013391992096
0,0,0.011941531982192354
0,0,0.009574254156553804
0,0,0.004917591401769967
1,1,0.8947865207837391
0,0,0.008962613728700587
1,1,0.9385674124787057
0,0,0.004222883152729147
1,1,0.9989625788187954
0,0,0.006028760491195087
0,0,0.00425795109799083
0,0,0.005585064768478194
0,0,0.006431068162422512
0,0,0.01118753833502647
0,0,0.006793458517102314
1,1,0.9994722513232984
0,0,0.005000121167828406
0,0,0.006370597339271443
0,0,0.0037939853142355037
0,0,0.001049081557868425
0,0,0.006505490739270703
1,1,0.9986657914458424
1,1,0.9305592069295605
0,0,0.004024378991622123
1,1,0.8327975011607605
0,0,0.42463092276924724
0,0,0.004799584753194183
0,0,0.00469968662473447
0,0,0.01604455926638579
0,0,0.004969673677400592
0,0,0.00364107174618882
0,0,0.0010990975706421414
1,1,0.9998288379809118
0,0,0.00924200447437297
0,0,0.008306420284084359
1,1,0.9587223338924444
0,0,0.0075254982167658
0,0,0.004712508073850876
0,0,0.004009175019487391
1,1,0.997999397168003
1,1,0.9991581813051623
0,0,0.011436174212997663
0,0,0.004395173249144549
0,0,0.012283403040622486
1,1,0.9996067248782833
0,0,0.006782103002546714
0,0,0.005221549607616574
1,1,0.9995193316154135
0,0,0.006112850490514744
0,0,0.34111784112078164
0,0,0.0050404326485961855
0,0,0.008443886986847456
1,1,0.998298880690959
1,1,0.9619059336887027
1,1,0.9998518552630176
0,0,0.004689693920343679
1,1,0.9992660149295933
0,0,0.004316738805149584
1,1,0.9545714469420051
1,1,0.9996772004742459
1,1,0.9996664032493933
0,0,0.00712967293367943
0,0,0.004671780817634106
0,0,0.006241930963983031
1,1,0.9998321690815289
0,0,0.005845755124783484
0,0,0.009438230341059539
1,1,0.7852676392806831
0,0,0.012893040712827611
1,1,0.9963903429303678
1,1,0.6889324294896028
1,1,0.9996781933129937
1,1,0.9154318221700751
1,1,0.999574213196562
0,0,0.004940446601683223
1,1,0.998945244959294
1,1,0.999447855982552
1,1,0.9993916184239133
1,1,0.9988367278358661
1,1,0.9996122319465793
0,0,0.0585083206965998
1,1,0.9298083024239819
1,1,0.9465296369879882
1,1,0.9995650399845023
1,1,0.9990031502036887
0,0,0.0045562022809162075
0,0,0.009772197422988559
1,1,0.9233680342189328
0,0,0.005246582405452984
0,0,0.008800779628455305
1,1,0.9995437382634305
0,0,0.006472362119752029
0,0,0.007676221905343334
1,1,0.9060102043170277
1,1,0.9998837429907198
1,1,0.9993656484214746
0,0,0.004441411994403394
0,0,0.010054489159761027
0,0,0.009469521665883636
0,0,0.47039128338800346
0,0,0.33106135325554875
0,0,0.0077013132282309025
0,0,0.009816267339603075
0,0,0.0015755602824217105
0,0,0.004299527205452976
0,0,0.009453444901059533
0,0,0.004236099170359454
0,0,0.0051954522845817
0,0,0.007554467952902763
0,0,0.005304103864622737
1,1,0.9996882558808474
0,0,0.004948264535077758
0,0,0.06472525713918777
1,1,0.8182878169104719
1,1,0.9981966880024451
0,0,0.0037705101518721177
1,1,0.9994100914133043
1,1,0.8817383772305828
0,0,0.012386832720509819
1,1,0.9996155768588042
1,1,0.6477926163405047
0,0,0.004750056613340138
0,0,0.010489430996552305
1,1,0.9997926767673554
1,1,0.8748828089289784
1,1,0.9994070182463365
1,1,0.9995211188909947
1,1,0.999492432966945
1,1,0.9581825770470843
0,0,0.007709286023002504
0,0,0.0044220405577279735
0,0,0.00837756686981702
0,0,0.0025179598194292863
0,0,0.0012379310982995107
0,0,0.0040115318067702
0,0,0.004996103462121391
1,1,0.999581675155788
0,0,0.00921800890573379
1,1,0.9632278357596249
1,1,0.9998804801902528
1,1,0.999761627161173
1,1,0.9995770958650138
1,1,0.9993075823478559
0,0,0.00765020998555925
0,0,0.010051428344587651
1,1,0.954563129003224
0,0,0.004630026825397969
0,0,0.007388996548680465
0,0,0.006665784165196835
0,0,0.0027582225861134107
0,0,0.01090928660581271
1,1,0.9988449300179917
0,1,0.5406105531629891
1,1,0.9999492961903366
0,0,0.008761887575475419
1,1,0.9105921784151385
0,0,0.011309612877839246
1,1,0.9469633180153283
0,0,0.006382950719233598
1,1,0.9327261813151669
0,0,0.429423899950915
1,1,0.9992643320108999
0,0,0.1546817462097725
1,1,0.7120088029273938
1,1,0.9993075523086284
1,1,0.9006254844979584
0,0,0.00442256955704065
0,0,0.004637194489556327
0,0,0.1451796096292929
0,0,0.008787752243975806
1,1,0.9997815206465984
0,0,0.008862954619034448
0,0,0.005183652986940827
0,0,0.004940422543239336
0,0,0.004910989293303115
0,0,0.012698735059975149
0,1,0.9046227272681268
0,0,0.004736772822666349
0,0,0.1831993840726187
1,1,0.9992122360792819
0,0,0.010320138691766867
0,0,0.004541937609529423
1,1,0.9998259190200982
1,1,0.9999224928699
0,0,0.0063707623414487905
1,0,0.004079309250575848
1,1,0.9221919364844313
0,0,0.009691103591601708
0,0,0.005791582843412439
1,1,0.9497346686086212
1,1,0.9991633552454686
1,1,0.9344785188189665
0,0,0.003586844410241986
0,0,0.005818692691634853
1,1,0.9995818495104632
0,0,0.01210788122606461
0,0,0.024258614509535394
0,0,0.009017124099860248
0,0,0.00428803732495012
1,1,0.9551172447842555
0,0,0.010322129842090997
1,1,0.9999100790514854
0,1,0.8428933017551749
1,1,0.9990277347913359
1,1,0.9124395503502385
1,1,0.9993677396608739
1,1,0.7664843604191275
0,0,0.004466383860188257
0,0,0.001325604001793613
1,1,0.9015284655752511
0,0,0.006060018179708272
1,1,0.9567500818141128
1,1,0.9997110327865933
0,0,0.010100783000337307
1,1,0.9248366783207608
0,0,0.005079445857769049
0,0,0.0019850924465522972
0,0,0.0048519637236983226
1,1,0.9147340079836207
1,1,0.999395812680263
0,0,0.004443670028538384
0,0,0.003918489500300897
0,0,0.0119041806119356
0,0,0.0035238334890601015
0,0,0.04723763515622684
0,0,0.004160639820967755
0,0,0.0023597251770108405
0,0,0.004343627456681299
1,1,0.9997402326251977
1,1,0.9493250497813691
0,0,0.0063891377278180546
1,1,0.9993699975026361
1,1,0.869856034011426
0,0,0.004149987731454714
0,0,0.006887819436560713
1,1,0.9996324629972567
1,1,0.9990124144763529
0,0,0.005226126487978832
0,0,0.005195871914781508
0,0,0.007541007874955035
1,1,0.9996480465016315
1,1,0.9992792615458305
1,1,0.9997385341620455
0,0,0.007081409335443913
0,0,0.005010380750190715
1,1,0.9998695505230795
0,0,0.004266486217959552
1,1,0.5103916232676252
0,0,0.006013921692008157
1,1,0.9995023313426956
0,0,0.0014627802085352907
1,1,0.7243978490061233
1,1,0.9996104412557444
0,0,0.009104471589765037
1,1,0.9013109780515516
1,1,0.9195024227030466
1,1,0.9999194285337001
0,0,0.004247999488933818
0,0,0.009944097889573908
1,1,0.904950873890164
1,1,0.9997379514699332
0,0,0.006327005543716685
0,0,0.0052513260364097075
1,0,0.3755011560778643
1,1,0.9988186875281317
0,0,0.07962542647465971
1,1,0.9997155196040779
1,1,0.6238863079352679
0,0,0.005660239645452871
1,1,0.9301816080923192
1,1,0.9994892644713003
1,1,0.9993964986145526
1,1,0.999813249861803
0,0,0.0012392832833759033
1,1,0.9996799267663313
0,0,0.004850849387314067
1,1,0.9625415646439365
1,1,0.9998543117901514
1,1,0.9991661942406624
0,0,0.013596143246068306
1,1,0.999213387324443
0,1,0.8705211660015751
0,0,0.2403458550724561
0,0,0.004440024969712587
1,1,0.9663788953253962
1,1,0.9991813689237822
0,0,0.0036312151031268228
0,1,0.8661767723734632
1,1,0.9995541721098745
1,1,0.8548474307882031
0,0,0.005217583578744226
1,1,0.99876927050029
0,0,0.012154282232194873
1,1,0.9433897409347206
1,1,0.9995683906430762
0,0,0.0068161034091741134
0,0,0.007550645248564913
0,0,0.010042434625968539
0,0,0.006524508065195102
1,1,0.9993006496555734
1,1,0.9995544510201901
1,1,0.9994263512997261
1,1,0.9994474504585038
0,0,0.01010374141671054
1,1,0.9984182897758377
0,0,0.005637077268947879
0,1,0.9118430114814557
0,0,0.002114109962369285
0,0,0.007955435107105939
0,0,0.16978471005344828
0,0,0.001967260288802625
1,1,0.9994907473396737
0,0,0.004163615124512201
0,1,0.9582315761056276
1,1,0.9241383757005414
0,0,0.0010058864470280414
0,0,0.0056870666538916285
1,1,0.999422546952629
0,0,0.00551721211312998
0,0,0.012113307361041305
0,0,0.011418472526681458
1,1,0.9987637968854277
0,0,0.0035958406979412585
0,0,0.010828366107599987
1,1,0.9996872661343293
1,1,0.9993399933139697
1,1,0.9984742136831233
1,1,0.9998235371754683
1,1,0.9576372115149607
0,0,0.010264577201961972
0,0,0.006290147963093582
1,1,0.9995378738093273
0,0,0.0016500576937508206
1,1,0.7711338706751732
1,1,0.9224529231382672
0,0,0.007920389178578298
1,1,0.9998261547745592
0,0,0.00608865024936652
0,0,0.005300720251502586
1,1,0.9996312148220351
0,1,0.901263129016303
1,1,0.9116549286971355
0,0,0.00383102407422521
1,1,0.9993114500896001
1,1,0.9997862849490297
1,1,0.9991385470875015
1,1,0.9998832780415572
1,1,0.9996546090106571
0,0,0.005852508781199312
0,0,0.004876811961293122
0,0,0.004679330104862385
1,1,0.5248338052333148
1,1,0.9488390648790225
0,0,0.010490841382395751
0,0,0.007768278292246794
0,0,0.005493588847746155
0,0,0.0075255310896981805
1,1,0.9995807592415857
1,1,0.884616503593579
0,0,0.010570973806514016
0,0,0.01049281402419866
1,1,0.7995392360219474
0,0,0.003990542612154634
1,1,0.9179814656541943
1,1,0.9560227236800454
0,0,0.008430478091769252
1,0,0.42135681158923344
1,1,0.9995086245078619
0,0,0.00431363315992741
0,0,0.0051888664481671435
0,0,0.4115015969214123
0,1,0.8210439539295181
0,0,0.004739140703854766
0,0,0.006350690527512828
1,1,0.8619980334662268
0,0,0.011481311616078719
0,0,0.003562838110569519
1,1,0.931108280701426
1,1,0.9997758722071962
0,0,0.0043951733482890006
1,1,0.9993757917654145
1,1,0.9500389710538288
0,1,0.9362576116065897
1,1,0.9990715295515374
0,0,0.0040163399727825184
0,0,0.005226271948136195
1,1,0.9997514615164134
1,1,0.998636890631383
1,1,0.9999310116805569
1,1,0.9998524891220905
0,0,0.004932749534343215
1,1,0.9983051299969152
1,1,0.8899064512296202
0,0,0.0118638650650305
1,1,0.9997674494052256
1,1,0.9584422521952731
0,0,0.004687921382834874
0,0,0.006259073796266086
1,1,0.9051641753733922
1,1,0.9998567936055004
0,1,0.631462115198962
0,0,0.004525926380015557
0,0,0.22343198160562935
1,1,0.9995762508249654
1,1,0.9994615384147932
0,0,0.005285713505415859
0,0,0.0063537972561223495
0,0,0.00596107309273045
0,0,0.003338497931928561
0,0,0.04224307542281847
0,0,0.004690510066766181
1,1,0.9992958655512781
0,0,0.005029356084441953
0,0,0.0052282636098814825
0,0,0.0044562997511988
0,1,0.8824967986936246
1,1,0.9050589240978948
0,0,0.19969396274316611
1,1,0.7700204710452234
0,0,0.011172983380761583
1,1,0.8774593801179201
1,1,0.9991356442230931
1,1,0.9993733001736217
0,0,0.0037707781481023093
1,1,0.9985572835294583
1,1,0.6468671593047776
1,1,0.9991900648137754
0,0,0.0030442627133183105
0,0,0.012783364551562608
0,0,0.008566761623857819
1,1,0.9995017456004521
1,1,0.9993970466896378
1,1,0.9988625788702259
0,0,0.37605122629627596
0,0,0.008816881383618354
0,0,0.009943497408556413
1,1,0.8856840046299561
1,1,0.9412850993680272
0,0,0.0011355232353801351
0,0,0.00627162732748217
1,1,0.8690876506917304
0,0,0.005259551568849731
1,1,0.9600985944340756
1,1,0.8935310963382722
1,1,0.9237013165528295
0,0,0.0037144967807698137
1,1,0.9993744706532287
0,0,0.0037885831733457565
1,1,0.9529138228103246
0,0,0.000965616401780112
0,0,0.00429067844421529
1,1,0.9993075405502595
0,0,0.0011580458043203665
1,1,0.9993802494096738
0,0,0.005344889366251722
1,1,0.9994072753894113
1,1,0.937110586999555
0,0,0.005634859109719512
0,0,0.0037018699477474578
1,1,0.9994149423818038
1,1,0.9996751722103125
0,0,0.003830494670797507
0,0,0.004902639876234867
0,0,0.004203906764651513
1,1,0.9996620055983726
1,1,0.9991681421427754
1,1,0.9994749525641103
0,0,0.007650628158520037
1,1,0.999397523731306
0,0,0.010396987972707338
0,0,0.006023764683071133
1,1,0.9997544413488753
0,0,0.00801302657431302
0,0,0.005932790833489878
1,1,0.8768753820487188
1,1,0.9991624684867102
1,1,0.999939986044204
0,0,0.005069012565526324
0,1,0.5518652848935629
0,0,0.0103194306472971
0,0,0.0045708891106725595
1,1,0.9459402216571505
1,1,0.8497019563976115
0,0,0.004594808649280747
1,1,0.9995317409501672
1,1,0.9984831167911881
1,1,0.999488697141855
0,1,0.7865963205441154
1,1,0.999897626553352
1,1,0.9998483945263875
0,0,0.0018900497859052452
0,0,0.007318136068742337
1,1,0.9998327735164644
0,1,0.8985667201728035
1,1,0.9998275051494825
1,1,0.9283801539164521
0,0,0.013930023954694292
0,0,0.009853419361196294
0,0,0.007268449748819017
1,1,0.9984189564998986
0,0,0.014318816837325532
1,1,0.9997358731124718
0,0,0.008942294199597387
1,1,0.9512086249389233
1,1,0.8219012498062447
1,1,0.8387323909665702
1,1,0.9997075440308618
0,0,0.005724908072489844
0,0,0.011015934174229641
1,1,0.9993345586932247
1,1,0.9993024298551405
1,1,0.9999195136329356
1,1,0.9978700563134095
0,0,0.009180743666029448
0,0,0.006680897645047939
1,1,0.9932159610214871
1,1,0.9524726672210271
1,1,0.8878193582849018
0,0,0.0052902055842346625
1,1,0.9994897113500618
1,1,0.9997592150688454
1,1,0.999754911369941
1,1,0.9988186275389441
1,1,0.924501136752637
1,1,0.7825175902197616
0,0,0.011404548852554897
0,0,0.0035865734977784526
0,0,0.008539857716816405
1,1,0.915428019438143
1,1,0.9996659481669128
0,0,0.005017492331881829
0,0,0.005139094091374675
0,0,0.0032702692196269977
0,0,0.004141997817797293
0,0,0.00586469807628183
1,1,0.929730330305711
1,1,0.9998741909239186
0,0,0.007211122520872155
1,1,0.9997918568520189
0,0,0.00882936589963979
0,0,0.015556838295066376
0,0,0.010604910422807774
1,1,0.9989468077196401
1,1,0.9997424624719226
0,0,0.003846431435916262
1,1,0.9998899045474099
0,0,0.006223599444455261
0,0,0.008201281102315593
0,0,0.004789531384243821
0,0,0.45993797195081737
0,0,0.006398228267238127
1,1,0.9063644947315339
1,1,0.9210202191854732
0,0,0.005927317220557199
1,1,0.999746714362264
1,1,0.999758199137464
1,1,0.9993925915379926
1,1,0.9998828335954995
1,1,0.911867364213783
1,1,0.9996761333851284
1,1,0.9995259869692649
1,1,0.9994347201165734
0,0,0.0074105521241944585
1,1,0.9927293362993215
1,1,0.8889952287605472
0,0,0.20424502094893984
1,1,0.9227934663619223
1,1,0.9567758385996344
0,0,0.004615632103364556
1,1,0.9973328820906397
0,0,0.004783826949931288
1,1,0.9392492961773119
0,0,0.005133461191172537
0,0,0.07611065614334891
0,0,0.006943031903240246
1,1,0.999251618183032
0,0,0.006735991132219574
1,1,0.9996533686093952
1,1,0.9278442847258922
1,1,0.9588419475308746
0,0,0.010558093227369085
1,1,0.9208508303351529
1,1,0.6943065026234305
0,0,0.003595973413335414
0,1,0.5648597993471585
1,1,0.9992863603291893
0,0,0.007313912353831481
1,1,0.9663175253969758
1,1,0.7802185152059186
1,1,0.9993024190003587
1,1,0.9991934473093235
1,1,0.9995638248226234
0,0,0.009509037989092101
1,1,0.9460776730772312
0,0,0.0034500425089667233
1,1,0.9987935075350324
0,0,0.005201120415821813
1,1,0.9996417130555659
1,1,0.9993621022667953
0,0,0.0052292370592688835
0,0,0.015104216886284785
1,1,0.9177604876566984
1,1,0.9361112615690789
1,1,0.9995428902274678
0,0,0.004775043831133807
1,1,0.9997875782054221
0,0,0.006297624152449322
0,0,0.011343963924426971
0,0,0.006008658191045049
0,0,0.0055919338643076405
1,1,0.9998278807563065
1,1,0.9995242208933969
1,1,0.9545271099202642
1,0,0.47418585274013164
0,0,0.008043834306567839
1,1,0.9993958452573459
1,1,0.9994197800055854
1,1,0.9994844494246503
1,1,0.9996079734604782
1,0,0.0018955147275627996
0,0,0.014057136086816427
0,0,0.06332587516058862
0,0,0.004536114259012983
0,0,0.00998301434720476
1,1,0.9415198017065735
1,1,0.9090329703661904
0,0,0.004719062325054622
1,1,0.9193671304078519
0,0,0.011371160259564953
0,0,0.009937107328190807
0,0,0.005523476791119402
1,0,0.0049805525257288034
0,0,0.005501960743748615
1,1,0.9642839601595239
1,1,0.9997665478465828
1,1,0.9994488808428352
1,1,0.9993421194236317
1,1,0.9987411503718031
1,1,0.9757011416251063
1,1,0.999335527843375
1,1,0.9988105746205171
0,0,0.008977201121461173
1,1,0.9998418448938723
1,1,0.905418110979695
1,1,0.9988692810115399
1,1,0.8884530350990221
0,0,0.3156423901821828
1,1,0.9999345409144242
0,0,0.011568207314749515
1,1,0.9990319481221632
0,1,0.8727863052124322
1,1,0.9994781871273023
1,1,0.9949529311755125
0,0,0.004139818426051373
1,1,0.9989050653912764
1,1,0.999295947328237
0,0,0.005107652148725093
0,0,0.005774955380169691
0,0,0.01139464415728487
1,1,0.9995327772330622
1,1,0.9992219144277524
1,1,0.9998678177739754
0,0,0.0034743017619756123
0,0,0.01474602559239295
1,1,0.536593245324056
1,1,0.9997860070439588
0,0,0.005133285349362899
0,0,0.007768056700555745
1,1,0.9984622346083661
0,0,0.005364491924228049
0,1,0.871874410246327
1,1,0.9999338086829435
1,1,0.9995943548729214
0,0,0.001801672630289684
1,1,0.8355182622052448
1,1,0.9898031568312894
0,0,0.0034438728756650363
1,1,0.9213770712012074
0,0,0.050010431556069365
1,1,0.8964776618100916
0,1,0.5114997021638346
1,1,0.7166148394244619
0,0,0.009070314145094346
1,1,0.8679772633436054
0,0,0.002093533994135089
1,1,0.9399759177769001
1,1,0.9997900198553756
1,1,0.9055407540880498
0,0,0.005048370128799196
1,1,0.9558603221441265
0,0,0.005231333915414118
0,0,0.004968724643787072
0,0,0.005611194207258415
0,0,0.006580004671205734
0,0,0.0056707863068152335
0,0,0.0036570375415533748
1,1,0.99879749860205
0,0,0.05158735567175167
0,0,0.00869125291394981
1,1,0.9993669804726014
0,0,0.005900145875221952
0,0,0.006736662839855173
0,0,0.00915480562058643
0,0,0.0053948550987331315
0,0,0.012625747426921132
1,0,0.40828076241962036
1,1,0.9996235555268638
0,0,0.004893943551812227
1,1,0.9996816835261956
1,1,0.9991314523577083
1,1,0.9038875268843412
0,0,0.0729837166574563
1,1,0.9998149341838012
0,0,0.3366952673161782
0,0,0.01026433141383323
0,0,0.0041586872204664865
0,0,0.005581674516272275
1,1,0.9995282079639238
0,0,0.005710263754351336
0,0,0.007183771131474889
0,0,0.012819105456361895
1,1,0.6245619115017581
0,1,0.926589203304018
0,0,0.01195345526412204
0,0,0.005232847920344817
0,0,0.00690474918923992
0,0,0.004422394527104796
0,1,0.8187435772176351
0,0,0.37942214069348545
0,0,0.004248849384398397
0,0,0.004657312587396733
0,0,0.0055786706203626935
1,1,0.9988234300119182
0,0,0.012381379774546128
1,1,0.9995834331130173
0,0,0.00431559991038778
0,0,0.00437139796700667
1,1,0.9996533703398893
0,0,0.003407539733161647
0,0,0.19248293870802952
0,0,0.004162754327167196
0,0,0.010593684108520459
1,1,0.9994806856464268
1,1,0.9995395310047338
1,1,0.9038785916002096
1,1,0.999414551462199
1,1,0.9156035456317051
0,0,0.004803010502476694
1,1,0.9994041074354892
1,1,0.9991803538823133
0,0,0.010738152201711523
0,0,0.002177429819582112
1,1,0.9993613440993918
1,1,0.9605125588516229
0,0,0.019880794800232072
0,0,0.005211528027404433
1,1,0.9218892726656424
0,0,0.011838479254973343
1,1,0.9440263508652957
1,1,0.8466061989986804
1,1,0.9104875816869797
1,0,0.4436486984526181
1,1,0.9995428364168188
1,1,0.9878860275549218
1,1,0.9207738062110528
1,1,0.9985852237002262
0,0,0.002857406995134766
0,0,0.0012081394026775547
0,0,0.001035633584683067
1,1,0.9987047882674264
1,1,0.8804953927897293
1,1,0.9998224809043105
0,1,0.5827867887477446
0,0,0.007164175749988306
0,0,0.005559028297377754
0,0,0.005995405377865591
0,0,0.006895480654114366
1,1,0.9992114566563461
1,1,0.9993491408623509
0,0,0.006921761156481182
1,1,0.9992282312546316
0,0,0.007412856301376255
0,0,0.00498925560403286
1,1,0.9994700685866291
1,1,0.8234030739959586
0,0,0.007193643883547246
1,1,0.9997523244491742
1,1,0.9997199657507991
0,0,0.0043878990960367304
1,1,0.9347331749445734
1,1,0.9421563344800675
0,0,0.01121884457976195
0,0,0.004757515020812773
1,1,0.9427146869537064
0,0,0.0034383050083845634
0,0,0.004029767042578862
1,1,0.9114705546529813
0,0,0.0064514427444970525
0,0,0.012339562049110185
0,0,0.05114231335613711
0,0,0.006069450333295091
0,0,0.0011227755061213186
0,0,0.008600889509707695
1,1,0.8988600640426578
1,1,0.9997427446087884
1,1,0.999347442236381
1,1,0.9998381834287974
1,1,0.9996985340144446
0,1,0.9237777728272555
0,0,0.005162561427900256
1,1,0.9492752118883164
1,1,0.9195500473665595
1,1,0.9983713851247404
1,1,0.9992369490911872
1,1,0.9989494038700398
0,0,0.006031131508103414
1,1,0.9505063026818296
1,1,0.835022705374512
0,0,0.00515967281167697
1,1,0.9977312331801472
0,0,0.06643606648763457
1,1,0.8833751266837144
0,0,0.001937000756125313
0,0,0.0050247177022215705
1,0,0.3108513022537868
1,1,0.9995834348977214
1,1,0.9084553667800472
0,0,0.001620293428788737
1,1,0.9995353407016782
1,1,0.939009912288587
0,0,0.0015587869218400346
1,1,0.9993557965002116
0,0,0.007400960406280388
1,1,0.9987367159899102
1,1,0.9370123037240135
0,0,0.012882878902494952
0,0,0.009070974387995484
1,1,0.9997628457116655
0,0,0.005709908911365929
0,0,0.00804474948142328
0,0,0.0068976321513066095
0,0,0.3015914338932198
0,0,0.005260512521525713
1,1,0.9995674830716278
0,0,0.11644495839759438
0,0,0.011327432765460594
0,0,0.015188362106122934
1,1,0.9995128043536079
1,1,0.9259979182238367
0,0,0.009413241769314719
0,0,0.004586761139113272
1,1,0.9999429912903365
0,0,0.016199190640999294
0,0,0.007246727431260086
1,1,0.8270483929995691
1,1,0.8943541310735481
0,0,0.007535949231066673
1,1,0.9333085918579672
0,0,0.004345634820246608
1,1,0.9999017156394656
1,1,0.9105881097573584
0,0,0.00552011160205846
0,0,0.007018686157730529
0,0,0.003988878583013223
0,0,0.005288364807143338
1,1,0.9445534917781163
1,1,0.9603251843265391
0,0,0.008997041703038064
1,1,0.9996891543100158
0,0,0.0028048925060430063
1,1,0.9993675371663295
1,1,0.9996553300304484
0,1,0.7968854238798363
0,0,0.00815131979324643
1,1,0.7390986197959446
0,0,0.00424318150281768
0,0,0.007536528632511662
1,1,0.7918880305127023
0,0,0.00606902531159872
0,0,0.005616249870072346
1,1,0.9077080821239164
1,1,0.9994509517037292
1,1,0.9998615279367763
1,1,0.7866113265035248
0,0,0.007203606657374346
0,0,0.007536600104560816
1,1,0.9997205854086735
0,0,0.008876537136354367
0,0,0.004623822970933496
1,1,0.9963801156848155
0,0,0.004707465665290612
0,0,0.0751296003395295
0,0,0.005028359954217939
0,0,0.007966595464269257
1,1,0.9985304585614705
1,1,0.9993918866919482
0,0,0.005851362946030821
0,0,0.003575400031605952
1,1,0.9267728132769274
1,1,0.9982032811013279
1,1,0.879332145848622
1,1,0.9524982559169117
0,0,0.011974207363820839
1,1,0.9488909311341837
0,0,0.40139990968637557
1,1,0.9998401937815643
0,1,0.8574386184031082
0,0,0.005667067443370713
1,1,0.9163976751351379
1,1,0.9998632015514809
0,0,0.007990936250936975
0,0,0.0050665697464290765
0,0,0.37331109072913793
1,1,0.9995603392858957
1,1,0.8472843212458183
1,1,0.9069271064837455
0,0,0.01233628338704868
1,1,0.999654290210744
0,0,0.005380771112421626
0,1,0.8079202894480432
0,0,0.004798613072940876
1,1,0.9422314858339579
1,1,0.9470470557397752
1,1,0.9756043557354346
1,1,0.8877862354873315
1,1,0.9996722170853661
0,0,0.1395150770330187
0,0,0.0056581601391606975
1,1,0.9998914810605545
0,0,0.00505645313101829
1,1,0.9987056966371036
1,1,0.9983900393979531
1,0,0.2684721130489738
0,0,0.004833356720611759
0,0,0.006663687045004621
0,0,0.007237057970085762
1,1,0.555817525869234
0,0,0.0038173785530334456
0,0,0.0068196681554357425
0,0,0.012675370360329754
0,0,0.006209322100332507
0,0,0.009955225057580135
0,0,0.003950238414209123
1,1,0.9999032946075053
1,1,0.9997934333836164
1,1,0.7197329732260712
0,0,0.004457369255934078
1,1,0.9999207203107068
0,0,0.005709637898100432
0,0,0.004257855246516461
1,1,0.9993826785794708
1,1,0.9138562839610509
0,0,0.005679542319451853
0,0,0.005616363652008393
0,0,0.004408238508887474
1,1,0.8305010841497147
0,0,0.0043296853978902605
0,0,0.005372341311636928
0,1,0.5769767155934974
1,1,0.9993531133084935
0,0,0.30743988702375274
0,0,0.0036553313438893995
1,1,0.9998560681248958
0,0,0.0030338047316145447
0,0,0.005350227341021269
1,1,0.9994870964174686
0,0,0.00592946431584021
1,1,0.9993004046731033
1,0,0.0039309150552923645
0,0,0.0049529951091777675
0,0,0.004951739241824984
1,1,0.9278506586118586
1,1,0.8993193781324862
0,0,0.003790831746554653
0,0,0.004476079469115804
1,1,0.9996425594327326
1,1,0.9995447864047066
0,0,0.0010220555591806768
0,0,0.004631961450385745
0,0,0.0011656065951226912
0,0,0.0038990113944983003
0,0,0.004067984596175438
0,0,0.009092889901944314
0,0,0.0042010937696599585
0,0,0.004089390313203867
1,1,0.9203181143068014
1,1,0.9397025941439541
0,0,0.004786311371317774
0,0,0.0037402138243897666
1,1,0.8947510846602598
0,0,0.0015366771279698823
1,1,0.9111210046500912
0,0,0.0037864583715409225
0,0,0.0004708266903049735
1,1,0.9996635508660071
0,0,0.004536223584148341
1,1,0.999868475519762
0,0,0.003884583203306459
1,1,0.8822855526870808
0,0,0.014105259683199547
1,1,0.5970064463745144
1,1,0.9173747350300118
1,1,0.9679677038925987
0,0,0.006358060554242097
0,0,0.009368434850543486
0,0,0.0043941861692344715
1,1,0.923310164158815
0,0,0.012501793466975166
1,1,0.6050991867889097
0,0,0.0030864991734354586
1,1,0.9995678628390413
1,1,0.9998790578165736
0,0,0.005722992918594419
1,1,0.9342956048079738
0,0,0.011613996370431246
1,1,0.9989300334764943
0,0,0.0036769530786745267
0,0,0.008299010941865095
0,0,0.012388424419814598
1,1,0.999576283319644
0,0,0.006479400672196471
0,0,0.004321205927247749
0,0,0.010675611012263312
1,1,0.9994241730568615
1,1,0.9990338701461479
1,1,0.9997945495197827
0,0,0.001281375468760415
1,1,0.9993655700255802
0,0,0.005072074288539803
0,0,0.004496686613188186
1,0,0.4843513657033591
1,1,0.8967028403010784
1,1,0.7402031008208799
0,0,0.004432783036971429
1,1,0.9995984751190853
0,0,0.007338460403094092
0,0,0.005568162536462918
1,1,0.9997758451285685
1,1,0.9995804256076737
0,0,0.014149282410486026
1,1,0.9996208572419465
1,1,0.9990765690874279
0,0,0.0039862269104512325
1,1,0.9378437708558077
0,0,0.0046316186853347
0,0,0.006096002737211702
1,1,0.8829492546363097
1,1,0.9998663672383526
1,1,0.9332151275945831
0,0,0.007115567556077631
0,0,0.005281360483456922
0,0,0.002995432336408709
1,1,0.9994570722220107
1,1,0.9998486554199026
0,0,0.004537074431308726
0,0,0.0062505540940875305
1,1,0.9983250400050889
1,1,0.9997639232830732
1,1,0.9996346130895314
1,1,0.9230080586619104
1,1,0.9298158153746118
1,1,0.9370883766858523
1,1,0.9993458604942544
0,0,0.00336795169832668
1,1,0.9995043562701684
1,1,0.9999461627435944
1,1,0.9556316191384971
1,1,0.9998132878331584
0,0,0.007507835541777483
1,1,0.9995053025650039
0,0,0.006011621059479092
1,1,0.9993273724745649
0,0,0.004136906649971981
0,0,0.004567464975564023
1,1,0.8618170329418747
0,0,0.0067022215764891155
1,1,0.8876924293592636
0,0,0.0013373483008575714
0,0,0.008904864914121574
1,0,0.40564023081531164
1,1,0.9996408675224574
0,0,0.010635420646251635
0,0,0.008049136404481912
0,0,0.004808589878425528
1,1,0.9985171386121624
0,0,0.003746485002006954
0,0,0.004386518630481866
0,0,0.004917645155823774
0,0,0.051604716861182676
1,1,0.9996831301800236
0,0,0.0058212846238579335
1,1,0.8781330308274012
0,0,0.005131517450451752
0,0,0.19009958928922857
0,0,0.007631087010399658
0,0,0.004032930813330069
0,0,0.007782003838680748
0,0,0.012628371138399572
0,1,0.5070128470145562
0,0,0.008862529659228102
1,1,0.9999023154614142
0,0,0.0037820409081942086
1,1,0.99913408047986
1,1,0.9991825968137101
0,1,0.9171422966718022
0,0,0.011243577232488897
0,0,0.007538013951443542
0,0,0.005756496854055715
0,0,0.004718825346109103
1,1,0.9996003494069126
1,1,0.9995437878842718
0,0,0.004968382038389197
0,0,0.006779326880134464
1,1,0.8934141529514866
1,1,0.9998395128113464
1,1,0.9999089162654569
0,0,0.00826401053482432
1,1,0.9990804417662442
0,0,0.005700939400138437
0,0,0.0022914153241730476
0,0,0.005975503736343382
0,0,0.004659644716218047
0,1,0.9105777514880342
1,1,0.9982157077852322
1,1,0.9998524115151358
0,0,0.005652519952041453
0,0,0.007338185388762115
0,0,0.006429435828161635
0,0,0.004453891463127274
1,1,0.9993958525582916
1,1,0.9993994460751607
1,1,0.9994746250865666
0,0,0.004475054302037788
1,1,0.9996139679230174
1,1,0.9997801199894596
0,0,0.006781545054978983
0,0,0.004631513693379349
0,0,0.011963495086595693
0,0,0.008762462854495391
0,0,0.012758188990770226
0,0,0.00765070994769738
0,0,0.00498504269985742
1,1,0.9266962284886654
1,1,0.9992837224984512
0,0,0.006137115497305886
0,0,0.4650909805832747
0,0,0.004386502631805044
0,0,0.0053428803896010835
0,0,0.0008929155803795996
1,1,0.9985108823240203
1,1,0.9403541348602225
0,0,0.008886600843321477
0,0,0.012440528612641938
1,1,0.999921500371982
1,1,0.9999139995566717
1,1,0.9993436138661164
0,0,0.009943334316681193
0,0,0.009944115840448724
1,1,0.9997752843156481
1,1,0.9993755133623325
1,1,0.9998083402198515
1,1,0.9994162590769917
1,1,0.9983765490759359
0,0,0.011208302888432492
0,0,0.007655632875210678
1,1,0.6091706754571111
1,1,0.9997876145875696
1,1,0.9994124430914307
0,0,0.011291019335547211
0,1,0.8394202104791663
0,1,0.5091464801463702
0,0,0.1313611393421343
1,1,0.9998897380732945
1,1,0.9991964150558529
1,1,0.7663381440525837
1,1,0.9991633060000846
0,0,0.0003783092491318677
1,1,0.9996109238550287
1,1,0.9993462698827049
0,0,0.007644826227868324
1,1,0.9995850631320271
0,0,0.0056232287361969386
1,1,0.9994166690931912
0,0,0.002345007477651132
0,0,0.008045654700109905
1,1,0.8897735390918144
1,1,0.9290265780296336
0,0,0.004998596486619882
1,1,0.840297180066453
0,0,0.004161577750907073
0,0,0.006011746374401654
1,1,0.9992271266184809
0,0,0.004944372341589055
0,0,0.003698505131710979
0,0,0.004780233450574495
0,0,0.00757885036722047
0,0,0.011731925530685123
1,1,0.9998552140663198
0,0,0.0002228184891685746
1,1,0.9472332585896941
0,0,0.01445202344648334
0,0,0.006825963017088121
0,0,0.013417695349969831
1,1,0.9998380504014978
1,1,0.9987624761070986
1,1,0.9998258029407165
0,0,0.005682500549859623
0,0,0.00876770390212266
0,0,0.006309603940241787
0,1,0.8636957233668958
1,1,0.9997758772299893
1,1,0.9999381722646733
0,0,0.008658533306443039
1,1,0.9995885089357388
0,0,0.0058825307084970895
0,0,0.004072045378784065
1,1,0.9998319547210022
1,1,0.9991847244368173
0,0,0.00476111539600114
0,1,0.8806808256360529
1,1,0.9993908435254519
0,0,0.005027927305980683
1,1,0.903739083155869
1,1,0.9993609366595646
1,1,0.9992813678994048
1,1,0.9249501448525559
0,0,0.0056351508467412876
0,0,0.006438175028485153
1,1,0.9997787028133379
1,1,0.9999261216854476
1,1,0.9998607142114655
0,0,0.004552759888413929
1,1,0.9993776450928047
0,0,0.008601912228814616
1,1,0.9135005209675991
0,0,0.004681197660060829
0,0,0.002199116803790162
1,1,0.998566445701859
0,0,0.004623210753217708
1,1,0.742245797291355
1,1,0.9993641403841235
0,0,0.004357182701248824
1,1,0.9994912797693628
1,1,0.9998722429679124
0,1,0.9025956483933322
1,1,0.9994890851046715
0,0,0.010036909086618194
1,1,0.9994558337498435
0,0,0.004226397456440035
1,1,0.8870983059175442
0,0,0.01067644642396332
1,1,0.8482072041168247
1,1,0.9039169522389866
0,0,0.006290292445310618
0,0,0.005643259375177259
0,0,0.006735571283100774
0,0,0.005501792394193478
1,1,0.9998304624533071
0,0,0.004762998284532969
0,0,0.00680456086572807
0,0,0.01272188131748208
1,1,0.9994261858852974
0,1,0.9182274642124465
1,1,0.8323849792473864
1,1,0.9997113005717132
1,1,0.9976217176313542
0,0,0.0047903620246493184
1,1,0.9994425958760546
1,1,0.907633660869248
0,1,0.9241559434404255
1,1,0.9997467525344647
0,0,0.006197460692543309
0,0,0.0031692322420124376
0,0,0.2835570098574851
0,0,0.004547802040326348
1,1,0.9124867710286789
1,1,0.9997820067160966
0,0,0.005780244490195712
1,1,0.9999376173315767
1,1,0.9674935347601211
1,1,0.9999037668724999
0,0,2.203863621986413e-05
0,0,0.005292745091644941
1,1,0.8899962744709772
0,0,0.0033421730187422126
0,0,0.10684270812833675
0,0,0.004209659198736563
0,0,0.01179211546234276
0,0,0.009048186434004932
0,0,0.0035285580180089457
1,1,0.8707057555956752
0,0,0.006949366715218434
0,0,0.006348542753096634
1,1,0.9996824257172028
1,1,0.9141962343336099
0,0,0.006400623131850361
1,1,0.9993211253100994
0,0,0.00666824741517112
0,0,0.0055493334010622295
0,0,0.005873711225974251
0,0,0.003069039598267207
1,1,0.9295096599353435
0,0,0.005285677213620887
1,1,0.5702287748696337
0,0,0.11733886712269997
0,0,0.001775807972830102
1,1,0.9996079228455934
0,0,0.0034082804145656237
1,1,0.9988295864470615
1,1,0.9998341178257326
0,0,0.06711618918735232
0,0,0.4158032780659157
0,0,0.006535315662492166
1,1,0.9997459366065874
0,0,0.004482398858013228
0,0,0.04119701810542718
1,1,0.9998226651329286
1,1,0.9998603724075866
1,1,0.943682554587364
1,1,0.9999162655277531
1,1,0.9994778306823675
0,0,0.4060132774982043
1,1,0.9105482571948191
1,1,0.9076677589292989
0,0,0.007534781014011376
0,0,0.005560106933199921
1,1,0.9995385902272048
1,1,0.9996789126803856
0,0,0.0050046072305153025
1,1,0.9993189554859209
1,1,0.9998946081115561
1,1,0.9994014132021303
1,1,0.9994761112264555
1,1,0.6274511905893141
1,1,0.9110570774829726
1,1,0.87623936256295
0,0,0.005920589445965959
1,1,0.9372263456694031
1,1,0.9025273866300916
1,1,0.999700335697529
1,0,0.013421509913547337
1,1,0.9998223669527436
1,1,0.9335470475530682
0,0,0.00457860530604166
1,1,0.8823460783719752
0,0,0.00421891657185313
0,0,0.005227437763385502
1,1,0.9630085599179008
0,0,0.006003392853240589
1,1,0.9614274670134144
1,1,0.904935597441182
1,1,0.9188274402423522
0,0,0.0053905386992854215
0,0,0.0051244208698614305
1,1,0.9989819709951154
1,1,0.9429868484660273
1,1,0.9471564444652006
0,0,0.009087306057131603
0,0,0.004926358321967075
1,1,0.9993869294570535
0,0,0.0074312867303766884
0,0,0.005211563163525365
0,0,0.006482478497171632
1,1,0.9051479168155971
1,1,0.9590255211108878
1,1,0.8876288990787848
0,0,0.0042884481689368665
0,0,0.004657633285419237
1,1,0.95939372737359
1,1,0.9995265484833142
0,0,0.006711015598733973
1,1,0.99932598104459
0,1,0.955903734605515
0,1,0.8751802518130819
1,1,0.999396522416721
0,0,0.005995827601846375
0,0,0.0060178308504877315
0,0,0.013825139038760384
1,1,0.8956616096620055
0,0,0.008778197305214092
1,1,0.9995020513027763
0,0,0.1727248274989374
0,0,0.006822237053785754
1,1,0.9992750129108126
1,1,0.9513049958939096
0,0,0.005168604000822506
0,0,0.005056979502329127
1,1,0.9999316227858228
0,0,0.008793459071771285
0,0,0.00388694205279606
1,1,0.9993490780096891
0,0,0.007033006264688129
1,1,0.9630220424813497
1,1,0.9997457097299769
1,1,0.9116708338965874
0,0,0.0071580971003107905
0,1,0.9281825106537153
1,1,0.8767881686345592
0,0,0.006280610522439759
1,1,0.9037286542171377
1,1,0.9995239564880448
0,1,0.9137348260896277
1,1,0.94519790842394
1,1,0.8501299404920125
1,1,0.999780190557191
0,0,0.007193643633126524
1,1,0.876560696735111
1,1,0.9985356852440906
1,1,0.9994479958943012
0,0,0.0054028588503007655
0,0,0.0037730771688500677
0,0,0.008371468177835807
0,0,0.0038753076435701504
1,1,0.996604377392217
0,0,0.42945932675338133
0,0,0.005130006120445804
1,1,0.9994417125440473
0,0,0.005023253973471625
1,1,0.999285101652181
0,0,0.00485542490961286
0,0,0.013990419842922642
0,0,0.005496469029963049
0,0,0.00432761584988446
1,1,0.9990668728186964
0,0,0.004555407016157028
1,1,0.9583367007481536
0,0,0.005643212092654928
0,0,0.004764287515342661
0,0,0.003737128347675207
1,1,0.9699406778958594
1,1,0.999507429430524
1,1,0.9372985529789957
1,1,0.9998613550653
1,1,0.9992101654620834
0,0,0.4330684544054327
0,0,0.11275220191150327
0,0,0.004495178213078904
1,1,0.9986059856645895
1,1,0.9887009713285111
0,0,0.007859897266292432
0,0,0.009484830914438433
1,1,0.9307138866504808
1,1,0.9997863786676427
0,0,0.007739626084636323
0,0,0.010268458216183763
0,0,0.00826570525148605
1,1,0.8906253562900063
0,0,0.007636454156581662
1,1,0.9993294112391553
0,0,0.01140083177154032
1,1,0.9993011230311369
0,0,0.006935885003571636
1,1,0.914495736044967
0,0,0.007121776260123579
1,1,0.99984068432324
1,1,0.9476998491808816
0,1,0.8858559356509029
0,0,0.00675278845620143
1,1,0.999529250359135
1,1,0.9995211393709359
1,1,0.9990879760078961
0,0,0.003820792429812486
1,1,0.9994741556902236
1,1,0.9997756278115995
1,1,0.6574907182529026
0,0,0.008081965132270752
0,0,0.00768574790428566
1,1,0.9996463783962172
1,1,0.9997955689401418
1,1,0.9999029080458784
1,1,0.9986900777305103
1,1,0.9986199378110172
1,1,0.8928916961880383
1,1,0.9995857002538656
1,1,0.8983089005514102
0,0,0.007172744418206931
1,1,0.9993075609715893
0,0,0.31825101885534374
0,0,0.006984921103044032
0,0,0.0021105269211323338
0,0,0.01510457839058121
1,1,0.9994549539346604
0,1,0.709445134079373
1,0,0.11282497592441662
0,0,1.809866963971259e-05
0,0,0.007171795174357816
1,1,0.8942412755535142
1,1,0.9993652804158898
1,1,0.9497901041231669
1,1,0.9550298465879409
1,1,0.9991948339389302
0,0,0.005052850383618086
0,0,0.30162854426972285
1,1,0.9545872128070482
0,0,0.004447157305832076
1,1,0.9993474437281203
0,0,0.007333521762831285
1,1,0.9156811216634866
1,1,0.998659409205954
0,0,0.0035492208065458423
1,1,0.9245030409995978
0,0,0.00456899300488817
1,1,0.9997546062938172
0,0,0.004984234002705011
1,1,0.9162475629103036
1,1,0.9998689139675156
1,1,0.8740873558159947
0,0,0.004279933489367143
1,1,0.9997063496210009
1,1,0.9976314872730443
0,0,0.0048470335518003465
1,1,0.9995469183339643
0,0,0.007288783218197237
1,1,0.9998131565116696
0,0,0.004577213138161969
1,1,0.9222235077197947
1,1,0.999492920177145
1,1,0.9999038482075194
1,0,0.3427643651255542
0,0,0.006622533978109198
1,1,0.9127514619823958
0,0,0.006647766316385385
1,1,0.9996176277804131
1,1,0.8773845694274093
0,0,0.004386304446997286
1,1,0.9995703698604285
0,0,0.0037820417008573486
1,1,0.9265143912981375
1,1,0.8585834338294607
1,1,0.5743310900495259
0,0,0.006654538538508887
1,1,0.9983801982678444
1,1,0.9982019661152914
1,1,0.9985635779287415
0,0,0.01309023437150862
1,1,0.9984852097316903
1,1,0.9477185122407867
1,1,0.9984582608595253
0,0,0.0111947544474353
0,0,0.005266599002882207
1,1,0.9999266177453209
1,1,0.9987130054584132
0,0,0.0030822281136114395
1,1,0.9994636816987533
0,0,0.007576511271503394
0,1,0.6713920083231975
0,0,0.008736996737258008
1,1,0.9228751097841397
1,1,0.9734045132714484
0,0,0.004408465484013397
0,1,0.8810824944752637
0,0,0.004416772833445346
0,0,0.0034497171270424756
0,0,0.007822645555641057
0,0,0.002000830721545655
0,1,0.9186915554754005
1,1,0.9998341628690518
0,0,0.012684808774062832
0,0,0.0023670987880215237
0,0,0.007484801677916558
0,0,0.004969896790537468
0,0,0.0011104440337513749
1,0,0.0337412282193735
0,0,0.003580375167413349
1,1,0.8797850897561853
1,1,0.8956128602389591
0,0,0.005164190794459778
0,0,0.19022325601457218
0,0,0.004432575337550015
1,1,0.9997388840708954
0,1,0.9222125882692485
0,1,0.8545936785367497
0,0,0.007461870965259172
0,0,0.006263979255196414
1,1,0.9987447213721038
0,0,0.004874047002294543
1,1,0.9997120436589306
0,0,0.003833216631874597
0,0,0.005256229879544239
1,1,0.9562879225804406
1,1,0.9991718262891581
1,1,0.937131932654612
1,1,0.9980082454522001
0,0,0.0011206279523720232
0,0,0.004161009935004701
0,0,0.004418935622838094
0,0,0.0056667438041284445
1,1,0.9992495399520497
1,1,0.9252291858685613
1,1,0.9996159050033339
0,0,0.0034752230809625955
0,0,0.007188093879661916
1,1,0.999766369956185
0,0,0.006369042288471216
0,0,0.00918971913311555
1,1,0.9987334095460185
1,1,0.9139425841011315
0,0,0.01015663191048128
0,0,0.008261108379395542
0,1,0.864176021160079
1,1,0.8773413697034546
0,0,0.011353884162889759
0,0,0.01104643530363876
1,1,0.9998405474319948
0,0,0.005430151165096669
1,1,0.9962549740440908
0,0,0.006936238376819939
0,0,0.004789567302264589
1,1,0.9993809823964653
0,0,0.0038079682523096924
0,0,0.004150263979109141
0,0,0.0058528420949530025
1,1,0.9992122380967151
0,0,0.008354114746867931
1,1,0.9996568156951767
0,0,0.024579319618474028
1,1,0.99989246811035
1,1,0.9006531451579749
0,0,0.004492193393605644
0,0,0.0010473422248464478
1,1,0.999247494223838
0,0,0.1716136615012752
0,1,0.5242499320790698
1,1,0.9703657084654438
0,0,0.007360534256568147
1,1,0.6603360639595028
1,1,0.921376944924588
0,0,0.004900640505048638
0,0,0.002425641108593001
0,0,0.010973298637550725
0,0,0.007078260479504461
0,0,0.014468739539413146
0,0,0.003532925194188841
1,1,0.8922406946483172
0,0,0.0038847736420753783
0,0,0.003798137790996561
1,1,0.9984902316880858
0,0,0.005673343587485183
1,1,0.9990270108614032
1,1,0.60906498878743
1,1,0.9995490674131056
1,1,0.9140795172634268
1,1,0.9981298946408182
0,0,0.008433590036139067
1,1,0.9994424234703859
0,0,0.005917941428192945
1,1,0.9996008911571624
0,0,0.004128442365369898
0,0,0.0062741733975550645
1,1,0.9994660049215971
1,1,0.9979079499656986
1,1,0.9987354150738871
0,0,0.008879963930719319
0,0,0.06847262500688853
1,1,0.9260054439027898
1,1,0.9988572329520305
1,1,0.9999197883210972
0,0,0.006621505293230811
0,0,0.008627166618483515
0,0,0.003634350037343378
1,1,0.9472344917742037
0,0,0.0037564260983134635
1,1,0.9998609531567528
0,0,0.46170645077385397
0,0,0.0045257753806106004
1,1,0.9323248952467444
0,0,0.0072616103070318105
1,1,0.9994302781549599
0,1,0.8537973929382966
1,1,0.9994795039214243
1,1,0.8891498860668601
1,1,0.9995012900567276
1,1,0.999647879558037
1,1,0.9996434884883884
1,1,0.9998714524558076
0,0,0.0036039581877609
1,1,0.9998612491077808
0,0,0.4424746725406786
0,0,0.005119693098925801
1,1,0.9997780937271629
0,0,0.01198912556747992
0,0,0.00738122870378216
0,0,0.0038207904279287937
1,1,0.9998532950596486
1,1,0.9586077197173626
0,0,0.006427572517035565
0,0,0.007000893496248298
1,1,0.9992009938675283
0,0,0.0077735123414734274
0,0,0.005714809559479834
1,1,0.9997786983384221
0,0,0.008894585848976524
1,1,0.9995507418584182
0,0,0.0038762089470377992
1,1,0.8615488334466709
1,1,0.9996068803065893
0,0,0.010553755553857432
0,0,0.005067341572351597
1,1,0.9209911426108645
1,1,0.5693259359993194
1,1,0.8956733300695032
0,0,0.004244453153615354
0,0,0.004744557049071531
0,0,0.00399071693440377
1,1,0.9992581282735973
0,0,0.006685965785121653
1,1,0.9997511414388742
1,1,0.9990316269485183
1,1,0.9399787219896175
0,0,0.0033423170603791527
0,0,0.004825716082519364
0,0,0.004908283901205676
1,1,0.9993355491262057
1,1,0.8992979755735474
1,1,0.9995291828485132
0,0,0.009358576674969112
0,0,0.002712535288844686
1,0,0.4400431383876283
0,0,0.004763568174106941
1,1,0.9993675386987003
0,0,0.007045859993266902
0,0,0.006780616831709623
0,1,0.8504029347207998
1,1,0.9997706816778205
0,0,0.0041616806612675816
1,1,0.9989929421408537
1,1,0.9993861391576216
0,0,0.05749626678668449
0,0,0.0031933390202168836
1,1,0.8879874502957068
0,0,0.004841562289950804
1,1,0.9998625655201494
0,0,0.012414885126298316
0,0,0.0062281747026289745
1,1,0.9998262887087007
1,1,0.9996788264483165
1,1,0.9987438927306928
0,0,0.005922080908345387
1,1,0.5970034620538601
0,0,0.004710289492165127
0,0,0.00575790461034521
1,1,0.999427805958742
0,0,0.005675420831372083
0,0,0.004440193275961036
0,0,0.007129678110628474
0,0,0.009884917682357046
0,0,0.0019672545649597104
1,1,0.9507593814520044
0,0,0.003194458776856831
1,1,0.9995490684111283
0,0,0.0051070636179649815
0,0,0.004973938144791515
1,1,0.5790796410811784
1,1,0.9341914983931343
1,1,0.9997665536628306
0,0,0.0033312658393964602
1,1,0.9303340256427919
0,0,0.004695531635683597
0,0,0.007735414573341721
0,0,0.00778360309304288
1,1,0.8948068355026936
1,1,0.8548621584883976
1,0,0.01036420670114396
0,0,0.019739124051279682
1,1,0.7046415121585301
0,0,0.007748722017866475
1,1,0.9993623975031488
0,0,0.01603554710925683
0,0,0.005246321764039983
0,0,0.13330546743761304
1,1,0.9997606589183816
1,1,0.6094302188408183
0,0,0.002549622295307439
1,1,0.8747673350427986
1,1,0.9222703001518444
0,0,0.0038788962445979467
0,0,0.006851386025884439
0,0,0.010647317327565974
1,1,0.9998582005090211
1,1,0.9997035886217954
1,1,0.9994422636011487
0,0,0.006483425990941729
1,1,0.9996605064822623
0,0,0.004220839723171429
1,1,0.9987248055957417
0,0,0.006406550248778539
0,0,0.00629434535958226
1,1,0.9995281998680235
1,1,0.930875230235246
0,0,0.005226091419115712
0,0,0.006481639608570027
1,1,0.9993126352127165
0,0,0.006736291535112156
0,0,0.006814371028165831
1,1,0.8846522741015547
0,0,0.0054467928484614216
0,1,0.525366534604219
0,0,0.010582982221649079
0,0,0.004992983138607221
0,0,0.005772277487745784
1,1,0.8916490075318301
1,1,0.9993971164503332
0,0,0.004670961604957627
1,1,0.999410328469304
1,1,0.9996305504849962
1,1,0.999586547605788
1,1,0.9649718023716201
0,0,0.004506708548462233
1,1,0.9984061210398969
1,1,0.9506580074351739
1,1,0.9996868724316422
0,0,0.006831901082373873
1,1,0.9986371205316362
1,1,0.9554396762947583
1,1,0.964373211139005
0,0,0.005348149516731624
1,1,0.9986121447582105
0,0,0.011307452472778779
0,0,0.008485469343187254
0,0,0.004997869620034205
0,0,0.004619664867656902
0,0,0.0077277645917528184
0,0,0.0042799308850569075
0,0,0.01165208320634499
1,1,0.9412995172473073
0,0,0.004665947825836448
1,1,0.9982140201365658
1,1,0.5438360086230186
1,1,0.9993752767236379
0,0,0.013369408752331126
0,0,0.0015358666622571448
1,1,0.9996403739380888
0,0,0.009662293871743674
1,1,0.9993802029513641
1,1,0.9983239660591604
0,0,0.008767600496993372
1,1,0.9995959154260566
0,0,0.00905540084095309
1,1,0.998366162387431
0,0,0.0049763424530835446
0,0,0.0047810437268870415
0,0,0.005591839079679286
1,1,0.9424169892096173
0,0,0.005100275186398022
1,1,0.999268080804434
0,1,0.7859465631555519
0,0,0.013713280003681994
1,1,0.9994178848716071
1,1,0.9998347061867242
1,1,0.9995688765512432
1,1,0.9995744509305748
0,0,0.012386097934906505
1,1,0.8802095784247344
1,1,0.9472455127544279
1,1,0.9997859212923624
1,1,0.9999278580923279
1,1,0.8805216756118963
0,0,0.008539439661705226
0,0,0.0036792136625844554
0,0,0.006921378381379742
1,1,0.9081844642016272
0,0,0.007159053563449007
1,1,0.9992941322353274
0,0,0.0035251576399559737
0,1,0.5445633971998539
1,1,0.8071570104071144
0,0,0.0058758566841034246
1,1,0.9988212725326796
1,1,0.9994318600916108
0,0,0.005341894448464285
1,1,0.9998882140046773
0,0,0.40891819308296906
1,1,0.9842818590156555
1,1,0.9993823260954761
0,0,0.004329378518969907
0,0,0.0057661613921248895
0,0,0.005738537911277379
0,0,0.006014069658499838
0,0,0.007927389703774506
1,1,0.9999362609142493
1,1,0.9993257310588817
1,1,0.9998950990216373
1,1,0.9983463872240728
1,1,0.9117887756523247
1,1,0.9986465087553577
0,0,0.007498026274588632
0,0,0.005436807927141173
1,1,0.9006955233109166
0,0,0.004837970208429495
1,1,0.9994233763128765
1,1,0.9996051945559917
0,0,0.008347066450774297
0,0,0.011487097531069225
1,1,0.8949997483288071
1,1,0.9997366999075085
0,0,0.0019573778213400382
0,0,0.0046721320271429926
0,0,0.006911883234287538
0,0,0.0021115759356046056
1,1,0.5847392738336735
1,1,0.8940695403883059
0,0,0.00746622591384563
0,0,0.038381132451354834
0,0,0.004162869067843283
0,1,0.9442203086869626
0,0,0.006716018330620991
1,1,0.9203624303671946
0,0,0.00959179707581442
1,1,0.999794955378164
1,1,0.9808625628706056
1,1,0.9997873412439603
1,1,0.7993273132901871
1,1,0.9996368693965972
0,0,0.006067042283897217
0,0,0.010689621052444186
1,1,0.9999450005162155
0,0,0.00414957540778856
1,1,0.9998228622631022
0,0,0.004686838618455711
0,0,0.004983765833392932
1,1,0.9986121042635225
0,0,0.004243048543787898
0,0,0.004076756767548852
1,1,0.8999144885068815
0,0,0.006178792205589854
1,1,0.9993801171467883
0,0,0.0035947513240755045
1,1,0.9085723460070617
1,1,0.9111201637680243
0,0,0.008762458851819756
1,1,0.9236865476625356
0,0,0.009802071766853349
1,1,0.9252718823711022
0,0,0.004474326988535241
0,0,0.004999076414033982
1,1,0.9187830281673597
0,0,0.00361091182230954
1,1,0.9999453710355987
0,0,0.007392692648299248
1,1,0.9994518014273173
0,0,0.006445841232857732
0,0,0.0011795712447287016
0,0,0.0048625325423402805
1,1,0.9657382714087427
0,0,0.0023248245158746946
0,0,0.0067354332828163735
1,1,0.9994514762813658
0,0,0.1148173118083394
1,1,0.9108724101796106
0,0,0.005474064490395919
1,1,0.9993088337963423
1,1,0.9997354374686999
1,1,0.9415857067689305
0,0,0.010109971996714092
1,1,0.7783960087309517
1,1,0.8404803263515197
0,0,0.005168844433255623
0,0,0.006863917533957236
1,1,0.9096252635558305
1,1,0.9994291911783032
0,0,0.002137896946366763
1,1,0.7545414154403354
0,0,0.006366132232178707
0,0,0.007024407465707786
1,1,0.9993758337648287
1,1,0.7118544603269623
0,1,0.9085601818707699
0,0,0.0045586392467472665
1,1,0.9995959140805747
1,1,0.9992726721147168
0,0,0.004291182804467387
1,1,0.9995446506056208
1,1,0.926122782323636
0,0,0.4153071763152849
1,1,0.9998757389655172
1,1,0.9996261046062201
0,0,0.010112554577144937
1,1,0.9998818759321142
0,1,0.6424150291341425
0,0,0.011915434941341774
1,1,0.9996372171559226
1,1,0.9301893155247604
1,1,0.9999120666819304
1,1,0.9567177713445658
1,1,0.9995161509202758
1,1,0.9994913338746033
0,0,0.012039713565619998
1,1,0.9053807910783377
0,0,0.006848865085822865
1,1,0.841736849737881
0,0,0.004067952017664994
1,1,0.9079216445894042
0,0,0.00653015892055547
0,0,0.004898652241643644
0,0,0.003450216190922626
1,1,0.9993675427417347
1,1,0.9992544224862677
0,0,0.005299200840177027
1,1,0.9998738997289325
1,1,0.9997342528123232
0,0,0.005657367627372782
0,0,0.0037216604156492393
1,1,0.924571553573481
1,1,0.9991572624294714
0,0,0.006476500823221952
0,0,0.004374057414166094
1,1,0.9511586426809732
1,1,0.999451070108759
1,1,0.9556041093666074
1,1,0.999661992374832
0,0,0.0028578795883386016
1,1,0.9994417068730647
1,1,0.999488482307071
0,0,0.005066596140136656
0,0,0.00999636268952314
0,0,0.004209664154217887
0,0,0.39609477000385584
1,1,0.9998914956971591
0,0,0.005718019882316426
0,0,0.009314597166377484
1,1,0.9999044317033656
1,1,0.998677128893928
0,0,0.005154352135274302
1,1,0.9994996254730447
0,0,0.005169791232797086
0,0,0.31510633430875157
0,0,0.07895003568272542
1,1,0.9250246979068818
0,0,0.0046896924239645445
0,0,0.01566539963829717
1,1,0.9635145638240078
1,1,0.949120511311035
0,0,0.005009755433995304
1,1,0.9982032708688026
1,1,0.8950745844196779
0,0,0.007294654503237672
0,0,0.003398964241913814
1,1,0.9515242250833227
1,1,0.9017065677275362
1,1,0.999915385537929
1,1,0.9994482451878264
1,1,0.8999131685535254
1,1,0.8968741744117739
0,0,0.0015336778804434842
1,1,0.9252669198031449
0,0,0.008260964901517906
0,0,0.007181433421074851
1,1,0.9993377349417099
1,1,0.9252650253344618
1,1,0.999645247023363
0,0,0.005313266589613806
0,1,0.9214692291374803
0,0,0.0007093223013514104
0,0,0.00922493955948458
1,1,0.9999375818342859
1,1,0.9581880075628998
1,1,0.9537460488368945
1,1,0.9997432024080761
1,1,0.8920802506676874
0,0,0.0012559025924026037
1,1,0.5915984722305226
1,1,0.9994659282083066
1,1,0.9998899516674865
1,1,0.9072024531241722
1,1,0.9997511370886123
0,0,0.014615208550411674
1,1,0.9993146404725818
0,0,0.031404567520102615
1,1,0.9981997186723388
1,1,0.9996485839690334
0,0,0.18422101361988388
0,0,0.0042233743320085676
0,1,0.8750451659145149
1,1,0.9994488344789075
1,1,0.8564761779165979
0,0,0.008501963663220688
0,0,0.0049851525371349854
0,0,0.00549373665746228
0,0,0.004929048529993896
0,0,0.0038168471920344577
0,0,0.0136922126511344
0,0,0.007439294198428933
1,1,0.9997199457234994
1,1,0.9994901336783271
1,1,0.9987839075819063
1,1,0.9998050602832914
0,0,0.0047463666542522645
0,0,0.008624034588759742
1,1,0.9296415942201954
1,1,0.9998984681123512
1,1,0.998502622984933
1,1,0.9985874135917577
0,0,0.006473908405618828
1,1,0.9996092924524855
0,0,0.006189057612942589
1,1,0.9993466673124306
1,1,0.999938743087039
1,1,0.9976221451675575
1,1,0.9998957819127832
0,0,0.0052330356865485355
1,1,0.999581710585692
1,1,0.9999329769034698
0,0,0.007892950991672514
1,1,0.9369027618332488
1,1,0.999129429921258
1,1,0.9993743278590542
1,0,0.38849490863355196
1,1,0.9997151729417898
1,1,0.9998840429885111
1,1,0.9226539269994749
1,1,0.9999279789469261
1,0,0.00741664869772772
0,0,0.01404449584672619
1,1,0.935794587676995
1,1,0.9084443503485948
1,1,0.9993373409243368
0,0,0.004288608504907581
1,1,0.9991385583864489
0,0,0.003906554880406784
0,0,0.00371079991876999
1,1,0.9981831373231623
1,1,0.9994644832686645
1,1,0.9999207159716126
0,0,0.3263881926032373
1,1,0.9997875627930404
0,0,0.009017640991500857
0,0,0.005114098481708379
1,1,0.9993659217121967
0,0,0.009824142046792352
0,0,0.0036039382636767867
0,0,0.004467895176474224
0,0,0.0058063019285691875
1,1,0.923087415147135
0,0,0.006661569375558138
1,1,0.9639318509925271
1,1,0.9995266487444935
1,1,0.8968750911014881
0,0,0.005034367017599472
0,0,0.007009535150588313
1,1,0.9984649966914954
1,1,0.9997205603330339
1,1,0.9505106560609198
0,0,0.005340042722803868
0,0,0.0028575160694138597
1,1,0.9994775656634272
1,1,0.904948138614221
0,0,0.006153852463916561
0,0,0.005531376935360585
0,0,0.006895689921756904
0,0,0.008665128660720741
1,1,0.8992899559322126
0,0,0.3818388664552711
0,0,0.00738068723130346
0,0,0.004337352122527611
1,1,0.9995959911617086
1,1,0.9996066335716653
1,1,0.9188435537020071
0,0,0.013378192597226108
1,1,0.9407826222172252
1,1,0.9990965061895583
0,0,0.008330085396413717
1,1,0.9999381735399283
0,0,0.004928052859692111
1,1,0.9996224473260447
1,1,0.9996545558137041
0,0,0.006334630900792028
1,1,0.9999422060106877
1,1,0.5248293664676601
1,1,0.9995385899846363
1,1,0.9997616319786856
0,1,0.9025325040888679
0,0,0.005580785449636378
1,1,0.9681517094338647
1,1,0.6550313308308281
1,1,0.8705721411792214
1,1,0.8201476631178308
1,1,0.9994278059759292
1,1,0.9997116064898156
1,1,0.9997562921002418
1,1,0.9994626004745458
0,0,0.005540913864981185
0,0,0.009034618247793277
1,1,0.9296434149752684
1,1,0.998485672361428
1,1,0.9997523203804726
1,1,0.9997658334593246
0,0,0.046424438790454034
1,1,0.9998009376932616
1,1,0.9996848587954764
0,0,0.005642925118942238
1,1,0.9125469643894157
1,1,0.5692180379425409
1,1,0.9471084804127062
0,0,0.00859518927491084
1,1,0.8125548723893882
0,0,0.0024090555353224095
0,0,0.006475872979564253
1,1,0.9998231373894109
0,0,0.00196505666523313
0,0,0.004356055394717935
0,0,0.004492061602382707
0,1,0.934194077166616
0,0,0.00426538502780219
0,0,0.00636614360728894
1,1,0.9996159136065601
1,1,0.9997515981244295
1,1,0.9996291820320703
0,0,0.004762994580369811
1,1,0.9594300860781427
0,0,0.005105938655637513
0,0,0.007107288640471665
0,0,0.004118515637210603
0,0,0.21852849156815368
0,0,0.004829921895323371
0,0,0.0045462469241485445
0,0,0.007783466161217912
0,0,0.003450177893342737
1,1,0.8967472473239432
1,1,0.9998535141110276
1,1,0.999476745795119
1,1,0.9988174246883099
1,1,0.8813823554657761
0,0,0.0047727933112637665
1,1,0.9995943541782885
0,0,0.009938244274294116
0,0,0.0049573918727023065
1,1,0.9996598652518596
0,0,0.008828372163871605
1,1,0.8145839257204299
0,0,0.0078030181810529765
0,0,0.0035487092411127697
0,0,0.003887038431022624
0,0,0.005447688841763666
1,1,0.8646847380506337
1,1,0.9994700764785599
1,1,0.999053720005307
0,0,0.005255432537119639
0,0,0.4107567451420775
0,0,0.45150011244205246
0,0,0.0035191097032961933
0,0,0.011029857110169513
1,1,0.9999305463775695
1,1,0.9982467834195208
0,0,0.0049846283346901285
0,0,0.003798476068049852
0,0,0.0032110818958179348
0,0,0.0075559273731870685
1,1,0.9998667994898938
0,0,0.010679871337117331
1,1,0.9996323018687242
1,1,0.9573429186755364
1,1,0.9990694582524271
1,1,0.9530000426825771
0,1,0.5218769608232113
0,0,0.00570671345728982
0,1,0.8857390454836347
1,1,0.9995316350032715
1,1,0.99960078155513
1,1,0.929029658271729
0,0,0.0028011959466939344
1,1,0.6208996205029677
0,0,0.005393567442941927
0,1,0.802279791334513
0,0,0.012881756979013876
1,1,0.999563633172833
0,0,1.4518927078861927e-05
0,0,0.005994635297851519
1,1,0.9995723472008159
0,0,0.003417963988418245
0,0,0.0042823295433690985
0,0,0.013213230221521035
0,0,0.005243227887380732
0,0,0.00603356316260224
0,0,0.006594148972972577
0,0,0.006642497645300922
0,0,0.0072117872207561615
1,1,0.9998514147063186
1,1,0.9999019740501817
0,0,0.008862732236430615
0,0,0.0038559437425396068
0,0,0.005643044361126233
0,0,0.4802726191992059
1,1,0.9999381824327445
0,0,0.003880894120384497
0,0,0.00851298011358713
1,1,0.9994775474728123
1,1,0.9995701961798854
1,1,0.9995327820169854
0,0,0.012590697307067024
0,0,0.005832627583784974
1,1,0.941697557462002
0,0,0.0046893826299979615
1,1,0.9993435422958762
1,1,0.9993783229877372
1,1,0.9995606730247776
1,1,0.9196522552078483
0,1,0.9266898075786125
0,0,0.0037108361724885815
1,1,0.9994012087152071
0,0,0.012827691832506748
1,1,0.9997722250901202
1,1,0.9998320963037257
0,0,0.006140997245013293
0,0,0.0020564578019301332
1,1,0.9985378809446077
0,0,0.0007398409926630831
0,0,0.12444746404082029
1,1,0.9260473873447388
0,0,0.005930569760892821
1,1,0.896282450336753
0,1,0.6529010601551692
0,0,0.001871900728049365
0,0,0.012990163694331978
0,0,0.001983893917653048
1,1,0.999719939483111
0,0,0.00414081740674658
0,0,0.011673650669546043
1,1,0.9996568157484489
0,0,0.0058562975996309125
1,1,0.5248338456235659
1,1,0.9998680919918947
0,0,0.004071729983421447
0,0,0.010340397308016011
1,1,0.9997070492932408
0,0,0.006668817184187193
0,0,0.005875465243303941
1,1,0.9986974203323641
1,1,0.9996274890719482
1,1,0.9995956551570309
1,1,0.9994860368950398
0,0,0.0011953068415338692
0,0,0.0071580576449854355
0,0,0.01044493758765666
1,1,0.9995745258635617
0,0,0.0012080937182043182
1,1,0.9995252506765845
1,1,0.9377228311451233
0,0,0.004435490540581378
1,1,0.9997837636819032
0,0,0.0066618553687765834
1,1,0.9474975795249654
0,0,0.005990224057496918
0,0,0.4800541153218818
0,0,0.0055190788181604675
0,0,0.004970624004840043
0,0,0.005649025436977168
1,1,0.9996175977856879
0,0,0.0008030376631702053
0,0,0.013055531557021547
1,1,0.999881449314749
1,1,0.8832047453698679
0,0,0.004149693080131063
0,0,0.006389877665488962
0,0,0.00513756156321488
1,1,0.8829389960774751
1,1,0.9997467114336868
1,1,0.9995833786117198
1,1,0.9045332966590028
0,0,0.0033186649952241317
0,0,0.005584338983936545
0,0,0.005568792534943792
1,1,0.8962436785268101
0,0,0.005033061007072178
0,0,0.002002655331994405
0,0,0.005269829297458502
1,1,0.9995412472847706
0,1,0.7852920461396545
0,0,0.005959692505534398
0,0,0.0021855653562582117
0,0,0.008217190470043247
1,1,0.899036086002402
1,1,0.9985802761545752
1,1,0.9994936038923063
0,0,0.0053514566426669866
0,0,0.004393899570686355
0,0,0.010263950547033928
1,1,0.9989185560597728
1,1,0.9996392089513562
1,1,0.9991003367302368
1,1,0.9981727812002608
1,1,0.5240703918513704
0,0,0.010742058695262773
0,0,0.007260069551342437
0,0,0.00271595975596969
0,0,0.006094927871196138
0,0,0.41218181943197013
1,1,0.8666004061253795
0,0,0.008565382809794152
1,1,0.5101411686923855
0,0,0.005137195107107796
1,1,0.9268102372830539
0,0,0.006361889214473252
1,1,0.9998805683493261
1,1,0.9994585791541557
1,1,0.9230599509988262
0,0,0.009430960129008382
0,0,0.011290729696790864
0,0,0.003941648526321699
1,1,0.8760508014087497
1,1,0.999644719570625
1,1,0.6970228254693374
1,1,0.9997542375178996
0,0,0.007799518144772736
0,0,0.0019319267032079685
0,0,0.0022700747824424467
0,0,0.003740556948520549
0,0,0.005890603839581024
0,0,0.004394660931892272
0,0,0.006131371002806049
1,1,0.9059039396362407
0,0,0.007585927008428249
0,0,0.005901003405318223
0,0,0.006507999622212382
0,0,0.005777710180885461
0,0,0.10517978937794628
1,1,0.9178757305161834
0,0,0.007315569417215605
0,0,0.012758129474529614
1,1,0.8116461989174868
1,1,0.999761635688347
1,1,0.999311451453039
0,0,0.15755922790424423
0,0,0.00589868187680388
1,1,0.9995552280533222
0,0,0.004189942495103533
0,1,0.5929307078796702
0,0,0.014083393745273624
0,0,0.006600652518789539
1,1,0.9999316458900046
1,1,0.9997975463578215
0,0,0.005065252282244552
0,0,0.006564203852612656
1,1,0.9298528508390389
1,1,0.9209022395613207
1,1,0.8130002648497814
0,0,0.008336277599484566
1,1,0.9994225271066485
1,1,0.998995768400367
1,1,0.9993076836937032
0,0,0.00589856105955096
1,1,0.9976967457438526
0,0,0.007586541593176251
1,1,0.861470428743762
0,0,0.028253324664028478
1,1,0.9182626729372215
1,1,0.9998530831843491
0,0,0.03204977286320835
0,0,0.003194344979428647
1,1,0.999707092309455
0,0,0.0057687983293216285
0,0,0.006448144314785128
1,1,0.999581268528413
1,1,0.956310791618615
0,0,0.003722202035192016
1,1,0.9999306783810091
1,1,0.6459302225108853
1,1,0.9983924749809848
0,0,0.0038342448208288577
1,1,0.999731329156775
1,1,0.9993546354750819
0,0,0.0034163716691886174
0,0,0.005373823561999513
1,1,0.5248356690140469
0,0,0.0044238563644417115
0,0,0.004923871350325047
0,1,0.7782206699525968
0,0,0.0058722251757434155
1,1,0.9998346889225043
0,0,0.005591731681728115
0,0,0.0038047575280642583
1,1,0.9543740563172999
1,1,0.9991437264752457
1,1,0.9993435084931237
0,0,0.00965769755555891
0,0,0.0036920797260989154
0,1,0.7277753155011217
1,1,0.9994620808792003
1,1,0.999788013595449
1,1,0.9551714563676159
0,0,0.009017549228147698
1,1,0.9997850216939868
1,1,0.9304549535409877
0,1,0.8747542590065269
0,0,0.008981876874432328
1,1,0.9122498040926174
0,1,0.5142825774861688
0,0,0.010867554224684406
1,1,0.9997570442692854
1,1,0.9991003353915106
0,0,0.005330434585298865
0,0,0.0020007702486369338
1,1,0.9996051528119662
1,1,0.9993725517635856
0,0,0.006254311756765949
0,0,0.007080020218252353
1,1,0.8898181480310386
1,1,0.9994385082475075
1,1,0.9642331643944319
1,1,0.9999532254157819
1,1,0.9138121515612988
1,1,0.9952685805266833
0,0,0.006308652923694832
1,1,0.9998431795696583
1,1,0.9995211128152213
0,0,0.0035654737176458165
1,1,0.9996118830010546
1,1,0.935147469898063
0,0,0.008224845907760552
1,1,0.9996383592066004
1,1,0.9995538516841646
0,0,0.009638295778827072
0,0,0.00885042358592004
0,0,0.4586388260655661
0,0,0.01275841071746687
1,1,0.9996619807322272
1,1,0.9296271854197354
1,1,0.9007435281096632
1,1,0.9998586664801469
1,1,0.9998541687852249
0,0,0.0066096781723895045
1,1,0.9995415817356613
1,1,0.9999163131700538
1,1,0.9387035089716774
0,0,0.005919406507948005
0,0,0.008850361395108447
1,1,0.9014643754157188
0,0,0.004825123708522961
1,1,0.8719858214865656
0,0,0.006526771973496678
0,0,0.42017483237018816
0,0,0.006038711341239925
0,0,0.005020776242159574
1,1,0.9991314717748865
0,0,0.008303851105603692
0,1,0.8999138837996251
1,1,0.9998720972985985
0,0,0.007233600406807607
1,1,0.9995518827883426
0,0,0.006572944009996191
1,1,0.9998741975016294
0,0,0.005511726533857456
1,0,0.008831873426023307
1,1,0.9991982448467156
1,1,0.9983819839734885
1,1,0.9511163199180451
0,0,0.0033407857924671425
0,0,0.00773676530229233
0,0,0.0034972850642903583
0,0,0.004259177123408219
0,0,0.005024208157253912
1,1,0.9999105248688784
1,1,0.8944087254340861
0,0,0.009464933759425741
1,1,0.9993620534188734
0,0,0.0074714754158905685
0,0,0.004706885583189902
0,0,0.004858943293255739
0,0,0.003731580150553522
1,1,0.9994896881087277
1,0,0.31006758686166136
0,0,0.0046574679721013605
0,0,0.011761348705577386
1,1,0.9993113826043927
0,0,0.007455356918989694
0,0,0.010634394626505204
0,0,0.00497064080200464
1,1,0.9997029015678696
1,1,0.9994449885250911
1,1,0.9993888921618806
0,0,0.0047961435146289646
0,0,0.004161628084772966
0,0,0.005715050433429091
1,1,0.999273558274013
1,1,0.554258183266997
1,1,0.9588742725321072
0,0,0.0037215787685688276
1,1,0.9338126288612055
0,0,0.009989465056025312
1,1,0.9998960485856743
0,0,0.004935623556746967
0,0,0.0058636593397374355
1,1,0.9112554515481179
0,0,0.004881892415492565
0,0,0.005728930660188875
1,1,0.9182475330288905
0,0,0.008700159584270487
0,0,0.006057304712947358
1,0,0.47665301121384424
1,1,0.9286339920603298
0,0,0.008889286084861938
0,0,0.005254614542345992
0,0,0.004622214467047245
1,1,0.9994456106644952
1,1,0.9994881557832284
0,0,0.1444076633327309
0,0,0.008622973993078388
0,0,0.0037021412847735298
1,1,0.9245603006127426
0,0,0.004353827389907231
1,1,0.8794620592404853
1,1,0.9995504544904996
0,0,0.006451386295875275
0,0,0.0024808796679013294
0,0,0.004640062768073523
0,0,0.003919983165787187
1,1,0.9997270281457563
1,1,0.9512754382410424
1,1,0.9998464466206785
1,1,0.9994381889592318
0,0,0.0044262525888718735
1,1,0.9995702001173102
0,0,0.007765971623481221
0,0,0.1369407269198077
0,0,0.003970802328327576
1,1,0.9671601907854391
1,1,0.9993976205074447
1,1,0.9998228477558481
0,0,0.005528680953024343
0,0,0.004950212917328102
1,1,0.922779609393047
0,0,0.0039541111671292225
0,0,0.006059685599504209
0,0,0.005067459963785481
1,1,0.8707041046666488
1,1,0.8491194362345748
0,0,0.010819396141323032
1,1,0.9090644291452127
1,1,0.9996745215196959
0,0,0.006906190569376163
1,1,0.5970060229701907
0,0,0.04927834236479664
1,1,0.9993075842206379
1,1,0.9079261871192
1,1,0.89586273674316
1,1,0.9999075234876583
0,1,0.9233165733620129
1,1,0.999636655515134
1,1,0.8910032363495345
1,1,0.9994592980135601
0,0,0.012688959785433707
1,1,0.9994313064341153
0,0,0.0037553516125283536
0,0,0.008371469425307412
0,0,0.004436008597704375
0,0,0.008626182692521848
0,0,0.013269132788326301
1,1,0.9021301395309707
0,0,0.0047049170564460625
0,0,0.0059264633191564355
1,1,0.9996358529479036
1,1,0.9558639241640123
1,1,0.9539165432217303
0,0,0.011466309606626967
1,1,0.9993893785094787
0,0,0.00461924378931499
1,1,0.8725913098401069
0,0,0.1579724352839591
1,1,0.9996406028954745
0,0,0.005260179338649146
0,0,0.006734218313968176
1,1,0.9994909785648155
0,1,0.9050356210076358
1,1,0.9991314687104177
1,1,0.9633458311341414
1,1,0.9996199238508574
0,0,0.006300269583779244
1,0,0.2908401752064829
0,0,0.0056993330275873
0,0,0.0038500930892312888
0,0,0.005253191748636934
0,0,0.013298305950423882
1,1,0.9481979218831631
0,0,0.002805392179619895
0,0,0.0864378265669726
0,0,0.005247836987884357
0,0,0.0015383792899399998
0,0,0.004850953465088137
1,1,0.9996080227418724
0,0,0.0052115643581056815
0,0,0.007307953969293524
0,0,0.4989307438499653
0,0,0.0054747818445926725
0,0,0.01385145157855399
1,1,0.9998578869713318
1,1,0.9993053451886057
0,0,0.2890126484802586
1,1,0.9087271978382152
1,1,0.9986660366787172
1,1,0.9035687081316116
1,1,0.9993619544581136
0,0,0.005992577002167351
0,0,0.004481215263964805
0,0,0.011631639027772816
0,0,0.011359490696268229
0,0,0.006026164430717152
1,1,0.924940436034638
1,1,0.9994154465483323
1,1,0.9999116210629687
1,1,0.8889024249381138
1,1,0.9496582844688077
0,0,0.011286732354975402
0,0,0.00983624787166247
1,1,0.9995059108238259
0,0,0.01069499709115062
1,1,0.9996620097279785
1,1,0.9997821026986662
0,0,0.007351567747104942
1,1,0.9998404735754695
1,1,0.8920811639977269
1,1,0.9060574652324316
0,0,0.004207010377645919
1,1,0.999372555972474
1,1,0.9997514585670684
0,0,0.005617812035119517
0,0,0.014730290406226703
1,1,0.9998231160977938
1,1,0.999445614636144
1,1,0.9995719733415198
1,1,0.9309908243097232
1,1,0.9996215803256692
0,0,0.2469128510308918
1,1,0.9093200645605841
1,1,0.9993827029306256
0,0,0.005719157041743838
0,0,0.00427643356117499
0,0,0.004561390701029219
0,0,0.004809436854636849
0,0,0.0037245039125170993
1,1,0.9994072698238124
0,0,0.004488515984024178
0,0,0.00558422247962756
0,0,0.005257677270899656
1,1,0.9253057263022646
0,0,0.00530869827770864
1,1,0.9994950867843653
0,0,0.0032085909294944054
0,0,0.17992753282754959
0,0,0.005069331640867311
1,1,0.9982027044678672
0,0,0.00741656465715054
0,0,0.004568863574565246
0,1,0.8856227430509895
0,0,0.005311451651265431
0,0,0.002245491037758817
0,0,0.004774140605006158
1,1,0.9992519202054934
1,1,0.9987143141222459
0,0,0.0055377605744911
1,1,0.9990046016636956
1,1,0.9066061199345594
0,0,0.09405049528196988
0,0,0.011032675841122438
1,1,0.8642474042447319
1,1,0.883067948437697
1,1,0.9996568157295459
0,0,0.009116397570076843
0,0,0.007948544242504038
0,0,0.15921131576440364
1,1,0.9999131130651436
0,0,0.006611110398383705
1,1,0.9993915294898745
1,1,0.9998950368156303
0,0,0.004590751144933162
1,1,0.9120031527078227
0,0,0.04734065853382991
0,0,0.004308150040900775
0,0,0.007203949291165972
1,1,0.9992581324808046
0,0,0.002712517460995802
1,1,0.9325983978405518
1,1,0.9160953295696421
0,0,0.0037350529227025532
1,1,0.7897895891140593
1,1,0.8882458594341175
0,0,0.006876198798169086
0,0,0.008628350685168765
1,1,0.9994228558296305
0,0,0.007344419287681386
0,0,0.011633638283599073
1,1,0.93794642022654
0,0,0.0037961692263479554
0,0,0.009423565025656992
0,0,0.015636179541959467
1,1,0.9993537203312202
1,1,0.924260534504531
0,0,0.3982004597934201
1,1,0.9005956438919703
0,0,0.004982259616799104
0,0,0.00569886815930784
0,0,0.001281242026132527
1,1,0.8861391040280653
1,1,0.9996515688100276
0,0,0.0017421071636152404
1,1,0.9053380028204223
0,0,0.004493111124679608
0,0,0.005916484621864624
0,0,0.011407455892682538
0,0,0.006890943789052791
0,0,0.0035041639592776164
0,1,0.9054982061473699
1,1,0.9995493232904201
0,0,0.00882302735358199
1,1,0.9997780618153257
1,1,0.9999051868399176
1,1,0.9021817907715658
1,1,0.9099581217319165
1,1,0.9987144461889125
1,1,0.9996780325188609
0,0,0.011463656653760904
1,1,0.908898624020567
1,1,0.8990759896349493
0,0,0.31711324771121924
0,0,0.007067087584156835
1,1,0.9994551938507434
1,1,0.951393565096502
1,1,0.9996981111155916
1,1,0.7882494182175684
0,0,0.009576531963916526
1,1,0.9988102602192135
0,0,0.011708197450946563
1,1,0.9996397697080422
0,0,0.006354376268115877
1,1,0.9999036577849244
1,1,0.9992445444257922
1,1,0.9541665522268172
0,1,0.5348179565786187
1,1,0.999341294108186
1,1,0.9976338234213256
1,1,0.9983207065109692
1,1,0.9992813810874708
1,1,0.9139909059003466
1,1,0.9993682613946618
1,1,0.9986917198076644
0,1,0.5698727032332858
0,0,0.003953797602259695
0,0,0.007506456620018542
0,0,0.004697277340158095
0,0,0.005497471932398178
1,1,0.9100670259061564
1,1,0.9994070056180459
1,1,0.956797029076522
0,0,0.006275795572718864
0,0,0.005620521622519955
1,1,0.9148440418387223
0,0,0.006568347476353
1,1,0.9541983487006117
0,0,0.0063807067958103585
1,1,0.9089392642458853
0,0,0.002778919708079803
1,1,0.9999002436562205
1,1,0.9995816876698373
1,1,0.9985349043645765
1,1,0.9998783304612607
0,0,0.0030258148830327003
1,1,0.9999037517387193
0,0,0.004202396433390753
0,0,0.006709309787177531
0,0,0.013745625117359451
0,0,0.0017140821938737127
0,0,0.00457987142854069
0,0,0.007849535398533043
0,0,0.3881559784838789
1,1,0.9986342557529327
1,1,0.9996274962990819
0,0,1.0418198521666807e-05
0,0,0.005386493881913619
0,0,0.004879503317704933
0,0,0.005339976126907432
1,1,0.9997850621213461
1,1,0.9994841722926979
1,1,0.9294636133810491
1,1,0.9988580020343226
0,0,0.005900205414302645
0,0,0.006158018767461643
0,0,0.00790781790248311
0,0,0.00781555239324555
1,1,0.9116527450531624
1,1,0.9994174426016579
1,1,0.8917331852241676
1,1,0.9393475553079023
1,1,0.8772445673888334
0,0,0.004700059938030461
1,1,0.9997645493730449
0,0,0.006481160170946325
0,0,0.006035013038948249
1,1,0.9999285695805799
1,1,0.9999330396670906
1,1,0.9995718456180183
1,1,0.9991969313231372
1,1,0.9987312957327739
0,0,0.011963718090546697
0,0,0.00344712532249312
0,0,0.0056463534145945
0,0,0.005541960449978873
0,0,0.007768369271941592
0,0,0.0047916010591545054
1,1,0.9991307956817006
0,0,0.012753706397425481
1,1,0.999708846857167
1,1,0.9994657155104321
1,1,0.9997566211388742
1,1,0.9996748192329938
0,0,0.0076561984570050045
0,0,0.005895966315790284
0,0,0.004594128386732479
0,0,0.012459673390638441
1,1,0.9998399866093478
0,0,0.004394050391254124
1,1,0.9256823482645372
0,0,0.004516380645203446
0,0,0.0022865333503678796
1,1,0.9553789421762396
1,1,0.9723841680608009
1,1,0.9998073042660379
0,0,0.008269443514439652
1,1,0.999382695585207
0,0,0.13250264364363049
1,1,0.9571968943198313
0,1,0.8847774161445355
1,1,0.9599388645334408
1,1,0.9997731964698492
0,0,0.002147261502579019
0,0,0.009003910633865669
0,0,0.004546299960563096
1,1,0.6239439196449105
1,1,0.9995996988045003
1,1,0.92395276233865
1,1,0.9996158226879754
1,1,0.9994373155303504
1,1,0.9998113042847478
0,0,0.007014900561808261
1,1,0.9994184621182676
0,0,0.0043249560473715256
0,0,0.005268387127883658
1,1,0.9994393637031798
1,1,0.9997960417717597
1,0,0.009945101980175714
0,0,0.004042023832370284
1,1,0.8798567611638379
0,0,0.00913831241284784
0,0,0.1476398483572282
1,1,0.9987838729750128
1,1,0.8667301694043317
1,1,0.9998394078806986
0,0,0.0032269338193277224
0,0,0.008702118951589666
1,1,0.9989271974887693
0,0,0.007435347048069769
0,0,0.005787137215488184
0,0,0.0037414574381669425
1,1,0.9994100540296358
0,0,0.004204510368012664
0,0,0.005289314591913684
1,1,0.9988692959735572
1,1,0.9440572982847124
0,0,0.005801868385623826
0,0,0.006758915695094268
1,1,0.9996237694268569
1,1,0.9996430859918863
1,1,0.9531495618329852
1,1,0.9994433429143788
0,0,0.0045555598820435925
1,1,0.9378253769187019
0,0,0.44859541814040055
0,0,0.003989434837377137
1,1,0.9993445757819343
0,0,0.004035418582530615
0,0,0.00469909304494175
0,0,0.013506786783221737
0,0,0.006388739273955414
1,1,0.9990795180218548
1,1,0.8629704816911369
0,0,0.004350340881590256
0,0,0.0010499565906931215
0,0,0.010028012483622476
1,1,0.9992796232497818
1,1,0.9993051876039241
0,0,0.005715896541269342
1,1,0.933664436291098
0,0,0.004278756804694714
1,1,0.9370144466040404
1,1,0.9994788625000188
0,0,0.004525632918316976
0,1,0.7005602271266007
0,0,0.004780958472805379
1,1,0.9998425041439855
1,1,0.9998055119277471
0,0,0.011072775704221957
0,0,0.004932749681863414
1,1,0.876063555911408
1,1,0.9996059716810574
0,0,0.004341132452485987
1,1,0.9998829612992096
0,0,0.005155522978331503
1,1,0.9999478076642733
1,1,0.9523984585510026
1,1,0.9994473921784619
0,0,0.006396926150122443
0,0,0.004684499874731089
1,1,0.9994926906568448
1,1,0.9286254885174596
0,0,0.0043727143516803
1,1,0.9105179373948493
0,0,0.010638899003650873
0,1,0.875876141074627
0,0,0.0033356006575176985
0,0,0.00394875001587587
1,1,0.9984460564941972
0,0,0.011348365039570927
1,1,0.9997178186205257
0,0,0.007157341126377991
1,1,0.9987759222738246
1,1,0.9978953542038806
0,0,0.00743799551499904
1,1,0.9994847531765971
1,1,0.9996215777499678
1,1,0.9995353266257383
1,1,0.999564348177563
0,0,0.003787550324071132
1,1,0.999507658756208
1,1,0.9996421923838041
1,1,0.9994986228948468
0,0,0.219637022472683
0,0,0.005436635682380859
0,0,0.006023761473947855
0,0,0.013680030975012013
0,0,0.008081022765133054
0,0,0.006569800091379843
0,0,0.011528579252046325
0,0,0.012716936067544024
0,0,0.0014105793379706976
1,0,0.375060067312908
1,1,0.999442252022735
0,0,0.0064870677114874506
0,0,0.10976627519379707
1,1,0.9995471017200039
1,1,0.999611437300383
1,0,0.2881298455532502
0,0,0.011515746611295279
0,0,0.0018259749617077275
0,0,0.003456975816620094
0,0,0.008319150881258763
1,1,0.9482563299081382
1,1,0.9340860622596914
0,0,0.013679629896583815
0,0,1.2464425552516131e-05
1,1,0.9266596024238127
1,1,0.9520073021418851
1,1,0.9994484603991869
0,0,0.19101814770742884
1,1,0.9997263542719012
1,1,0.9998247268183349
0,0,0.005933690133657732
1,1,0.8864191726197937
0,0,0.0003199571166359236
1,1,0.9997680880553957
0,0,0.0038617364805869467
0,0,0.0042404911524706905
1,1,0.9998613403931563
1,1,0.9997839815672429
0,0,0.007721665739514167
1,1,0.9994323401284507
0,0,0.008793463088482145
0,0,0.0061247835991645695
0,0,0.0056336498424228
1,1,0.9992832595085596
1,1,0.959134508384125
0,0,0.009437115244898254
0,0,0.0011937599739852008
1,1,0.9993511819714522
1,1,0.7810853651329632
0,0,0.004244897040956311
0,0,0.014303798374860349
0,1,0.7627923994322116
1,1,0.9995566344359507
1,1,0.916342538846238
1,1,0.9992726087885759
0,0,0.008713179291943126
1,1,0.9156878997267689
1,1,0.9987997642053199
1,1,0.999648084055237
0,1,0.905903432129415
1,1,0.8905949945098841
0,0,0.00727002345665355
0,0,0.00862830314788262
0,0,0.004868144660059728
0,0,0.008381897580531905
0,0,0.012046104545850148
1,1,0.9007112313763657
0,0,0.005023374076136289
1,1,0.999929631787391
1,1,0.9060563848880255
1,1,0.5522350636261921
0,0,0.006345416256879373
0,0,0.005662603179761769
0,0,0.004526175320510725
0,0,0.005856408567525883
1,1,0.8949785419399787
0,0,0.008888259528119408
1,1,0.9998166482088676
1,1,0.8971807418794926
1,1,0.9993583796559428
1,1,0.9994025344487503
0,0,0.004329888661055871
1,1,0.9994487523419483
0,0,0.004037883941954979
1,1,0.998810635684444
1,1,0.999563468498636
0,0,0.0050672970747491115
1,1,0.9282449164236387
1,1,0.9994896673968064
1,1,0.9996553093306835
0,0,0.0016348238751601317
0,0,0.008435173101481062
1,1,0.999265531539459
0,0,0.01562458442879008
1,1,0.9959682042265493
0,0,0.005508671248779215
0,0,0.005773512534224153
0,0,0.004804441958309176
0,0,0.004140631053981121
0,0,0.0010116141287160928
1,1,0.9995948778146557
0,0,0.007656476923022287
0,0,0.0018412434138866134
1,1,0.9998514061789197
1,1,0.9517738015855565
0,0,0.007777125136524257
0,0,0.007601840811035755
0,0,0.025803873274965725
0,0,0.0038752597794976195
0,0,0.003822809914381221
1,1,0.8974573387884792
0,0,0.0134175600810583
0,0,0.001100777504817662
0,0,0.004951578777553615
1,1,0.998688896435453
1,1,0.9993484594476348
1,1,0.9985092474879292
1,1,0.9997313231645911
1,1,0.999463196648932
1,1,0.8753638140752705
0,0,0.008098628245196462
0,0,0.005640550183886786
0,0,0.1753120001543318
1,1,0.9071663235446561
1,1,0.9998201148756395
0,0,0.006890555207209114
1,1,0.9982888944683727
0,0,0.003784557156179261
1,1,0.9995799250074258
0,0,0.004525893754094059
0,0,0.0042799596392909586
1,1,0.9994691915886292
0,0,0.0075009099492037365
0,0,0.0146481556031828
1,1,0.999579902684015
0,0,0.03738834053472157
0,0,0.007846217668571092
1,1,0.896532390922662
0,0,0.004798125379480241
0,0,0.013264055843270728
1,1,0.9993933917240334
0,0,0.004312764833653473
1,1,0.9998096981411597
1,1,0.999512195357863
1,1,0.9993089618549249
0,0,0.004629098359130738
0,0,0.009527892540246437
1,1,0.9994046538768225
0,0,0.001098676273763554
1,1,0.9723381558757439
1,1,0.958251508131261
1,1,0.999736554250508
1,1,0.9985707279519784
0,0,0.011607611575697587
1,1,0.898583295424022
1,0,0.4536544757594963
1,1,0.9997627397038401
0,0,0.0075238564363732715
0,0,0.003678092793844426
0,0,0.0046006166392907845
0,0,0.007600391858068629
0,0,0.01114770573901754
1,1,0.9997856440226653
1,1,0.9411925422432096
0,0,0.007540174071425814
0,0,0.015260017784812655
1,1,0.9994745234238874
1,1,0.6624230493766348
1,1,0.9997202926577338
0,0,0.0023689106639058115
0,0,0.0020683833988753685
1,1,0.9136805083088434
1,1,0.9984239326015918
1,1,0.9998391960744835
0,0,0.00445043889406269
1,1,0.9026008595933396
1,1,0.929030524557251
0,0,0.002368745735082517
0,1,0.6955939488699863
1,1,0.9996566781853683
1,1,0.9992410582786538
0,0,0.006848567803831626
0,0,0.004401081318550433
0,0,0.004692352483632198
0,0,0.004174023513544318
0,0,0.005670507263922041
1,1,0.948316303798699
1,1,0.9080144365116963
0,1,0.7171211172682234
0,0,0.007357502011009818
1,1,0.9995705853636158
1,1,0.9998462363964933
1,1,0.8840422865391709
0,0,0.006504636891611865
1,1,0.6640776089390078
1,1,0.7669680690740914
0,0,0.003456785880216504
0,0,0.00897843368974301
0,0,0.0061546701689095895
1,1,0.9996809899357348
0,0,0.005627024415183883
1,1,0.9998234641673007
1,1,0.9988692800723998
1,1,0.9142633956659895
1,1,0.999893096732203
0,0,0.0026813320324653774
1,1,0.8999135550516666
1,1,0.8994724092099601
1,1,0.999318904235301
1,1,0.9021589083010197
0,0,0.016141853351805277
1,1,0.9092370716879874
0,0,0.0057178831976225485
0,0,0.007583214417648898
1,1,0.83901574462278
0,0,0.006817137968209289
1,1,0.9998722161448985
1,1,0.893015891366016
1,1,0.9994456082406002
1,1,0.9988967394783259
0,0,0.003890418728218891
1,1,0.9996136864884859
1,1,0.9987664516092538
0,0,0.006154662468175189
1,1,0.6222272358564596
1,1,0.999761995446403
0,0,0.0035990177556148007
0,0,0.005553001560478676
1,1,0.9361386680977101
1,1,0.9310824979450731
0,0,0.0029443855949175136
0,0,0.01142224801790675
1,1,0.9296352996549534
0,0,0.006753418828585846
1,1,0.9662853549440368
0,0,0.005316091505471632
0,0,0.004275053045919427
1,1,0.9006866806728
1,1,0.7677111960618176
1,1,0.9295573558997209
0,0,0.009033487250460211
1,1,0.9999340552358227
1,1,0.9993389284938523
1,1,0.908464417665855
0,0,0.007634937321443036
1,1,0.9994167062259273
0,0,0.004903194940548272
0,0,0.0074448954698119315
0,0,0.11263193898835058
0,0,0.00753590393962971
1,1,0.9457711549844027
1,1,0.9992513670262503
1,1,0.796053527348134
0,0,0.007272037429377895
0,0,0.016393885147044294
1,1,0.9998208979335893
0,0,0.004683406311064539
0,0,0.1467447506790702
1,1,0.9994901759906726
1,1,0.7658417952120252
0,0,0.4854077321106409
1,1,0.9995323608763937
1,1,0.9991518968103424
1,1,0.9992086036317026
1,1,0.9993366018066226
0,0,0.013060692212056007
0,0,0.007542783460298187
0,0,0.006332959560932527
0,0,0.00589890877707672
1,1,0.9995177693126706
0,0,0.0038397758095707873
1,1,0.9994667069213955
1,1,0.9633938672978078
1,1,0.9996596424535158
1,1,0.9995458387202139
1,1,0.999286161366856
1,1,0.9993789325046479
1,1,0.997831056731815
0,0,0.005140357738571082
1,1,0.9801100190607802
1,1,0.9998542306966813
0,0,0.004538812609543139
0,0,0.0058558426304798775
1,1,0.9499172873816785
1,1,0.9997721829660566
0,0,0.007778494276039669
1,1,0.9998288815564418
0,0,0.004136069168889167
0,0,0.004489646132965329
1,1,0.9992708830419532
0,0,0.0077225960330653464
0,0,0.005158653989859989
1,1,0.9579503918146364
0,0,0.006630150362362868
0,0,0.1759690963760344
1,1,0.9990372748057132
0,0,0.005098643282690456
0,0,0.0044964514172362025
0,1,0.7357004240565013
0,0,0.003068856548016907
0,0,0.00920350212795526
1,1,0.9559382920344877
0,0,0.004227844920939919
0,0,0.011028225547426338
0,0,0.004673741497605233
1,1,0.9274532022847122
0,0,0.01587328303478476
1,1,0.9996621312387948
1,1,0.9999051837056412
1,1,0.9985940477860714
0,0,0.004791459533858629
0,0,0.0049956259922390445
0,0,0.004279982686933941
0,0,0.003741036551464855
1,1,0.8702329879688163
0,0,0.004543219607474279
0,0,0.027040915406618238
0,0,0.00450457706845772
1,1,0.9993699061850942
1,1,0.9998290478081957
0,0,0.2885800901539275
1,1,0.9582962004127741
0,0,0.00499481465184102
0,0,0.0034503684841117118
1,1,0.9998158457679142
1,1,0.9999023583702044
0,0,0.010082502614214584
1,1,0.9986646785212895
0,0,0.0030172807744619223
1,1,0.833353466400567
1,1,0.9994904998736165
0,0,0.2151089417403409
0,0,0.004856455846877384
1,1,0.9998722527136845
1,1,0.9987400700987594
1,1,0.9261448284844234
1,1,0.9991939724501682
0,0,0.006876720261235061
0,0,0.01151910164375673
0,0,0.004628658875242186
1,1,0.9994349435801356
0,0,0.009973223265191712
0,0,0.005130130372387515
0,0,0.003591417815129904
0,0,0.38302369171765493
1,1,0.9993443587321762
0,0,0.005311690062534607
0,0,0.013450584199443005
0,0,0.006327717670865423
0,0,0.003684435350656714
0,0,0.007797170922983918
0,0,0.00690669038113505
0,0,0.009921995663531486
1,1,0.9968787711161337
1,1,0.9989265743115929
1,1,0.9995231255829241
1,1,0.9375676107738956
0,0,0.012496402162880922
1,1,0.9612688127585655
0,0,0.005241349081428155
1,1,0.9093946036257247
0,0,0.00555812317046547
1,1,0.8784161449777512
1,1,0.9123638687344859
1,1,0.9072169624327521
0,0,0.003820473311091364
0,0,0.005330195643152133
0,0,0.004271639630672305
1,1,0.9342437943439609
0,0,0.00440552661763306
0,0,0.0035900442452966672
0,0,0.009305551579361393
0,0,0.008265392341949987
1,1,0.9680411795905466
1,1,0.9998884813339768
1,1,0.9997911739228427
1,1,0.9995256991578412
0,0,0.003863095084587502
0,0,0.01173240525488067
1,1,0.9047745922308509
0,0,0.005499102708658457
1,1,0.9198332002360303
0,0,0.009832975574019012
0,0,0.003660995155003919
1,1,0.9987563409596718
0,0,0.0068836765654810535
0,0,0.004313203226654447
0,0,0.01101455518362212
1,1,0.8889042858808854
0,0,0.0063307934736249825
0,0,0.004789530238182424
1,1,0.9994875969884882
1,1,0.9589367155798115
1,1,0.9170022388740632
1,1,0.9983475609231025
0,0,0.004520291283153175
0,0,0.005250991517663638
0,0,0.0059380066125492275
0,0,0.0012803269140928303
1,1,0.9443772919941554
0,0,0.004789636974279444
0,0,0.0039483214824015435
0,0,0.006102618188563388
1,1,0.9994455307487412
0,0,0.005273338276983728
1,1,0.9984019314412088
0,0,0.00485840446601112
1,1,0.9655581758739108
1,1,0.9996364792653053
0,0,0.006049645457531618
0,0,0.009937579092311872
1,1,0.9995783423569234
0,0,0.004687706226016528
0,0,0.005368137329738531
1,1,0.9992827398968145
0,1,0.5683539056062014
0,0,0.005257668861442811
0,0,0.006814851842987176
0,0,0.005113139319884462
0,0,0.004277850893890712
0,1,0.8854784524361301
0,0,0.009019376089843729
0,0,0.003938298118366262
1,1,0.9117000023711371
0,0,0.01199915599062863
1,1,0.8595314793384441
1,1,0.9995959112378502
0,0,0.0050824868565703535
0,0,0.006902081266301645
1,1,0.8965851787180075
1,1,0.999648700342305
0,0,0.006704309202545453
0,0,0.007045129921912347
1,1,0.9986625260734816
1,1,0.9993457381995967
1,1,0.9991314687930066
1,1,0.9997347628989273
1,1,0.9995645257928516
0,0,0.006114920559565031
1,1,0.9991025248221864
1,1,0.9997314740745005
0,0,0.004712146297720993
0,0,0.007218032030151064
1,1,0.9995217691058228
1,1,0.9996465842456778
1,1,0.9992040133425348
0,0,0.0033730656964447454
0,0,0.0036521412915065704
0,0,0.0035295169426422827
0,0,0.006531469513214809
1,1,0.9995527560887911
0,0,0.011508012278403944
0,0,0.006601685777854303
1,1,0.9994089047130348
1,1,0.9640835607283501
0,0,0.004859356291722808
1,1,0.9990117042233588
1,1,0.9856619231462563
0,0,0.006290033433170735
0,0,0.013612591070056653
1,1,0.6399404504954045
0,0,0.004886645799610803
1,1,0.9983627109375482
1,1,0.998483144393798
1,1,0.9640411099822873
1,1,0.893170562332371
0,0,0.0017836354795197568
0,0,0.004116382547066389
0,0,0.47063684188436977
0,0,0.004766722374209235
1,1,0.999501988068562
0,0,0.005145380328061276
0,0,0.00675387962193708
1,1,0.9329454843088905
1,1,0.9984079055438239
0,0,0.00769479960058745
1,1,0.9999032827926239
1,1,0.9998831758179018
1,1,0.9420359518829288
1,1,0.8972337160350078
1,1,0.9020506224517696
1,1,0.9998924684620415
0,0,0.005853489610926119
1,1,0.998500271809848
0,0,0.004465622407259113
1,1,0.9995778773303494
0,0,0.007831605272593654
1,1,0.999221282519812
1,1,0.999515575451407
0,0,0.013746238557012468
1,1,0.9232267487683482
0,0,0.0054989868922490845
1,1,0.9984441163446177
0,0,0.001952285747837864
1,1,0.9991118782082141
1,1,0.9969587622989315
0,0,0.004391834296264171
0,0,0.0034224741800459556
0,0,0.006330258680931587
0,1,0.8251141215137912
0,0,0.004929414485353793
1,1,0.9998609834160367
1,1,0.999625744886514
0,0,0.005697451913021784
1,1,0.9160421645099641
0,0,0.010541614299399602
1,0,0.3787799260741998
1,0,0.055003267022698935
0,0,0.005286808852192159
0,0,0.05777758877808769
1,1,0.9992999564304998
0,0,0.0023681612253341586
1,1,0.9995951716911569
0,0,0.009966232335734845
0,0,0.007576939219391609
1,1,0.9584413905866614
0,0,0.004475055826939584
1,1,0.999373381611684
0,0,0.012782981251384896
0,0,0.42046217735386104
0,0,0.004711014756201667
1,1,0.9297185419410394
0,1,0.9233386473210924
1,1,0.9114399622427766
1,1,0.998784189356227
0,1,0.6401830920424038
0,0,0.010171508172493508
1,1,0.9997759102751033
0,0,0.011531748642946748
0,0,0.006682664130382465
0,0,0.004005846745568511
0,0,0.014666062047675016
0,0,6.52977745798765e-05
0,0,0.005345095759660049
0,0,0.00398984201732864
0,0,0.008625219436728584
0,0,0.00639825891208028
0,0,0.0035978106324614997
0,0,0.0060353981738107895
1,1,0.9997207423835128
0,0,0.004917788237492632
0,0,0.010289188631344237
1,1,0.9173657600318188
1,1,0.9996410878837513
0,0,0.011915203438235263
0,0,0.005021742582427903
1,1,0.999413416282795
0,0,0.005183637169915323
0,0,0.004273764195237779
0,0,0.00831767026542388
1,1,0.9994473570737447
0,1,0.930942396588386
1,1,0.9994152083490431
1,1,0.9993428351224024
0,0,0.007882093212965261
0,0,0.006604293547442508
0,0,0.010895725005349374
0,0,0.010556154221390232
0,0,0.00822037096530353
1,1,0.9995959855339657
0,0,0.009263511218925559
0,0,0.007248803630449828
0,0,0.006017821622060453
1,1,0.9993937895611872
0,0,0.007790332685720762
0,0,0.005045559828110669
0,0,0.008438310083034207
1,1,0.9999070058343948
1,1,0.6230073038880569
0,0,0.010262063211907736
0,0,0.00414185439675866
0,0,0.004764111897950219
1,1,0.9997780175323927
0,0,0.008845563107387858
0,0,0.006388985547047791
1,1,0.9997793084404486
0,0,0.004271234272853267
0,0,0.008275403063827775
0,1,0.9067705160639218
0,0,0.013142957579316127
1,1,0.9994382079172563
0,0,0.008191022319276176
0,0,0.0044920276514870934
1,1,0.9999280063838702
1,1,0.9996092982542478
0,0,0.003381791169781138
1,1,0.9994256846636949
0,0,0.003518379914616178
0,0,0.0053618937361571304
1,1,0.8803604806993267
0,0,0.0048018791695077076
1,1,0.9994619207012316
1,1,0.8774128412740828
1,1,0.9903213462071037
0,0,0.014773682978060348
0,0,0.007046765114558403
1,1,0.892770889219737
0,0,0.03434055539366426
0,0,0.003771738310134743
0,0,0.057269904414662974
0,0,0.006080186134506343
0,0,0.004984640102167754
0,0,0.0049004875781294
1,1,0.9701386516138392
1,1,0.8442305369297521
1,1,0.9995433878896395
1,1,0.9997964700443615
0,1,0.9119886742840049
1,1,0.9996719281197607
1,1,0.9988208123033896
1,1,0.9994610705137622
1,1,0.9995506937596506
0,0,0.003875526132685023
0,0,0.004275776157181728
0,0,0.006633109637851555
1,1,0.9994687978865859
0,0,0.006948750462535746
1,1,0.9698829612398769
1,1,0.9998699732814827
0,0,0.004915813466014433
1,1,0.9994137622181513
0,0,0.004007661460034773
0,0,0.0057142031824137665
1,1,0.9511335366052155
1,1,0.999254171232501
0,0,0.011409588963530587
1,1,0.9998015993553571
1,1,0.9999235204483258
0,0,0.003916045035552913
1,1,0.999386613692022
0,0,0.003950279547100732
0,0,0.00877592877298242
1,1,0.9994552915003525
1,1,0.9994944858851118
0,0,0.008596693351400843
0,0,0.006374100962840414
0,0,0.009543303802769762
1,1,0.9996004147890686
1,1,0.9997525002625058
1,1,0.999664935561708
0,1,0.7189086497794208
1,1,0.9988587545647877
0,0,0.00786540580854216
1,1,0.9987103416739627
1,1,0.9982668441383892
1,1,0.9994888948265899
1,1,0.9995959180758672
1,1,0.898998376288577
1,1,0.8621224887824235
1,1,0.9998260026916519
1,1,0.9452679545662941
0,0,0.0012706102534491576
0,0,0.007044338843966007
1,1,0.9999213584066479
1,0,0.4631058101406076
0,0,0.007031035088691095
1,1,0.9994323301184385
0,0,0.0055974498508533435
0,0,0.006358986578554375
0,0,0.004364834423049142
1,1,0.9109957807025243
0,0,0.004883052575155263
1,1,0.8697009812858363
1,1,0.9132536807342302
1,1,0.9971198959661149
1,1,0.9996130984911104
0,0,0.006905599255581054
0,0,0.005880615622629815
0,0,0.0023095994354122656
0,0,0.003178956087412403
0,0,0.005381733542914671
1,1,0.9993036459906272
0,1,0.8118859260448662
1,1,0.9983188664578837
1,1,0.9960105961844234
0,0,0.006069653421039959
0,0,0.0002812300797899379
0,0,0.005992579031115633
1,1,0.9997503226408755
1,1,0.8797183505538289
0,0,0.006372218447098425
0,0,0.004504511941445106
1,1,0.9522977786251693
1,1,0.8994445746768316
0,0,0.0013761495834542948
1,1,0.874441297708753
1,1,0.961109208465069
0,0,0.007881692922525111
1,1,0.9992248425590717
1,1,0.9984811326565259
1,1,0.9994970848633937
1,1,0.9993770255474868
1,1,0.9996620097144389
1,1,0.9992542242755124
0,0,0.010501878112497793
0,0,0.00790987617637241
0,0,0.009998061080189729
0,0,0.005708085614381874
0,0,0.0032849335213817814
0,0,0.014615831603263922
1,1,0.9992212543147695
1,1,0.999903303807468
1,1,0.999641603459628
1,1,0.8879845170000132
0,0,0.007867948202237856
1,1,0.999950577702267
0,1,0.7742613694556421
0,0,0.0031973221188309835
0,0,0.0046588583897731895
0,0,0.07233450760000555
0,0,0.0968601098081137
1,1,0.9118437079197015
0,0,0.004929853472336388
0,0,0.005976057907014546
0,0,0.005661037437322954
0,0,0.0030803855780726884
0,0,0.003123850271306589
0,0,0.004759141619446428
1,1,0.9997664995907913
0,0,0.0028822061132232376
1,1,0.9934862923646127
1,0,0.4158230073499454
0,0,0.18446713585962426
0,0,0.007590595243980717
0,0,0.006436834500842976
0,0,0.0064745647425206035
0,0,0.0011665038196412092
1,1,0.9994925746895663
1,1,0.9994488387365149
0,0,0.0045077183149277245
1,1,0.9993826995437711
1,1,0.9987956624971724
0,0,0.009017055363227574
1,1,0.9218408962737381
1,1,0.9994270126815255
0,0,0.004493590637341779
0,0,0.005511720081570461
1,1,0.9998558364963765
0,0,0.00476299849823478
0,1,0.9138126111917996
0,0,0.00439571432899059
1,1,0.953507839847338
0,0,0.01084972271903917
0,0,0.3376230270872471
1,1,0.9998874861205432
1,1,0.9991097047414078
0,0,0.07844488481553095
1,1,0.8743252564929531
0,0,0.005916429826321802
1,1,0.9997742992931031
0,0,0.005940042277718996
1,1,0.9981365252788925
0,0,0.004024379473478473
0,0,0.0047546139262305736
0,0,0.006378958340206153
0,0,0.0004423218890840353
0,0,0.004089544038326877
0,0,0.0049062977246306545
0,0,0.0035811430631558097
1,1,0.9358388672165505
1,1,0.9994882250913505
0,0,0.004348007864760649
1,1,0.9983792472672525
1,1,0.8723069281903114
1,1,0.9998470037311793
0,0,0.004694139184849824
0,0,0.007120853592942
0,0,0.01243663805198024
1,1,0.8698984462954584
1,1,0.864821468853109
1,1,0.9023599165311387
0,0,0.0053428231480940275
1,1,0.9997523248146551
0,0,0.004387332884076116
1,1,0.9993078895602797
1,1,0.9993024304452466
0,1,0.75733818470615
1,1,0.9247286353503728
1,1,0.999931671175514
1,1,0.9998297969716912
0,0,0.007659362893133955
0,0,0.0019434682107591183
1,0,0.4895472219874219
1,1,0.9983253916438051
1,1,0.8810382653136442
0,0,0.004394118345463607
1,1,0.9994430437348704
1,1,0.9468561005634972
1,1,0.9333158138827536
0,0,0.01259576309541477
0,0,0.009308510652641886
0,0,0.004712433717175111
1,1,0.9988348281908923
0,0,0.0040114394970747844
0,0,0.009065155111199381
1,1,0.999846522251537
1,1,0.9998695374979412
0,0,0.005766096492814496
0,1,0.5605581635568906
1,1,0.9994818299794009
1,1,0.9265375650457335
1,1,0.9996532367447177
0,0,0.12443268277079617
0,0,0.005851215689718896
0,1,0.7417951295456136
0,0,0.004140608436917217
0,0,0.010819223682669708
0,0,0.004666841157504926
1,1,0.8453063583899846
0,0,0.010012680264205926
1,1,0.9992129165042545
1,1,0.6209300734653568
1,1,0.998314327910255
0,0,0.00649433979329264
0,0,0.005639125649902301
0,0,0.005541111989503717
0,1,0.823505039398087
1,1,0.918623034880975
0,0,0.006436028709779494
0,0,0.006839744808464483
1,1,0.9994101085925787
1,1,0.9988553100729511
0,0,0.00829295861801241
0,0,0.00627517192223085
1,1,0.9108839838012285
0,0,0.006574926430221927
0,0,0.01871938042575287
1,1,0.9988152505192508
1,1,0.9988361789796303
0,0,0.004789636998156247
1,1,0.9994918566933234
0,0,0.009960890817237472
1,1,0.9993022931541713
1,1,0.970575487381619
0,0,0.004910871535487656
1,1,0.9995834368833433
0,0,0.0019042713879807117
0,0,0.010169856026680446
0,0,0.004456929482085657
1,1,0.9993107760389066
1,1,0.9995762833111578
0,0,0.009657694217894818
0,0,0.009882842410550638
1,1,0.9032243145226923
0,0,0.0019532560596979766
1,1,0.9490389796683616
1,1,0.9111207255737708
1,1,0.9996291657589688
1,1,0.999738817176488
1,1,0.8746060198782537
1,1,0.9998026596068554
0,1,0.6178821551418966
1,1,0.531521973495899
1,1,0.9568518832601977
1,1,0.8877817181019186
0,0,0.004866228055299088
1,1,0.5384448734709775
1,1,0.919460030130366
1,1,0.9994296028214849
1,1,0.9320825785635755
1,1,0.99966201868826
0,0,0.009860195798662317
1,1,0.9058173431795776
1,1,0.9995772433310246
1,1,0.9986192145211825
0,0,0.008033303040770604
1,1,0.9415745174515168
1,1,0.9995603491837038
1,1,0.9058016010673774
1,1,0.9876075256393828
0,0,0.004695329760872746
1,1,0.9997235460823499
0,0,0.009959087359501012
1,1,0.9998686172836161
0,0,0.004746059838327299
1,1,0.9987546867020795
0,0,0.004395142381563663
1,1,0.9986153477871771
0,0,0.014001897070004042
1,1,0.9993755005553839
1,1,0.9984460662695969
