feature,importance
Consequence_group_Synonymous,0.54882604
consequence_synonymous_variant,0.3145101
impact_num,0.040419754
sift_score,0.013816877
Consequence_group_Missense,0.0069845603
polyphen_score,0.006220034
Consequence_group_Non_coding,0.0026947726
gene_COL1A1,0.0023324708
gene_COL3A1,0.0021178876
gene_DNAH11,0.0016274387
consequence_splice_acceptor_variant,0.0014477359
gene_KAT6A,0.0012292028
gene_SPI1,0.0011802954
gene_DNAH5,0.0011690699
gene_FBN1,0.0011132257
gene_MACF1,0.0011035498
gene_KMT2D,0.0010959075
gene_COL4A5,0.0010749245
gene_KMT2B,0.0010491138
gene_CACNA1H,0.0010443723
gene_TTN,0.0009806626
gene_KMT2C,0.000974478
gene_RYR1,0.0009574062
gene_CHD7,0.0009531339
gene_ATRX,0.00095273426
gene_NEB,0.00092125544
gene_RAI1,0.0009164261
gene_ABCA4,0.0008966657
gene_MTOR,0.00087478326
gene_PAH,0.00086448045
consequence_splice_donor_variant,0.0008600419
gene_CACNA1C,0.000847091
gene_COL4A4,0.00083268934
gene_TTR,0.00082517834
gene_OTC,0.0008145795
gene_CACNA1E,0.0008085007
gene_ARID1A,0.0008023682
gene_SYNGAP1,0.00079509453
gene_EDA,0.00078698964
consequence_nonsense,0.0007839565
gene_ITGA2B,0.00078356033
gene_PMM2,0.0007663165
gene_G6PD,0.00075018796
gene_KMT2E,0.0007389181
gene_F8,0.0007338936
gene_KANSL1,0.0007235558
gene_EP300,0.00071997684
gene_ARID1B,0.00071678887
gene_RNF213,0.00071505306
gene_ALPL,0.0007059612
gene_GALNS,0.00070193654
gene_PIK3CA,0.00070129737
gene_SLC2A1,0.00069824274
gene_ASXL1,0.00069694367
gene_HIVEP2,0.00068293995
gene_COL7A1,0.00067849486
gene_ATP7A,0.0006767215
gene_ABCD1,0.00067251484
gene_EHMT1,0.0006683893
gene_COL4A3,0.0006528279
gene_BRCA2,0.00064993656
gene_MYO15A,0.00063683133
gene_SETBP1,0.00063674396
gene_OBSCN,0.00063223456
gene_CFTR,0.00062966964
gene_ACTA1,0.0006124313
gene_MYH7,0.0005942354
gene_USH2A,0.0005875151
gene_SACS,0.00058274873
gene_TARDBP,0.0005776979
gene_SPTAN1,0.00057724054
gene_NF1,0.0005700258
gene_FTH1,0.00056812796
gene_COL1A2,0.0005250816
gene_AR,0.00052455347
gene_SAMD9,0.0005072896
gene_NOTCH1,0.0004867716
gene_F9,0.0004159316
gene_SBF1,0.00039863365
gene_DVL2,0.00032214544
gene_GAA,0.00031207522
gene_ABCD4,0.00030891012
gene_IDS,0.00030054306
gene_LDLR,0.00029276585
gene_MLH1,0.0002879643
gene_BRCA1,0.00028508963
gene_GRIN2A,0.00026744476
gene_CREBBP,0.00025134606
gene_COL6A3,0.00024914287
gene_ATM,0.00024717994
gene_CUL3,0.00024389605
gene_GHRHR,0.0002405356
gene_TP53,0.00023632523
gene_TSC2,0.00023009902
gene_KCNQ1,0.00022955379
gene_CDH1,0.0002019676
gene_HPS1,0.00019819153
gene_MFSD8,0.00019466391
gene_KAT6B,0.00018771825
gene_G6PC1,0.00017875801
gene_COL2A1,0.00015323365
gene_LMNA,0.00013645964
gene_WFS1,9.5827345e-05
gene_RAD21,9.09342e-05
gene_CUBN,8.618012e-05
gene_ATP6V1B1,8.612955e-05
gene_MARK2,8.2564e-05
gene_COL9A2,7.363748e-05
gene_ALG1,6.9692614e-05
gene_ASPA,6.746731e-05
gene_MUC16,6.189376e-05
gene_VPS13A,4.701596e-05
gene_PAX6,4.6529178e-05
gene_COMP,4.258431e-05
gene_GRIN2B,3.903878e-05
gene_PAX2,3.8335995e-05
gene_MERTK,3.8234844e-05
gene_APC,3.498223e-05
gene_PRKN,2.8979584e-05
gene_GCK,7.383978e-06
gene_CBS,2.5161157e-06
gene_PPARG,0.0
gene_POTEM,0.0
gene_PPAN,0.0
gene_PPA2,0.0
gene_POU1F1,0.0
gene_POU3F2,0.0
gene_POU3F3,0.0
gene_POU6F2,0.0
gene_POU4F3,0.0
gene_POU3F4,0.0
gene_POU4F1,0.0
gene_PPARGC1A,0.0
gene_PPP1R13B,0.0
gene_PPP1R12C,0.0
gene_PPP1R12A,0.0
gene_PPP1CB,0.0
gene_PROM2,0.0
gene_PPM1K,0.0
gene_PPM1F,0.0
gene_PPM1D,0.0
gene_PPM1B,0.0
gene_PPL,0.0
gene_PEX19,0.0
gene_PPIL1,0.0
gene_PPIF,0.0
gene_PPID,0.0
gene_PPIB,0.0
gene_PPHLN1,0.0
gene_PPFIA1,0.0
gene_POTEH,0.0
gene_PPEF1,0.0
gene_PPCS,0.0
gene_PPARGC1B,0.0
gene_PPIP5K2,0.0
gene_POLR2C,0.0
gene_POLR2B,0.0
gene_POLR2A,0.0
gene_POLR1D,0.0
gene_POLR1C,0.0
gene_PROP1,0.0
gene_POLR1A,0.0
gene_POLQ,0.0
gene_POLN,0.0
gene_PROS1,0.0
gene_POP1,0.0
gene_POLK,0.0
gene_POLH,0.0
gene_POLG2,0.0
gene_POLG,0.0
gene_PDZD4,0.0
gene_POLE2,0.0
gene_PROSER2,0.0
gene_PEX2,0.0
gene_POLE,0.0
gene_POLD2,0.0
gene_POLD1,0.0
gene_POLM,0.0
gene_POTED,0.0
gene_POT1,0.0
gene_POSTN,0.0
gene_PORCN,0.0
gene_POR,0.0
gene_POPDC3,0.0
gene_POPDC1,0.0
gene_PPP1R13L,0.0
gene_PON2,0.0
gene_POMZP3,0.0
gene_POLR2F,0.0
gene_POMT1,0.0
gene_POMK,0.0
gene_POMGNT2,0.0
gene_POMGNT1,0.0
gene_POMC,0.0
gene_POM121L2,0.0
gene_POLRMT,0.0
gene_POLR3GL,0.0
gene_POLR3F,0.0
gene_POLR3B,0.0
gene_POLR3A,0.0
gene_POMT2,0.0
gene_PREX1,0.0
gene_PEPD,0.0
gene_PER1,0.0
gene_PREPL,0.0
gene_PRDX4,0.0
gene_PRDX1,0.0
gene_PRDM9,0.0
gene_PRDM8,0.0
gene_PRDM6,0.0
gene_PRDM5,0.0
gene_PPP1R3A,0.0
gene_PRDM16,0.0
gene_PRDM13,0.0
gene_PRDM12,0.0
gene_PRKRA,0.0
gene_PER2,0.0
gene_PRDM10,0.0
gene_PRDM1,0.0
gene_PRB4,0.0
gene_PRKX,0.0
gene_PRB3,0.0
gene_PRB2,0.0
gene_PRDM2,0.0
gene_PRKG1,0.0
gene_PRKDC,0.0
gene_PEA15,0.0
gene_PRKG2,0.0
gene_PRKD2,0.0
gene_PRKD1,0.0
gene_PRKCSH,0.0
gene_PRKCG,0.0
gene_PRKCE,0.0
gene_PRKCD,0.0
gene_PREX2,0.0
gene_PRKAR1B,0.0
gene_PRKAR1A,0.0
gene_PEAR1,0.0
gene_PRKAG2,0.0
gene_PELI2,0.0
gene_PRKACB,0.0
gene_PRKACA,0.0
gene_PRIMA1,0.0
gene_PRIM1,0.0
gene_PRICKLE2,0.0
gene_PRF1,0.0
gene_PRKCB,0.0
gene_PPP2R1A,0.0
gene_PPP2CA,0.0
gene_PPP1R9B,0.0
gene_PPP1R9A,0.0
gene_PROC,0.0
gene_PRODH,0.0
gene_PPP1R3F,0.0
gene_PES1,0.0
gene_PEX1,0.0
gene_PROK2,0.0
gene_PRAMEF7,0.0
gene_PEX10,0.0
gene_PEX12,0.0
gene_PEX13,0.0
gene_PPP1R37,0.0
gene_PEX14,0.0
gene_PPP1R21,0.0
gene_PPP1R16B,0.0
gene_PPP1R15B,0.0
gene_PPP1R15A,0.0
gene_PROM1,0.0
gene_PEX16,0.0
gene_PROKR2,0.0
gene_PER3,0.0
gene_PERM1,0.0
gene_PRAMEF2,0.0
gene_PRAMEF18,0.0
gene_PRAM1,0.0
gene_PRAC1,0.0
gene_PQBP1,0.0
gene_PPT1,0.0
gene_PPRC1,0.0
gene_PRL,0.0
gene_PPP6R2,0.0
gene_PPP2R1B,0.0
gene_PRMT7,0.0
gene_PPP2R5D,0.0
gene_PPP2R5C,0.0
gene_PPP2R5B,0.0
gene_PRMT8,0.0
gene_PPP2R3A,0.0
gene_PPP2R2C,0.0
gene_PERP,0.0
gene_PRND,0.0
gene_PRNP,0.0
gene_POLA1,0.0
gene_PPP3CA,0.0
gene_PITX2,0.0
gene_PITRM1,0.0
gene_PITPNM3,0.0
gene_PISD,0.0
gene_PIP5K1C,0.0
gene_PIP5K1A,0.0
gene_PINK1,0.0
gene_PIMREG,0.0
gene_PIKFYVE,0.0
gene_PIK3R5,0.0
gene_PIK3R2,0.0
gene_PIK3R1,0.0
gene_PROSER3,0.0
gene_PIK3CG,0.0
gene_PIK3CD,0.0
gene_PGAP2,0.0
gene_PIK3C2G,0.0
gene_PIK3C2B,0.0
gene_PIK3C2A,0.0
gene_PIK3AP1,0.0
gene_PIGZ,0.0
gene_PIGV,0.0
gene_PIGU,0.0
gene_PIGT,0.0
gene_PIGS,0.0
gene_PIK3IP1,0.0
gene_PLA2G6,0.0
gene_PLA2G4A,0.0
gene_PLA2G3,0.0
gene_PKP4-AS1,0.0
gene_PKP4,0.0
gene_PKP2,0.0
gene_PKP1,0.0
gene_PKN3,0.0
gene_PKN1,0.0
gene_PKMYT1,0.0
gene_PKLR,0.0
gene_PKIG,0.0
gene_PITX3,0.0
gene_PKHD1,0.0
gene_PKDCC,0.0
gene_PKD2L2,0.0
gene_PKD2,0.0
gene_PGAP1,0.0
gene_PKD1L3,0.0
gene_PKD1L2,0.0
gene_PKD1L1,0.0
gene_PKD1,0.0
gene_PJVK,0.0
gene_PJA1,0.0
gene_PIWIL1,0.0
gene_PKHD1L1,0.0
gene_PHLPP2,0.0
gene_PHLDB3,0.0
gene_PHLDB2,0.0
gene_PHLDA2,0.0
gene_PHKG2,0.0
gene_PHKB,0.0
gene_PHKA2,0.0
gene_PHKA1,0.0
gene_PHIP,0.0
gene_PHGDH,0.0
gene_PHF8,0.0
gene_PHF7,0.0
gene_PIGR,0.0
gene_PHF5A,0.0
gene_PHF3,0.0
gene_PHF21A,0.0
gene_PHF20,0.0
gene_PHF2,0.0
gene_PHEX,0.0
gene_PHACTR4,0.0
gene_PHACTR1,0.0
gene_PGS1,0.0
gene_PGRMC1,0.0
gene_PGM3,0.0
gene_PGM1,0.0
gene_PHF6,0.0
gene_PIGQ,0.0
gene_PIGO,0.0
gene_PIGN,0.0
gene_PIGM,0.0
gene_PGBD1,0.0
gene_PGBD5,0.0
gene_PIGL,0.0
gene_PIGK,0.0
gene_PIGG,0.0
gene_PIGC,0.0
gene_PIGB,0.0
gene_PIGA,0.0
gene_PHOX2B,0.0
gene_PIEZO2,0.0
gene_PIEZO1,0.0
gene_PIDD1,0.0
gene_PICALM,0.0
gene_PIBF1,0.0
gene_PIAS4,0.0
gene_PI4KB,0.0
gene_PI4KA,0.0
gene_PI4K2A,0.0
gene_PHYHD1,0.0
gene_PHYH,0.0
gene_PHRF1,0.0
gene_PGK1,0.0
gene_PIF1,0.0
gene_PNLIP,0.0
gene_PNLDC1,0.0
gene_PNKP,0.0
gene_PNKD,0.0
gene_PNCK,0.0
gene_PMVK,0.0
gene_PMS2,0.0
gene_PMPCB,0.0
gene_PMPCA,0.0
gene_PMP22,0.0
gene_PMP2,0.0
gene_PEX6,0.0
gene_PLA2G7,0.0
gene_PML,0.0
gene_PMFBP1,0.0
gene_PMEPA1,0.0
gene_PLXND1,0.0
gene_PLXNC1,0.0
gene_PLXNB3,0.0
gene_PLXNB2,0.0
gene_PLXNB1,0.0
gene_PLXNA4,0.0
gene_PLXNA3,0.0
gene_PLXNA2,0.0
gene_PLXNA1,0.0
gene_PEX7,0.0
gene_POGZ,0.0
gene_POGLUT1,0.0
gene_POGK,0.0
gene_PEX26,0.0
gene_POFUT1,0.0
gene_POF1B,0.0
gene_PODXL,0.0
gene_PEX3,0.0
gene_PODNL1,0.0
gene_POC5,0.0
gene_POC1B,0.0
gene_POC1A,0.0
gene_PNMA5,0.0
gene_PNPT1,0.0
gene_PNPO,0.0
gene_PNPLA8,0.0
gene_PNPLA7,0.0
gene_PNPLA6,0.0
gene_PNPLA5,0.0
gene_PNPLA3,0.0
gene_PNPLA2,0.0
gene_PNPLA1,0.0
gene_PNP,0.0
gene_PNMT,0.0
gene_PNMA8B,0.0
gene_PEX5,0.0
gene_PLEKHA5,0.0
gene_PFKP,0.0
gene_PLEKHA3,0.0
gene_PLEC,0.0
gene_PLD3,0.0
gene_PLD2,0.0
gene_PLD1,0.0
gene_PLCH2,0.0
gene_PLCH1,0.0
gene_PFN1,0.0
gene_PLCG2,0.0
gene_PLCG1,0.0
gene_PLXDC2,0.0
gene_PLCB4,0.0
gene_PFN2,0.0
gene_PLCB3,0.0
gene_PGA3,0.0
gene_PLCB2,0.0
gene_PLCB1,0.0
gene_PGAM2,0.0
gene_PLAU,0.0
gene_PLAT,0.0
gene_PLAC1,0.0
gene_PLAA,0.0
gene_PLA2R1,0.0
gene_PLCE1,0.0
gene_PLVAP,0.0
gene_PLTP,0.0
gene_PLSCR3,0.0
gene_PLS3,0.0
gene_PLS1,0.0
gene_PLPP7,0.0
gene_PLPBP,0.0
gene_PLP1,0.0
gene_PLOD3,0.0
gene_PLOD2,0.0
gene_PLOD1,0.0
gene_PLN,0.0
gene_PLEKHA6,0.0
gene_PLIN4,0.0
gene_PLIN3,0.0
gene_PLIN1,0.0
gene_PLG,0.0
gene_PLEKHM2,0.0
gene_PLEKHM1,0.0
gene_PLEKHG6,0.0
gene_PLEKHG5,0.0
gene_PLEKHG3,0.0
gene_PLEKHG2,0.0
gene_PLEKHA8P1,0.0
gene_PLEKHA7,0.0
gene_PFKM,0.0
gene_PLK4,0.0
gene_RHEB,0.0
gene_RHD,0.0
gene_RHCE,0.0
gene_RHBDF1,0.0
gene_RHAG,0.0
gene_RGS9,0.0
gene_RGS6,0.0
gene_RGS22,0.0
gene_RGS20,0.0
gene_RGR,0.0
gene_RGPD8,0.0
gene_RGPD4,0.0
gene_PDZD7,0.0
gene_RGP1,0.0
gene_RGMB,0.0
gene_RGL4,0.0
gene_RGL3,0.0
gene_RGL2,0.0
gene_RFXAP,0.0
gene_RFXANK,0.0
gene_RFX8,0.0
gene_RFX7,0.0
gene_RFX6,0.0
gene_RFX5,0.0
gene_RFX4,0.0
gene_RFX3,0.0
gene_RGPD3,0.0
gene_RMC1,0.0
gene_RLN2,0.0
gene_RLIM,0.0
gene_RLBP1,0.0
gene_RIT1,0.0
gene_RIPOR2,0.0
gene_RIPOR1,0.0
gene_RIPK4,0.0
gene_RIPK1,0.0
gene_RIOX1,0.0
gene_RINT1,0.0
gene_RIN3,0.0
gene_RHO,0.0
gene_RIN1,0.0
gene_RIMS2,0.0
gene_RIMS1,0.0
gene_RIMBP2,0.0
gene_RILP,0.0
gene_RIGI,0.0
gene_RIF1,0.0
gene_RIC1,0.0
gene_RHPN2,0.0
gene_RHPN1,0.0
gene_RHOH,0.0
gene_RHOBTB2,0.0
gene_RHOA,0.0
gene_RIN2,0.0
gene_RECQL4,0.0
gene_RECQL,0.0
gene_REC114,0.0
gene_RDX,0.0
gene_RDH13,0.0
gene_RDH12,0.0
gene_RDH11,0.0
gene_RD3,0.0
gene_RCOR1,0.0
gene_RCHY1,0.0
gene_RCE1,0.0
gene_RCCD1,0.0
gene_RFWD3,0.0
gene_RCBTB1,0.0
gene_RBSN,0.0
gene_RBPJL,0.0
gene_RBPJ,0.0
gene_RBP4,0.0
gene_RBP3,0.0
gene_RBP1,0.0
gene_RBMS3,0.0
gene_RBM48,0.0
gene_RBM44,0.0
gene_RBM39,0.0
gene_RBM33,0.0
gene_RBM28,0.0
gene_RCC1,0.0
gene_RFT1,0.0
gene_RFPL2,0.0
gene_RFPL1S,0.0
gene_RFC4,0.0
gene_RFC2,0.0
gene_RFC1,0.0
gene_REXO4,0.0
gene_REV3L,0.0
gene_REV1,0.0
gene_RETSAT,0.0
gene_RETREG1,0.0
gene_RET,0.0
gene_REST,0.0
gene_RECQL5,0.0
gene_RER1,0.0
gene_REPS1,0.0
gene_RENBP,0.0
gene_REN,0.0
gene_RELT,0.0
gene_RELN,0.0
gene_RELB,0.0
gene_RELA,0.0
gene_REL,0.0
gene_REG1A,0.0
gene_REEP6,0.0
gene_REEP2,0.0
gene_REEP1,0.0
gene_RERE,0.0
gene_RPL26,0.0
gene_RPL23,0.0
gene_RPL21P49,0.0
gene_RPL19,0.0
gene_RPL18,0.0
gene_RPL13,0.0
gene_RPL12P1,0.0
gene_RPL11,0.0
gene_RPL10L,0.0
gene_RPIA,0.0
gene_RPGRIP1L,0.0
gene_RPGRIP1,0.0
gene_RMDN2,0.0
gene_RPE65,0.0
gene_RPAP1,0.0
gene_RPA1,0.0
gene_RP9,0.0
gene_RP2,0.0
gene_RP1L1,0.0
gene_RP1,0.0
gene_ROS1,0.0
gene_RORC,0.0
gene_RORB,0.0
gene_RORA,0.0
gene_ROR2,0.0
gene_ROR1,0.0
gene_RPGR,0.0
gene_RRAGD,0.0
gene_RPSA,0.0
gene_RPS7,0.0
gene_RPS6KC1,0.0
gene_RPS6KB1,0.0
gene_RPS6KA6,0.0
gene_RPS6KA3,0.0
gene_RPS6KA1,0.0
gene_RPS29,0.0
gene_RPS24,0.0
gene_RPS23,0.0
gene_RPS20P4,0.0
gene_RPS20,0.0
gene_RPL27,0.0
gene_RPS17,0.0
gene_RPS15AP1,0.0
gene_RPS11,0.0
gene_RPS10,0.0
gene_RPN2,0.0
gene_RPL7A,0.0
gene_RPL6,0.0
gene_RPL5,0.0
gene_RPL3L,0.0
gene_RPL39P31,0.0
gene_RPL36,0.0
gene_RPL35,0.0
gene_RPL31,0.0
gene_RPS19,0.0
gene_RNF216,0.0
gene_RNF215,0.0
gene_RNF207,0.0
gene_RNF19B,0.0
gene_RNF17,0.0
gene_RNF168,0.0
gene_RNF157,0.0
gene_RNF146,0.0
gene_RNF13,0.0
gene_RNF125,0.0
gene_RNASET2,0.0
gene_RNASEL,0.0
gene_ROGDI,0.0
gene_RNASEH2B,0.0
gene_RNASEH2A,0.0
gene_RNASEH1,0.0
gene_RNASE11,0.0
gene_RNA5SP477,0.0
gene_RNA5SP223,0.0
gene_RNA5SP155,0.0
gene_RN7SL354P,0.0
gene_RN7SKP214,0.0
gene_RN7SKP131,0.0
gene_RMND1,0.0
gene_RMI1,0.0
gene_RMDN3,0.0
gene_RNASEH2C,0.0
gene_ROCK2,0.0
gene_ROBO4,0.0
gene_ROBO3,0.0
gene_ROBO2,0.0
gene_ROBO1,0.0
gene_RNY4P10,0.0
gene_RNU6-554P,0.0
gene_RNU6-490P,0.0
gene_RNU6-290P,0.0
gene_RNU6-208P,0.0
gene_RNU6-1272P,0.0
gene_RNU6-1240P,0.0
gene_RNU6-1024P,0.0
gene_RNF220,0.0
gene_RNU4-32P,0.0
gene_RNU1-82P,0.0
gene_RNU1-19P,0.0
gene_RNPS1,0.0
gene_RNPEPL1,0.0
gene_RNPC3,0.0
gene_RNF6,0.0
gene_RNF43,0.0
gene_RNF4,0.0
gene_RNF31,0.0
gene_RNF26,0.0
gene_RNF25,0.0
gene_RNF227,0.0
gene_RNU5E-6P,0.0
gene_PTH2R,0.0
gene_PTH2,0.0
gene_PTH1R,0.0
gene_PTH,0.0
gene_PTGIS,0.0
gene_PTGFR,0.0
gene_PTGER2,0.0
gene_PTGDS,0.0
gene_PTF1A,0.0
gene_PTEN,0.0
gene_PTDSS2,0.0
gene_PTDSS1,0.0
gene_RBM20,0.0
gene_PTCHD4,0.0
gene_PTCHD3,0.0
gene_PTCHD1,0.0
gene_PTCH2,0.0
gene_PTCH1,0.0
gene_PTCD3,0.0
gene_PTCD2,0.0
gene_PTCD1,0.0
gene_PTBP1,0.0
gene_PSTPIP1,0.0
gene_PSPH,0.0
gene_PSORS1C2,0.0
gene_PSMG2,0.0
gene_PTCRA,0.0
gene_PURA,0.0
gene_PUM1,0.0
gene_PUF60,0.0
gene_PTS,0.0
gene_PTPRT,0.0
gene_PTPRS,0.0
gene_PTPRQ,0.0
gene_PTPRO,0.0
gene_PTPRN2,0.0
gene_PTPRN,0.0
gene_PTPRM,0.0
gene_PTPRJ,0.0
gene_PTPRG,0.0
gene_PTHLH,0.0
gene_PTPRD,0.0
gene_PTPRC,0.0
gene_PTPN6,0.0
gene_PTPN5,0.0
gene_PTPN4,0.0
gene_PTPN3,0.0
gene_PTPN23,0.0
gene_PTPN14,0.0
gene_PTPN12,0.0
gene_PTPN11,0.0
gene_PTPN1,0.0
gene_PTPMT1,0.0
gene_PTK2,0.0
gene_PTPRF,0.0
gene_PRSS50,0.0
gene_PRSS38,0.0
gene_PRSS36,0.0
gene_PRSS35,0.0
gene_PRSS16,0.0
gene_PRSS1,0.0
gene_PRRX1,0.0
gene_PRRT3,0.0
gene_PRRG2,0.0
gene_PRRG1,0.0
gene_PRRC2C,0.0
gene_PRRC2A,0.0
gene_PSME4,0.0
gene_PRR27,0.0
gene_PRR23B,0.0
gene_PRR14L,0.0
gene_PRR12,0.0
gene_PRR11,0.0
gene_PRPS1,0.0
gene_PRPH2,0.0
gene_PRPF8,0.0
gene_PRPF6,0.0
gene_PRPF4,0.0
gene_PRPF31,0.0
gene_PRPF3,0.0
gene_PRPF19,0.0
gene_PRR29,0.0
gene_PSME2,0.0
gene_PSMD8,0.0
gene_PSMD5,0.0
gene_PSMD12,0.0
gene_PSMD11,0.0
gene_PSMC3,0.0
gene_PSMB8,0.0
gene_PSMB1,0.0
gene_PSMA3,0.0
gene_PSMA2,0.0
gene_PSKH1,0.0
gene_PSG7,0.0
gene_PSG6,0.0
gene_PRSS53,0.0
gene_PSENEN,0.0
gene_PSEN2,0.0
gene_PSEN1,0.0
gene_PSD4,0.0
gene_PSD,0.0
gene_PSAT1,0.0
gene_PSAP,0.0
gene_PRX,0.0
gene_PRUNE2,0.0
gene_PRUNE1,0.0
gene_PRTN3,0.0
gene_PRSS56,0.0
gene_PRSS55,0.0
gene_PSG2,0.0
gene_RAP1GDS1,0.0
gene_RAP1B,0.0
gene_RANGRF,0.0
gene_RANGAP1,0.0
gene_RANBP2,0.0
gene_RALGDS,0.0
gene_RALGAPB,0.0
gene_RALA,0.0
gene_RAI14,0.0
gene_RAG2,0.0
gene_RAG1,0.0
gene_RAF1,0.0
gene_PUS1,0.0
gene_RAD54L,0.0
gene_RAD52,0.0
gene_RAD51D,0.0
gene_RAD51C,0.0
gene_RAD51B,0.0
gene_RAD51AP1,0.0
gene_RAD51,0.0
gene_RAD50,0.0
gene_RAD23B,0.0
gene_RAD23A,0.0
gene_RAD21L1,0.0
gene_RAD17,0.0
gene_RACGAP1,0.0
gene_RAD54L2,0.0
gene_RBM10,0.0
gene_RBL1,0.0
gene_RBFOX3,0.0
gene_RBFOX2,0.0
gene_RBFOX1,0.0
gene_RBFA,0.0
gene_RBCK1,0.0
gene_RBBP8,0.0
gene_RBBP5,0.0
gene_RB1CC1,0.0
gene_RB1,0.0
gene_RAVER2,0.0
gene_RASSF6,0.0
gene_RAPGEF2,0.0
gene_RASL11A,0.0
gene_RASL10B,0.0
gene_RASGRP4,0.0
gene_RASGRP2,0.0
gene_RASGRP1,0.0
gene_RASAL1,0.0
gene_RASA3,0.0
gene_RASA2,0.0
gene_RASA1,0.0
gene_RARS2,0.0
gene_RARS1,0.0
gene_RAPSN,0.0
gene_RAPGEF3,0.0
gene_RASL12,0.0
gene_QSOX1,0.0
gene_QSER1,0.0
gene_QRSL1,0.0
gene_QRICH2,0.0
gene_QRICH1,0.0
gene_QDPR,0.0
gene_QARS1,0.0
gene_PZP,0.0
gene_PYROXD2,0.0
gene_PYROXD1,0.0
gene_PYGM,0.0
gene_PYGL,0.0
gene_RAC2,0.0
gene_PYDC1,0.0
gene_PYCR2,0.0
gene_PYCR1,0.0
gene_PYCARD,0.0
gene_PXMP2,0.0
gene_PXDNL,0.0
gene_PXDN,0.0
gene_PWWP3B,0.0
gene_PWP2,0.0
gene_PVR,0.0
gene_PVALB,0.0
gene_PUS7,0.0
gene_PUS3,0.0
gene_PYGB,0.0
gene_RAC1,0.0
gene_RABL6,0.0
gene_RABL3,0.0
gene_RABEPK,0.0
gene_RAB7A,0.0
gene_RAB43,0.0
gene_RAB41,0.0
gene_RAB40AL,0.0
gene_RAB3GAP2,0.0
gene_RAB3GAP1,0.0
gene_RAB3D,0.0
gene_RAB3A,0.0
gene_RAB39B,0.0
gene_QSOX2,0.0
gene_RAB2B,0.0
gene_RAB28,0.0
gene_RAB27A,0.0
gene_RAB25,0.0
gene_RAB23,0.0
gene_RAB1B,0.0
gene_RAB1AP1,0.0
gene_RAB14,0.0
gene_RAB11FIP3,0.0
gene_RAB11FIP1,0.0
gene_RAB11B,0.0
gene_RAB11A,0.0
gene_QTRT1,0.0
gene_RAB33B,0.0
gene_MYO7A,0.0
gene_MYO6,0.0
gene_MYO5C,0.0
gene_MYO5B,0.0
gene_MYO5A,0.0
gene_MYO3B,0.0
gene_MYO3A,0.0
gene_MYO1H,0.0
gene_MYO1F,0.0
gene_MYO1E,0.0
gene_MYO1D,0.0
gene_MYO1C,0.0
gene_RPUSD1,0.0
gene_MYO19,0.0
gene_MYO18B,0.0
gene_MYO16,0.0
gene_MYO15B,0.0
gene_MYO10,0.0
gene_MYMK,0.0
gene_MYLK3,0.0
gene_MYLK2,0.0
gene_MYLK,0.0
gene_MYLIP,0.0
gene_MYL7,0.0
gene_MYL4,0.0
gene_MYL3,0.0
gene_MYO1A,0.0
gene_NACC2,0.0
gene_NACC1,0.0
gene_NACAD,0.0
gene_NAALADL1,0.0
gene_NAALAD2,0.0
gene_NAAA,0.0
gene_NAA35,0.0
gene_NAA20,0.0
gene_NAA15,0.0
gene_N4BP2L1,0.0
gene_MYT1L,0.0
gene_MYT1,0.0
gene_MYO7B,0.0
gene_MYRF,0.0
gene_MYPN,0.0
gene_MYOZ3,0.0
gene_MYOZ2,0.0
gene_MYOT,0.0
gene_MYORG,0.0
gene_MYOM2,0.0
gene_MYOM1,0.0
gene_MYOF,0.0
gene_MYOD1,0.0
gene_MYOC,0.0
gene_MYO9B,0.0
gene_MYO9A,0.0
gene_MYSM1,0.0
gene_MUTYH,0.0
gene_MUSK,0.0
gene_MUC6,0.0
gene_MUC5B,0.0
gene_MUC5AC,0.0
gene_MUC4,0.0
gene_MUC22,0.0
gene_MUC2,0.0
gene_MUC12,0.0
gene_MUC1,0.0
gene_MTUS2,0.0
gene_MTTP,0.0
gene_MYL2,0.0
gene_MTRFR,0.0
gene_MTR,0.0
gene_MTPAP,0.0
gene_MTO1,0.0
gene_MTMR9,0.0
gene_MTMR4,0.0
gene_MTMR2,0.0
gene_MTMR14,0.0
gene_MTM1,0.0
gene_MTHFS,0.0
gene_MTHFR,0.0
gene_MTHFD1,0.0
gene_MTFMT,0.0
gene_MTRR,0.0
gene_MYHAS,0.0
gene_MYH9,0.0
gene_MYH7B,0.0
gene_MYH6,0.0
gene_MYH4,0.0
gene_MYH3,0.0
gene_MYH2,0.0
gene_MYH15,0.0
gene_MYH14,0.0
gene_MYH11,0.0
gene_MYH10,0.0
gene_MYH1,0.0
gene_MYF6,0.0
gene_MVK,0.0
gene_MYEF2,0.0
gene_MYCN,0.0
gene_MYCBP2,0.0
gene_MYC,0.0
gene_MYBPH,0.0
gene_MYBPC3,0.0
gene_MYBPC1,0.0
gene_MYBBP1A,0.0
gene_MYB,0.0
gene_MXRA8,0.0
gene_MXRA5,0.0
gene_MX2,0.0
gene_MVP,0.0
gene_MYF5,0.0
gene_NEGR1,0.0
gene_NEFL,0.0
gene_NEFH,0.0
gene_NEDD4L,0.0
gene_NECTIN1,0.0
gene_NECAP1,0.0
gene_NEBL,0.0
gene_NDUFV2,0.0
gene_NDUFV1,0.0
gene_NDUFS8,0.0
gene_NDUFS7,0.0
gene_NDUFS6,0.0
gene_NADK,0.0
gene_NDUFS4,0.0
gene_NDUFS3,0.0
gene_NDUFS2,0.0
gene_NDUFS1,0.0
gene_NDUFB9,0.0
gene_NDUFB6,0.0
gene_NDUFB10,0.0
gene_NDUFAF7,0.0
gene_NDUFAF5,0.0
gene_NDUFAF4,0.0
gene_NDUFAF2,0.0
gene_NDUFA9,0.0
gene_NDUFA4,0.0
gene_NDUFS5,0.0
gene_NFATC1,0.0
gene_NFAT5,0.0
gene_NFASC,0.0
gene_NF2,0.0
gene_NEXN,0.0
gene_NEXMIF,0.0
gene_NEUROG3,0.0
gene_NEUROG2,0.0
gene_NEUROG1,0.0
gene_NEUROD2,0.0
gene_NEUROD1,0.0
gene_NEURL4,0.0
gene_NEIL2,0.0
gene_NEU2,0.0
gene_NES,0.0
gene_NEMP1,0.0
gene_NEMF,0.0
gene_NELFE,0.0
gene_NEK9,0.0
gene_NEK8,0.0
gene_NEK4,0.0
gene_NEK2,0.0
gene_NEK11,0.0
gene_NEK10,0.0
gene_NEK1,0.0
gene_NEIL3,0.0
gene_NEU4,0.0
gene_NBPF10,0.0
gene_NBPF1,0.0
gene_NBN,0.0
gene_NBEAL2,0.0
gene_NBEAL1,0.0
gene_NBEA,0.0
gene_NBAS,0.0
gene_NAXD,0.0
gene_NAV3,0.0
gene_NAV2,0.0
gene_NAV1,0.0
gene_NAT8L,0.0
gene_NDUFA13,0.0
gene_NARS2,0.0
gene_NARS1,0.0
gene_NAP1L4,0.0
gene_NANS,0.0
gene_NANOS1,0.0
gene_NALCN,0.0
gene_NAGS,0.0
gene_NAGPA,0.0
gene_NAGLU,0.0
gene_NAGA,0.0
gene_NAF1,0.0
gene_NADSYN1,0.0
gene_NADK2,0.0
gene_NAT2,0.0
gene_NDUFA12,0.0
gene_NDUFA11,0.0
gene_NDUFA10,0.0
gene_NDUFA1,0.0
gene_NDST1,0.0
gene_NDRG2,0.0
gene_NDRG1,0.0
gene_NDP-AS1,0.0
gene_NDNF,0.0
gene_NDE1,0.0
gene_NCSTN,0.0
gene_NCR2,0.0
gene_NCOR2,0.0
gene_NBPF14,0.0
gene_NCOA6,0.0
gene_NCOA4,0.0
gene_NCOA3,0.0
gene_NCOA1,0.0
gene_NCKAP5L,0.0
gene_NCKAP5,0.0
gene_NCKAP1L,0.0
gene_NCKAP1,0.0
gene_NCF4,0.0
gene_NCF2,0.0
gene_NCDN,0.0
gene_NCAPD3,0.0
gene_NCAPD2,0.0
gene_NCOR1,0.0
gene_MICALL2,0.0
gene_MICAL3,0.0
gene_MICAL2,0.0
gene_MICAL1,0.0
gene_MIB2,0.0
gene_MIB1,0.0
gene_MIA3,0.0
gene_MGP,0.0
gene_MGMT,0.0
gene_MGME1,0.0
gene_MGLL,0.0
gene_MGAT3,0.0
gene_MTERF1,0.0
gene_MGAM,0.0
gene_MGA,0.0
gene_MFSD6L,0.0
gene_MFSD2A,0.0
gene_MFRP,0.0
gene_MFN2,0.0
gene_MFF,0.0
gene_MFAP5,0.0
gene_MFAP4,0.0
gene_MFAP3L,0.0
gene_METTL5,0.0
gene_METTL27,0.0
gene_METTL21EP,0.0
gene_MGAT1,0.0
gene_MITF,0.0
gene_MISP,0.0
gene_MIS18BP1,0.0
gene_MIR939,0.0
gene_MIR6501,0.0
gene_MIR634,0.0
gene_MIR602,0.0
gene_MIR4673,0.0
gene_MIR433,0.0
gene_MIR4314,0.0
gene_MIR31HG,0.0
gene_MIR219A1,0.0
gene_MICU1,0.0
gene_MIR190A,0.0
gene_MIR135A1,0.0
gene_MIPEP,0.0
gene_MIOX,0.0
gene_MIOS,0.0
gene_MINK1,0.0
gene_MIIP,0.0
gene_MIF,0.0
gene_MIER2,0.0
gene_MIER1,0.0
gene_MIEF2,0.0
gene_MIEF1,0.0
gene_MID1,0.0
gene_MIR208A,0.0
gene_MEAK7,0.0
gene_MDN1,0.0
gene_MDM2,0.0
gene_MDH2,0.0
gene_MDGA1,0.0
gene_MDFIC,0.0
gene_MDC1,0.0
gene_MCTP1,0.0
gene_MCPH1,0.0
gene_MCOLN1,0.0
gene_MCMDC2,0.0
gene_MCMBP,0.0
gene_METTL16,0.0
gene_MCM8,0.0
gene_MCM7,0.0
gene_MCM6,0.0
gene_MCM5,0.0
gene_MCM4,0.0
gene_MCM3AP,0.0
gene_MCM2,0.0
gene_MCM10,0.0
gene_MCIDAS,0.0
gene_MCHR1,0.0
gene_MCF2L,0.0
gene_MCF2,0.0
gene_MCCC2,0.0
gene_MCM9,0.0
gene_METAP1,0.0
gene_MET,0.0
gene_MESP2,0.0
gene_MESP1,0.0
gene_MESD,0.0
gene_MEP1A,0.0
gene_MEN1,0.0
gene_MEIS2,0.0
gene_MEIOB,0.0
gene_MEI1,0.0
gene_MEGF8,0.0
gene_MEGF6,0.0
gene_MEGF10,0.0
gene_MECOM,0.0
gene_MEF2C,0.0
gene_MEF2A,0.0
gene_MED25,0.0
gene_MED23,0.0
gene_MED20,0.0
gene_MED17,0.0
gene_MED16,0.0
gene_MED13L,0.0
gene_MED13,0.0
gene_MED12L,0.0
gene_MED12,0.0
gene_MECR,0.0
gene_MECP2,0.0
gene_MEFV,0.0
gene_MRPS22,0.0
gene_MRPS2,0.0
gene_MRPS18C,0.0
gene_MRPS18A,0.0
gene_MRPL54,0.0
gene_MRPL51,0.0
gene_MRPL45,0.0
gene_MRPL44,0.0
gene_MRPL3,0.0
gene_MRPL2,0.0
gene_MRPL12,0.0
gene_MRPL1,0.0
gene_MKI67,0.0
gene_MROH1,0.0
gene_MRNIP,0.0
gene_MRI1,0.0
gene_MRGPRX4,0.0
gene_MRGPRX2,0.0
gene_MRFAP1L1,0.0
gene_MRE11,0.0
gene_MRAS,0.0
gene_MRAP2,0.0
gene_MRAP,0.0
gene_MPZL2,0.0
gene_MPZ,0.0
gene_MPV17,0.0
gene_MROH9,0.0
gene_MTDH,0.0
gene_MTCL1,0.0
gene_MTBP,0.0
gene_MTARC1,0.0
gene_MTAP,0.0
gene_MSX1,0.0
gene_MSTO1,0.0
gene_MSRB3,0.0
gene_MSR1,0.0
gene_MSN,0.0
gene_MSMO1,0.0
gene_MSLN,0.0
gene_MRPS23,0.0
gene_MSH6,0.0
gene_MSH4,0.0
gene_MSH3,0.0
gene_MSH2,0.0
gene_MSANTD2,0.0
gene_MS4A6A,0.0
gene_MS4A2,0.0
gene_MS4A12,0.0
gene_MS4A1,0.0
gene_MRTFA,0.0
gene_MRPS7,0.0
gene_MRPS35,0.0
gene_MRPS34,0.0
gene_MSL3,0.0
gene_MMP21,0.0
gene_MMP20,0.0
gene_MMP2,0.0
gene_MMP15,0.0
gene_MMP14,0.0
gene_MMP13,0.0
gene_MMP10,0.0
gene_MMP1,0.0
gene_MMEL1,0.0
gene_MME,0.0
gene_MMADHC,0.0
gene_MMACHC,0.0
gene_MPRIP,0.0
gene_MMAA,0.0
gene_MLYCD,0.0
gene_MLXIPL,0.0
gene_MLX,0.0
gene_MLST8,0.0
gene_MLPH,0.0
gene_MLIP,0.0
gene_MLH3,0.0
gene_MLC1,0.0
gene_MKS1,0.0
gene_MKRN3,0.0
gene_MKRN2,0.0
gene_MKKS,0.0
gene_MMAB,0.0
gene_MPP4,0.0
gene_MPP1,0.0
gene_MPO,0.0
gene_MPLKIP,0.0
gene_MPL,0.0
gene_MPI,0.0
gene_MPHOSPH10,0.0
gene_MPG,0.0
gene_MPDZ,0.0
gene_MOV10L1,0.0
gene_MOS,0.0
gene_MORN4,0.0
gene_MORC4,0.0
gene_MMP7,0.0
gene_MORC1,0.0
gene_MOGAT3,0.0
gene_MOCS3,0.0
gene_MOCS2,0.0
gene_MOCS1,0.0
gene_MOCOS,0.0
gene_MNX1,0.0
gene_MNDA,0.0
gene_MN1,0.0
gene_MMUT,0.0
gene_MMS22L,0.0
gene_MMRN1,0.0
gene_MMP9,0.0
gene_MORC2,0.0
gene_OXTR,0.0
gene_OXR1,0.0
gene_OXGR1,0.0
gene_OXCT1,0.0
gene_OXA1L,0.0
gene_OVGP1,0.0
gene_OTX2,0.0
gene_OTULIN,0.0
gene_OTUD7A,0.0
gene_OTUD6B,0.0
gene_OTUD5,0.0
gene_OTUD1,0.0
gene_NFE2L2,0.0
gene_OTOL1,0.0
gene_OTOGL,0.0
gene_OTOG,0.0
gene_OTOF,0.0
gene_OTOA,0.0
gene_OSTM1,0.0
gene_OSR2,0.0
gene_OSMR,0.0
gene_OSGEP,0.0
gene_OSCAR,0.0
gene_OSBPL8,0.0
gene_OSBPL2,0.0
gene_OSBPL10,0.0
gene_OTOP2,0.0
gene_PANX1,0.0
gene_PANK2,0.0
gene_PAN3,0.0
gene_PAN2,0.0
gene_PAMR1,0.0
gene_PALS1,0.0
gene_PALM,0.0
gene_PALLD,0.0
gene_PALB2,0.0
gene_PAK5,0.0
gene_PAK3,0.0
gene_PAK1,0.0
gene_P3H1,0.0
gene_PAFAH1B1,0.0
gene_PADI6,0.0
gene_PADI3,0.0
gene_PACS2,0.0
gene_PACS1,0.0
gene_PABPN1,0.0
gene_PABPC1L2B,0.0
gene_PABPC1,0.0
gene_P4HTM,0.0
gene_P4HB,0.0
gene_P4HA2,0.0
gene_P4HA1,0.0
gene_P3H2,0.0
gene_PAFAH2,0.0
gene_OR4F15,0.0
gene_OR4D11,0.0
gene_OR4D1,0.0
gene_OR4C15,0.0
gene_OR4A47,0.0
gene_OR4A16,0.0
gene_OR2W3,0.0
gene_OR2T5,0.0
gene_OR2T2,0.0
gene_OR2J3,0.0
gene_OR2H1,0.0
gene_OR2D2,0.0
gene_OSBP,0.0
gene_OR2A12,0.0
gene_OR1L6,0.0
gene_OR1L4,0.0
gene_OR1J4,0.0
gene_OR11H2,0.0
gene_OR10H5,0.0
gene_OR10H4,0.0
gene_OR10H2,0.0
gene_OR10H1,0.0
gene_OR10G8,0.0
gene_OPTN,0.0
gene_OPN4,0.0
gene_OPN1MW2,0.0
gene_OR2AJ1,0.0
gene_OS9,0.0
gene_ORM1,0.0
gene_ORC6,0.0
gene_ORC4,0.0
gene_ORC3,0.0
gene_ORC1,0.0
gene_OR8I2,0.0
gene_OR8D4,0.0
gene_OR6K2,0.0
gene_OR6C74,0.0
gene_OR6C68,0.0
gene_OR6B2,0.0
gene_OR5T2,0.0
gene_OR4M2,0.0
gene_OR5L1,0.0
gene_OR5H15,0.0
gene_OR5H1,0.0
gene_OR5D13,0.0
gene_OR5AC2,0.0
gene_OR52M1,0.0
gene_OR52K1,0.0
gene_OR52E6,0.0
gene_OR52E2,0.0
gene_OR52B2,0.0
gene_OR4X2,0.0
gene_OR4X1,0.0
gene_OR4N2,0.0
gene_OR5M8,0.0
gene_PDE6D,0.0
gene_PDE6C,0.0
gene_PDE6B,0.0
gene_PDE6A,0.0
gene_PDE4D,0.0
gene_PDE3B,0.0
gene_PDE3A,0.0
gene_PDE2A,0.0
gene_PDE1C,0.0
gene_PDE1A,0.0
gene_PDE11A,0.0
gene_PDE10A,0.0
gene_PANX3,0.0
gene_PDCL,0.0
gene_PDCD2L,0.0
gene_PDCD10,0.0
gene_PDAP1,0.0
gene_PCYT2,0.0
gene_PCYT1B,0.0
gene_PCYT1A,0.0
gene_PCYOX1,0.0
gene_PCSK9,0.0
gene_PCSK5,0.0
gene_PCSK1,0.0
gene_PCP2,0.0
gene_PCOTH,0.0
gene_PDCL2,0.0
gene_PDZD2,0.0
gene_PDYN,0.0
gene_PDXP,0.0
gene_PDXK,0.0
gene_PDX1,0.0
gene_PDSS2,0.0
gene_PDSS1,0.0
gene_PDP2,0.0
gene_PDP1,0.0
gene_PDLIM5,0.0
gene_PDLIM4,0.0
gene_PDLIM3,0.0
gene_PDE6G,0.0
gene_PDK2,0.0
gene_PDIK1L,0.0
gene_PDIA2,0.0
gene_PDHX,0.0
gene_PDHB,0.0
gene_PDHA1,0.0
gene_PDGFRL,0.0
gene_PDGFRB,0.0
gene_PDGFRA,0.0
gene_PDGFB,0.0
gene_PDF,0.0
gene_PDE9A,0.0
gene_PDE8B,0.0
gene_PDK3,0.0
gene_PC,0.0
gene_PBXIP1,0.0
gene_PBX1,0.0
gene_PAX9,0.0
gene_PAX8,0.0
gene_PAX7,0.0
gene_PAX5,0.0
gene_PAX4,0.0
gene_PAX3,0.0
gene_PAX1,0.0
gene_PATZ1,0.0
gene_PATL2,0.0
gene_PCNX1,0.0
gene_PASK,0.0
gene_PARS2,0.0
gene_PARP8,0.0
gene_PARP14,0.0
gene_PARP12,0.0
gene_PARN,0.0
gene_PARL,0.0
gene_PARK7,0.0
gene_PARD3,0.0
gene_PAQR9,0.0
gene_PAPSS2,0.0
gene_PAPPA2,0.0
gene_PAOX,0.0
gene_PATJ,0.0
gene_PCNT,0.0
gene_PCLO,0.0
gene_PCK2,0.0
gene_PCK1,0.0
gene_PCGF2,0.0
gene_PCF11,0.0
gene_PCDHGA3,0.0
gene_PCDHGA12,0.0
gene_PCDHGA1,0.0
gene_PCDHB8,0.0
gene_PCDHB7,0.0
gene_PCDHB6,0.0
gene_PCDHB5,0.0
gene_PCARE,0.0
gene_PCDHB2,0.0
gene_PCDHA9,0.0
gene_PCDHA1,0.0
gene_PCDH8,0.0
gene_PCDH7,0.0
gene_PCDH19,0.0
gene_PCDH15,0.0
gene_PCDH12,0.0
gene_PCDH11X,0.0
gene_PCCB,0.0
gene_PCCA,0.0
gene_PCBP1,0.0
gene_PCBD1,0.0
gene_PCDHB4,0.0
gene_NOS3,0.0
gene_NOS2,0.0
gene_NOS1AP,0.0
gene_NOS1,0.0
gene_NOP56,0.0
gene_NOP2,0.0
gene_NOP14,0.0
gene_NOP10,0.0
gene_NONO,0.0
gene_NOL4,0.0
gene_NOL11,0.0
gene_NOG,0.0
gene_OPN1MW,0.0
gene_NOD2,0.0
gene_NOD1,0.0
gene_NOC2L,0.0
gene_NOBOX,0.0
gene_NNT,0.0
gene_NMUR2,0.0
gene_NMNAT2,0.0
gene_NMNAT1,0.0
gene_NME8,0.0
gene_NME3,0.0
gene_NMBR,0.0
gene_NLRP7,0.0
gene_NLRP5,0.0
gene_NODAL,0.0
gene_NR0B1,0.0
gene_NQO1,0.0
gene_NPTX1,0.0
gene_NPRL3,0.0
gene_NPR3,0.0
gene_NPR2,0.0
gene_NPR1,0.0
gene_NPPC,0.0
gene_NPNT,0.0
gene_NPHS2,0.0
gene_NPHS1,0.0
gene_NPHP4,0.0
gene_NOTCH2,0.0
gene_NPHP1,0.0
gene_NPC2,0.0
gene_NPC1L1,0.0
gene_NPC1,0.0
gene_NPAT,0.0
gene_NPAS4,0.0
gene_NPAS3,0.0
gene_NPAS2,0.0
gene_NOXA1,0.0
gene_NOX4,0.0
gene_NOVA2,0.0
gene_NOTCH4,0.0
gene_NOTCH3,0.0
gene_NPHP3,0.0
gene_NIP7,0.0
gene_NIN,0.0
gene_NID2,0.0
gene_NID1,0.0
gene_NIBAN2,0.0
gene_NHSL1,0.0
gene_NHS,0.0
gene_NHP2,0.0
gene_NHLRC2,0.0
gene_NHLRC1,0.0
gene_NHERF1,0.0
gene_NHEJ1,0.0
gene_NLRP3,0.0
gene_NGF,0.0
gene_NGEF,0.0
gene_NFX1,0.0
gene_NFU1,0.0
gene_NFS1,0.0
gene_NFRKB,0.0
gene_NFKBIE,0.0
gene_NFKBIA,0.0
gene_NFKB2,0.0
gene_NFKB1,0.0
gene_NFIX,0.0
gene_NFIB,0.0
gene_NFIA,0.0
gene_NGLY1,0.0
gene_NLRP2,0.0
gene_NLRP14,0.0
gene_NLRP13,0.0
gene_NLRP12,0.0
gene_NLRP10,0.0
gene_NLRP1,0.0
gene_NLRC4,0.0
gene_NLGN4X,0.0
gene_NLGN3,0.0
gene_NLGN2,0.0
gene_NLGN1,0.0
gene_NLE1,0.0
gene_NKX6-2,0.0
gene_NIPA1,0.0
gene_NKX2-5,0.0
gene_NKX2-3,0.0
gene_NKX2-2,0.0
gene_NKX2-1,0.0
gene_NKRF,0.0
gene_NKD1,0.0
gene_NKAPD1,0.0
gene_NKAP,0.0
gene_NKAIN4,0.0
gene_NISCH,0.0
gene_NIPBL,0.0
gene_NIPAL4,0.0
gene_NIPA2,0.0
gene_NKX2-6,0.0
gene_NYX,0.0
gene_NYNRIN,0.0
gene_NYAP2,0.0
gene_NYAP1,0.0
gene_NXPE4,0.0
gene_NXN,0.0
gene_NXF3,0.0
gene_NWD1,0.0
gene_NUTM2F,0.0
gene_NUTF2,0.0
gene_NUSAP1,0.0
gene_NUS1,0.0
gene_NR1D1,0.0
gene_NUP88,0.0
gene_NUP85,0.0
gene_NUP50,0.0
gene_NUP214,0.0
gene_NUP210L,0.0
gene_NUP210,0.0
gene_NUP205,0.0
gene_NUP188,0.0
gene_NUP160,0.0
gene_NUP155,0.0
gene_NUP153,0.0
gene_NUP133,0.0
gene_NUP107,0.0
gene_NUP93,0.0
gene_OPN1LW,0.0
gene_OPLAH,0.0
gene_OPHN1,0.0
gene_OPA3,0.0
gene_OPA1,0.0
gene_ONECUT3,0.0
gene_OLR1,0.0
gene_OLFML2B,0.0
gene_OGT,0.0
gene_OGG1,0.0
gene_OGFR,0.0
gene_OGDHL,0.0
gene_OGDH,0.0
gene_OAS1,0.0
gene_ODC1,0.0
gene_ODAPH,0.0
gene_ODAD4,0.0
gene_ODAD3,0.0
gene_ODAD2,0.0
gene_ODAD1,0.0
gene_OCSTAMP,0.0
gene_OCRL,0.0
gene_OCLN,0.0
gene_OCA2,0.0
gene_OBSL1,0.0
gene_OAT,0.0
gene_OAS2,0.0
gene_OFD1,0.0
gene_NSD1,0.0
gene_NRXN3,0.0
gene_NRXN2,0.0
gene_NRXN1,0.0
gene_NRROS,0.0
gene_NRP2,0.0
gene_NRP1,0.0
gene_NRL,0.0
gene_NRIP1,0.0
gene_NRF1,0.0
gene_NRCAM,0.0
gene_NRBP1,0.0
gene_NUMA1,0.0
gene_NRAP,0.0
gene_NR6A1,0.0
gene_NR5A2,0.0
gene_NR5A1,0.0
gene_NR4A2,0.0
gene_NR3C2,0.0
gene_NR3C1,0.0
gene_NR2F2,0.0
gene_NR2F1,0.0
gene_NR2E3,0.0
gene_NR2C1,0.0
gene_NR1I2,0.0
gene_NR1H4,0.0
gene_NRAS,0.0
gene_NUDT22,0.0
gene_NUDT12,0.0
gene_NUDCD1,0.0
gene_NUBPL,0.0
gene_NUAK2,0.0
gene_NTSR2,0.0
gene_NTRK3,0.0
gene_NTRK2,0.0
gene_NTRK1,0.0
gene_NTNG2,0.0
gene_NTN5,0.0
gene_NTN1,0.0
gene_NTM,0.0
gene_NSD2,0.0
gene_NTF4,0.0
gene_NT5E,0.0
gene_NT5DC2,0.0
gene_NT5C3A,0.0
gene_NT5C2,0.0
gene_NSUN7,0.0
gene_NSUN6,0.0
gene_NSUN5P2,0.0
gene_NSUN3,0.0
gene_NSUN2,0.0
gene_NSMF,0.0
gene_NSMCE2,0.0
gene_NSDHL,0.0
gene_NTHL1,0.0
gene_TRMT1,0.0
gene_TRIP4,0.0
gene_TRIP13,0.0
gene_TRIP12,0.0
gene_TRIP11,0.0
gene_TRIOBP,0.0
gene_TRIO,0.0
gene_TRIM8,0.0
gene_TRIM72,0.0
gene_TRIM71,0.0
gene_TRIM69,0.0
gene_TRIM63,0.0
gene_MCEE,0.0
gene_TRIM55,0.0
gene_TRIM5,0.0
gene_TRIM48,0.0
gene_TRIM46,0.0
gene_TRIM45,0.0
gene_TRIM42,0.0
gene_TRIM38,0.0
gene_TRIM37,0.0
gene_TRIM36,0.0
gene_TRIM35,0.0
gene_TRIM29,0.0
gene_TRIM28,0.0
gene_TRIM26,0.0
gene_TRIM59,0.0
gene_TSHR,0.0
gene_TSHB,0.0
gene_TSEN2,0.0
gene_TSC1,0.0
gene_TRRAP,0.0
gene_TRPV6,0.0
gene_TRPV5,0.0
gene_TRPV4,0.0
gene_TRPV3,0.0
gene_TRPV1,0.0
gene_TRPS1,0.0
gene_TRPM6,0.0
gene_TRMT10A,0.0
gene_TRPM3,0.0
gene_TRPM1,0.0
gene_TRPC6,0.0
gene_TRPC5,0.0
gene_TRPC4AP,0.0
gene_TRPC3,0.0
gene_TRPA1,0.0
gene_TRNT1,0.0
gene_TRNP1,0.0
gene_TRMU,0.0
gene_TRMT61B,0.0
gene_TRMT5,0.0
gene_TRMT2B,0.0
gene_TRPM4,0.0
gene_TPSG1,0.0
gene_TPRN,0.0
gene_TPR,0.0
gene_TPP2,0.0
gene_TPP1,0.0
gene_TPO,0.0
gene_TPM3,0.0
gene_TPM2,0.0
gene_TPM1,0.0
gene_TPK1,0.0
gene_TP73,0.0
gene_TP63,0.0
gene_TRIM25,0.0
gene_TP53BP2,0.0
gene_TP53BP1,0.0
gene_TOR2A,0.0
gene_TOR1B,0.0
gene_TOR1AIP1,0.0
gene_TOPORS,0.0
gene_TOPBP1,0.0
gene_TOPAZ1,0.0
gene_TOP3B,0.0
gene_TOP3A,0.0
gene_TOP2B,0.0
gene_TOP1MT,0.0
gene_TONSL,0.0
gene_TP53RK,0.0
gene_TRIM2,0.0
gene_TRIM15,0.0
gene_TRH,0.0
gene_TREX2,0.0
gene_TRERF1,0.0
gene_TREM2,0.0
gene_TREH,0.0
gene_TRDN,0.0
gene_TRAT1,0.0
gene_TRAPPC9,0.0
gene_TRAPPC6B,0.0
gene_TRAPPC6A,0.0
gene_TRAPPC5,0.0
gene_TRAF1,0.0
gene_TRAPPC2,0.0
gene_TRAPPC12,0.0
gene_TRAPPC11,0.0
gene_TRAPPC10,0.0
gene_TRAP1,0.0
gene_TRANK1,0.0
gene_TRAK1,0.0
gene_TRAIP,0.0
gene_TRAF7,0.0
gene_TRAF4,0.0
gene_TRAF3IP2,0.0
gene_TRAF3IP1,0.0
gene_TRAF3,0.0
gene_TRAPPC2L,0.0
gene_UBAP2L,0.0
gene_UBAP2,0.0
gene_UBAC2,0.0
gene_UBA6,0.0
gene_UBA5,0.0
gene_UBA2,0.0
gene_UBA1,0.0
gene_UAP1L1,0.0
gene_U2AF2,0.0
gene_TYW1B,0.0
gene_TYRP1,0.0
gene_TYR,0.0
gene_TSHZ1,0.0
gene_TYMP,0.0
gene_TYK2,0.0
gene_TXNRD2,0.0
gene_TXNRD1,0.0
gene_TXNDC2,0.0
gene_TXNDC16,0.0
gene_TXN2,0.0
gene_TXK,0.0
gene_TWIST1,0.0
gene_TUT1,0.0
gene_TUSC3,0.0
gene_TUSC2,0.0
gene_TUSC1,0.0
gene_TYMS,0.0
gene_UGDH,0.0
gene_UFM1,0.0
gene_UFC1,0.0
gene_UCP3,0.0
gene_UCP2,0.0
gene_UCN2,0.0
gene_UCHL1,0.0
gene_UBXN10,0.0
gene_UBTFL1,0.0
gene_UBR7,0.0
gene_UBR5,0.0
gene_UBR4,0.0
gene_UBASH3A,0.0
gene_UBR2,0.0
gene_UBR1,0.0
gene_UBQLN2,0.0
gene_UBN1,0.0
gene_UBIAD1,0.0
gene_UBFD1,0.0
gene_UBE4A,0.0
gene_UBE3B,0.0
gene_UBE2T,0.0
gene_UBE2S,0.0
gene_UBE2O,0.0
gene_UBE2A,0.0
gene_UBC,0.0
gene_UBR3,0.0
gene_TTC8,0.0
gene_TTC7A,0.0
gene_TTC5,0.0
gene_TTC39A,0.0
gene_TTC34,0.0
gene_TTC3,0.0
gene_TTC29,0.0
gene_TTC28,0.0
gene_TTC27,0.0
gene_TTC24,0.0
gene_TTC23,0.0
gene_TTC22,0.0
gene_TULP4,0.0
gene_TTC19,0.0
gene_TTC14,0.0
gene_TTC12,0.0
gene_TTBK2,0.0
gene_TTBK1,0.0
gene_TSSK4,0.0
gene_TSR3,0.0
gene_TSPYL2,0.0
gene_TSPEAR,0.0
gene_TSPAN7,0.0
gene_TSPAN18,0.0
gene_TSPAN12,0.0
gene_TSPAN11,0.0
gene_TTC21B,0.0
gene_TULP3,0.0
gene_TULP1,0.0
gene_TUFM,0.0
gene_TUBGCP6,0.0
gene_TUBGCP4,0.0
gene_TUBGCP3,0.0
gene_TUBGCP2,0.0
gene_TUBG1,0.0
gene_TUBB8B,0.0
gene_TUBB8,0.0
gene_TUBB4B,0.0
gene_TUBB4A,0.0
gene_TUBB3,0.0
gene_TTF2,0.0
gene_TUBB2A,0.0
gene_TUBB1,0.0
gene_TUBB,0.0
gene_TUBA8,0.0
gene_TUBA4A,0.0
gene_TUBA1A,0.0
gene_TUB,0.0
gene_TTPA,0.0
gene_TTLL5,0.0
gene_TTLL12,0.0
gene_TTL,0.0
gene_TTI2,0.0
gene_TTI1,0.0
gene_TUBB2B,0.0
gene_TLDC2,0.0
gene_TLCD3B,0.0
gene_TLCD3A,0.0
gene_TKT,0.0
gene_TK2,0.0
gene_TJP2,0.0
gene_TJP1,0.0
gene_TINF2,0.0
gene_TINAGL1,0.0
gene_TIMMDC1,0.0
gene_TIMM9,0.0
gene_TIMM50,0.0
gene_TOMM70,0.0
gene_TIMM22,0.0
gene_TIMM13,0.0
gene_TIMELESS,0.0
gene_TIGAR,0.0
gene_TIE1,0.0
gene_TICRR,0.0
gene_TICAM1,0.0
gene_TIAM2,0.0
gene_TIAM1,0.0
gene_TIA1,0.0
gene_THUMPD1,0.0
gene_THSD4,0.0
gene_THSD1,0.0
gene_TIMM44,0.0
gene_TMED7,0.0
gene_TMED3,0.0
gene_TMED1,0.0
gene_TMCO6,0.0
gene_TMC8,0.0
gene_TMC6,0.0
gene_TMC3,0.0
gene_TMC1,0.0
gene_TMBIM4,0.0
gene_TM7SF2,0.0
gene_TM4SF20,0.0
gene_TM2D3,0.0
gene_TLE4,0.0
gene_TLR8,0.0
gene_TLR7,0.0
gene_TLR5,0.0
gene_TLR3,0.0
gene_TLR2,0.0
gene_TLR10,0.0
gene_TLR1,0.0
gene_TLN2,0.0
gene_TLN1,0.0
gene_TLL1,0.0
gene_TLK2,0.0
gene_TLE6,0.0
gene_TLE5,0.0
gene_TLR9,0.0
gene_TFE3,0.0
gene_TFDP3,0.0
gene_TFDP1,0.0
gene_TFAP2B,0.0
gene_TFAP2A,0.0
gene_TF,0.0
gene_TEX15,0.0
gene_TEX14,0.0
gene_TEX13C,0.0
gene_TEX11,0.0
gene_TEX101,0.0
gene_TET3,0.0
gene_THRB,0.0
gene_TERT,0.0
gene_TERF2IP,0.0
gene_TERF2,0.0
gene_TERB1,0.0
gene_TENT5A,0.0
gene_TENM4,0.0
gene_TENM3,0.0
gene_TENM2,0.0
gene_TENM1,0.0
gene_TELO2,0.0
gene_TEKTIP1,0.0
gene_TEKT5,0.0
gene_TEKT2,0.0
gene_TET2,0.0
gene_THRAP3,0.0
gene_THPO,0.0
gene_THOC2,0.0
gene_THBS2,0.0
gene_THBS1,0.0
gene_THBD,0.0
gene_THAP7,0.0
gene_THAP1,0.0
gene_TH,0.0
gene_TGS1,0.0
gene_TGM6,0.0
gene_TGM5,0.0
gene_TGM3,0.0
gene_TFEB,0.0
gene_TGIF1,0.0
gene_TGFBR2,0.0
gene_TGFBR1,0.0
gene_TGFBI,0.0
gene_TGFB3,0.0
gene_TGFB2,0.0
gene_TGFB1,0.0
gene_TGFA,0.0
gene_TGDS,0.0
gene_TG,0.0
gene_TFRC,0.0
gene_TFR2,0.0
gene_TFG,0.0
gene_TGM1,0.0
gene_TNFSF15,0.0
gene_TNFSF12,0.0
gene_TNFSF11,0.0
gene_TNFRSF9,0.0
gene_TNFRSF8,0.0
gene_TNFRSF4,0.0
gene_TNFRSF25,0.0
gene_TNFRSF1B,0.0
gene_TNFRSF1A,0.0
gene_TNFRSF19,0.0
gene_TNFRSF17,0.0
gene_TNFRSF13C,0.0
gene_TMED8,0.0
gene_TNFRSF11B,0.0
gene_TNFRSF11A,0.0
gene_TNFRSF10B,0.0
gene_TNFAIP3,0.0
gene_TNC,0.0
gene_TMTC4,0.0
gene_TMTC3,0.0
gene_TMTC1,0.0
gene_TMPRSS6,0.0
gene_TMPRSS5,0.0
gene_TMPRSS3,0.0
gene_TMPRSS15,0.0
gene_TMPRSS11A,0.0
gene_TNFRSF13B,0.0
gene_TOM1,0.0
gene_TOGARAM1,0.0
gene_TOB2,0.0
gene_TNXB,0.0
gene_TNS4,0.0
gene_TNS3,0.0
gene_TNS2,0.0
gene_TNS1,0.0
gene_TNRC6C,0.0
gene_TNRC6B,0.0
gene_TNRC6A,0.0
gene_TNRC18,0.0
gene_TNFSF9,0.0
gene_TNPO3,0.0
gene_TNPO2,0.0
gene_TNNT3,0.0
gene_TNNT2,0.0
gene_TNNT1,0.0
gene_TNNI3K,0.0
gene_TNNI3,0.0
gene_TNNI2,0.0
gene_TNNC2,0.0
gene_TNNC1,0.0
gene_TNKS1BP1,0.0
gene_TNK2,0.0
gene_TNIK,0.0
gene_TNR,0.0
gene_TMEM187,0.0
gene_TMEM18,0.0
gene_TMEM177,0.0
gene_TMEM175,0.0
gene_TMEM171,0.0
gene_TMEM165,0.0
gene_TMEM154,0.0
gene_TMEM151A,0.0
gene_TMEM147,0.0
gene_TMEM145,0.0
gene_TMEM138,0.0
gene_TMEM134,0.0
gene_TMPO,0.0
gene_TMEM132D,0.0
gene_TMEM132C,0.0
gene_TMEM132B,0.0
gene_TMEM131L,0.0
gene_TMEM131,0.0
gene_TMEM127,0.0
gene_TMEM126B,0.0
gene_TMEM126A,0.0
gene_TMEM125,0.0
gene_TMEM119,0.0
gene_TMEM106C,0.0
gene_TMEM106B,0.0
gene_TMEM101,0.0
gene_TMEM132E,0.0
gene_TMIE,0.0
gene_TMF1,0.0
gene_TMEM98,0.0
gene_TMEM94,0.0
gene_TMEM87B,0.0
gene_TMEM70,0.0
gene_TMEM67,0.0
gene_TMEM63B,0.0
gene_TMEM63A,0.0
gene_TMEM54,0.0
gene_TMEM51,0.0
gene_TMEM47,0.0
gene_TMEM43,0.0
gene_TMEM198,0.0
gene_TMEM275,0.0
gene_TMEM260,0.0
gene_TMEM245,0.0
gene_TMEM237,0.0
gene_TMEM231,0.0
gene_TMEM230,0.0
gene_TMEM222,0.0
gene_TMEM216,0.0
gene_TMEM215,0.0
gene_TMEM214,0.0
gene_TMEM213,0.0
gene_TMEM204,0.0
gene_TMEM200C,0.0
gene_TMEM38B,0.0
gene_ZMYM2,0.0
gene_ZMYM1,0.0
gene_ZMPSTE24,0.0
gene_ZMIZ1,0.0
gene_ZKSCAN4,0.0
gene_ZKSCAN2,0.0
gene_ZIC4,0.0
gene_ZIC3,0.0
gene_ZIC2,0.0
gene_ZIC1,0.0
gene_ZHX3,0.0
gene_ZHX2,0.0
gene_UGGT2,0.0
gene_ZFYVE28,0.0
gene_ZFYVE27,0.0
gene_ZFYVE26,0.0
gene_ZFTRAF1,0.0
gene_ZFR2,0.0
gene_ZFR,0.0
gene_ZFPM2,0.0
gene_ZFP69,0.0
gene_ZFP57,0.0
gene_ZFP42,0.0
gene_ZFP37,0.0
gene_ZFHX4,0.0
gene_ZFHX3,0.0
gene_ZG16B,0.0
gene_ZNF276,0.0
gene_ZNF275,0.0
gene_ZNF256,0.0
gene_ZNF230,0.0
gene_ZNF217,0.0
gene_ZNF208,0.0
gene_ZNF202,0.0
gene_ZNF185,0.0
gene_ZNF180,0.0
gene_ZNF18,0.0
gene_ZNF174,0.0
gene_ZNF17,0.0
gene_ZMYM3,0.0
gene_ZNF143,0.0
gene_ZNF142,0.0
gene_ZNF133,0.0
gene_ZNF112,0.0
gene_ZNF107,0.0
gene_ZNF106,0.0
gene_ZNF100,0.0
gene_ZMYND8,0.0
gene_ZMYND15,0.0
gene_ZMYND11,0.0
gene_ZMYND10,0.0
gene_ZMYM6,0.0
gene_ZMYM5,0.0
gene_ZNF148,0.0
gene_ZBTB32,0.0
gene_ZBTB24,0.0
gene_ZBTB20,0.0
gene_ZBTB18,0.0
gene_ZBTB17,0.0
gene_ZBTB16,0.0
gene_ZBTB11,0.0
gene_ZBTB1,0.0
gene_ZBED4,0.0
gene_ZAR1L,0.0
gene_ZAP70,0.0
gene_Y_RNA,0.0
gene_ZFHX2,0.0
gene_YY1,0.0
gene_YWHAZ,0.0
gene_YWHAG,0.0
gene_YWHAE,0.0
gene_YTHDF1,0.0
gene_YTHDC2,0.0
gene_YME1L1,0.0
gene_YIPF5,0.0
gene_YIPF2,0.0
gene_YARS2,0.0
gene_YARS1,0.0
gene_YAP1,0.0
gene_XYLT2,0.0
gene_YY1AP1,0.0
gene_ZEB2,0.0
gene_ZEB1,0.0
gene_ZDHHC9,0.0
gene_ZDHHC8,0.0
gene_ZDHHC24,0.0
gene_ZDHHC2,0.0
gene_ZDHHC13,0.0
gene_ZDBF2,0.0
gene_ZCCHC8,0.0
gene_ZCCHC17,0.0
gene_ZC4H2,0.0
gene_ZC3H3,0.0
gene_ZC3H18,0.0
gene_ZBTB39,0.0
gene_ZC3H12D,0.0
gene_ZC3H12C,0.0
gene_ZC3H11B,0.0
gene_ZC2HC1C,0.0
gene_ZBTB7C,0.0
gene_ZBTB7B,0.0
gene_ZBTB7A,0.0
gene_ZBTB5,0.0
gene_ZBTB48,0.0
gene_ZBTB47,0.0
gene_ZBTB42,0.0
gene_ZBTB40,0.0
gene_ZBTB4,0.0
gene_ZC3H14,0.0
gene_ZNF816,0.0
gene_ZNF81,0.0
gene_ZNF808,0.0
gene_ZNF804A,0.0
gene_ZNF80,0.0
gene_ZNF786,0.0
gene_ZNF778,0.0
gene_ZNF76,0.0
gene_ZNF75D,0.0
gene_ZNF729,0.0
gene_ZNF727,0.0
gene_ZNF710,0.0
gene_ZNF28,0.0
gene_ZNF687,0.0
gene_ZNF676,0.0
gene_ZNF670,0.0
gene_ZNF668,0.0
gene_ZNF667,0.0
gene_ZNF665,0.0
gene_ZNF658,0.0
gene_ZNF638,0.0
gene_ZNF630,0.0
gene_ZNF626,0.0
gene_ZNF622,0.0
gene_ZNF615,0.0
gene_ZNF607,0.0
gene_ZNF696,0.0
gene_ZZEF1,0.0
gene_ZYG11B,0.0
gene_ZXDB,0.0
gene_ZWILCH,0.0
gene_ZW10,0.0
gene_ZSWIM6,0.0
gene_ZSCAN29,0.0
gene_ZSCAN21,0.0
gene_ZSCAN20,0.0
gene_ZSCAN18,0.0
gene_ZRSR2,0.0
gene_ZPR1,0.0
gene_ZNF827,0.0
gene_ZP2,0.0
gene_ZNRF3,0.0
gene_ZNHIT3,0.0
gene_ZNFX1,0.0
gene_ZNF98,0.0
gene_ZNF91,0.0
gene_ZNF853,0.0
gene_ZNF846,0.0
gene_ZNF845,0.0
gene_ZNF84,0.0
gene_ZNF836,0.0
gene_ZNF831,0.0
gene_ZNF829,0.0
gene_ZPBP,0.0
gene_ZNF484,0.0
gene_ZNF479,0.0
gene_ZNF469,0.0
gene_ZNF462,0.0
gene_ZNF444,0.0
gene_ZNF443,0.0
gene_ZNF439,0.0
gene_ZNF423,0.0
gene_ZNF417,0.0
gene_ZNF416,0.0
gene_ZNF408,0.0
gene_ZNF407,0.0
gene_ZNF600,0.0
gene_ZNF385C,0.0
gene_ZNF385B,0.0
gene_ZNF384,0.0
gene_ZNF366,0.0
gene_ZNF350,0.0
gene_ZNF341,0.0
gene_ZNF335,0.0
gene_ZNF329,0.0
gene_ZNF324,0.0
gene_ZNF318,0.0
gene_ZNF316,0.0
gene_ZNF292,0.0
gene_ZNF280A,0.0
gene_ZNF404,0.0
gene_ZNF598,0.0
gene_ZNF594,0.0
gene_ZNF592,0.0
gene_ZNF589,0.0
gene_ZNF587,0.0
gene_ZNF586,0.0
gene_ZNF583,0.0
gene_ZNF582,0.0
gene_ZNF575,0.0
gene_ZNF568,0.0
gene_ZNF566,0.0
gene_ZNF557,0.0
gene_ZNF555,0.0
gene_ZNF490,0.0
gene_ZNF551,0.0
gene_ZNF548,0.0
gene_ZNF541,0.0
gene_ZNF534,0.0
gene_ZNF532,0.0
gene_ZNF529,0.0
gene_ZNF518B,0.0
gene_ZNF516,0.0
gene_ZNF512B,0.0
gene_ZNF512,0.0
gene_ZNF510,0.0
gene_ZNF507,0.0
gene_ZNF491,0.0
gene_ZNF554,0.0
gene_VASP,0.0
gene_VARS2,0.0
gene_VARS1,0.0
gene_VAPB,0.0
gene_VANGL1,0.0
gene_VAMP7,0.0
gene_VAMP2,0.0
gene_VAC14,0.0
gene_UVSSA,0.0
gene_UTS2B,0.0
gene_UTRN,0.0
gene_UTP4,0.0
gene_XYLT1,0.0
gene_UTP14A,0.0
gene_UTF1,0.0
gene_USP9X,0.0
gene_USP8,0.0
gene_USP7,0.0
gene_USP6NL,0.0
gene_USP6,0.0
gene_USP53,0.0
gene_USP5,0.0
gene_USP46,0.0
gene_USP43,0.0
gene_USP42,0.0
gene_USP36,0.0
gene_UTP20,0.0
gene_VPS13C,0.0
gene_VPS13B,0.0
gene_VPS11,0.0
gene_VNN1,0.0
gene_VMA22,0.0
gene_VMA12,0.0
gene_VLDLR,0.0
gene_VKORC1,0.0
gene_VIPR1,0.0
gene_VIPAS39,0.0
gene_VIP,0.0
gene_VIM,0.0
gene_VAV1,0.0
gene_VHL,0.0
gene_VGLL3,0.0
gene_VGF,0.0
gene_VENTX,0.0
gene_VEGFA,0.0
gene_VDR,0.0
gene_VCX3B,0.0
gene_VCX3A,0.0
gene_VCP,0.0
gene_VCL,0.0
gene_VCAN,0.0
gene_VAX2,0.0
gene_VAV3,0.0
gene_VILL,0.0
gene_UPB1,0.0
gene_UNG,0.0
gene_UNCX,0.0
gene_UNC93B1,0.0
gene_UNC80,0.0
gene_UNC79,0.0
gene_UNC5C,0.0
gene_UNC45B,0.0
gene_UNC45A,0.0
gene_UNC13D,0.0
gene_UNC13A,0.0
gene_UNC119,0.0
gene_USP30,0.0
gene_UMOD,0.0
gene_ULK4,0.0
gene_ULK2,0.0
gene_ULK1,0.0
gene_ULBP1,0.0
gene_UHRF1,0.0
gene_UGT8,0.0
gene_UGT2B28,0.0
gene_UGT2B15,0.0
gene_UGT2B11,0.0
gene_UGT2A1,0.0
gene_UGT1A6,0.0
gene_UGT1A10,0.0
gene_UMODL1-AS1,0.0
gene_USP27X-DT,0.0
gene_USP26,0.0
gene_USP24,0.0
gene_USP21,0.0
gene_USP19,0.0
gene_USP18,0.0
gene_USP17L2,0.0
gene_USP11,0.0
gene_USH1C,0.0
gene_USF3,0.0
gene_USE1,0.0
gene_USB1,0.0
gene_UROS,0.0
gene_UPF1,0.0
gene_UROC1,0.0
gene_URGCP,0.0
gene_URB2,0.0
gene_URB1,0.0
gene_UQCRFS1,0.0
gene_UQCRC2,0.0
gene_UQCRC1,0.0
gene_UQCRB,0.0
gene_UQCC2,0.0
gene_UPK3B,0.0
gene_UPK3A,0.0
gene_UPK2,0.0
gene_UPF3B,0.0
gene_UROD,0.0
gene_WNT3,0.0
gene_WNT2B,0.0
gene_WNT10B,0.0
gene_WNT10A,0.0
gene_WNT1,0.0
gene_WNK4,0.0
gene_WNK3,0.0
gene_WNK2,0.0
gene_WNK1,0.0
gene_WIZ,0.0
gene_WIPI1,0.0
gene_WIPF1,0.0
gene_VPS13D,0.0
gene_WFDC11,0.0
gene_WEE2,0.0
gene_WDR90,0.0
gene_WDR87,0.0
gene_WDR81,0.0
gene_WDR76,0.0
gene_WDR73,0.0
gene_WDR72,0.0
gene_WDR70,0.0
gene_WDR62,0.0
gene_WDR59,0.0
gene_WDR53,0.0
gene_WDR47,0.0
gene_WHRN,0.0
gene_XXYLT1,0.0
gene_XRN1,0.0
gene_XRCC5,0.0
gene_XRCC4,0.0
gene_XRCC2,0.0
gene_XRCC1,0.0
gene_XPR1,0.0
gene_XPO5,0.0
gene_XPO1,0.0
gene_XPNPEP3,0.0
gene_XPC,0.0
gene_XPA,0.0
gene_XK,0.0
gene_WNT3A,0.0
gene_XIAP,0.0
gene_XDH,0.0
gene_WWTR1,0.0
gene_WWOX,0.0
gene_WWC3,0.0
gene_WWC2,0.0
gene_WT1,0.0
gene_WSCD1,0.0
gene_WRN,0.0
gene_WNT7B,0.0
gene_WNT7A,0.0
gene_WNT5A,0.0
gene_WNT4,0.0
gene_XIRP2,0.0
gene_VWCE,0.0
gene_VWA8,0.0
gene_VWA7,0.0
gene_VWA5B2,0.0
gene_VWA5A,0.0
gene_VWA2,0.0
gene_VTI1B,0.0
gene_VSX2,0.0
gene_VSX1,0.0
gene_VSTM4,0.0
gene_VSIG4,0.0
gene_VSIG1,0.0
gene_WDR45B,0.0
gene_VRK1,0.0
gene_VPS53,0.0
gene_VPS50,0.0
gene_VPS4A,0.0
gene_VPS45,0.0
gene_VPS41,0.0
gene_VPS37A,0.0
gene_VPS35L,0.0
gene_VPS35,0.0
gene_VPS33B,0.0
gene_VPS33A,0.0
gene_VPS28,0.0
gene_VPS16,0.0
gene_VRTN,0.0
gene_WDR45,0.0
gene_WDR44,0.0
gene_WDR4,0.0
gene_WDR37,0.0
gene_WDR36,0.0
gene_WDR35,0.0
gene_WDR26,0.0
gene_WDR19,0.0
gene_WDR17,0.0
gene_WDR11,0.0
gene_WDR1,0.0
gene_WDPCP,0.0
gene_WDHD1,0.0
gene_VWDE,0.0
gene_WDFY3,0.0
gene_WBP4,0.0
gene_WBP1L,0.0
gene_WBP11,0.0
gene_WBP1,0.0
gene_WASHC5,0.0
gene_WASHC4,0.0
gene_WASHC2A,0.0
gene_WASF1,0.0
gene_WAS,0.0
gene_WARS2,0.0
gene_WAC,0.0
gene_VWF,0.0
gene_WDFY4,0.0
gene_SLC16A6,0.0
gene_SLC16A5,0.0
gene_SLC16A3,0.0
gene_SLC16A2,0.0
gene_SLC16A12,0.0
gene_SLC16A10,0.0
gene_SLC16A1,0.0
gene_SLC15A4,0.0
gene_SLC14A2,0.0
gene_SLC14A1,0.0
gene_SLC13A5,0.0
gene_SLC13A3,0.0
gene_TEK,0.0
gene_SLC12A7,0.0
gene_SLC12A6,0.0
gene_SLC12A5,0.0
gene_SLC12A4,0.0
gene_SLC12A3,0.0
gene_SLC12A2,0.0
gene_SLC12A1,0.0
gene_SLC11A2,0.0
gene_SLC11A1,0.0
gene_SLC10A7,0.0
gene_SLC10A2,0.0
gene_SKOR2,0.0
gene_SKIL,0.0
gene_SLC12A9,0.0
gene_SLC24A1,0.0
gene_SLC23A3,0.0
gene_SLC22A9,0.0
gene_SLC22A7,0.0
gene_SLC22A5,0.0
gene_SLC22A4,0.0
gene_SLC22A23,0.0
gene_SLC22A16,0.0
gene_SLC22A12,0.0
gene_SLC22A1,0.0
gene_SLC20A2,0.0
gene_SLC1A7,0.0
gene_SLC17A1,0.0
gene_SLC1A4,0.0
gene_SLC1A3,0.0
gene_SLC1A2,0.0
gene_SLC1A1,0.0
gene_SLC19A3,0.0
gene_SLC19A2,0.0
gene_SLC19A1,0.0
gene_SLC18A2-AS1,0.0
gene_SLC18A2,0.0
gene_SLC17A9,0.0
gene_SLC17A8,0.0
gene_SLC17A6,0.0
gene_SLC17A5,0.0
gene_SLC1A5,0.0
gene_SIAE,0.0
gene_SI,0.0
gene_SHTN1,0.0
gene_SHROOM4,0.0
gene_SHROOM3,0.0
gene_SHROOM2,0.0
gene_SHQ1,0.0
gene_SHPK,0.0
gene_SHOX,0.0
gene_SHOC2,0.0
gene_SHOC1,0.0
gene_SHMT2,0.0
gene_SKIC3,0.0
gene_SHISA5,0.0
gene_SHH,0.0
gene_SHANK3,0.0
gene_SHANK2,0.0
gene_SHANK1,0.0
gene_SH3TC2,0.0
gene_SH3RF3,0.0
gene_SH3PXD2B,0.0
gene_SH3KBP1,0.0
gene_SH3D19,0.0
gene_SH3BP4,0.0
gene_SH3BP2,0.0
gene_SH2D1A,0.0
gene_SHMT1,0.0
gene_SKIC2,0.0
gene_SKI,0.0
gene_SKAP2,0.0
gene_SIX6,0.0
gene_SIX3,0.0
gene_SIX2,0.0
gene_SIX1,0.0
gene_SIT1,0.0
gene_SIRT1,0.0
gene_SIRPB2,0.0
gene_SIRPB1,0.0
gene_SIPA1L3,0.0
gene_SIPA1L2,0.0
gene_SIAH2,0.0
gene_SIN3B,0.0
gene_SIN3A,0.0
gene_SIM2,0.0
gene_SIM1,0.0
gene_SIL1,0.0
gene_SIK3,0.0
gene_SIK1,0.0
gene_SIGMAR1,0.0
gene_SIGLEC5,0.0
gene_SIGLEC11,0.0
gene_SIGLEC10,0.0
gene_SIGLEC1,0.0
gene_SIAH3,0.0
gene_SIPA1L1,0.0
gene_SLC4A9,0.0
gene_SLC4A7,0.0
gene_SLC4A5,0.0
gene_SLC4A4,0.0
gene_SLC4A3,0.0
gene_SLC4A11,0.0
gene_SLC4A10,0.0
gene_SLC4A1,0.0
gene_SLC49A3,0.0
gene_SLC46A1,0.0
gene_SLC45A3,0.0
gene_SLC45A2,0.0
gene_SLC24A2,0.0
gene_SLC44A4,0.0
gene_SLC44A1,0.0
gene_SLC41A1,0.0
gene_SLC40A1,0.0
gene_SLC3A1,0.0
gene_SLC39A8,0.0
gene_SLC39A5,0.0
gene_SLC39A4,0.0
gene_SLC39A14,0.0
gene_SLC39A13,0.0
gene_SLC39A10,0.0
gene_SLC38A8,0.0
gene_SLC38A5,0.0
gene_SLC45A1,0.0
gene_SLC7A14,0.0
gene_SLC7A13,0.0
gene_SLC7A10,0.0
gene_SLC7A1,0.0
gene_SLC6A9,0.0
gene_SLC6A8,0.0
gene_SLC6A5,0.0
gene_SLC6A3,0.0
gene_SLC6A20,0.0
gene_SLC6A2,0.0
gene_SLC6A19,0.0
gene_SLC6A18,0.0
gene_SLC50A1,0.0
gene_SLC6A12,0.0
gene_SLC6A1,0.0
gene_SLC66A1,0.0
gene_SLC5A9,0.0
gene_SLC5A7,0.0
gene_SLC5A6,0.0
gene_SLC5A5,0.0
gene_SLC5A4,0.0
gene_SLC5A1,0.0
gene_SLC52A3,0.0
gene_SLC52A2,0.0
gene_SLC52A1,0.0
gene_SLC51A,0.0
gene_SLC6A17,0.0
gene_SLC26A8,0.0
gene_SLC26A6,0.0
gene_SLC26A5,0.0
gene_SLC26A4,0.0
gene_SLC26A3,0.0
gene_SLC26A2,0.0
gene_SLC25A6,0.0
gene_SLC25A46,0.0
gene_SLC25A42,0.0
gene_SLC25A4,0.0
gene_SLC25A38,0.0
gene_SLC25A34,0.0
gene_SLC38A3,0.0
gene_SLC25A24,0.0
gene_SLC25A23,0.0
gene_SLC25A22,0.0
gene_SLC25A21,0.0
gene_SLC25A20,0.0
gene_SLC25A19,0.0
gene_SLC25A15,0.0
gene_SLC25A13,0.0
gene_SLC25A12,0.0
gene_SLC25A11,0.0
gene_SLC25A1,0.0
gene_SLC24A5,0.0
gene_SLC24A4,0.0
gene_SLC25A3,0.0
gene_SLC37A4,0.0
gene_SLC36A2,0.0
gene_SLC36A1,0.0
gene_SLC35F3,0.0
gene_SLC35D1,0.0
gene_SLC35C1,0.0
gene_SLC35B1,0.0
gene_SLC35A3,0.0
gene_SLC35A2,0.0
gene_SLC34A3,0.0
gene_SLC34A2,0.0
gene_SLC34A1,0.0
gene_SLC33A1,0.0
gene_SLC27A4,0.0
gene_SLC30A6,0.0
gene_SLC30A3,0.0
gene_SLC30A10,0.0
gene_SLC2A9,0.0
gene_SLC2A7,0.0
gene_SLC2A3,0.0
gene_SLC2A2,0.0
gene_SLC2A10,0.0
gene_SLC29A3,0.0
gene_SLC29A2,0.0
gene_SLC29A1,0.0
gene_SLC28A1,0.0
gene_SLC27A5,0.0
gene_SLC32A1,0.0
gene_SCARB1,0.0
gene_SCAPER,0.0
gene_SCAMP4,0.0
gene_SCAI,0.0
gene_SCAF4,0.0
gene_SCAF11,0.0
gene_SCAF1,0.0
gene_SC5D,0.0
gene_SBNO2,0.0
gene_SBF2,0.0
gene_SBDS,0.0
gene_SAXO4,0.0
gene_SH2B3,0.0
gene_SATB2,0.0
gene_SATB1,0.0
gene_SASH3,0.0
gene_SASH1,0.0
gene_SART3,0.0
gene_SART1,0.0
gene_SARS2,0.0
gene_SARS1,0.0
gene_SARM1,0.0
gene_SAR1B,0.0
gene_SAMHD1,0.0
gene_SAMD9L,0.0
gene_SAMD8,0.0
gene_SAXO1,0.0
gene_SCP2,0.0
gene_SCO2,0.0
gene_SCO1,0.0
gene_SCNN1G,0.0
gene_SCNN1D,0.0
gene_SCNN1B,0.0
gene_SCNN1A,0.0
gene_SCN9A,0.0
gene_SCN8A,0.0
gene_SCN5A,0.0
gene_SCN4B,0.0
gene_SCN4A,0.0
gene_SCARB2,0.0
gene_SCN3A,0.0
gene_SCN2B,0.0
gene_SCN2A,0.0
gene_SCN1B,0.0
gene_SCN1A,0.0
gene_SCN11A,0.0
gene_SCN10A,0.0
gene_SCLT1,0.0
gene_SCGB2A1,0.0
gene_SCG5,0.0
gene_SCFD2,0.0
gene_SCARF2,0.0
gene_SCARF1,0.0
gene_SCN3B,0.0
gene_RTN2,0.0
gene_RTL3,0.0
gene_RTKN2,0.0
gene_RTEL1,0.0
gene_RTCB,0.0
gene_RSU1,0.0
gene_RSRC1,0.0
gene_RSPRY1,0.0
gene_RSPO4,0.0
gene_RSPO1,0.0
gene_RSPH9,0.0
gene_RSPH4A,0.0
gene_SAMD11,0.0
gene_RSPH14,0.0
gene_RSPH10B2,0.0
gene_RSPH10B,0.0
gene_RSPH1,0.0
gene_RS1,0.0
gene_RRP8,0.0
gene_RRP7A,0.0
gene_RRP12,0.0
gene_RRM2B,0.0
gene_RREB1,0.0
gene_RRBP1,0.0
gene_RRAS2,0.0
gene_RRAS,0.0
gene_RSPH3,0.0
gene_SALL4,0.0
gene_SALL3,0.0
gene_SALL2,0.0
gene_SALL1,0.0
gene_SAG,0.0
gene_SAFB2,0.0
gene_SAFB,0.0
gene_SAE1,0.0
gene_SAA4,0.0
gene_S1PR5,0.0
gene_S100P,0.0
gene_S100A7,0.0
gene_RYR3,0.0
gene_RTN4IP1,0.0
gene_RXYLT1,0.0
gene_RXRA,0.0
gene_RWDD4,0.0
gene_RWDD2B,0.0
gene_RUVBL2,0.0
gene_RUSF1,0.0
gene_RUSC2,0.0
gene_RUNX2,0.0
gene_RUNX1,0.0
gene_RUFY1,0.0
gene_RUBCN,0.0
gene_RTTN,0.0
gene_RTP5,0.0
gene_RYR2,0.0
gene_SETX,0.0
gene_SETDB1,0.0
gene_SETD9,0.0
gene_SETD5,0.0
gene_SETD2,0.0
gene_SETD1B,0.0
gene_SETD1A,0.0
gene_SET,0.0
gene_SERTAD2,0.0
gene_SERPINI1,0.0
gene_SERPINH1,0.0
gene_SERPING1,0.0
gene_SCRIB,0.0
gene_SERPINF1,0.0
gene_SERPINC1,0.0
gene_SERPINB7,0.0
gene_SERPINB6,0.0
gene_SERPINB4,0.0
gene_SERPINB3,0.0
gene_SERPINB12,0.0
gene_SERPINA7,0.0
gene_SERPINA6,0.0
gene_SERPINA3,0.0
gene_SERPINA12,0.0
gene_SERPINA1,0.0
gene_SERAC1,0.0
gene_SERPINF2,0.0
gene_SH2B1,0.0
gene_SGSM3,0.0
gene_SGSH,0.0
gene_SGPL1,0.0
gene_SGMS1,0.0
gene_SGK1,0.0
gene_SGCG,0.0
gene_SGCE,0.0
gene_SGCD,0.0
gene_SGCB,0.0
gene_SGCA,0.0
gene_SFXN4,0.0
gene_SFTPD,0.0
gene_SEZ6,0.0
gene_SFTPA2,0.0
gene_SFTPA1,0.0
gene_SFSWAP,0.0
gene_SFRP4,0.0
gene_SFMBT1,0.0
gene_SFI1,0.0
gene_SF3B4,0.0
gene_SF3B3,0.0
gene_SF3B2,0.0
gene_SF3B1,0.0
gene_SF3A2,0.0
gene_SF1,0.0
gene_SEZ6L2,0.0
gene_SFTPB,0.0
gene_SEC63,0.0
gene_SEC61B,0.0
gene_SEC61A1,0.0
gene_SEC24D,0.0
gene_SEC24B,0.0
gene_SEC23IP,0.0
gene_SEC23B,0.0
gene_SEC23A,0.0
gene_SEC16B,0.0
gene_SEC16A,0.0
gene_SEC14L5,0.0
gene_SDR9C7,0.0
gene_SEPTIN9,0.0
gene_SDHD,0.0
gene_SDHC,0.0
gene_SDHB,0.0
gene_SDHAF2,0.0
gene_SDHA,0.0
gene_SDF4,0.0
gene_SDCCAG8,0.0
gene_SDAD1,0.0
gene_SCYL1,0.0
gene_SCUBE3,0.0
gene_SCUBE2,0.0
gene_SCTR,0.0
gene_SCT,0.0
gene_SDK2,0.0
gene_SEPTIN1,0.0
gene_SEPSECS,0.0
gene_SENP7,0.0
gene_SENP6,0.0
gene_SENP5,0.0
gene_SEMG1,0.0
gene_SEMA6D,0.0
gene_SEMA6C,0.0
gene_SEMA6B,0.0
gene_SEMA6A,0.0
gene_SEMA5A,0.0
gene_SEMA4G,0.0
gene_SEMA4A,0.0
gene_SECISBP2,0.0
gene_SEMA3F,0.0
gene_SEMA3E,0.0
gene_SEMA3D,0.0
gene_SEMA3C,0.0
gene_SEMA3A,0.0
gene_SELPLG,0.0
gene_SELP,0.0
gene_SELENON,0.0
gene_SELENOI,0.0
gene_SELENBP1,0.0
gene_SELE,0.0
gene_SEL1L,0.0
gene_SEH1L,0.0
gene_SEMA3G,0.0
gene_SUN2,0.0
gene_SUN1,0.0
gene_SUMO4,0.0
gene_SUMF1,0.0
gene_SULT2B1,0.0
gene_SULF2,0.0
gene_SULF1,0.0
gene_SUGP1,0.0
gene_SUGCT,0.0
gene_SUFU,0.0
gene_SUCO,0.0
gene_SUCLG2,0.0
gene_SLC7A3,0.0
gene_SUCLA2-AS1,0.0
gene_SUCLA2,0.0
gene_STYXL2,0.0
gene_STYXL1,0.0
gene_STXBP2,0.0
gene_STXBP1,0.0
gene_STX3,0.0
gene_STX1B,0.0
gene_STX1A,0.0
gene_STX16,0.0
gene_STX11,0.0
gene_STUB1,0.0
gene_STT3B,0.0
gene_SUCLG1,0.0
gene_SYT1,0.0
gene_SYNRG,0.0
gene_SYNPO,0.0
gene_SYNM,0.0
gene_SYNJ1,0.0
gene_SYNGR1,0.0
gene_SYNE4,0.0
gene_SYNE3,0.0
gene_SYNE2,0.0
gene_SYNE1,0.0
gene_SYN1,0.0
gene_SYK,0.0
gene_SUOX,0.0
gene_SYCN,0.0
gene_SYCE3,0.0
gene_SYCE1,0.0
gene_SYBU,0.0
gene_SVIL,0.0
gene_SVEP1,0.0
gene_SV2A,0.0
gene_SUZ12,0.0
gene_SUV39H2,0.0
gene_SUSD3,0.0
gene_SUSD1,0.0
gene_SUPT4H1,0.0
gene_SUPT16H,0.0
gene_SYCP2,0.0
gene_STAC3,0.0
gene_STAB2,0.0
gene_STAB1,0.0
gene_ST8SIA2,0.0
gene_ST6GALNAC1,0.0
gene_ST3GAL5,0.0
gene_ST3GAL3,0.0
gene_ST18,0.0
gene_ST14,0.0
gene_SSX5,0.0
gene_SSX1,0.0
gene_SSRP1,0.0
gene_STT3A,0.0
gene_SSH1,0.0
gene_SSC5D,0.0
gene_SSC4D,0.0
gene_SSBP3,0.0
gene_SRY,0.0
gene_SRSF11,0.0
gene_SRRM4,0.0
gene_SRRM2,0.0
gene_SRRD,0.0
gene_SRPX2,0.0
gene_SRPK2,0.0
gene_SRP72,0.0
gene_SRP54,0.0
gene_SSR3,0.0
gene_STS,0.0
gene_STRIP1,0.0
gene_STRC,0.0
gene_STRADA,0.0
gene_STRA6,0.0
gene_STOX2,0.0
gene_STN1,0.0
gene_STK4,0.0
gene_STK32B,0.0
gene_STK11,0.0
gene_STIP1,0.0
gene_STING1,0.0
gene_STIM1,0.0
gene_STAG1,0.0
gene_STEAP3,0.0
gene_STAT5B,0.0
gene_STAT4,0.0
gene_STAT3,0.0
gene_STAT2,0.0
gene_STAT1,0.0
gene_STARD9,0.0
gene_STAR,0.0
gene_STAP1,0.0
gene_STAMBP,0.0
gene_STAM2,0.0
gene_STAG3,0.0
gene_STAG2,0.0
gene_STIL,0.0
gene_TCEAL1,0.0
gene_TC2N,0.0
gene_TBXT,0.0
gene_TBXAS1,0.0
gene_TBXA2R,0.0
gene_TBX6,0.0
gene_TBX5,0.0
gene_TBX4,0.0
gene_TBX3,0.0
gene_TBX22,0.0
gene_TBX21,0.0
gene_TBX20,0.0
gene_SYT10,0.0
gene_TBX19,0.0
gene_TBX18,0.0
gene_TBX15,0.0
gene_TBX1,0.0
gene_TBR1,0.0
gene_TBP,0.0
gene_TBL2,0.0
gene_TBL1XR1,0.0
gene_TBL1X,0.0
gene_TBK1,0.0
gene_TBCK,0.0
gene_TBCE,0.0
gene_TBCD,0.0
gene_TBX2,0.0
gene_TEFM,0.0
gene_TEDC1,0.0
gene_TECTA,0.0
gene_TECRL,0.0
gene_TECPR2,0.0
gene_TECPR1,0.0
gene_TEAD1,0.0
gene_TDRD9,0.0
gene_TDRD7,0.0
gene_TDRD6,0.0
gene_TDRD1,0.0
gene_TDP2,0.0
gene_TCEAL2,0.0
gene_TCTN2,0.0
gene_TCTN1,0.0
gene_TCP11L2,0.0
gene_TCOF1,0.0
gene_TCN2,0.0
gene_TCN1,0.0
gene_TCIRG1,0.0
gene_TCFL5,0.0
gene_TCF7L2,0.0
gene_TCF4,0.0
gene_TCF3,0.0
gene_TCF20,0.0
gene_TCF12,0.0
gene_TCTN3,0.0
gene_TANC2,0.0
gene_TAMALIN,0.0
gene_TALDO1,0.0
gene_TAFA5,0.0
gene_TAF8,0.0
gene_TAF7L,0.0
gene_TAF6,0.0
gene_TAF4B,0.0
gene_TAF4,0.0
gene_TAF2,0.0
gene_TAF1C,0.0
gene_TAF1A,0.0
gene_TBCCD1,0.0
gene_TAF1,0.0
gene_TACSTD2,0.0
gene_TACR3,0.0
gene_TACO1,0.0
gene_TAB2,0.0
gene_TAAR9,0.0
gene_TAAR1,0.0
gene_SZT2-AS1,0.0
gene_SZT2,0.0
gene_SYTL1,0.0
gene_SYT5,0.0
gene_SYT2,0.0
gene_SYT14,0.0
gene_TAF10,0.0
gene_TBC1D9B,0.0
gene_TBC1D8B,0.0
gene_TBC1D7,0.0
gene_TBC1D3F,0.0
gene_TBC1D32,0.0
gene_TBC1D30,0.0
gene_TBC1D2B,0.0
gene_TBC1D24,0.0
gene_TBC1D23,0.0
gene_TBC1D20,0.0
gene_TBC1D14,0.0
gene_TBC1D1,0.0
gene_TAT,0.0
gene_TANGO2,0.0
gene_TASOR,0.0
gene_TAS2R39,0.0
gene_TAS2R14,0.0
gene_TAS1R3,0.0
gene_TARS2,0.0
gene_TARS1,0.0
gene_TAPT1,0.0
gene_TAPBPL,0.0
gene_TAPBP,0.0
gene_TAP2,0.0
gene_TAP1,0.0
gene_TAOK2,0.0
gene_TAOK1,0.0
gene_TASOR2,0.0
gene_SNAPC2,0.0
gene_SNAP29,0.0
gene_SNAP25,0.0
gene_SNAI3,0.0
gene_SNAI2,0.0
gene_SMYD4,0.0
gene_SMYD1,0.0
gene_SMTNL2,0.0
gene_SMS,0.0
gene_SMPX,0.0
gene_SMPD4,0.0
gene_SMPD3,0.0
gene_SRI,0.0
gene_SMOX,0.0
gene_SMOC2,0.0
gene_SMOC1,0.0
gene_SMO,0.0
gene_SMN1,0.0
gene_SMG9,0.0
gene_SMG8,0.0
gene_SMG7,0.0
gene_SMG6,0.0
gene_SMG1,0.0
gene_SMDT1,0.0
gene_SMCO2,0.0
gene_SMCHD1,0.0
gene_SMPD2,0.0
gene_SOAT2,0.0
gene_SOAT1,0.0
gene_SNX31,0.0
gene_SNX27,0.0
gene_SNX19,0.0
gene_SNX17,0.0
gene_SNX14,0.0
gene_SNX10,0.0
gene_SNUPN,0.0
gene_SNTG2,0.0
gene_SNTA1,0.0
gene_SNRPN,0.0
gene_SNAPC4,0.0
gene_SNRNP48,0.0
gene_SNRNP200,0.0
gene_SNORD9,0.0
gene_SNORD8,0.0
gene_SNORD62,0.0
gene_SNORD19,0.0
gene_SNORA49,0.0
gene_SNIP1,0.0
gene_SNHG14,0.0
gene_SNED1,0.0
gene_SND1,0.0
gene_SNCAIP,0.0
gene_SNCA,0.0
gene_SNRPB,0.0
gene_SLITRK2,0.0
gene_SLITRK1,0.0
gene_SLIT3,0.0
gene_SLIT2,0.0
gene_SLFN14,0.0
gene_SLFN12,0.0
gene_SLFN11,0.0
gene_SLCO6A1,0.0
gene_SLCO5A1,0.0
gene_SLCO4C1,0.0
gene_SLCO2A1,0.0
gene_SLCO1B3,0.0
gene_SMC6,0.0
gene_SLC9C2,0.0
gene_SLC9C1,0.0
gene_SLC9A9,0.0
gene_SLC9A7,0.0
gene_SLC9A6,0.0
gene_SLC9A4,0.0
gene_SLC9A3,0.0
gene_SLC9A1,0.0
gene_SLC8A3,0.0
gene_SLC8A2,0.0
gene_SLC7A9,0.0
gene_SLC7A7,0.0
gene_SLC7A6,0.0
gene_SLCO1B1,0.0
gene_SMC3,0.0
gene_SMC1A,0.0
gene_SMARCE1,0.0
gene_SMARCD2,0.0
gene_SMARCD1,0.0
gene_SMARCC2,0.0
gene_SMARCC1,0.0
gene_SMARCB1,0.0
gene_SMARCAL1,0.0
gene_SMARCA5,0.0
gene_SMARCA4,0.0
gene_SMARCA2,0.0
gene_SMARCA1,0.0
gene_SLITRK3,0.0
gene_SMAD9,0.0
gene_SMAD6,0.0
gene_SMAD4,0.0
gene_SMAD3,0.0
gene_SMAD2,0.0
gene_SLX4,0.0
gene_SLX1A,0.0
gene_SLURP1,0.0
gene_SLPI,0.0
gene_SLMAP,0.0
gene_SLK,0.0
gene_SLITRK6,0.0
gene_SLITRK5,0.0
gene_SMAGP,0.0
gene_SPP1,0.0
gene_SPOUT1,0.0
gene_SPOP,0.0
gene_SPOCK2,0.0
gene_SPOCD1,0.0
gene_SPNS2,0.0
gene_SPNS1,0.0
gene_SPMIP9,0.0
gene_SPMAP2,0.0
gene_SPINT2,0.0
gene_SPINT1,0.0
gene_SPINK5,0.0
gene_SOBP,0.0
gene_SPIB,0.0
gene_SPHKAP,0.0
gene_SPG7,0.0
gene_SPG21,0.0
gene_SPG11,0.0
gene_SPEN,0.0
gene_SPEG,0.0
gene_SPEF2,0.0
gene_SPECC1L,0.0
gene_SPECC1,0.0
gene_SPDYE5,0.0
gene_SPDYE2B,0.0
gene_SPDYE16,0.0
gene_SPINK1,0.0
gene_SRGAP3,0.0
gene_SREBF2,0.0
gene_SREBF1,0.0
gene_SRD5A3,0.0
gene_SRD5A2,0.0
gene_SRCAP,0.0
gene_SRBD1,0.0
gene_SRA1,0.0
gene_SQSTM1,0.0
gene_SPZ1,0.0
gene_SPTSSA,0.0
gene_SPTLC2,0.0
gene_SPTLC1,0.0
gene_SPP2,0.0
gene_SPTBN4,0.0
gene_SPTBN2,0.0
gene_SPTBN1,0.0
gene_SPTB,0.0
gene_SPTA1,0.0
gene_SPRYD3,0.0
gene_SPRTN,0.0
gene_SPRR3,0.0
gene_SPRR2D,0.0
gene_SPRED1,0.0
gene_SPR,0.0
gene_SPPL2C,0.0
gene_SPPL2A,0.0
gene_SPTBN5,0.0
gene_SOX9,0.0
gene_SOX6,0.0
gene_SOX5,0.0
gene_SOX4,0.0
gene_SOX2,0.0
gene_SOX18,0.0
gene_SOX17,0.0
gene_SOX11,0.0
gene_SOX1,0.0
gene_SOWAHC,0.0
gene_SOST,0.0
gene_SOS2,0.0
gene_SPDYC,0.0
gene_SORT1,0.0
gene_SORL1,0.0
gene_SORD,0.0
gene_SORCS1,0.0
gene_SORBS3,0.0
gene_SORBS1,0.0
gene_SON,0.0
gene_SOHLH2,0.0
gene_SOHLH1,0.0
gene_SOD3,0.0
gene_SOD1,0.0
gene_SOCS4,0.0
gene_SOCS1,0.0
gene_SOS1,0.0
gene_SPDEF,0.0
gene_SPATS1,0.0
gene_SPATC1L,0.0
gene_SPATC1,0.0
gene_SPATA7,0.0
gene_SPATA32,0.0
gene_SPATA31E1,0.0
gene_SPATA31A7,0.0
gene_SPATA31A6,0.0
gene_SPATA31A3,0.0
gene_SPATA31A1,0.0
gene_SPATA2L,0.0
gene_SPATA20,0.0
gene_SP110,0.0
gene_SPART,0.0
gene_SPARCL1,0.0
gene_SPARC,0.0
gene_SPANXD,0.0
gene_SPAG8,0.0
gene_SPAG7,0.0
gene_SPAG17,0.0
gene_SPAG1,0.0
gene_SPA17,0.0
gene_SP9,0.0
gene_SP8,0.0
gene_SP7,0.0
gene_SP140,0.0
gene_SPAST,0.0
gene_CLTC,0.0
gene_CLRN1,0.0
gene_CLPTM1,0.0
gene_CLPP,0.0
gene_CLPB,0.0
gene_CLP1,0.0
gene_CLOCK,0.0
gene_CLN8,0.0
gene_CLN6,0.0
gene_CLN5,0.0
gene_CLN3,0.0
gene_CLMP,0.0
Consequence_group_Other,0.0
gene_CLIP2,0.0
gene_CLIP1,0.0
gene_CLIC6,0.0
gene_CLIC5,0.0
gene_CLEC9A,0.0
gene_CLEC6A,0.0
gene_CLEC4M,0.0
gene_CLEC4D,0.0
gene_CLEC3B,0.0
gene_CLEC19A,0.0
gene_CLEC18C,0.0
gene_CLEC18B,0.0
gene_CLEC16A,0.0
gene_CLMN,0.0
gene_CNTN3,0.0
gene_CNTN2,0.0
gene_CNTN1,0.0
gene_CNTLN,0.0
gene_CNTD1,0.0
gene_CNR2,0.0
gene_CNPY4,0.0
gene_CNOT3,0.0
gene_CNOT1,0.0
gene_CNNM4,0.0
gene_CNNM3,0.0
gene_CNNM2,0.0
gene_CLU,0.0
gene_CNKSR1,0.0
gene_CNGB3,0.0
gene_CNGB1,0.0
gene_CNGA3,0.0
gene_CNGA2,0.0
gene_CNGA1,0.0
gene_CNDP1,0.0
gene_CNBD1,0.0
gene_CMYA5,0.0
gene_CMPK2,0.0
gene_CLVS1,0.0
gene_CLUH,0.0
gene_CLUAP1,0.0
gene_CNKSR2,0.0
gene_CIT,0.0
gene_CISD2,0.0
gene_CIROZ,0.0
gene_CIP2A,0.0
gene_CILP2,0.0
gene_CILP,0.0
gene_CIITA,0.0
gene_CIC,0.0
gene_CIB2,0.0
gene_CIB1,0.0
gene_CIAO3,0.0
gene_CIAO1,0.0
gene_CLEC10A,0.0
gene_CHSY1,0.0
gene_CHST6,0.0
gene_CHST5,0.0
gene_CHST3,0.0
gene_CHST14,0.0
gene_CHRNG,0.0
gene_CHRND,0.0
gene_CHRNB4,0.0
gene_CHRNB2,0.0
gene_CHRNB1,0.0
gene_CHRNA6,0.0
gene_CHRNA4,0.0
gene_CHRNA2,0.0
gene_CHSY3-AS1,0.0
gene_CLDND2,0.0
gene_CLDN6,0.0
gene_CLDN25,0.0
gene_CLDN2,0.0
gene_CLDN19,0.0
gene_CLDN17,0.0
gene_CLDN16,0.0
gene_CLDN14,0.0
gene_CLDN10,0.0
gene_CLDN1,0.0
gene_CLCNKB,0.0
gene_CLCNKA,0.0
gene_CITED2,0.0
gene_CLCN6,0.0
gene_CLCN5,0.0
gene_CLCN4,0.0
gene_CLCN3,0.0
gene_CLCN2,0.0
gene_CLCN1,0.0
gene_CLCF1,0.0
gene_CLCC1,0.0
gene_CLCA1,0.0
gene_CLASP1,0.0
gene_CKMT1B,0.0
gene_CKAP2L,0.0
gene_CIZ1,0.0
gene_CLCN7,0.0
gene_CPE,0.0
gene_CPD,0.0
gene_CPB2,0.0
gene_CPAP,0.0
gene_CPAMD8,0.0
gene_CPA3,0.0
gene_CPA1,0.0
gene_CP,0.0
gene_COX6C,0.0
gene_COX6B2,0.0
gene_COX6B1,0.0
gene_COX4I2,0.0
gene_CNTN4,0.0
gene_COX14,0.0
gene_COX10,0.0
gene_CORO6,0.0
gene_CORO1A,0.0
gene_CORIN,0.0
gene_COQ9,0.0
gene_COQ8B,0.0
gene_COQ8A,0.0
gene_COQ7,0.0
gene_COQ6,0.0
gene_COQ5,0.0
gene_COQ4,0.0
gene_COQ3,0.0
gene_COX15,0.0
gene_CREG1,0.0
gene_CREB3L3,0.0
gene_CREB3L1,0.0
gene_CREB3,0.0
gene_CRBN,0.0
gene_CRB3,0.0
gene_CRB2,0.0
gene_CRB1,0.0
gene_CRAT,0.0
gene_CRAMP1,0.0
gene_CR2,0.0
gene_CR1,0.0
gene_CPED1,0.0
gene_CPT2,0.0
gene_CPT1C,0.0
gene_CPT1B,0.0
gene_CPT1A,0.0
gene_CPSF4,0.0
gene_CPSF3,0.0
gene_CPSF2,0.0
gene_CPSF1,0.0
gene_CPS1,0.0
gene_CPQ,0.0
gene_CPOX,0.0
gene_CPLX1,0.0
gene_CPLANE1,0.0
gene_CPZ,0.0
gene_COL18A1,0.0
gene_COL17A1,0.0
gene_COL15A1,0.0
gene_COL14A1,0.0
gene_COL13A1,0.0
gene_COL12A1,0.0
gene_COL11A2,0.0
gene_COL11A1,0.0
gene_COL10A1,0.0
gene_COG7,0.0
gene_COG6,0.0
gene_COG5,0.0
gene_COQ2,0.0
gene_COG2,0.0
gene_COG1,0.0
gene_COCH,0.0
gene_COBLL1,0.0
gene_COA7,0.0
gene_COA5,0.0
gene_CNTRL,0.0
gene_CNTNAP5,0.0
gene_CNTNAP4,0.0
gene_CNTNAP2,0.0
gene_CNTNAP1,0.0
gene_CNTN6,0.0
gene_CNTN5,0.0
gene_COG4,0.0
gene_COPS2,0.0
gene_COPG1,0.0
gene_COPB2-DT,0.0
gene_COPB2,0.0
gene_COPB1,0.0
gene_COPA,0.0
gene_COMMD8,0.0
gene_COLQ,0.0
gene_COLGALT1,0.0
gene_COLEC11,0.0
gene_COLEC10,0.0
gene_COL9A3,0.0
gene_COL9A1,0.0
gene_COL18A1-AS2,0.0
gene_COL6A2,0.0
gene_COL6A1,0.0
gene_COL5A3,0.0
gene_COL5A2,0.0
gene_COL5A1,0.0
gene_COL4A6,0.0
gene_COL4A2,0.0
gene_COL4A1,0.0
gene_COL27A1,0.0
gene_COL25A1,0.0
gene_COL22A1,0.0
gene_COL20A1,0.0
gene_COL19A1,0.0
gene_COL8A2,0.0
gene_CDH15,0.0
gene_CDH12,0.0
gene_CDH11,0.0
gene_CDCA7L,0.0
gene_CDCA7,0.0
gene_CDCA5,0.0
gene_CDC73,0.0
gene_CDC6,0.0
gene_CDC45,0.0
gene_CDC42EP5,0.0
gene_CDC42BPG,0.0
gene_CDC42BPB,0.0
gene_CHRNA1,0.0
gene_CDC42,0.0
gene_CDC23,0.0
gene_CDC20,0.0
gene_CDC14A,0.0
gene_CDAN1,0.0
gene_CDADC1,0.0
gene_CD93,0.0
gene_CD8A,0.0
gene_CD82,0.0
gene_CD81,0.0
gene_CD79B,0.0
gene_CD79A,0.0
gene_CD74,0.0
gene_CDC42BPA,0.0
gene_CDON,0.0
gene_CDKN2B-AS1,0.0
gene_CDKN2A,0.0
gene_CDKN1C,0.0
gene_CDKN1B,0.0
gene_CDKN1A,0.0
gene_CDKL5,0.0
gene_CDKL2,0.0
gene_CDKAL1,0.0
gene_CDK8,0.0
gene_CDK6,0.0
gene_CDK5RAP2,0.0
gene_CDH18,0.0
gene_CDK20,0.0
gene_CDK18,0.0
gene_CDK13,0.0
gene_CDK12,0.0
gene_CDHR4,0.0
gene_CDHR2,0.0
gene_CDHR1,0.0
gene_CDH7,0.0
gene_CDH4,0.0
gene_CDH3,0.0
gene_CDH23,0.0
gene_CDH20,0.0
gene_CDH2,0.0
gene_CDK4,0.0
gene_CD209,0.0
gene_CD200R1,0.0
gene_CD19,0.0
gene_CD180,0.0
gene_CD163L1,0.0
gene_CD163,0.0
gene_CD151,0.0
gene_CD101,0.0
gene_CCT8,0.0
gene_CCT6B,0.0
gene_CCT5,0.0
gene_CCT2,0.0
gene_CD72,0.0
gene_CCNQ,0.0
gene_CCNO,0.0
gene_CCNH,0.0
gene_CCNF,0.0
gene_CCNDBP1,0.0
gene_CCND2,0.0
gene_CCNB3,0.0
gene_CCN6,0.0
gene_CCN3,0.0
gene_CCN2,0.0
gene_CCM2,0.0
gene_CCL3-AS1,0.0
gene_CCIN,0.0
gene_CCR1,0.0
gene_CD69,0.0
gene_CD68,0.0
gene_CD63,0.0
gene_CD6,0.0
gene_CD59,0.0
gene_CD55,0.0
gene_CD5,0.0
gene_CD48,0.0
gene_CD46,0.0
gene_CD40LG,0.0
gene_CD40,0.0
gene_CD4,0.0
gene_CD3G,0.0
gene_CD22,0.0
gene_CD36,0.0
gene_CD34,0.0
gene_CD33,0.0
gene_CD320,0.0
gene_CD300LB,0.0
gene_CD300C,0.0
gene_CD300A,0.0
gene_CD2AP,0.0
gene_CD27,0.0
gene_CD248,0.0
gene_CD247,0.0
gene_CD244,0.0
gene_CD226,0.0
gene_CD3E,0.0
gene_CGN,0.0
gene_CGB5,0.0
gene_CGB1,0.0
gene_CGAS,0.0
gene_CFP,0.0
gene_CFI,0.0
gene_CFHR5,0.0
gene_CFHR4,0.0
gene_CFH,0.0
gene_CFC1,0.0
gene_CFAP97,0.0
gene_CFAP91,0.0
gene_CDT1,0.0
gene_CFAP70,0.0
gene_CFAP69,0.0
gene_CFAP65,0.0
gene_CFAP61,0.0
gene_CFAP57,0.0
gene_CFAP54,0.0
gene_CFAP53,0.0
gene_CFAP52,0.0
gene_CFAP47,0.0
gene_CFAP46,0.0
gene_CFAP44,0.0
gene_CFAP43,0.0
gene_CFAP418,0.0
gene_CFAP74,0.0
gene_CHRM3,0.0
gene_CHRM2,0.0
gene_CHRDL1,0.0
gene_CHRD,0.0
gene_CHPF,0.0
gene_CHN1,0.0
gene_CHMP4B,0.0
gene_CHMP2B,0.0
gene_CHMP1A,0.0
gene_CHM,0.0
gene_CHL1,0.0
gene_CHI3L1,0.0
gene_CGNL1,0.0
gene_CHEK1,0.0
gene_CHD8,0.0
gene_CHD6,0.0
gene_CHD5,0.0
gene_CHD4,0.0
gene_CHD3,0.0
gene_CHD2,0.0
gene_CHD1L,0.0
gene_CHCHD4,0.0
gene_CHAT,0.0
gene_CHAMP1,0.0
gene_CHAF1A,0.0
gene_CGRRF1,0.0
gene_CHEK2,0.0
gene_CEP152,0.0
gene_CEP135,0.0
gene_CEP131,0.0
gene_CEP126,0.0
gene_CEP120,0.0
gene_CEP112,0.0
gene_CEP104,0.0
gene_CENPVL1,0.0
gene_CENPL,0.0
gene_CENPF,0.0
gene_CENPE,0.0
gene_CENATAC,0.0
gene_CFAP410,0.0
gene_CELSR3,0.0
gene_CELSR2,0.0
gene_CELSR1,0.0
gene_CELF2,0.0
gene_CELA3B,0.0
gene_CELA2A,0.0
gene_CEL,0.0
gene_CEBPZ,0.0
gene_CEBPE,0.0
gene_CEBPA,0.0
gene_CEACAM5,0.0
gene_CEACAM19,0.0
gene_CEACAM16,0.0
gene_CEMIP,0.0
gene_CFAP300,0.0
gene_CFAP298,0.0
gene_CFAP251,0.0
gene_CETP,0.0
gene_CES3,0.0
gene_CERT1,0.0
gene_CERS6,0.0
gene_CERS3,0.0
gene_CERKL,0.0
gene_CEP97,0.0
gene_CEP89,0.0
gene_CEP85L,0.0
gene_CEP83,0.0
gene_CEP162,0.0
gene_CEP72,0.0
gene_CEP70,0.0
gene_CEP63,0.0
gene_CEP57,0.0
gene_CEP55,0.0
gene_CEP43,0.0
gene_CEP41,0.0
gene_CEP350,0.0
gene_CEP295,0.0
gene_CEP290,0.0
gene_CEP250,0.0
gene_CEP170B,0.0
gene_CEP164,0.0
gene_CEP78,0.0
gene_DNAH14,0.0
gene_DNAH12,0.0
gene_DNAH10,0.0
gene_DNAH1,0.0
gene_DNAAF6,0.0
gene_DNAAF5,0.0
gene_DNAAF4,0.0
gene_DNAAF3,0.0
gene_DNAAF2,0.0
gene_DNAAF11,0.0
gene_DNAAF1,0.0
gene_DNA2,0.0
gene_CRIM1,0.0
gene_DMXL1,0.0
gene_DMTN,0.0
gene_DMRT2,0.0
gene_DMRT1,0.0
gene_DMPK,0.0
gene_DMP1-AS1,0.0
gene_DMP1,0.0
gene_DMGDH,0.0
gene_DMD,0.0
gene_DMBX1,0.0
gene_DMBT1,0.0
gene_DLX6-AS1,0.0
gene_DLX5,0.0
gene_DMXL2,0.0
gene_DNASE2,0.0
gene_DNASE1L3,0.0
gene_DNASE1L1,0.0
gene_DNASE1,0.0
gene_DNAL1,0.0
gene_DNAJC7,0.0
gene_DNAJC6,0.0
gene_DNAJC5,0.0
gene_DNAJC3,0.0
gene_DNAJC21,0.0
gene_DNAJC19,0.0
gene_DNAJC17,0.0
gene_DNAH17,0.0
gene_DNAJC1,0.0
gene_DNAJB6,0.0
gene_DNAJB2,0.0
gene_DNAJB13,0.0
gene_DNAJA3,0.0
gene_DNAI2,0.0
gene_DNAI1,0.0
gene_DNAH9,0.0
gene_DNAH8,0.0
gene_DNAH7,0.0
gene_DNAH6,0.0
gene_DNAH3,0.0
gene_DNAH2,0.0
gene_DNAJC12,0.0
gene_DICER1,0.0
gene_DIAPH3,0.0
gene_DIAPH1,0.0
gene_DIABLO,0.0
gene_DHX9,0.0
gene_DHX8,0.0
gene_DHX58,0.0
gene_DHX40,0.0
gene_DHX38,0.0
gene_DHX37,0.0
gene_DHX34,0.0
gene_DHX33,0.0
gene_DLX3,0.0
gene_DHX30,0.0
gene_DHX16,0.0
gene_DHTKD1,0.0
gene_DHPS,0.0
gene_DHODH,0.0
gene_DHH,0.0
gene_DHFR,0.0
gene_DHDDS,0.0
gene_DHCR7,0.0
gene_DHCR24,0.0
gene_DGUOK,0.0
gene_DGKZ,0.0
gene_DGKQ,0.0
gene_DHX32,0.0
gene_DLL4,0.0
gene_DLL3,0.0
gene_DLL1,0.0
gene_DLGAP5,0.0
gene_DLGAP4,0.0
gene_DLGAP3,0.0
gene_DLGAP1,0.0
gene_DLG5,0.0
gene_DLG4,0.0
gene_DLG3,0.0
gene_DLG1,0.0
gene_DLEC1,0.0
gene_DIDO1,0.0
gene_DLC1,0.0
gene_DLAT,0.0
gene_DKKL1,0.0
gene_DKC1,0.0
gene_DIXDC1,0.0
gene_DISP3,0.0
gene_DISP2,0.0
gene_DISP1,0.0
gene_DISC1,0.0
gene_DIS3L2,0.0
gene_DIP2C,0.0
gene_DIP2B,0.0
gene_DIP2A,0.0
gene_DLD,0.0
gene_DYNC1H1,0.0
gene_DYM,0.0
gene_DXO,0.0
gene_DVL3,0.0
gene_DVL1,0.0
gene_DUSP6,0.0
gene_DUSP29,0.0
gene_DUSP15,0.0
gene_DUS4L,0.0
gene_DUS3L,0.0
gene_DUOXA2,0.0
gene_DUOXA1,0.0
gene_DNER,0.0
gene_DTX4,0.0
gene_DTX3L,0.0
gene_DTX2,0.0
gene_DTNBP1,0.0
gene_DTNA,0.0
gene_DTHD1,0.0
gene_DSTYK,0.0
gene_DST,0.0
gene_DSP,0.0
gene_DSG4,0.0
gene_DSG2,0.0
gene_DSG1,0.0
gene_DSE,0.0
gene_DUOX2,0.0
gene_EDNRA,0.0
gene_EDN3,0.0
gene_EDN1,0.0
gene_EDIL3,0.0
gene_EDARADD,0.0
gene_EDAR,0.0
gene_ECT2L,0.0
gene_ECM1,0.0
gene_ECHS1,0.0
gene_ECH1,0.0
gene_ECEL1,0.0
gene_ECE1,0.0
gene_DYNC1I1,0.0
gene_EBF3,0.0
gene_EARS2,0.0
gene_E4F1,0.0
gene_DZIP1L,0.0
gene_DZIP1,0.0
gene_DYSF,0.0
gene_DYRK1B,0.0
gene_DYRK1A,0.0
gene_DYNLT2B,0.0
gene_DYNC2LI1,0.0
gene_DYNC2I2,0.0
gene_DYNC2I1,0.0
gene_DYNC2H1,0.0
gene_EBP,0.0
gene_DONSON,0.0
gene_DOK7,0.0
gene_DOK3,0.0
gene_DOK1,0.0
gene_DOHH,0.0
gene_DOCK9,0.0
gene_DOCK8-AS2,0.0
gene_DOCK8,0.0
gene_DOCK7,0.0
gene_DOCK6,0.0
gene_DOCK5,0.0
gene_DOCK3,0.0
gene_DSCAML1,0.0
gene_DOCK11,0.0
gene_DOCK10,0.0
gene_DOCK1,0.0
gene_DNTTIP2,0.0
gene_DNPH1,0.0
gene_DNMT3B,0.0
gene_DNMT3A,0.0
gene_DNMT1,0.0
gene_DNMBP,0.0
gene_DNM2,0.0
gene_DNM1L,0.0
gene_DNM1,0.0
gene_DNHD1,0.0
gene_DOCK2,0.0
gene_DSCAM,0.0
gene_DSC3,0.0
gene_DSC2,0.0
gene_DRP2,0.0
gene_DROSHA,0.0
gene_DRD5,0.0
gene_DRD4,0.0
gene_DRD3,0.0
gene_DRD2,0.0
gene_DRC3,0.0
gene_DRC1,0.0
gene_DPYSL5,0.0
gene_DPYSL3,0.0
gene_DOP1A,0.0
gene_DPYD,0.0
gene_DPY19L2,0.0
gene_DPY19L1,0.0
gene_DPRX,0.0
gene_DPP9,0.0
gene_DPP7,0.0
gene_DPP6,0.0
gene_DPH5,0.0
gene_DPF2,0.0
gene_DPEP1,0.0
gene_DPAGT1,0.0
gene_DOT1L,0.0
gene_DORIP1,0.0
gene_DPYS,0.0
gene_CUTA,0.0
gene_CUL7,0.0
gene_CUL4B,0.0
gene_CUL4A,0.0
gene_CUL2,0.0
gene_CTSW,0.0
gene_CTSK,0.0
gene_CTSF,0.0
gene_CTSD,0.0
gene_CTSC,0.0
gene_CTSB,0.0
gene_CTSA,0.0
gene_DGKK,0.0
gene_CTR9,0.0
gene_CTPS1,0.0
gene_CTNS,0.0
gene_CTNND2,0.0
gene_CTNND1,0.0
gene_CTNNB1,0.0
gene_CTNNA3,0.0
gene_CTNNA2,0.0
gene_CTNNA1,0.0
gene_CTLA4,0.0
gene_CTHRC1,0.0
gene_CTH,0.0
gene_CTF1,0.0
gene_CTRC,0.0
gene_CYP1A1,0.0
gene_CYP19A1,0.0
gene_CYP11B2,0.0
gene_CYP11B1,0.0
gene_CYP11A1,0.0
gene_CYLD,0.0
gene_CYLC1,0.0
gene_CYGB,0.0
gene_CYFIP2,0.0
gene_CYCS,0.0
gene_CYC1,0.0
gene_CYBC1,0.0
gene_CUX1,0.0
gene_CYBA,0.0
gene_CYB5R4,0.0
gene_CYB5R3,0.0
gene_CYB561D1,0.0
gene_CYB561A3,0.0
gene_CXorf66,0.0
gene_CXCR5,0.0
gene_CXCR4,0.0
gene_CXCR2,0.0
gene_CXCR1,0.0
gene_CWF19L1,0.0
gene_CWC27,0.0
gene_CUX2,0.0
gene_CYBB,0.0
gene_CSAG1,0.0
gene_CRYZL1,0.0
gene_CRYZ,0.0
gene_CRYM,0.0
gene_CRYGS,0.0
gene_CRYGD,0.0
gene_CRYBG2,0.0
gene_CRYBG1,0.0
gene_CRYBB3,0.0
gene_CRYBB2,0.0
gene_CRYBA4,0.0
gene_CRYBA1,0.0
gene_CTDP1,0.0
gene_CRYAA,0.0
gene_CRX,0.0
gene_CRTC2,0.0
gene_CRTC1,0.0
gene_CRTAP,0.0
gene_CRPPA,0.0
gene_CROT,0.0
gene_CROCC,0.0
gene_CRLS1,0.0
gene_CRLF1,0.0
gene_CRKL,0.0
gene_CRISPLD2,0.0
gene_CRIPTO3,0.0
gene_CRYAB,0.0
gene_CTCF,0.0
gene_CTC1,0.0
gene_CTBP2,0.0
gene_CTBP1,0.0
gene_CTAGE1,0.0
gene_CT55,0.0
gene_CT47B1,0.0
gene_CT45A1,0.0
gene_CSTF2,0.0
gene_CSTB,0.0
gene_CSTA,0.0
gene_CST9,0.0
gene_CST1,0.0
gene_CSDE1,0.0
gene_CSPP1,0.0
gene_CSPG4,0.0
gene_CSNK2A1,0.0
gene_CSNK1G1,0.0
gene_CSNK1D,0.0
gene_CSN3,0.0
gene_CSMD3,0.0
gene_CSMD1,0.0
gene_CSH2,0.0
gene_CSGALNACT1,0.0
gene_CSF3R,0.0
gene_CSF2RB,0.0
gene_CSF1R,0.0
gene_CSRP3,0.0
gene_DDX55,0.0
gene_DDX54,0.0
gene_DDX53,0.0
gene_DDX50,0.0
gene_DDX5,0.0
gene_DDX41,0.0
gene_DDX3X,0.0
gene_DDX27,0.0
gene_DDX24,0.0
gene_DDX23,0.0
gene_DDX21,0.0
gene_DDX11L5,0.0
gene_CYP1B1,0.0
gene_DDRGK1,0.0
gene_DDR2,0.0
gene_DDIT3,0.0
gene_DDIAS,0.0
gene_DDHD2,0.0
gene_DDHD1,0.0
gene_DDC,0.0
gene_DDB2,0.0
gene_DDB1,0.0
gene_DDAH2,0.0
gene_DCXR,0.0
gene_DCX,0.0
gene_DCTN1,0.0
gene_DDX11,0.0
gene_DGKE,0.0
gene_DGKD,0.0
gene_DGKA,0.0
gene_DGAT2,0.0
gene_DGAT1,0.0
gene_DES,0.0
gene_DEPDC5,0.0
gene_DENND5A,0.0
gene_DENND4C,0.0
gene_DENND1C,0.0
gene_DENND1B,0.0
gene_DEGS2,0.0
gene_DDX56,0.0
gene_DEFB129,0.0
gene_DEFB115,0.0
gene_DEFB105A,0.0
gene_DEFB1,0.0
gene_DEFA6,0.0
gene_DEF8,0.0
gene_DEF6,0.0
gene_DECR2,0.0
gene_DECR1,0.0
gene_DEAF1,0.0
gene_DDX60,0.0
gene_DDX6,0.0
gene_DDX59,0.0
gene_DEGS1,0.0
gene_DAAM1,0.0
gene_D2HGDH,0.0
gene_CZIB,0.0
gene_CYTH4,0.0
gene_CYP8B1,0.0
gene_CYP7B1,0.0
gene_CYP7A1,0.0
gene_CYP51A1,0.0
gene_CYP4V2,0.0
gene_CYP4F3,0.0
gene_CYP4F22,0.0
gene_CYP4F2,0.0
gene_DCT,0.0
gene_CYP3A4,0.0
gene_CYP2U1,0.0
gene_CYP2R1,0.0
gene_CYP2D6,0.0
gene_CYP2C9,0.0
gene_CYP2C18,0.0
gene_CYP2A7,0.0
gene_CYP2A6,0.0
gene_CYP27B1,0.0
gene_CYP27A1,0.0
gene_CYP26C1,0.0
gene_CYP26B1,0.0
gene_CYP24A1,0.0
gene_CYP4F11,0.0
gene_DCST2,0.0
gene_DCPS,0.0
gene_DCLRE1C,0.0
gene_DCLRE1A,0.0
gene_DCLK2,0.0
gene_DCHS2,0.0
gene_DCHS1,0.0
gene_DCDC1,0.0
gene_DCC,0.0
gene_DCAF8L2,0.0
gene_DCAF8L1,0.0
gene_DCAF5,0.0
gene_DCAF4,0.0
gene_DAAM2,0.0
gene_DBT,0.0
gene_DBR1,0.0
gene_DBN1,0.0
gene_DBH,0.0
gene_DARS2,0.0
gene_DARS1,0.0
gene_DAPK1,0.0
gene_DAOA,0.0
gene_DAO,0.0
gene_DALRD3,0.0
gene_DAGLA,0.0
gene_DAG1,0.0
gene_DACT1,0.0
gene_DCAF17,0.0
gene_ANGEL1,0.0
gene_ANAPC5,0.0
gene_ANAPC15,0.0
gene_ANAPC1,0.0
gene_AMZ2,0.0
gene_AMY2B,0.0
gene_AMT,0.0
gene_AMPH,0.0
gene_AMPD3,0.0
gene_AMPD2,0.0
gene_AMPD1,0.0
gene_AMOTL1,0.0
gene_CCDC9B,0.0
gene_AMMECR1,0.0
gene_AMHR2,0.0
gene_AMFR,0.0
gene_AMER3,0.0
gene_AMER1,0.0
gene_AMDHD2,0.0
gene_AMDHD1,0.0
gene_AMBP,0.0
gene_AMACR,0.0
gene_ALX4,0.0
gene_ALX1,0.0
gene_ALS2,0.0
gene_ALPP,0.0
gene_AMN,0.0
gene_ANKRD31,0.0
gene_ANKRD30B,0.0
gene_ANKRD30A,0.0
gene_ANKRD27,0.0
gene_ANKRD26,0.0
gene_ANKRD24,0.0
gene_ANKRD20A1,0.0
gene_ANKRD2,0.0
gene_ANKRD18A,0.0
gene_ANKRD17,0.0
gene_ANKRD12,0.0
gene_ANKRD11,0.0
gene_ANGPT1,0.0
gene_ANKLE2,0.0
gene_ANKK1,0.0
gene_ANKIB1,0.0
gene_ANKH,0.0
gene_ANKFY1,0.0
gene_ANKDD1A,0.0
gene_ANKAR,0.0
gene_ANK3,0.0
gene_ANK2,0.0
gene_ANK1,0.0
gene_ANGPTL8,0.0
gene_ANGPTL4,0.0
gene_ANGPT2,0.0
gene_ANKRD1,0.0
gene_ALDH6A1,0.0
gene_ALDH5A1,0.0
gene_ALDH4A1,0.0
gene_ALDH3A2,0.0
gene_ALDH1L1,0.0
gene_ALDH1A3,0.0
gene_ALDH1A2,0.0
gene_ALDH18A1,0.0
gene_ALCAM,0.0
gene_ALB,0.0
gene_ALAS2,0.0
gene_ALAD,0.0
gene_ALPK3,0.0
gene_AKT2,0.0
gene_AKT1,0.0
gene_AKR1D1,0.0
gene_AKR1C4,0.0
gene_AKR1C2,0.0
gene_AKR1C1,0.0
gene_AKR1B15,0.0
gene_AKR1B10,0.0
gene_AKNA,0.0
gene_AKAP9,0.0
gene_AKAP8,0.0
gene_AKAP6,0.0
gene_AKAP14,0.0
gene_AKT3,0.0
gene_ALPK2,0.0
gene_ALPK1,0.0
gene_ALPI,0.0
gene_ALPG,0.0
gene_ALOXE3,0.0
gene_ALOX5,0.0
gene_ALOX15B,0.0
gene_ALOX15,0.0
gene_ALOX12B,0.0
gene_ALOX12,0.0
gene_ALMS1,0.0
gene_ALKBH6,0.0
gene_ALDH7A1,0.0
gene_ALG9,0.0
gene_ALG8,0.0
gene_ALG6,0.0
gene_ALG5,0.0
gene_ALG14,0.0
gene_ALG13,0.0
gene_ALG12,0.0
gene_ALG11,0.0
gene_ALG10,0.0
gene_ALDOC,0.0
gene_ALDOB,0.0
gene_ALDOA,0.0
gene_ALDH8A1,0.0
gene_ALK,0.0
gene_ARG1,0.0
gene_ARFIP1,0.0
gene_ARFGEF3,0.0
gene_ARFGEF2,0.0
gene_ARFGEF1,0.0
gene_ARF5,0.0
gene_ARF3,0.0
gene_ARF1,0.0
gene_ARCN1,0.0
gene_AQP8,0.0
gene_AQP6,0.0
gene_AQP4,0.0
gene_ANKRD33,0.0
gene_AQP2,0.0
gene_AQP12B,0.0
gene_AQP11,0.0
gene_AQP1,0.0
gene_APTX,0.0
gene_APPL2,0.0
gene_APPL1,0.0
gene_APP,0.0
gene_APOOL,0.0
gene_APOL3,0.0
gene_APOL1,0.0
gene_APOH,0.0
gene_APOE,0.0
gene_AQP3,0.0
gene_ARHGEF7,0.0
gene_ARHGEF4,0.0
gene_ARHGEF35-AS1,0.0
gene_ARHGEF35,0.0
gene_ARHGEF33,0.0
gene_ARHGEF28,0.0
gene_ARHGEF26,0.0
gene_ARHGEF2,0.0
gene_ARHGEF18,0.0
gene_ARHGEF17,0.0
gene_ARHGEF16,0.0
gene_ARHGEF15,0.0
gene_ARHGAP21,0.0
gene_ARHGEF10,0.0
gene_ARHGEF1,0.0
gene_ARHGDIA,0.0
gene_ARHGAP6,0.0
gene_ARHGAP44,0.0
gene_ARHGAP4,0.0
gene_ARHGAP35,0.0
gene_ARHGAP32,0.0
gene_ARHGAP31,0.0
gene_ARHGAP29,0.0
gene_ARHGAP27,0.0
gene_ARHGAP25,0.0
gene_ARHGAP24,0.0
gene_ARHGEF11,0.0
gene_AOX1,0.0
gene_ANXA4,0.0
gene_ANXA13,0.0
gene_ANXA11,0.0
gene_ANXA10,0.0
gene_ANTXR2,0.0
gene_ANTXR1,0.0
gene_ANTKMT,0.0
gene_ANPEP,0.0
gene_ANP32B,0.0
gene_ANOS1,0.0
gene_ANO9,0.0
gene_APOD,0.0
gene_ANO7,0.0
gene_ANO6,0.0
gene_ANO5,0.0
gene_ANO4,0.0
gene_ANO3,0.0
gene_ANO10,0.0
gene_ANLN,0.0
gene_ANKS6,0.0
gene_ANKS1B,0.0
gene_ANKS1A,0.0
gene_ANKRD9,0.0
gene_ANKRD55,0.0
gene_ANKRD36,0.0
gene_ANO8,0.0
gene_APOC3,0.0
gene_APOC2,0.0
gene_APOBEC3F,0.0
gene_APOB,0.0
gene_APOA4,0.0
gene_API5,0.0
gene_APCDD1,0.0
gene_APC2,0.0
gene_APBB1,0.0
gene_APBA3,0.0
gene_APBA2,0.0
gene_APAF1,0.0
gene_AP5Z1,0.0
gene_AP1B1,0.0
gene_AP5M1,0.0
gene_AP5B1,0.0
gene_AP4S1,0.0
gene_AP4E1,0.0
gene_AP4B1,0.0
gene_AP3D1,0.0
gene_AP3B2,0.0
gene_AP3B1,0.0
gene_AP2S1,0.0
gene_AP2M1,0.0
gene_AP1S2,0.0
gene_AP1S1,0.0
gene_AP1G1,0.0
gene_AP5S1,0.0
gene_ACSS2,0.0
gene_ACSM5,0.0
gene_ACSM3,0.0
gene_ACSL5,0.0
gene_ACSL4,0.0
gene_ACSL3,0.0
gene_ACSF3,0.0
gene_ACR,0.0
gene_ACP5,0.0
gene_ACP4,0.0
gene_ACOX3,0.0
gene_ACOX2,0.0
gene_AKAP13,0.0
gene_ACOT13,0.0
gene_ACOD1,0.0
gene_ACO2,0.0
gene_ACO1,0.0
gene_ACKR1,0.0
gene_ACER3,0.0
gene_ACE,0.0
gene_ACD,0.0
gene_ACBD6,0.0
gene_ACBD5,0.0
gene_ACAT1,0.0
gene_ACAN,0.0
gene_ACADSB,0.0
gene_ACOX1,0.0
gene_ADAM32,0.0
gene_ADAM22,0.0
gene_ADAM19,0.0
gene_ADAM17,0.0
gene_ADAM11,0.0
gene_ADAM10,0.0
gene_ADAD2,0.0
gene_ADA2,0.0
gene_ADA,0.0
gene_ACYP1,0.0
gene_ACVRL1,0.0
gene_ACVR2B,0.0
gene_ACTA2,0.0
gene_ACTRT1,0.0
gene_ACTN4,0.0
gene_ACTN3,0.0
gene_ACTN2,0.0
gene_ACTN1,0.0
gene_ACTL9,0.0
gene_ACTL7B,0.0
gene_ACTL7A,0.0
gene_ACTL6B,0.0
gene_ACTG2,0.0
gene_ACTG1,0.0
gene_ACTC1,0.0
gene_ACTB,0.0
gene_ACVR1,0.0
gene_ABCB8,0.0
gene_ABCB7,0.0
gene_ABCB6,0.0
gene_ABCB4,0.0
gene_ABCB11,0.0
gene_ABCB1,0.0
gene_ABCA9,0.0
gene_ABCA7,0.0
gene_ABCA6,0.0
gene_ABCA3,0.0
gene_ABCA2,0.0
gene_ABCA13,0.0
gene_ACADS,0.0
gene_ABCA1,0.0
gene_ABAT,0.0
gene_AATK,0.0
gene_AASS,0.0
gene_AARS2,0.0
gene_AARS1,0.0
gene_AAR2,0.0
gene_AANAT,0.0
gene_AAMP,0.0
gene_AAGAB,0.0
gene_AAAS,0.0
gene_A4GALT,0.0
gene_A2ML1,0.0
gene_ABCA12,0.0
gene_ACADM,0.0
gene_ACAD9,0.0
gene_ACAD8,0.0
gene_ACACB,0.0
gene_ACACA,0.0
gene_ACAA1,0.0
gene_ABRAXAS1,0.0
gene_ABRA,0.0
gene_ABL1,0.0
gene_ABITRAM,0.0
gene_ABI3BP,0.0
gene_ABI3,0.0
gene_ABHD5,0.0
gene_ABCC1,0.0
gene_ABCG8,0.0
gene_ABCG5,0.0
gene_ABCF1,0.0
gene_ABCE1,0.0
gene_ABCD3,0.0
gene_ABCC9,0.0
gene_ABCC8,0.0
gene_ABCC6,0.0
gene_ABCC4,0.0
gene_ABCC3,0.0
gene_ABCC2,0.0
gene_ABCC11,0.0
gene_ABCC10,0.0
gene_ABHD12,0.0
gene_AGPAT3,0.0
gene_AGPAT2,0.0
gene_AGO3,0.0
gene_AGO2,0.0
gene_AGO1,0.0
gene_AGL,0.0
gene_AGK,0.0
gene_AGBL5,0.0
gene_AGBL1,0.0
gene_AGAP2,0.0
gene_AGAP1,0.0
gene_AGA,0.0
gene_ADAM33,0.0
gene_AFG2B,0.0
gene_AFG2A,0.0
gene_AFF4,0.0
gene_AFF3,0.0
gene_AFF2,0.0
gene_AEN,0.0
gene_AEBP1,0.0
gene_ADSS1,0.0
gene_ADSL,0.0
gene_ADRB3,0.0
gene_ADRB1,0.0
gene_ADRA2A,0.0
gene_ADORA2B,0.0
gene_AFG3L2,0.0
gene_AKAP1,0.0
gene_AK7,0.0
gene_AK4,0.0
gene_AK2,0.0
gene_AK1,0.0
gene_AIRE,0.0
gene_AIPL1,0.0
gene_AIP,0.0
gene_AIMP2,0.0
gene_AIMP1,0.0
gene_AIFM3,0.0
gene_AIFM1,0.0
gene_AGPS,0.0
gene_AHSG,0.0
gene_AHR,0.0
gene_AHNAK2,0.0
gene_AHNAK,0.0
gene_AHI1,0.0
gene_AHDC1,0.0
gene_AHCY,0.0
gene_AGXT,0.0
gene_AGTR1,0.0
gene_AGTPBP1,0.0
gene_AGT,0.0
gene_AGRN,0.0
gene_AGR2,0.0
gene_AICDA,0.0
gene_ADCK5,0.0
gene_ADCK2,0.0
gene_ADAT2,0.0
gene_ADAR,0.0
gene_ADAMTSL4,0.0
gene_ADAMTSL3,0.0
gene_ADAMTSL2,0.0
gene_ADAMTSL1,0.0
gene_ADAMTS9,0.0
gene_ADAMTS8,0.0
gene_ADAMTS7,0.0
gene_ADAMTS4,0.0
gene_ADNP2,0.0
gene_ADAMTS20,0.0
gene_ADAMTS2,0.0
gene_ADAMTS19,0.0
gene_ADAMTS18,0.0
gene_ADAMTS17,0.0
gene_ADAMTS15,0.0
gene_ADAMTS14,0.0
gene_ADAMTS13,0.0
gene_ADAMTS12,0.0
gene_ADAMTS10,0.0
gene_ADAMTS1,0.0
gene_ADAM9,0.0
gene_ADAM8,0.0
gene_ADAMTS3,0.0
gene_ADNP,0.0
gene_ADM,0.0
gene_ADK,0.0
gene_ADIPOR1,0.0
gene_ADIPOQ,0.0
gene_ADH5,0.0
gene_ADH1C,0.0
gene_ADGRV1,0.0
gene_ADGRL2,0.0
gene_ADGRL1,0.0
gene_ADGRG6,0.0
gene_ADGRG4,0.0
gene_ADGRG3,0.0
gene_ADCY1,0.0
gene_ADGRE2,0.0
gene_ADGRE1,0.0
gene_ADGRB2,0.0
gene_ADGRA3,0.0
gene_ADD3,0.0
gene_ADD1,0.0
gene_ADCY9,0.0
gene_ADCY8,0.0
gene_ADCY7,0.0
gene_ADCY6,0.0
gene_ADCY5,0.0
gene_ADCY3,0.0
gene_ADCY10,0.0
gene_ADGRG1,0.0
gene_C4orf50,0.0
gene_C4BPA,0.0
gene_C4B-AS1,0.0
gene_C3orf80,0.0
gene_C3orf20,0.0
gene_C3,0.0
gene_C2orf81,0.0
gene_C2orf69,0.0
gene_C2CD6,0.0
gene_C2CD3,0.0
gene_C2CD2,0.0
gene_C22orf15,0.0
gene_ARHGEF9,0.0
gene_C2,0.0
gene_C1orf74,0.0
gene_C1orf167,0.0
gene_C1S,0.0
gene_C1RL,0.0
gene_C1R,0.0
gene_C1QC,0.0
gene_C1QBP,0.0
gene_C1QB,0.0
gene_C1QA,0.0
gene_C1GALT1C1,0.0
gene_C19orf44,0.0
gene_C19orf33,0.0
gene_C21orf58,0.0
gene_CACNA1I,0.0
gene_CACNA1G,0.0
gene_CACNA1F,0.0
gene_CACNA1D,0.0
gene_CACNA1B,0.0
gene_CACNA1A,0.0
gene_CACFD1,0.0
gene_CABS1,0.0
gene_CABP5,0.0
gene_CABP2,0.0
gene_CABIN1,0.0
gene_CA9,0.0
gene_C4orf54,0.0
gene_CA5A,0.0
gene_CA4,0.0
gene_CA2,0.0
gene_C9,0.0
gene_C8B,0.0
gene_C8A,0.0
gene_C7,0.0
gene_C6orf89,0.0
gene_C6orf15,0.0
gene_C6orf136,0.0
gene_C6,0.0
gene_C5AR2,0.0
gene_C5,0.0
gene_CA8,0.0
gene_BRD10,0.0
gene_BRAT1,0.0
gene_BRAF,0.0
gene_BPTF,0.0
gene_BPNT2,0.0
gene_BPNT1,0.0
gene_BPIFB3,0.0
gene_BPIFB2,0.0
gene_BPIFA2,0.0
gene_BPGM,0.0
gene_BOLA3,0.0
gene_BOD1L1,0.0
gene_C19orf12,0.0
gene_BNIPL,0.0
gene_BNC2,0.0
gene_BMS1,0.0
gene_BMPR2,0.0
gene_BMPR1B,0.0
gene_BMPR1AP1,0.0
gene_BMPR1A,0.0
gene_BMPER,0.0
gene_BMP7,0.0
gene_BMP5,0.0
gene_BMP4,0.0
gene_BMP2,0.0
gene_BMP15,0.0
gene_BOC,0.0
gene_C14orf119,0.0
gene_C12orf57,0.0
gene_BYSL,0.0
gene_BUD23,0.0
gene_BUB3,0.0
gene_BUB1B,0.0
gene_BUB1,0.0
gene_BTNL9,0.0
gene_BTN2A1,0.0
gene_BTK,0.0
gene_BTD,0.0
gene_BTBD2,0.0
gene_BTBD17,0.0
gene_BRD2,0.0
gene_BSN,0.0
gene_BSCL2,0.0
gene_BRWD3,0.0
gene_BRWD1,0.0
gene_BRSK2,0.0
gene_BRPF1,0.0
gene_BRIX1,0.0
gene_BRIP1,0.0
gene_BRF1,0.0
gene_BRDT,0.0
gene_BRD8,0.0
gene_BRD4,0.0
gene_BRD3,0.0
gene_BSND,0.0
gene_CCDC136,0.0
gene_CCDC13,0.0
gene_CCDC117,0.0
gene_CCDC112,0.0
gene_CCDC102B,0.0
gene_CCBE1,0.0
gene_CC2D2A,0.0
gene_CC2D1A,0.0
gene_CBX3,0.0
gene_CBX2,0.0
gene_CBLIF,0.0
gene_CBLB,0.0
gene_CACNA1S,0.0
gene_CBFA2T3,0.0
gene_CAVIN2,0.0
gene_CAVIN1,0.0
gene_CAV3,0.0
gene_CAV1,0.0
gene_CATSPERZ,0.0
gene_CATSPERD,0.0
gene_CATSPERB,0.0
gene_CATSPER4,0.0
gene_CATSPER1,0.0
gene_CAT,0.0
gene_CASZ1,0.0
gene_CAST,0.0
gene_CBL,0.0
gene_CCDC92,0.0
gene_CCDC9,0.0
gene_CCDC88C,0.0
gene_CCDC88A,0.0
gene_CCDC85C,0.0
gene_CCDC82,0.0
gene_CCDC80,0.0
gene_CCDC8,0.0
gene_CCDC57,0.0
gene_CCDC50,0.0
gene_CCDC47,0.0
gene_CCDC40,0.0
gene_CCDC141,0.0
gene_CCDC34,0.0
gene_CCDC33,0.0
gene_CCDC27,0.0
gene_CCDC200,0.0
gene_CCDC185,0.0
gene_CCDC18,0.0
gene_CCDC178,0.0
gene_CCDC175,0.0
gene_CCDC174,0.0
gene_CCDC168,0.0
gene_CCDC158,0.0
gene_CCDC15,0.0
gene_CCDC146,0.0
gene_CCDC39,0.0
gene_CANT1,0.0
gene_CAND2,0.0
gene_CAMTA1,0.0
gene_CAMKMT,0.0
gene_CAMK2G,0.0
gene_CAMK2D,0.0
gene_CAMK2B,0.0
gene_CAMK2A,0.0
gene_CAMK1G,0.0
gene_CAMK1D,0.0
gene_CALR3,0.0
gene_CALM3,0.0
gene_CASR,0.0
gene_CALM1,0.0
gene_CADPS2,0.0
gene_CADPS,0.0
gene_CADM2,0.0
gene_CADM1,0.0
gene_CAD,0.0
gene_CACNB4,0.0
gene_CACNB2,0.0
gene_CACNB1,0.0
gene_CACNA2D4,0.0
gene_CACNA2D3-AS1,0.0
gene_CACNA2D2,0.0
gene_CACNA2D1,0.0
gene_CALM2,0.0
gene_CASQ2,0.0
gene_CASQ1,0.0
gene_CASP9,0.0
gene_CASP8,0.0
gene_CASP4,0.0
gene_CASP2,0.0
gene_CASP14,0.0
gene_CASP10,0.0
gene_CASKIN2,0.0
gene_CASK,0.0
gene_CARS2,0.0
gene_CARS1,0.0
gene_CARMIL2,0.0
gene_CAP1,0.0
gene_CARD9,0.0
gene_CARD8,0.0
gene_CARD14,0.0
gene_CARD11,0.0
gene_CARD10,0.0
gene_CAPRIN1,0.0
gene_CAPNS1,0.0
gene_CAPN5,0.0
gene_CAPN3,0.0
gene_CAPN15,0.0
gene_CAPN13,0.0
gene_CAPN10,0.0
gene_CAPN1,0.0
gene_CARHSP1,0.0
gene_ATP1B1,0.0
gene_ATP1A3,0.0
gene_ATP1A2,0.0
gene_ATP1A1,0.0
gene_ATP13A4,0.0
gene_ATP13A3,0.0
gene_ATP13A2,0.0
gene_ATP12A,0.0
gene_ATP11A,0.0
gene_ATP10B,0.0
gene_ATP10A,0.0
gene_ATOH7,0.0
gene_BMP1,0.0
gene_ATL3,0.0
gene_ATL1,0.0
gene_ATIC,0.0
gene_ATG7,0.0
gene_ATG4B,0.0
gene_ATG2B,0.0
gene_ATG2A,0.0
gene_ATF6,0.0
gene_ATE1,0.0
gene_ATCAY,0.0
gene_ATAD5,0.0
gene_ATAD3C,0.0
gene_ATAD3A,0.0
gene_ATN1,0.0
gene_ATP7B,0.0
gene_ATP6V1F,0.0
gene_ATP6V1E1,0.0
gene_ATP6V1B2,0.0
gene_ATP6V1A,0.0
gene_ATP6V0D1,0.0
gene_ATP6V0A4,0.0
gene_ATP6V0A2,0.0
gene_ATP6V0A1,0.0
gene_ATP6AP2,0.0
gene_ATP6AP1-DT,0.0
gene_ATP6AP1,0.0
gene_ATP2A1,0.0
gene_ATP5MC3,0.0
gene_ATP5F1D,0.0
gene_ATP5F1B,0.0
gene_ATP5F1A,0.0
gene_ATP4A,0.0
gene_ATP2C2,0.0
gene_ATP2C1,0.0
gene_ATP2B4,0.0
gene_ATP2B3,0.0
gene_ATP2B2,0.0
gene_ATP2B1,0.0
gene_ATP2A3,0.0
gene_ATP2A2,0.0
gene_ATP5MFP4,0.0
gene_ARSD,0.0
gene_ARSB,0.0
gene_ARSA,0.0
gene_ARRB2,0.0
gene_ARR3,0.0
gene_ARPC5L,0.0
gene_ARPC1B,0.0
gene_ARNT2,0.0
gene_ARNT,0.0
gene_ARMH4,0.0
gene_ARMCX6,0.0
gene_ARMC9,0.0
gene_ATAD2,0.0
gene_ARMC2,0.0
gene_ARL9,0.0
gene_ARL6IP5,0.0
gene_ARL6IP1,0.0
gene_ARL6,0.0
gene_ARL3,0.0
gene_ARL2BP,0.0
gene_ARL14EP,0.0
gene_ARL13B,0.0
gene_ARIH1,0.0
gene_ARID4A,0.0
gene_ARID3A,0.0
gene_ARID2,0.0
gene_ARMC5,0.0
gene_ATAD1,0.0
gene_ASXL3,0.0
gene_ASXL2,0.0
gene_ASTN2,0.0
gene_ASTN1,0.0
gene_ASTL,0.0
gene_ASS1,0.0
gene_ASRGL1,0.0
gene_ASPN,0.0
gene_ASPM,0.0
gene_ASPH,0.0
gene_ASNS,0.0
gene_ASL,0.0
gene_ARSG,0.0
gene_ASH1L,0.0
gene_ASCC3,0.0
gene_ASCC1,0.0
gene_ASB15,0.0
gene_ASB10,0.0
gene_ASAP2,0.0
gene_ASAH1,0.0
gene_ARX,0.0
gene_ARVCF,0.0
gene_ARSL,0.0
gene_ARSK,0.0
gene_ARSI,0.0
gene_ARSH,0.0
gene_ASIP,0.0
gene_BECN2,0.0
gene_BDP1,0.0
gene_BDNF,0.0
gene_BDKRB1,0.0
gene_BDH1,0.0
gene_BCS1L,0.0
gene_BCR,0.0
gene_BCORL1,0.0
gene_BCOR,0.0
gene_BCO1,0.0
gene_BCL11B,0.0
gene_BCL11A,0.0
gene_ATP8A2,0.0
gene_BCKDK,0.0
gene_BCKDHB,0.0
gene_BCKDHA,0.0
gene_BCHE,0.0
gene_BCCIP,0.0
gene_BCAT2,0.0
gene_BCAS3,0.0
gene_BCAR1,0.0
gene_BCAP31,0.0
gene_BCAN,0.0
gene_BCAM,0.0
gene_BBS9,0.0
gene_BBS7,0.0
gene_BCL10,0.0
gene_BLZF1,0.0
gene_BLTP2,0.0
gene_BLTP1,0.0
gene_BLOC1S6,0.0
gene_BLOC1S5,0.0
gene_BLNK,0.0
gene_BLM,0.0
gene_BLK,0.0
gene_BIVM,0.0
gene_BIRC6,0.0
gene_BIRC3,0.0
gene_BIN3,0.0
gene_BEST1,0.0
gene_BICRA,0.0
gene_BICD2,0.0
gene_BICC1,0.0
gene_BHLHE41,0.0
gene_BHLHE40,0.0
gene_BHLHA9,0.0
gene_BGN,0.0
gene_BFSP2,0.0
gene_BFSP1,0.0
gene_BFAR,0.0
gene_BEX2,0.0
gene_BET1L,0.0
gene_BEST2,0.0
gene_BIN1,0.0
gene_B3GNT2,0.0
gene_B3GLCT,0.0
gene_B3GAT3,0.0
gene_B3GALNT2,0.0
gene_B2M,0.0
gene_AXL,0.0
gene_AXIN2,0.0
gene_AWAT2,0.0
gene_AVPR2,0.0
gene_AVP,0.0
gene_AVIL,0.0
gene_AVEN,0.0
gene_BBS5,0.0
gene_AURKC,0.0
gene_AURKAIP1,0.0
gene_AURKA,0.0
gene_AUH,0.0
gene_ATXN7,0.0
gene_ATXN10,0.0
gene_ATRN,0.0
gene_ATRIP,0.0
gene_ATR,0.0
gene_ATP9A,0.0
gene_ATP8B2,0.0
gene_ATP8B1-AS1,0.0
gene_ATP8B1,0.0
gene_AUTS2,0.0
gene_BBS4,0.0
gene_BBS2,0.0
gene_BBS12,0.0
gene_BBS10,0.0
gene_BBS1,0.0
gene_BAZ2B,0.0
gene_BAZ1B,0.0
gene_BASP1,0.0
gene_BARD1,0.0
gene_BAP1,0.0
gene_BANK1,0.0
gene_BAIAP2,0.0
gene_BAG6,0.0
gene_B3GNTL1,0.0
gene_BAG3,0.0
gene_BACH2,0.0
gene_BACE2,0.0
gene_BAAT,0.0
gene_B9D2,0.0
gene_B9D1,0.0
gene_B4GAT1,0.0
gene_B4GALT7,0.0
gene_B4GALT3,0.0
gene_B4GALT1,0.0
gene_B4GALNT4,0.0
gene_B4GALNT3,0.0
gene_B4GALNT1,0.0
gene_BAG5,0.0
gene_ITGB4,0.0
gene_ITGB3,0.0
gene_ITGB2,0.0
gene_ITGAX,0.0
gene_ITGAV,0.0
gene_ITGAM,0.0
gene_ITGAL,0.0
gene_ITGAE,0.0
gene_ITGA9,0.0
gene_ITGA8,0.0
gene_ITGA7,0.0
gene_ITGA6,0.0
gene_EDNRB,0.0
gene_ITGA3,0.0
gene_ITGA2,0.0
gene_ITGA11,0.0
gene_ITGA10,0.0
gene_ITGA1,0.0
gene_ITFG1,0.0
gene_ITCH,0.0
gene_ISM1,0.0
gene_ISLR,0.0
gene_ISL1,0.0
gene_ISG20,0.0
gene_ISG15,0.0
gene_ISCU,0.0
gene_ITGA5,0.0
gene_JAM3,0.0
gene_JAKMIP1,0.0
gene_JAK3,0.0
gene_JAK2,0.0
gene_JAK1,0.0
gene_JAGN1,0.0
gene_JAG2,0.0
gene_JAG1,0.0
gene_JADE2,0.0
gene_IZUMO1R,0.0
gene_IZUMO1,0.0
gene_IYD,0.0
gene_ITGB6,0.0
gene_ITSN2,0.0
gene_ITSN1,0.0
gene_ITPR3,0.0
gene_ITPR2,0.0
gene_ITPR1,0.0
gene_ITPKB,0.0
gene_ITPA,0.0
gene_ITM2B,0.0
gene_ITM2A,0.0
gene_ITK,0.0
gene_ITIH6,0.0
gene_ITIH4,0.0
gene_ITGB7,0.0
gene_IVD,0.0
gene_IP6K3,0.0
gene_INVS,0.0
gene_INTU,0.0
gene_INTS2,0.0
gene_INTS12,0.0
gene_INTS11,0.0
gene_INTS1,0.0
gene_INSR,0.0
gene_INSL6,0.0
gene_INS,0.0
gene_INPPL1,0.0
gene_INPP5K,0.0
gene_ISCA1,0.0
gene_INPP5E,0.0
gene_INPP5B,0.0
gene_INPP4A,0.0
gene_INO80B,0.0
gene_INHA,0.0
gene_ING1,0.0
gene_INF2,0.0
gene_INCENP,0.0
gene_IMPG2,0.0
gene_IMPG1,0.0
gene_IMPDH2,0.0
gene_IMPDH1,0.0
gene_IMPA1,0.0
gene_INPP5J,0.0
gene_IRX4,0.0
gene_IRX1,0.0
gene_IRS4,0.0
gene_IRS2,0.0
gene_IRS1,0.0
gene_IRF9,0.0
gene_IRF8,0.0
gene_IRF7,0.0
gene_IRF6,0.0
gene_IRF4,0.0
gene_IRF2BPL,0.0
gene_IRF2BP2,0.0
gene_IPO11,0.0
gene_IRAK4,0.0
gene_IRAK3,0.0
gene_IRAK1,0.0
gene_IQSEC2,0.0
gene_IQSEC1,0.0
gene_IQGAP3,0.0
gene_IQGAP2,0.0
gene_IQCG,0.0
gene_IQCE,0.0
gene_IQCD,0.0
gene_IQCB1,0.0
gene_IPO8,0.0
gene_IPO13,0.0
gene_IREB2,0.0
gene_KDELR3,0.0
gene_KCTD8,0.0
gene_KCTD7,0.0
gene_KCTD3,0.0
gene_KCTD19,0.0
gene_KCTD18,0.0
gene_KCTD1,0.0
gene_KCP,0.0
gene_KCNV2,0.0
gene_KCNT1,0.0
gene_KCNS3,0.0
gene_KCNQ5,0.0
gene_JARID2,0.0
gene_KCNQ3,0.0
gene_KCNQ2,0.0
gene_KCNN4,0.0
gene_KCNN3,0.0
gene_KCNN2,0.0
gene_KCNMA1,0.0
gene_KCNK9,0.0
gene_KCNK3,0.0
gene_KCNK18,0.0
gene_KCNK15-AS1,0.0
gene_KCNK12,0.0
gene_KCNK10,0.0
gene_KCNK1,0.0
gene_KCNQ4,0.0
gene_KIAA0930,0.0
gene_KIAA0825,0.0
gene_KIAA0753,0.0
gene_KIAA0586,0.0
gene_KIAA0319L,0.0
gene_KIAA0319,0.0
gene_KIAA0232,0.0
gene_KHSRP,0.0
gene_KHK,0.0
gene_KHDC4,0.0
gene_KERA,0.0
gene_KEL,0.0
gene_KDF1,0.0
gene_KDSR,0.0
gene_KDR,0.0
gene_KDM8,0.0
gene_KDM6B,0.0
gene_KDM6A,0.0
gene_KDM5C,0.0
gene_KDM5B,0.0
gene_KDM5A,0.0
gene_KDM4B,0.0
gene_KDM3B,0.0
gene_KDM3A,0.0
gene_KDM2B,0.0
gene_KDM1A,0.0
gene_KEAP1,0.0
gene_KCNAB1,0.0
gene_KCNA5,0.0
gene_KCNA2,0.0
gene_KCNA1,0.0
gene_KBTBD7,0.0
gene_KBTBD6,0.0
gene_KBTBD13,0.0
gene_KATNIP,0.0
gene_KATNB1,0.0
gene_KAT8,0.0
gene_KAT14,0.0
gene_KASH5,0.0
gene_KCNJ8,0.0
gene_KANK4,0.0
gene_KANK2,0.0
gene_KANK1,0.0
gene_KALRN,0.0
gene_JUP,0.0
gene_JRK,0.0
gene_JPT2,0.0
gene_JPH3,0.0
gene_JPH2,0.0
gene_JMY,0.0
gene_JMJD7,0.0
gene_JMJD1C,0.0
gene_JCAD,0.0
gene_KARS1,0.0
gene_KCNJ6,0.0
gene_KCNJ5,0.0
gene_KCNJ2,0.0
gene_KCNJ16,0.0
gene_KCNJ13,0.0
gene_KCNJ12,0.0
gene_KCNJ11,0.0
gene_KCNJ10,0.0
gene_KCNJ1,0.0
gene_KCNIP1,0.0
gene_KCNH7,0.0
gene_KCNH6,0.0
gene_KCNH5,0.0
gene_KCNAB2,0.0
gene_KCNH2,0.0
gene_KCNH1,0.0
gene_KCNE5,0.0
gene_KCNE3,0.0
gene_KCNE2,0.0
gene_KCNE1,0.0
gene_KCND3,0.0
gene_KCND2,0.0
gene_KCND1,0.0
gene_KCNC3,0.0
gene_KCNC2,0.0
gene_KCNC1,0.0
gene_KCNB1,0.0
gene_KCNH3,0.0
gene_HSPBP1,0.0
gene_HSPBAP1,0.0
gene_HSPB8,0.0
gene_HSPB1,0.0
gene_HSPA4L,0.0
gene_HSPA1B,0.0
gene_HSPA1A,0.0
gene_HSP90B1,0.0
gene_HSF5,0.0
gene_HSF4,0.0
gene_HSD3B2,0.0
gene_HSD17B4,0.0
gene_ILK,0.0
gene_HSD17B11,0.0
gene_HSD17B10,0.0
gene_HSD11B2,0.0
gene_HSD11B1L,0.0
gene_HS6ST2,0.0
gene_HS3ST6,0.0
gene_HS2ST1,0.0
gene_HROB,0.0
gene_HRNR,0.0
gene_HRG,0.0
gene_HRCT1,0.0
gene_HRC,0.0
gene_HR,0.0
gene_HSD17B3,0.0
gene_ICAM5,0.0
gene_ICAM1,0.0
gene_IBTK,0.0
gene_IBA57,0.0
gene_IARS2,0.0
gene_IARS1,0.0
gene_HYOU1,0.0
gene_HYI,0.0
gene_HYDIN,0.0
gene_HYCC1,0.0
gene_HYAL2,0.0
gene_HYAL1,0.0
gene_HSPD1,0.0
gene_HUWE1,0.0
gene_HTT,0.0
gene_HTRA4,0.0
gene_HTRA2,0.0
gene_HTRA1,0.0
gene_HTR6,0.0
gene_HTR3E,0.0
gene_HTR3C,0.0
gene_HTR2A,0.0
gene_HTR1A,0.0
gene_HTATSF1,0.0
gene_HSPG2,0.0
gene_HSPE1,0.0
gene_HVCN1,0.0
gene_HNMT,0.0
gene_HNF4A,0.0
gene_HNF1B,0.0
gene_HNF1A,0.0
gene_HMX2,0.0
gene_HMX1,0.0
gene_HMOX1,0.0
gene_HMGCS2,0.0
gene_HMGCR,0.0
gene_HMGCLL1,0.0
gene_HMGCL,0.0
gene_HMGB1,0.0
gene_HPX,0.0
gene_HMCN1,0.0
gene_HMCES,0.0
gene_HMBS,0.0
gene_HLTF,0.0
gene_HLCS,0.0
gene_HLA-DRB5,0.0
gene_HLA-DPB1,0.0
gene_HLA-DMA,0.0
gene_HLA-C,0.0
gene_HLA-B,0.0
gene_HKDC1,0.0
gene_HK3,0.0
gene_HK2,0.0
gene_HMGA2,0.0
gene_HPSE2,0.0
gene_HPS6,0.0
gene_HPS5,0.0
gene_HPS4,0.0
gene_HPS3,0.0
gene_HPRT1,0.0
gene_HPN,0.0
gene_HPDL,0.0
gene_HPD,0.0
gene_HPCA,0.0
gene_HP,0.0
gene_HOXD9,0.0
gene_HOXD13,0.0
gene_HNRNPA2B1,0.0
gene_HOXB9,0.0
gene_HOXB13,0.0
gene_HOXA2,0.0
gene_HOTTIP,0.0
gene_HOOK2,0.0
gene_HOMER3,0.0
gene_HOGA1,0.0
gene_HNRNPU,0.0
gene_HNRNPR,0.0
gene_HNRNPL,0.0
gene_HNRNPK,0.0
gene_HNRNPD,0.0
gene_HNRNPC,0.0
gene_HOXC10,0.0
gene_IL1F10,0.0
gene_IL1A,0.0
gene_IL18RAP,0.0
gene_IL18R1,0.0
gene_IL17REL,0.0
gene_IL17RD,0.0
gene_IL17RC,0.0
gene_IL17RA,0.0
gene_IL17F,0.0
gene_IL17D,0.0
gene_IL17C,0.0
gene_IL13RA2,0.0
gene_ICE1,0.0
gene_IL12RB1,0.0
gene_IL12B,0.0
gene_IL11RA,0.0
gene_IL11,0.0
gene_IL10RB,0.0
gene_IL10RA,0.0
gene_IL10,0.0
gene_IKZF5,0.0
gene_IKZF4,0.0
gene_IKZF2,0.0
gene_IKZF1,0.0
gene_IKBKG,0.0
gene_IKBKB,0.0
gene_IL12RB2,0.0
gene_ILDR1,0.0
gene_IL7R,0.0
gene_IL7,0.0
gene_IL6ST,0.0
gene_IL6R,0.0
gene_IL5RA,0.0
gene_IL4R,0.0
gene_IL4I1,0.0
gene_IL36RN,0.0
gene_IL34,0.0
gene_IL31RA,0.0
gene_IL3,0.0
gene_IL1RAPL1,0.0
gene_IL2RB,0.0
gene_IL2RA,0.0
gene_IL27RA,0.0
gene_IL25,0.0
gene_IL24,0.0
gene_IL23R,0.0
gene_IL23A,0.0
gene_IL22RA1,0.0
gene_IL21R,0.0
gene_IL20RB,0.0
gene_IL1RN,0.0
gene_IL1RL1,0.0
gene_IL1RAPL2,0.0
gene_IL2RG,0.0
gene_IFT172,0.0
gene_IFT140,0.0
gene_IFT122,0.0
gene_IFNLR1,0.0
gene_IFNL2,0.0
gene_IFNGR2,0.0
gene_IFNGR1,0.0
gene_IFNG,0.0
gene_IFNAR2,0.0
gene_IFNAR1,0.0
gene_IFNA8,0.0
gene_IFNA7,0.0
gene_IHH,0.0
gene_IFITM5,0.0
gene_IFIH1,0.0
gene_IFI27L2,0.0
gene_IER3IP1,0.0
gene_IDUA,0.0
gene_IDO2,0.0
gene_IDH3G,0.0
gene_IDH3B,0.0
gene_IDH3A,0.0
gene_IDH2,0.0
gene_IDH1,0.0
gene_ICOSLG,0.0
gene_ICOS,0.0
gene_IFNA2,0.0
gene_IGSF9,0.0
gene_IGSF8,0.0
gene_IGSF5,0.0
gene_IGSF10,0.0
gene_IGSF1,0.0
gene_IGLL1,0.0
gene_IGHMBP2,0.0
gene_IGFN1,0.0
gene_IGFLR1,0.0
gene_IGFBP7,0.0
gene_IGFBP6,0.0
gene_IGFALS,0.0
gene_IGF2R,0.0
gene_IFT27,0.0
gene_IGF1R,0.0
gene_IGF1,0.0
gene_IGDCC4,0.0
gene_IGBP1,0.0
gene_IFT88,0.0
gene_IFT81,0.0
gene_IFT80,0.0
gene_IFT74,0.0
gene_IFT70A,0.0
gene_IFT57,0.0
gene_IFT56,0.0
gene_IFT52,0.0
gene_IFT43,0.0
gene_IGF2,0.0
gene_LRRIQ1,0.0
gene_LRRFIP2,0.0
gene_LRRCC1,0.0
gene_LRRC8A,0.0
gene_LRRC75B,0.0
gene_LRRC7,0.0
gene_LRRC56,0.0
gene_LRRC53,0.0
gene_LRRC46,0.0
gene_LRRC45,0.0
gene_LRRC41,0.0
gene_LRRC3B,0.0
gene_KIAA1210,0.0
gene_LRRC32,0.0
gene_LRRC3,0.0
gene_LRRC27,0.0
gene_LRRC25,0.0
gene_LRRC23,0.0
gene_LRRC15,0.0
gene_LRRC14,0.0
gene_LRRC10B,0.0
gene_LRRC10,0.0
gene_LRRC1,0.0
gene_LRR1,0.0
gene_LRPPRC,0.0
gene_LRPAP1,0.0
gene_LRRC37A,0.0
gene_LYN,0.0
gene_LYAR,0.0
gene_LY9,0.0
gene_LY75,0.0
gene_LY6G5B,0.0
gene_LUZP1,0.0
gene_LUC7L,0.0
gene_LTF,0.0
gene_LTBR,0.0
gene_LTBP4,0.0
gene_LTBP3,0.0
gene_LTBP2,0.0
gene_LRRIQ3,0.0
gene_LTA,0.0
gene_LST1,0.0
gene_LSS,0.0
gene_LSR,0.0
gene_LSMEM2,0.0
gene_LSM2,0.0
gene_LSM11,0.0
gene_LSG1,0.0
gene_LRSAM1,0.0
gene_LRRN4,0.0
gene_LRRN1,0.0
gene_LRRK2,0.0
gene_LRRK1,0.0
gene_LTBP1,0.0
gene_LOXHD1,0.0
gene_LOX,0.0
gene_LORICRIN,0.0
gene_LONP1,0.0
gene_LNX2,0.0
gene_LNX1,0.0
gene_LNPK,0.0
gene_LMX1B,0.0
gene_LMX1A,0.0
gene_LMTK2,0.0
gene_LMOD3,0.0
gene_LMOD2,0.0
gene_LRP8,0.0
gene_LMNB2,0.0
gene_LMNB1,0.0
gene_LMF2,0.0
gene_LMF1,0.0
gene_LMBRD2,0.0
gene_LMBRD1,0.0
gene_LMBR1L,0.0
gene_LMBR1,0.0
gene_LLGL2,0.0
gene_LLGL1,0.0
gene_LITAF,0.0
gene_LIPT2,0.0
gene_LIPK,0.0
gene_LMO7,0.0
gene_LRP6,0.0
gene_LRP5,0.0
gene_LRP4,0.0
gene_LRP2,0.0
gene_LRP1B,0.0
gene_LRP10,0.0
gene_LRP1,0.0
gene_LRMDA,0.0
gene_LRIT3,0.0
gene_LRIT2,0.0
gene_LRIG2,0.0
gene_LRIG1,0.0
gene_LRG1,0.0
gene_LOXL2,0.0
gene_LRFN2,0.0
gene_LRCH2,0.0
gene_LRBA,0.0
gene_LRAT,0.0
gene_LPP,0.0
gene_LPL,0.0
gene_LPIN2,0.0
gene_LPIN1,0.0
gene_LPCAT4,0.0
gene_LPCAT2,0.0
gene_LPCAT1,0.0
gene_LPA,0.0
gene_LOXL3,0.0
gene_LRFN4,0.0
gene_MAST1,0.0
gene_MASP2,0.0
gene_MASP1,0.0
gene_MARVELD3,0.0
gene_MARVELD2,0.0
gene_MARS2,0.0
gene_MARS1,0.0
gene_MARK3,0.0
gene_MARF1,0.0
gene_MARCO,0.0
gene_MAPT,0.0
gene_MAPKBP1,0.0
gene_LYPLAL1,0.0
gene_MAPKAPK3,0.0
gene_MAPK8IP3,0.0
gene_MAPK8,0.0
gene_MAPK15,0.0
gene_MAPK1,0.0
gene_MAP7D3,0.0
gene_MAP7D1,0.0
gene_MAP6,0.0
gene_MAP4K5,0.0
gene_MAP4K2,0.0
gene_MAP4K1,0.0
gene_MAP4,0.0
gene_MAP3K8,0.0
gene_MAPKAPK5,0.0
gene_MCCC1,0.0
gene_MCC,0.0
gene_MC5R,0.0
gene_MC4R,0.0
gene_MC3R,0.0
gene_MC2R,0.0
gene_MBTPS2,0.0
gene_MBTPS1,0.0
gene_MBOAT7,0.0
gene_MBL2,0.0
gene_MBD5,0.0
gene_MBD4,0.0
gene_MAST3,0.0
gene_MB,0.0
gene_MAZ,0.0
gene_MAX,0.0
gene_MAVS,0.0
gene_MAU2,0.0
gene_MATR3,0.0
gene_MATN3,0.0
gene_MATN1,0.0
gene_MATK,0.0
gene_MATCAP1,0.0
gene_MAT2A,0.0
gene_MAT1A,0.0
gene_MAST4,0.0
gene_MBD1,0.0
gene_MAGI2,0.0
gene_MAGEL2,0.0
gene_MAGEE2,0.0
gene_MAGED2,0.0
gene_MAGEC1,0.0
gene_MAGEB10,0.0
gene_MAGEA9B,0.0
gene_MAG,0.0
gene_MAFB,0.0
gene_MAF1,0.0
gene_MAF,0.0
gene_MADD,0.0
gene_MAP3K7,0.0
gene_MAD1L1,0.0
gene_MAB21L2,0.0
gene_LZTS2,0.0
gene_LZTS1,0.0
gene_LZTR1,0.0
gene_LZTFL1,0.0
gene_LYZL4,0.0
gene_LYZL2,0.0
gene_LYZ,0.0
gene_LYVE1,0.0
gene_LYST,0.0
gene_LYRM7,0.0
gene_LYRM1,0.0
gene_MAD2L2,0.0
gene_MAP3K6,0.0
gene_MAP3K20,0.0
gene_MAP3K15,0.0
gene_MAP3K14,0.0
gene_MAP3K1,0.0
gene_MAP2K2,0.0
gene_MAP2K1,0.0
gene_MAP2,0.0
gene_MAP1B,0.0
gene_MAP1A,0.0
gene_MAP10,0.0
gene_MAOB,0.0
gene_MAOA,0.0
gene_MAGI3,0.0
gene_MANBA,0.0
gene_MAN2C1,0.0
gene_MAN2B2,0.0
gene_MAN2B1,0.0
gene_MAN1B1,0.0
gene_MAMLD1,0.0
gene_MAML1,0.0
gene_MAMDC2-AS1,0.0
gene_MALT1,0.0
gene_MALRD1,0.0
gene_MALL,0.0
gene_MAK,0.0
gene_MAGT1,0.0
gene_MANEAL,0.0
gene_KRIT1,0.0
gene_KREMEN1,0.0
gene_KRBA2,0.0
gene_KRAS,0.0
gene_KPNA7,0.0
gene_KPNA3,0.0
gene_KNL1,0.0
gene_KNG1,0.0
gene_KNDC1,0.0
gene_KMT5B,0.0
gene_KMT2A,0.0
gene_KLRC3,0.0
gene_LIPH,0.0
gene_KLKB1,0.0
gene_KLK5,0.0
gene_KLK12,0.0
gene_KLK1,0.0
gene_KLHL9,0.0
gene_KLHL7,0.0
gene_KLHL6,0.0
gene_KLHL41,0.0
gene_KLHL40,0.0
gene_KLHL34,0.0
gene_KLHL30,0.0
gene_KLHL3,0.0
gene_KLHL24,0.0
gene_KLRB1,0.0
gene_KRT85,0.0
gene_KRT84,0.0
gene_KRT83,0.0
gene_KRT8,0.0
gene_KRT76,0.0
gene_KRT75,0.0
gene_KRT74,0.0
gene_KRT71,0.0
gene_KRT7,0.0
gene_KRT6C,0.0
gene_KRT6B,0.0
gene_KRT6A,0.0
gene_KRT1,0.0
gene_KRT4,0.0
gene_KRT3,0.0
gene_KRT25,0.0
gene_KRT23,0.0
gene_KRT2,0.0
gene_KRT18,0.0
gene_KRT17,0.0
gene_KRT16,0.0
gene_KRT15,0.0
gene_KRT14,0.0
gene_KRT13,0.0
gene_KRT12,0.0
gene_KRT10,0.0
gene_KRT5,0.0
gene_KIF7,0.0
gene_KIF5C,0.0
gene_KIF5B,0.0
gene_KIF5A,0.0
gene_KIF4A,0.0
gene_KIF3B,0.0
gene_KIF2A,0.0
gene_KIF26B,0.0
gene_KIF26A,0.0
gene_KIF23,0.0
gene_KIF22,0.0
gene_KIF21A,0.0
gene_KLHL21,0.0
gene_KIF1B,0.0
gene_KIF1A,0.0
gene_KIF14,0.0
gene_KIF13B,0.0
gene_KIF13A,0.0
gene_KIF12,0.0
gene_KIF11,0.0
gene_KIDINS220,0.0
gene_KICS2,0.0
gene_KIAA1671,0.0
gene_KIAA1549L,0.0
gene_KIAA1549,0.0
gene_KIAA1217,0.0
gene_KIF1C,0.0
gene_KLHL20,0.0
gene_KLHL2,0.0
gene_KLHL15,0.0
gene_KLHL10,0.0
gene_KLHDC8B,0.0
gene_KLHDC7A,0.0
gene_KLHDC2,0.0
gene_KLF4,0.0
gene_KLF18,0.0
gene_KLF17,0.0
gene_KLF11,0.0
gene_KLF10,0.0
gene_KLC4,0.0
gene_KIFBP,0.0
gene_KL,0.0
gene_KIZ,0.0
gene_KITLG,0.0
gene_KIT,0.0
gene_KISS1R,0.0
gene_KIRREL3,0.0
gene_KIRREL1,0.0
gene_KIR3DL3,0.0
gene_KIR3DL2,0.0
gene_KIR2DL4,0.0
gene_KIR2DL3,0.0
gene_KIFC3,0.0
gene_KIFC2,0.0
gene_KLB,0.0
gene_LHFPL3,0.0
gene_LGR4,0.0
gene_LGI4,0.0
gene_LGI3,0.0
gene_LGI1,0.0
gene_LGALS8,0.0
gene_LGALS3BP,0.0
gene_LGALS3,0.0
gene_LFNG,0.0
gene_LEUTX,0.0
gene_LETM2,0.0
gene_LETM1,0.0
gene_KRT86,0.0
gene_LEP,0.0
gene_LEO1,0.0
gene_LEMD3,0.0
gene_LEFTY2,0.0
gene_LEFTY1,0.0
gene_LDLRAP1,0.0
gene_LDLRAD2,0.0
gene_LDHD,0.0
gene_LDHA,0.0
gene_LDB3,0.0
gene_LCT,0.0
gene_LCP2,0.0
gene_LCP1,0.0
gene_LEPR,0.0
gene_LIPG,0.0
gene_LIPE,0.0
gene_LIPC,0.0
gene_LIPA,0.0
gene_LINGO1,0.0
gene_LINC02094,0.0
gene_LINC01784,0.0
gene_LINC01719,0.0
gene_LINC01089,0.0
gene_LINC00324,0.0
gene_LIN9,0.0
gene_LIN7A,0.0
gene_LHFPL5,0.0
gene_LIM2,0.0
gene_LILRB5,0.0
gene_LILRB2,0.0
gene_LILRA6,0.0
gene_LILRA4,0.0
gene_LIG4,0.0
gene_LIG3,0.0
gene_LIG1,0.0
gene_LIFR,0.0
gene_LIAT1,0.0
gene_LIAS,0.0
gene_LHX4,0.0
gene_LHX3,0.0
gene_LIMS2,0.0
gene_LAMA5,0.0
gene_LAMA4,0.0
gene_LAMA3,0.0
gene_LAMA2,0.0
gene_LAMA1,0.0
gene_LAGE3,0.0
gene_LAG3,0.0
gene_LACRT,0.0
gene_L2HGDH,0.0
gene_L1CAM,0.0
gene_KYNU,0.0
gene_KY,0.0
gene_LCN2,0.0
gene_KTN1,0.0
gene_KSR2,0.0
gene_KRTAP9-4,0.0
gene_KRTAP5-2,0.0
gene_KRTAP4-7,0.0
gene_KRTAP4-4,0.0
gene_KRTAP4-12,0.0
gene_KRTAP4-11,0.0
gene_KRTAP27-1,0.0
gene_KRTAP23-1,0.0
gene_KRTAP16-1,0.0
gene_KRTAP1-5,0.0
gene_KRT9,0.0
gene_KXD1,0.0
gene_LCN1,0.0
gene_LCK,0.0
gene_LCE3D,0.0
gene_LCE1D,0.0
gene_LCE1C,0.0
gene_LCAT,0.0
gene_LCA5,0.0
gene_LBR,0.0
gene_LATS2,0.0
gene_LAT2,0.0
gene_LAT,0.0
gene_LAS1L,0.0
gene_LARS2,0.0
gene_LAMB1,0.0
gene_LARP7,0.0
gene_LARP4,0.0
gene_LARGE1,0.0
gene_LANCL3,0.0
gene_LAMTOR2,0.0
gene_LAMTOR1,0.0
gene_LAMP2,0.0
gene_LAMC3,0.0
gene_LAMC2,0.0
gene_LAMC1,0.0
gene_LAMB4,0.0
gene_LAMB3,0.0
gene_LAMB2,0.0
gene_LARS1,0.0
gene_FCN1,0.0
gene_FCHO2,0.0
gene_FCHO1,0.0
gene_FCGR3B,0.0
gene_FCGR3A,0.0
gene_FCGR2A,0.0
gene_FCGBP,0.0
gene_FCER1G,0.0
gene_FCAMR,0.0
gene_FBXW7,0.0
gene_FBXW5,0.0
gene_FBXW4,0.0
gene_HK1,0.0
gene_FBXO9,0.0
gene_FBXO7,0.0
gene_FBXO44,0.0
gene_FBXO38,0.0
gene_FBXO31,0.0
gene_FBXO3,0.0
gene_FBXO28,0.0
gene_FBXO15,0.0
gene_FBXO11,0.0
gene_FBXL8,0.0
gene_FBXL5,0.0
gene_FBXL4,0.0
gene_FBXL3,0.0
gene_FBXW11,0.0
gene_FGF22,0.0
gene_FGF20,0.0
gene_FGF2,0.0
gene_FGF14,0.0
gene_FGF12,0.0
gene_FGF11,0.0
gene_FGF10,0.0
gene_FGD5,0.0
gene_FGD4,0.0
gene_FGD1,0.0
gene_FGB,0.0
gene_FGA,0.0
gene_FCRL5,0.0
gene_FEZF1,0.0
gene_FETUB,0.0
gene_FERMT3,0.0
gene_FERMT1,0.0
gene_FER1L6,0.0
gene_FER1L5,0.0
gene_FECH,0.0
gene_FDXACB1,0.0
gene_FDX2,0.0
gene_FDFT1,0.0
gene_FCSK,0.0
gene_FCRLA,0.0
gene_FCRL6,0.0
gene_FEZF2,0.0
gene_FANCE,0.0
gene_FANCD2,0.0
gene_FANCC,0.0
gene_FANCB,0.0
gene_FANCA,0.0
gene_FAN1,0.0
gene_FAM98C,0.0
gene_FAM98A,0.0
gene_FAM90A1,0.0
gene_FAM83H,0.0
gene_FAM83C,0.0
gene_FAM53B,0.0
gene_FBXL19,0.0
gene_FAM50A,0.0
gene_FAM47E,0.0
gene_FAM47C,0.0
gene_FAM47B,0.0
gene_FAM3B,0.0
gene_FAM234B,0.0
gene_FAM222A,0.0
gene_FAM210A,0.0
gene_FAM20C,0.0
gene_FAM20A,0.0
gene_FAM209B,0.0
gene_FAM200A,0.0
gene_FAM193A,0.0
gene_FAM53A,0.0
gene_FBRSL1,0.0
gene_FBP2,0.0
gene_FBP1,0.0
gene_FBN3,0.0
gene_FBN2,0.0
gene_FBLN5,0.0
gene_FBLN1,0.0
gene_FBL,0.0
gene_FAXC,0.0
gene_FATE1,0.0
gene_FAT4,0.0
gene_FAT3,0.0
gene_FANCF,0.0
gene_FAT1,0.0
gene_FASTKD2,0.0
gene_FASN,0.0
gene_FASLG,0.0
gene_FAS,0.0
gene_FARSB,0.0
gene_FARS2,0.0
gene_FAR1,0.0
gene_FAP,0.0
gene_FANCM,0.0
gene_FANCL,0.0
gene_FANCI,0.0
gene_FANCG,0.0
gene_FAT2,0.0
gene_FOXL2NB,0.0
gene_FOXK2,0.0
gene_FOXK1,0.0
gene_FOXI3,0.0
gene_FOXI1,0.0
gene_FOXG1,0.0
gene_FOXF1,0.0
gene_FOXE3,0.0
gene_FOXE1,0.0
gene_FOXD4L3,0.0
gene_FOXD3,0.0
gene_FOXCUT,0.0
gene_FGF23,0.0
gene_FOXC1,0.0
gene_FOXA2,0.0
gene_FOSB,0.0
gene_FOS,0.0
gene_FOLR2,0.0
gene_FOLR1,0.0
gene_FOCAD,0.0
gene_FNIP2,0.0
gene_FNIP1,0.0
gene_FNDC9,0.0
gene_FNDC8,0.0
gene_FNDC3A,0.0
gene_FNDC1,0.0
gene_FOXC2-AS1,0.0
gene_FRYL,0.0
gene_FRY,0.0
gene_FRRS1L,0.0
gene_FRMPD4,0.0
gene_FRMPD1,0.0
gene_FRMD7,0.0
gene_FRMD1,0.0
gene_FRG2B,0.0
gene_FRG1,0.0
gene_FREM3,0.0
gene_FREM2,0.0
gene_FREM1,0.0
gene_FOXN1,0.0
gene_FRA10AC1,0.0
gene_FPR2,0.0
gene_FPR1,0.0
gene_FOXRED1,0.0
gene_FOXQ1,0.0
gene_FOXP4,0.0
gene_FOXP3,0.0
gene_FOXP2,0.0
gene_FOXP1,0.0
gene_FOXO6,0.0
gene_FOXO4,0.0
gene_FOXO3,0.0
gene_FOXN2,0.0
gene_FRAS1,0.0
gene_FKBP11,0.0
gene_FKBP10,0.0
gene_FIZ1,0.0
gene_FITM2,0.0
gene_FIRRM,0.0
gene_FILIP1,0.0
gene_FIG4,0.0
gene_FIBIN,0.0
gene_FHOD3,0.0
gene_FHOD1,0.0
gene_FHL2,0.0
gene_FHL1,0.0
gene_FN3K,0.0
gene_FHIP1A,0.0
gene_FHAD1,0.0
gene_FH,0.0
gene_FGG,0.0
gene_FGFRL1,0.0
gene_FGFR4,0.0
gene_FGFR3,0.0
gene_FGFR2,0.0
gene_FGFR1,0.0
gene_FGF9,0.0
gene_FGF8,0.0
gene_FGF6,0.0
gene_FGF3,0.0
gene_FHIP1B,0.0
gene_FN1,0.0
gene_FMO3,0.0
gene_FMN2,0.0
gene_FMN1,0.0
gene_FLYWCH1,0.0
gene_FLVCR2,0.0
gene_FLVCR1-DT,0.0
gene_FLVCR1,0.0
gene_FLT4,0.0
gene_FLT3,0.0
gene_FLT1,0.0
gene_FLRT1,0.0
gene_FLNC,0.0
gene_FKBP14,0.0
gene_FLNA,0.0
gene_FLI1,0.0
gene_FLG2,0.0
gene_FLG,0.0
gene_FLCN,0.0
gene_FLAD1,0.0
gene_FKTN,0.0
gene_FKRP,0.0
gene_FKBP9,0.0
gene_FKBP7,0.0
gene_FKBP6,0.0
gene_FKBP3,0.0
gene_FKBP1A,0.0
gene_FLNB,0.0
gene_ENO4,0.0
gene_ENG,0.0
gene_EN2,0.0
gene_EN1,0.0
gene_EMX2OS,0.0
gene_EMX2,0.0
gene_EMSY,0.0
gene_EMP2,0.0
gene_EML6,0.0
gene_EML5,0.0
gene_EML1,0.0
gene_EMILIN2,0.0
gene_FAM187B,0.0
gene_EMC10,0.0
gene_EMC1,0.0
gene_ELP2,0.0
gene_ELP1,0.0
gene_ELOVL4,0.0
gene_ELOC,0.0
gene_ELOB,0.0
gene_ELN,0.0
gene_ELMOD3,0.0
gene_ELMO2,0.0
gene_ELK3,0.0
gene_ELK1,0.0
gene_ELFN1-AS1,0.0
gene_EMD,0.0
gene_EPM2A,0.0
gene_EPHX1,0.0
gene_EPHB4,0.0
gene_EPHB2,0.0
gene_EPHA4,0.0
gene_EPHA2,0.0
gene_EPHA10,0.0
gene_EPG5,0.0
gene_EPDR1,0.0
gene_EPCAM,0.0
gene_EPC2,0.0
gene_EPB42,0.0
gene_ENOPH1,0.0
gene_EPB41L3,0.0
gene_EPB41L1,0.0
gene_EPB41,0.0
gene_EPAS1,0.0
gene_EP400,0.0
gene_EOMES,0.0
gene_EOGT,0.0
gene_ENTREP2,0.0
gene_ENTR1,0.0
gene_ENTPD2,0.0
gene_ENTPD1,0.0
gene_ENTHD1,0.0
gene_ENPP1,0.0
gene_EPB41L4B,0.0
gene_EGLN3,0.0
gene_EGLN2,0.0
gene_EGLN1,0.0
gene_EGFR,0.0
gene_EGFL7,0.0
gene_EGFL6,0.0
gene_EGF,0.0
gene_EFTUD2,0.0
gene_EFR3A,0.0
gene_EFNB3,0.0
gene_EFNB1,0.0
gene_EFL1,0.0
gene_ELF4,0.0
gene_EFEMP2,0.0
gene_EFEMP1,0.0
gene_EFCAB7,0.0
gene_EFCAB6,0.0
gene_EFCAB12,0.0
gene_EEF2K,0.0
gene_EEF2,0.0
gene_EEF1D,0.0
gene_EEF1AKMT3,0.0
gene_EEF1AKMT2,0.0
gene_EEF1A2,0.0
gene_EED,0.0
gene_EDRF1,0.0
gene_EFHC1,0.0
gene_ELAVL3,0.0
gene_ELANE,0.0
gene_ELAC2,0.0
gene_EIF5A,0.0
gene_EIF4H,0.0
gene_EIF4ENIF1,0.0
gene_EIF4EBP2,0.0
gene_EIF4EBP1,0.0
gene_EIF4A3,0.0
gene_EIF3L,0.0
gene_EIF3F,0.0
gene_EIF2S3,0.0
gene_EIF2B5,0.0
gene_EGR2,0.0
gene_EIF2B3,0.0
gene_EIF2B2,0.0
gene_EIF2B1,0.0
gene_EIF2AK4,0.0
gene_EIF2AK3,0.0
gene_EIF2AK2,0.0
gene_EIF1AX,0.0
gene_EHHADH,0.0
gene_EHF,0.0
gene_EHD3,0.0
gene_EHBP1L1,0.0
gene_EHBP1,0.0
gene_EGR3,0.0
gene_EIF2B4,0.0
gene_EYA4,0.0
gene_EYA2,0.0
gene_EYA1,0.0
gene_EXTL3,0.0
gene_EXT2,0.0
gene_EXT1,0.0
gene_EXPH5,0.0
gene_EXOSC9,0.0
gene_EXOSC8,0.0
gene_EXOSC5,0.0
gene_EXOSC4,0.0
gene_EXOSC3,0.0
gene_EPN3,0.0
gene_EXOSC10,0.0
gene_EXOC7,0.0
gene_EXOC6B,0.0
gene_EXOC6,0.0
gene_EXOC3L4,0.0
gene_EXOC3L2,0.0
gene_EXOC3,0.0
gene_EXO5,0.0
gene_EXO1,0.0
gene_EWSR1,0.0
gene_EVPL,0.0
gene_EVL,0.0
gene_EVI2A,0.0
gene_EXOSC2,0.0
gene_FAM186B,0.0
gene_FAM186A,0.0
gene_FAM170B,0.0
gene_FAM161A,0.0
gene_FAM149B1,0.0
gene_FAM149A,0.0
gene_FAM131C,0.0
gene_FAM111B,0.0
gene_FAM111A,0.0
gene_FAH,0.0
gene_FADS2,0.0
gene_FADD,0.0
gene_EYS,0.0
gene_FAAH,0.0
gene_FA2H,0.0
gene_F5,0.0
gene_F2RL3,0.0
gene_F2,0.0
gene_F13B,0.0
gene_F13A1,0.0
gene_F12,0.0
gene_F11,0.0
gene_F10,0.0
gene_EZR,0.0
gene_EZH2,0.0
gene_EZH1,0.0
gene_FAAP100,0.0
gene_ERLIN2,0.0
gene_ERICH6B,0.0
gene_ERI1,0.0
gene_ERGIC3,0.0
gene_ERGIC1,0.0
gene_ERG28,0.0
gene_ERF,0.0
gene_ERCC8,0.0
gene_ERCC6L2,0.0
gene_ERCC6,0.0
gene_ERCC5,0.0
gene_ERCC4,0.0
gene_EVC2,0.0
gene_ERCC2,0.0
gene_ERCC1,0.0
gene_ERBIN,0.0
gene_ERBB4,0.0
gene_ERBB3,0.0
gene_ERBB2,0.0
gene_ERAP1,0.0
gene_EPX,0.0
gene_EPS8L2,0.0
gene_EPS8,0.0
gene_EPRS1,0.0
gene_EPPK1,0.0
gene_EPOR,0.0
gene_ERCC3,0.0
gene_EVC,0.0
gene_EVA1B,0.0
gene_ETV7,0.0
gene_ETV6,0.0
gene_ETV5,0.0
gene_ETV3L,0.0
gene_ETV3,0.0
gene_ETS1,0.0
gene_ETHE1,0.0
gene_ETFDH,0.0
gene_ETFBKMT,0.0
gene_ETFB,0.0
gene_ETFA,0.0
gene_ERMAP,0.0
gene_ESX1,0.0
gene_ESS2,0.0
gene_ESRRG,0.0
gene_ESRRB,0.0
gene_ESRP2,0.0
gene_ESR2,0.0
gene_ESR1,0.0
gene_ESPN,0.0
gene_ESPL1,0.0
gene_ESF1,0.0
gene_ESCO2,0.0
gene_ESAM,0.0
gene_ERMARD,0.0
gene_ETAA1,0.0
gene_GSDMD,0.0
gene_GSC2,0.0
gene_GSC,0.0
gene_GRXCR1,0.0
gene_GRWD1,0.0
gene_GRN,0.0
gene_GRM7,0.0
gene_GRM6,0.0
gene_GRM4,0.0
gene_GRM1,0.0
gene_GRIP1,0.0
gene_GRIN3B,0.0
gene_FSAF1,0.0
gene_GRIN2C,0.0
gene_GRIN1,0.0
gene_GRIK5,0.0
gene_GRIK2,0.0
gene_GRIK1,0.0
gene_GRID2,0.0
gene_GRID1,0.0
gene_GRIA4,0.0
gene_GRIA3,0.0
gene_GRIA2,0.0
gene_GRIA1,0.0
gene_GRHPR,0.0
gene_GRHL3,0.0
gene_GRIN2D,0.0
gene_GUCY2D,0.0
gene_GUCY2C,0.0
gene_GUCY1A1,0.0
gene_GUCA2A,0.0
gene_GUCA1C,0.0
gene_GUCA1B,0.0
gene_GUCA1A,0.0
gene_GTSF1,0.0
gene_GTPBP4,0.0
gene_GTPBP3,0.0
gene_GTPBP2,0.0
gene_GTPBP1,0.0
gene_GSDME,0.0
gene_GTF3C1,0.0
gene_GTF2IRD2B,0.0
gene_GTF2IRD1,0.0
gene_GTF2H4,0.0
gene_GTF2H3,0.0
gene_GTF2E2,0.0
gene_GSX2,0.0
gene_GSTZ1,0.0
gene_GSTP1,0.0
gene_GSS,0.0
gene_GSR,0.0
gene_GSN,0.0
gene_GSE1,0.0
gene_GTF3C3,0.0
gene_GPR15,0.0
gene_GPR143,0.0
gene_GPR142,0.0
gene_GPR137,0.0
gene_GPR132,0.0
gene_GPR108,0.0
gene_GPR101,0.0
gene_GPNMB,0.0
gene_GPM6B,0.0
gene_GPKOW,0.0
gene_GPIHBP1,0.0
gene_GPI,0.0
gene_GRHL2,0.0
gene_GPD2,0.0
gene_GPD1L,0.0
gene_GPD1,0.0
gene_GPC6,0.0
gene_GPC5,0.0
gene_GPC4,0.0
gene_GPC3,0.0
gene_GPATCH4,0.0
gene_GPATCH3,0.0
gene_GPATCH11,0.0
gene_GPAT3,0.0
gene_GPAM,0.0
gene_GPALPP1,0.0
gene_GPHN,0.0
gene_GREM1,0.0
gene_GREB1L,0.0
gene_GREB1,0.0
gene_GRB10,0.0
gene_GRAMD1B,0.0
gene_GPX6,0.0
gene_GPX4,0.0
gene_GPT2,0.0
gene_GPSM2,0.0
gene_GPS1,0.0
gene_GPRIN3,0.0
gene_GPRIN2,0.0
gene_GPRC5C,0.0
gene_GPR152,0.0
gene_GPR88,0.0
gene_GPR83,0.0
gene_GPR50,0.0
gene_GPR45,0.0
gene_GPR35,0.0
gene_GPR32,0.0
gene_GPR20,0.0
gene_GPR19,0.0
gene_GPR180,0.0
gene_GPR179,0.0
gene_GPR17,0.0
gene_GPR161,0.0
gene_GPR158,0.0
gene_GPRASP2,0.0
gene_HEXD,0.0
gene_HEXB,0.0
gene_HEXA,0.0
gene_HESX1,0.0
gene_HES7,0.0
gene_HES2,0.0
gene_HERC6,0.0
gene_HERC5,0.0
gene_HERC3,0.0
gene_HERC2,0.0
gene_HERC1,0.0
gene_HEPACAM,0.0
gene_GUF1,0.0
gene_HELZ2,0.0
gene_HELZ,0.0
gene_HELQ,0.0
gene_HELLS,0.0
gene_HECW2,0.0
gene_HECTD4,0.0
gene_HECTD3,0.0
gene_HECTD1,0.0
gene_HEATR5B,0.0
gene_HEATR4,0.0
gene_HEATR3,0.0
gene_HEATR1,0.0
gene_HDX,0.0
gene_HENMT1,0.0
gene_HJV,0.0
gene_HIVEP3,0.0
gene_HIVEP1,0.0
gene_HIRIP3,0.0
gene_HIRA,0.0
gene_HIPK4,0.0
gene_HIPK2,0.0
gene_HIP1R,0.0
gene_HIP1,0.0
gene_HINT2,0.0
gene_HINT1,0.0
gene_HIGD1B,0.0
gene_HEXIM1,0.0
gene_HIF1AN,0.0
gene_HIF1A,0.0
gene_HID1,0.0
gene_HIC2,0.0
gene_HIBCH,0.0
gene_HHIPL2,0.0
gene_HHAT,0.0
gene_HGSNAT,0.0
gene_HGS,0.0
gene_HGF,0.0
gene_HGD,0.0
gene_HFM1,0.0
gene_HFE,0.0
gene_HIF3A,0.0
gene_HAND1,0.0
gene_HAL,0.0
gene_HADHB,0.0
gene_HADHA,0.0
gene_HADH,0.0
gene_HACE1,0.0
gene_HACD1,0.0
gene_HABP2,0.0
gene_HAAO,0.0
gene_H6PD,0.0
gene_H4C2,0.0
gene_H3-3B,0.0
gene_HDDC3,0.0
gene_H2BW1,0.0
gene_H2BC7,0.0
gene_H2BC5,0.0
gene_H2AX,0.0
gene_H2AP,0.0
gene_H1-6,0.0
gene_GZF1,0.0
gene_GYS2,0.0
gene_GYS1,0.0
gene_GYG2,0.0
gene_GYG1,0.0
gene_GXYLT1,0.0
gene_GUSB,0.0
gene_H3-3A,0.0
gene_HDC,0.0
gene_HDAC9,0.0
gene_HDAC8,0.0
gene_HDAC6,0.0
gene_HDAC5,0.0
gene_HDAC4,0.0
gene_HDAC3,0.0
gene_HDAC10,0.0
gene_HDAC1,0.0
gene_HCST,0.0
gene_HCN4,0.0
gene_HCN2,0.0
gene_HCN1,0.0
gene_HAO1,0.0
gene_HCFC1,0.0
gene_HCCS,0.0
gene_HBZ,0.0
gene_HBQ1,0.0
gene_HBE1,0.0
gene_HBD,0.0
gene_HBB,0.0
gene_HBA2,0.0
gene_HAVCR2,0.0
gene_HAVCR1,0.0
gene_HARS2,0.0
gene_HARS1,0.0
gene_HAP1,0.0
gene_HCFC1R1,0.0
gene_GCFC2,0.0
gene_GCDH,0.0
gene_GC,0.0
gene_GBP6,0.0
gene_GBP1,0.0
gene_GBE1,0.0
gene_GBA1,0.0
gene_GATM,0.0
gene_GATB,0.0
gene_GATAD2B,0.0
gene_GATAD1,0.0
gene_GATA6,0.0
gene_GPAA1,0.0
gene_GATA4,0.0
gene_GATA3,0.0
gene_GATA2,0.0
gene_GATA1,0.0
gene_GAS8,0.0
gene_GAS1,0.0
gene_GARS1,0.0
gene_GAPVD1,0.0
gene_GAPDH,0.0
gene_GANC,0.0
gene_GANAB,0.0
gene_GAN,0.0
gene_GAMT,0.0
gene_GATA5,0.0
gene_GFM1,0.0
gene_GFI1B,0.0
gene_GFI1,0.0
gene_GFER,0.0
gene_GFAP,0.0
gene_GEN1,0.0
gene_GEMIN5,0.0
gene_GDPD5,0.0
gene_GDPD4,0.0
gene_GDF9,0.0
gene_GDF6,0.0
gene_GDF5,0.0
gene_GCG,0.0
gene_GDF2,0.0
gene_GDF1,0.0
gene_GDAP2,0.0
gene_GDAP1,0.0
gene_GCSH,0.0
gene_GCSAM,0.0
gene_GCNT2,0.0
gene_GCN1,0.0
gene_GCM2,0.0
gene_GCLC,0.0
gene_GCKR,0.0
gene_GCH1,0.0
gene_GCGR,0.0
gene_GDF3,0.0
gene_FZD2,0.0
gene_FZD1,0.0
gene_FYN,0.0
gene_FYCO1,0.0
gene_FYB1,0.0
gene_FXR2,0.0
gene_FXN,0.0
gene_FUZ,0.0
gene_FUT8,0.0
gene_FUT7,0.0
gene_FUT6,0.0
gene_FUT4,0.0
gene_GALT,0.0
gene_FUOM,0.0
gene_FUCA1,0.0
gene_FUBP1,0.0
gene_FTSJ1,0.0
gene_FTO,0.0
gene_FTCD,0.0
gene_FST,0.0
gene_FSIP2,0.0
gene_FSIP1,0.0
gene_FSHR,0.0
gene_FSCN3,0.0
gene_FSCN2,0.0
gene_FSCB,0.0
gene_FUS,0.0
gene_GALNT3,0.0
gene_GALNT2,0.0
gene_GALNT12,0.0
gene_GALM,0.0
gene_GALK1,0.0
gene_GALE,0.0
gene_GALC,0.0
gene_GAL3ST3,0.0
gene_GAL3ST2,0.0
gene_GAK,0.0
gene_GAD2,0.0
gene_GAD1,0.0
gene_GABRG2,0.0
gene_FZD4-DT,0.0
gene_GABRB3,0.0
gene_GABRB2,0.0
gene_GABRB1,0.0
gene_GABRA6,0.0
gene_GABRA5,0.0
gene_GABRA4,0.0
gene_GABRA2,0.0
gene_GABRA1,0.0
gene_GABBR2,0.0
gene_GABBR1,0.0
gene_G6PC3,0.0
gene_FZD6,0.0
gene_FZD5,0.0
gene_GABRD,0.0
gene_GNL3L,0.0
gene_GNE,0.0
gene_GNB5,0.0
gene_GNB4,0.0
gene_GNB3,0.0
gene_GNB1,0.0
gene_GNAT2,0.0
gene_GNAT1,0.0
gene_GNAS,0.0
gene_GNAQ,0.0
gene_GNAO1,0.0
gene_GNAL,0.0
gene_GFM2,0.0
gene_GNAI2,0.0
gene_GNAI1,0.0
gene_GNA14,0.0
gene_GNA11,0.0
gene_GMPS,0.0
gene_GMPPB,0.0
gene_GMPPA,0.0
gene_GMIP,0.0
gene_GMCL1,0.0
gene_GM2A,0.0
gene_GLYR1,0.0
gene_GLUL,0.0
gene_GLUD2,0.0
gene_GNAI3,0.0
gene_GP9,0.0
gene_GP6,0.0
gene_GP5,0.0
gene_GP2,0.0
gene_GOT2,0.0
gene_GOSR2,0.0
gene_GORASP2,0.0
gene_GORAB,0.0
gene_GON4L,0.0
gene_GOLT1A,0.0
gene_GOLM1,0.0
gene_GOLGB1,0.0
gene_GNPAT,0.0
gene_GOLGA8K,0.0
gene_GOLGA6L6,0.0
gene_GOLGA6L10,0.0
gene_GOLGA6D,0.0
gene_GOLGA6A,0.0
gene_GOLGA4,0.0
gene_GOLGA2,0.0
gene_GNS,0.0
gene_GNRHR2,0.0
gene_GNRHR,0.0
gene_GNPTG,0.0
gene_GNPTAB,0.0
gene_GNPNAT1,0.0
gene_GOLGA8R,0.0
gene_GJA8,0.0
gene_GJA5,0.0
gene_GJA3,0.0
gene_GJA10,0.0
gene_GJA1,0.0
gene_GIT2,0.0
gene_GIPC3,0.0
gene_GINS3,0.0
gene_GIMAP8,0.0
gene_GIMAP5,0.0
gene_GIGYF2,0.0
gene_GIGYF1,0.0
gene_GLUD1,0.0
gene_GHR,0.0
gene_GH2,0.0
gene_GH1,0.0
gene_GGT7,0.0
gene_GGT1,0.0
gene_GGPS1,0.0
gene_GGCX,0.0
gene_GGACT,0.0
gene_GGA2,0.0
gene_GFRA2,0.0
gene_GFRA1,0.0
gene_GFPT2,0.0
gene_GFPT1,0.0
gene_GHSR,0.0
gene_GLS,0.0
gene_GLRX5,0.0
gene_GLRB,0.0
gene_GLRA2,0.0
gene_GLRA1,0.0
gene_GLP2R,0.0
gene_GLOD4,0.0
gene_GLMN,0.0
gene_GLIS3,0.0
gene_GLIS2,0.0
gene_GLIPR2,0.0
gene_GLIPR1L2,0.0
gene_GLI3,0.0
gene_GJB1,0.0
gene_GLI1,0.0
gene_GLE1,0.0
gene_GLDN,0.0
gene_GLDC,0.0
gene_GLB1L,0.0
gene_GLB1,0.0
gene_GLA,0.0
gene_GK,0.0
gene_GJC2,0.0
gene_GJB6,0.0
gene_GJB5,0.0
gene_GJB3,0.0
gene_GJB2,0.0
gene_GLI2,0.0
