y_true,y_pred,y_proba_pathogenic
0,0,0.006890692
0,0,0.006890692
0,0,0.006890692
1,1,0.96888375
1,1,0.9706579
0,0,0.006890692
1,1,0.8855769
0,1,0.5947657
0,0,0.006890692
1,1,0.9982134
1,1,0.928427
1,1,0.9386546
0,1,0.77658165
0,0,0.006890692
0,0,0.006890692
1,1,0.928427
1,1,0.9988187
0,0,0.006890692
1,1,0.9982134
1,1,0.96406
1,1,0.95084184
1,1,0.9983297
1,1,0.9978847
1,1,0.9982134
1,1,0.9010547
0,0,0.006890692
1,1,0.9982134
1,1,0.99806064
1,1,0.99806064
1,1,0.997479
1,1,0.98144275
0,0,0.006890692
0,0,0.006890692
1,1,0.96406
0,0,0.006890692
0,0,0.007224325
1,1,0.99806064
0,0,0.006890692
1,1,0.9987238
1,1,0.99806064
1,1,0.9982134
1,1,0.999041
0,0,0.006890692
0,0,0.006890692
0,1,0.50740814
0,0,0.003880818
1,1,0.99806064
0,1,0.8783048
1,1,0.9982134
0,0,0.006890692
0,0,0.006890692
0,0,0.0068172654
1,1,0.9982134
0,0,0.006890692
0,0,0.006890692
0,0,0.0058409963
0,0,0.006890692
0,0,0.006890692
0,0,0.006890692
1,1,0.99806064
0,0,0.006890692
0,0,0.006890692
1,1,0.9982134
0,0,0.006890692
0,0,0.006890692
0,0,0.006890692
0,0,0.006890692
0,0,0.006890692
1,1,0.86793077
1,1,0.9974517
0,0,0.006890692
0,0,0.006890692
1,1,0.7956781
1,1,0.8950549
1,1,0.9982134
0,0,0.006890692
0,0,0.006890692
0,0,0.007507198
0,0,0.006890692
0,0,0.022073744
1,1,0.997479
1,1,0.91752106
1,1,0.997479
0,0,0.006890692
0,0,0.2237048
1,1,0.5982573
1,1,0.9982134
1,1,0.9982134
0,0,0.006890692
1,1,0.9982134
0,0,0.006890692
0,0,0.24609198
0,0,0.006890692
1,1,0.98144275
0,0,0.0058409963
1,1,0.99806064
0,0,0.006890692
1,1,0.99568933
0,0,0.006890692
0,1,0.920771
1,1,0.83104575
1,1,0.9982134
0,0,0.093815394
1,1,0.9244232
1,1,0.99806064
0,0,0.006890692
1,1,0.9244232
0,0,0.2176866
0,0,0.006890692
1,1,0.7908712
0,0,0.006890692
0,0,0.006890692
0,0,0.052432228
0,0,0.006890692
0,0,0.006890692
1,1,0.9980786
0,0,0.006890692
1,1,0.7901535
1,1,0.9981188
1,1,0.997479
1,1,0.94319093
0,0,0.006890692
0,0,0.006890692
1,1,0.9982134
1,1,0.920771
0,0,0.1674759
0,0,0.006890692
0,0,0.006890692
0,0,0.006890692
0,0,0.022073744
1,1,0.98144275
1,1,0.9982134
0,0,0.006890692
1,1,0.9982134
0,0,0.006890692
0,0,0.006890692
1,1,0.98144275
0,0,0.006890692
1,1,0.9982134
0,0,0.006890692
0,0,0.006890692
0,0,0.006890692
1,1,0.8871582
1,1,0.9982134
1,1,0.99777126
1,1,0.9982134
0,0,0.041406196
1,1,0.997479
1,1,0.9982134
1,1,0.997479
1,1,0.99852425
0,0,0.006890692
1,1,0.9244232
1,1,0.9982134
0,0,0.006890692
0,0,0.0042489325
0,0,0.006890692
0,0,0.021027617
0,0,0.006890692
1,1,0.9982134
1,1,0.99806064
1,1,0.96406
0,0,0.006890692
1,1,0.96406
1,1,0.96406
1,1,0.8317754
0,0,0.006890692
0,0,0.006890692
1,1,0.9982134
1,1,0.920771
1,1,0.91382456
1,1,0.920771
0,0,0.006890692
1,1,0.9982134
1,1,0.997479
0,0,0.006890692
0,0,0.006890692
0,0,0.006890692
0,0,0.006890692
0,0,0.11002184
1,1,0.9829311
1,1,0.99720085
0,0,0.006890692
0,0,0.006890692
1,0,0.16083692
0,0,0.006890692
1,1,0.997479
0,0,0.006890692
0,0,0.006890692
1,1,0.89521056
0,0,0.006890692
0,0,0.0071341437
0,0,0.006890692
0,0,0.006890692
0,0,0.006890692
0,0,0.1659812
0,0,0.006890692
1,1,0.9982134
0,1,0.997479
1,1,0.997479
0,0,0.0073113735
0,0,0.05206073
1,1,0.94540083
1,1,0.9982134
1,1,0.94319093
1,1,0.997479
1,1,0.99806064
0,0,0.024326986
1,1,0.99806064
1,1,0.920771
0,0,0.008163164
1,1,0.9982134
1,1,0.9982134
0,0,0.006890692
1,1,0.8717946
0,0,0.006890692
0,0,0.020496743
1,1,0.9982134
1,1,0.9982134
1,1,0.98339695
0,1,0.7908712
1,1,0.99806064
0,0,0.006890692
1,1,0.98144275
1,1,0.997479
0,0,0.006890692
0,0,0.006890692
1,1,0.68237567
1,1,0.9982134
1,1,0.997479
1,1,0.96406
0,0,0.006890692
0,0,0.006890692
0,0,0.006890692
1,1,0.99806064
1,1,0.9982134
0,0,0.006890692
0,0,0.0071341437
0,0,0.006890692
0,1,0.7956409
1,1,0.95084184
0,0,0.006890692
1,1,0.94319093
1,1,0.997479
1,1,0.9982134
0,0,0.006890692
0,0,0.006890692
0,0,0.006890692
1,1,0.997479
1,0,0.210425
0,0,0.006890692
0,0,0.006890692
1,1,0.9982134
1,1,0.9982134
0,0,0.006890692
0,1,0.8597249
1,1,0.99818677
1,1,0.99806064
1,1,0.997479
1,1,0.997479
0,0,0.006890692
1,1,0.920771
0,0,0.006890692
1,1,0.98339695
1,0,0.2176866
0,0,0.010696916
1,1,0.9980786
0,0,0.006890692
1,1,0.9812453
1,1,0.98144275
1,1,0.98856175
0,0,0.041018594
0,0,0.006890692
1,1,0.9982134
0,0,0.006890692
0,0,0.006890692
1,1,0.98144275
0,0,0.29298934
1,1,0.997479
0,1,0.5679677
1,1,0.9982134
1,1,0.7956409
0,0,0.006890692
1,1,0.9982134
0,0,0.006890692
0,0,0.006890692
1,1,0.99806064
0,0,0.0036321073
1,1,0.99806064
0,0,0.006890692
1,1,0.90892184
1,1,0.98432946
1,0,0.28808987
1,1,0.9982134
0,0,0.0064830706
1,1,0.98144275
1,1,0.98144275
1,1,0.99806064
1,1,0.99806064
1,1,0.9386546
0,0,0.006890692
1,1,0.9982134
1,1,0.99806064
0,0,0.049361862
0,0,0.006890692
1,1,0.9869091
1,1,0.99806064
0,0,0.006890692
1,1,0.99858034
0,0,0.006890692
0,0,0.012673741
0,0,0.006890692
1,1,0.9982134
1,1,0.9982134
1,1,0.99806064
1,1,0.99806064
0,0,0.01819212
0,0,0.006890692
1,1,0.997479
0,0,0.41886595
0,0,0.006890692
0,0,0.006890692
0,0,0.006890692
1,1,0.9982134
0,0,0.006890692
0,0,0.006890692
0,0,0.006890692
1,1,0.74044603
1,1,0.99710315
0,0,0.016089637
0,0,0.006890692
1,1,0.9982134
0,0,0.006890692
0,0,0.006890692
0,0,0.006890692
0,0,0.006890692
0,0,0.006890692
1,1,0.9637472
1,1,0.99806064
1,1,0.98144275
0,0,0.006890692
1,1,0.9982134
1,1,0.96406
1,1,0.9860529
0,0,0.006890692
1,1,0.9982134
0,0,0.006890692
1,1,0.511797
1,1,0.6372025
1,1,0.74946344
1,1,0.997479
1,1,0.93567675
0,0,0.006890692
0,0,0.014382343
1,1,0.9982134
1,1,0.99806064
0,0,0.006890692
0,0,0.006890692
0,0,0.006890692
1,1,0.9658403
1,1,0.7956409
1,1,0.9982134
1,0,0.006890692
0,0,0.006890692
0,0,0.006890692
1,1,0.98144275
1,1,0.997479
1,1,0.9982134
0,0,0.006890692
0,0,0.0058409963
1,1,0.91382456
0,0,0.0058409963
0,0,0.006890692
1,1,0.9851267
0,0,0.006890692
0,0,0.008163164
0,0,0.006890692
0,0,0.3003412
0,0,0.0033168225
1,1,0.95617616
1,1,0.9982134
0,0,0.006890692
1,1,0.8717946
1,1,0.99806064
1,1,0.99806064
0,0,0.006890692
0,0,0.006890692
1,1,0.9982134
0,0,0.006890692
1,1,0.9982134
0,0,0.019680705
1,1,0.9982134
1,1,0.9982134
0,0,0.006890692
1,1,0.99899155
0,0,0.0070995945
0,0,0.006890692
0,0,0.006890692
0,0,0.006890692
1,1,0.99806064
1,1,0.98144275
0,0,0.0042489325
1,1,0.9869091
0,0,0.007923666
1,1,0.84078234
0,0,0.012625549
1,1,0.91382456
0,0,0.006890692
0,0,0.006890692
1,1,0.9982134
0,0,0.006890692
1,1,0.9982134
0,0,0.006890692
0,0,0.006890692
0,0,0.011356525
1,1,0.9982134
1,1,0.9972892
1,1,0.9982134
0,0,0.0058409963
1,1,0.91382456
0,0,0.006890692
0,1,0.98144275
0,0,0.006890692
0,0,0.006890692
1,1,0.96406
1,1,0.9988187
1,1,0.9982134
1,1,0.68639255
0,0,0.006890692
0,0,0.006890692
0,0,0.019680705
1,1,0.9982134
1,1,0.9982134
1,1,0.9244232
1,1,0.9898864
1,1,0.99757105
1,1,0.9982134
0,0,0.006890692
1,1,0.7867656
0,0,0.006890692
0,0,0.012606121
0,0,0.0042619645
1,1,0.98144275
1,1,0.99806064
0,0,0.006890692
1,1,0.9982134
0,0,0.006890692
0,0,0.006890692
1,1,0.99806064
0,0,0.006890692
0,0,0.006890692
1,1,0.9982134
1,1,0.9982134
0,0,0.006890692
1,1,0.88955647
1,1,0.9886565
0,0,0.08840414
1,1,0.9982134
1,1,0.9982134
1,1,0.997479
0,0,0.24130149
1,1,0.9663245
1,0,0.007465458
0,0,0.006890692
1,1,0.99806064
0,0,0.006890692
0,0,0.006890692
0,0,0.006890692
1,1,0.9894443
0,0,0.006890692
1,1,0.9982134
1,1,0.96406
0,0,0.006890692
1,1,0.9982134
0,0,0.021027617
0,0,0.006890692
1,1,0.9386546
1,1,0.997479
1,1,0.99806064
0,0,0.006890692
0,0,0.04907334
0,0,0.048964493
1,1,0.9982134
1,1,0.75255483
0,0,0.006890692
1,1,0.8891413
0,0,0.006890692
0,0,0.006890692
0,0,0.006890692
1,1,0.8847102
0,0,0.006890692
0,0,0.021027617
0,0,0.006890692
1,1,0.9982134
1,1,0.997479
0,0,0.053996854
0,0,0.006890692
0,0,0.006890692
0,0,0.006890692
0,0,0.006890692
1,1,0.9982134
0,0,0.006890692
1,1,0.73975325
1,1,0.5842847
1,1,0.9982134
1,1,0.9880284
0,0,0.021027617
0,0,0.006890692
1,1,0.997479
0,0,0.006890692
1,1,0.99806064
1,1,0.9982134
0,0,0.006890692
1,1,0.9982134
0,0,0.006890692
1,1,0.99777126
1,1,0.9982134
1,1,0.9982134
1,1,0.9982134
1,1,0.997479
1,1,0.9982134
0,0,0.006890692
1,1,0.98144275
1,1,0.99806064
1,1,0.8717946
0,0,0.006890692
1,1,0.99815506
1,1,0.9982134
0,0,0.003974623
1,1,0.99806064
1,1,0.920771
1,1,0.68237567
1,1,0.7956409
0,0,0.006890692
1,1,0.95605224
0,0,0.006890692
0,0,0.006890692
0,0,0.006890692
1,1,0.99819404
0,0,0.006890692
0,0,0.018251406
1,1,0.99810046
0,0,0.006890692
0,0,0.036574103
1,1,0.96406
0,0,0.0058409963
1,1,0.91382456
1,1,0.9982134
1,1,0.9793452
0,0,0.006890692
0,0,0.006890692
1,1,0.5788224
0,0,0.006890692
0,0,0.09043228
1,1,0.9982134
1,1,0.9386546
1,1,0.9988463
0,0,0.006890692
1,1,0.997479
1,1,0.9972892
0,0,0.006890692
1,1,0.997479
1,1,0.9982134
1,1,0.9386546
0,0,0.027565548
1,1,0.99806064
1,1,0.999041
0,0,0.006890692
0,1,0.6372765
0,0,0.006890692
1,1,0.9982134
1,1,0.9100352
1,1,0.9111482
1,1,0.77658165
0,0,0.006890692
1,1,0.9982134
1,1,0.6765729
1,1,0.9982134
0,0,0.006890692
1,1,0.997479
1,1,0.92170876
1,1,0.99806064
0,0,0.006890692
0,0,0.006890692
0,0,0.0068172654
1,1,0.95605224
1,1,0.91382456
0,0,0.041018594
1,1,0.9982134
0,0,0.006890692
0,0,0.006890692
1,1,0.997479
1,1,0.9982134
1,1,0.5749437
1,1,0.9982134
1,1,0.9990959
0,0,0.006890692
1,1,0.9982134
1,1,0.997479
0,0,0.006890692
1,1,0.9982134
0,1,0.8943541
1,1,0.9100352
1,1,0.9982134
1,1,0.9982134
0,0,0.11288567
1,1,0.9982134
0,0,0.006890692
1,1,0.997479
1,1,0.997479
1,1,0.9982134
1,1,0.99806064
1,1,0.72169435
0,0,0.006890692
0,0,0.006890692
1,1,0.99832815
1,1,0.9982134
1,1,0.99806064
0,0,0.006890692
0,0,0.006890692
1,1,0.997479
1,1,0.98144275
1,1,0.976541
1,1,0.8211712
0,0,0.006890692
0,0,0.02676846
1,1,0.997479
1,1,0.99744785
0,0,0.0058409963
0,0,0.006890692
1,1,0.98949337
1,1,0.95605224
0,0,0.006890692
0,0,0.006890692
1,1,0.9982134
1,1,0.9982134
1,1,0.96957445
1,1,0.98144275
1,1,0.8783048
1,1,0.99815506
0,0,0.006890692
1,1,0.9982134
1,1,0.99819404
0,0,0.006890692
1,1,0.93949634
1,1,0.99790984
1,0,0.006890692
1,1,0.9982134
1,1,0.9982134
0,0,0.006890692
0,0,0.006890692
1,1,0.9386546
1,1,0.99773127
1,1,0.997479
0,0,0.006890692
1,1,0.99464333
1,1,0.98868585
0,0,0.006890692
0,0,0.006890692
1,0,0.22382376
0,0,0.006890692
0,0,0.006890692
1,1,0.9886565
1,1,0.99806064
0,0,0.006890692
1,1,0.9982134
1,1,0.9982134
1,1,0.9982134
1,1,0.9982134
0,0,0.3359299
0,0,0.006890692
1,1,0.9982134
0,0,0.006890692
1,1,0.9982134
1,1,0.997479
0,0,0.006890692
0,0,0.006890692
0,0,0.006890692
0,0,0.006890692
1,1,0.9982134
0,0,0.006890692
1,1,0.9987238
0,0,0.006890692
1,1,0.8407026
1,1,0.98144275
0,0,0.014382343
1,1,0.96406
1,1,0.98144275
1,0,0.3349651
0,0,0.006890692
1,1,0.74044603
0,0,0.006890692
1,1,0.96406
0,0,0.006890692
1,1,0.99806064
0,0,0.006890692
0,0,0.006890692
1,1,0.99710315
0,0,0.006890692
0,0,0.006890692
1,1,0.9982134
1,1,0.9982134
1,1,0.9010547
1,1,0.9982134
1,1,0.997479
0,0,0.006890692
1,1,0.9880284
0,0,0.15882613
0,0,0.006890692
1,1,0.9982134
0,0,0.006890692
1,1,0.8855769
1,1,0.9961274
0,0,0.005542779
0,0,0.090906374
1,1,0.99806064
1,1,0.98144275
1,0,0.006890692
0,0,0.006890692
0,0,0.006890692
0,0,0.036574103
1,1,0.86793077
0,0,0.006890692
0,0,0.00475307
0,0,0.006890692
0,0,0.006890692
0,0,0.009415164
1,1,0.9982134
1,1,0.9982134
1,1,0.9982134
1,1,0.96406
1,1,0.9982134
0,0,0.006890692
0,0,0.007623591
1,1,0.99806064
0,0,0.006890692
0,0,0.006890692
1,1,0.99806064
1,1,0.997479
0,0,0.006890692
1,1,0.928427
1,1,0.920771
1,1,0.99806064
1,1,0.5982573
1,1,0.997479
0,0,0.006890692
0,0,0.006890692
1,1,0.997479
0,0,0.006890692
1,1,0.9631981
1,1,0.99790984
0,0,0.006890692
0,0,0.090906374
1,1,0.997479
0,0,0.006890692
1,1,0.99858034
1,1,0.9982134
1,1,0.99131835
1,1,0.9100352
0,0,0.006890692
1,1,0.99806064
1,1,0.96406
0,0,0.006890692
1,1,0.9982134
0,0,0.006890692
1,1,0.997479
1,1,0.99806064
0,0,0.006890692
0,0,0.006890692
1,1,0.95605224
1,1,0.99806064
1,1,0.9982134
0,0,0.006890692
0,0,0.006890692
0,0,0.006890692
0,0,0.006890692
1,1,0.99806064
1,1,0.9982134
0,0,0.006890692
0,0,0.006890692
0,0,0.006890692
1,1,0.98144275
1,1,0.99806064
0,0,0.006890692
1,1,0.9982134
0,0,0.006890692
1,1,0.9982134
0,0,0.006890692
0,0,0.006890692
0,0,0.006890692
0,0,0.006890692
0,0,0.006890692
0,0,0.006890692
0,0,0.006890692
0,0,0.006890692
0,0,0.006890692
1,1,0.9618547
1,1,0.9982134
1,1,0.9990095
0,0,0.006890692
0,0,0.006890692
0,0,0.006890692
1,1,0.9982134
0,0,0.007507198
0,0,0.006890692
1,1,0.997479
1,1,0.9982134
0,0,0.006890692
1,1,0.98144275
1,1,0.98144275
0,0,0.006890692
0,0,0.006890692
1,1,0.93357384
1,1,0.8211712
0,0,0.006890692
0,0,0.006890692
0,0,0.006890692
1,1,0.95605224
1,0,0.32071072
1,1,0.9740471
1,1,0.9982134
1,1,0.99806064
0,0,0.006890692
1,1,0.7650687
0,0,0.13816139
1,1,0.9982134
1,1,0.99806064
0,0,0.006890692
0,1,0.94319093
0,0,0.006890692
0,0,0.006890692
1,1,0.997479
1,1,0.6426641
1,1,0.997479
1,1,0.99803656
1,1,0.99464333
1,1,0.8649465
0,0,0.006890692
1,1,0.99853516
0,0,0.006890692
0,0,0.006890692
1,1,0.997479
1,1,0.94352084
0,0,0.006890692
1,1,0.961898
1,1,0.99773836
0,0,0.006890692
0,0,0.048868906
0,0,0.006890692
0,0,0.006890692
0,0,0.0042489325
0,0,0.006890692
0,0,0.006890692
0,0,0.006890692
0,0,0.006890692
1,1,0.9982134
1,1,0.99819404
1,1,0.9975937
1,1,0.89267635
1,1,0.8211712
1,1,0.9982134
0,0,0.006890692
0,0,0.022073744
0,0,0.005867371
0,0,0.015992831
0,0,0.006890692
0,0,0.006890692
0,0,0.006890692
1,1,0.98144275
0,0,0.006890692
0,0,0.006890692
0,0,0.006890692
1,1,0.96406
1,1,0.997479
0,0,0.027075859
1,1,0.96406
0,0,0.006890692
1,1,0.9982134
0,0,0.006890692
0,0,0.006890692
1,1,0.96406
1,1,0.9981121
0,0,0.006890692
1,0,0.052704915
0,0,0.006890692
1,1,0.99806064
1,0,0.49093395
0,0,0.006890692
0,0,0.006890692
1,1,0.90974563
0,0,0.006890692
1,1,0.99806064
1,1,0.9982134
1,1,0.99767023
1,1,0.9982134
0,0,0.006890692
0,0,0.006890692
1,1,0.9982134
1,1,0.9969137
0,0,0.006890692
1,1,0.9858602
1,1,0.997479
1,1,0.997479
1,1,0.9971463
0,0,0.3232901
1,1,0.9982134
1,1,0.9982134
0,0,0.006890692
1,1,0.98144275
0,0,0.006890692
1,1,0.9100352
1,1,0.928427
0,1,0.74044603
0,0,0.006890692
1,1,0.9980786
1,1,0.99806064
1,1,0.99806064
0,0,0.006890692
0,1,0.53776866
1,1,0.997479
0,0,0.011814746
0,0,0.006890692
1,1,0.9386546
1,1,0.92170876
0,0,0.006890692
1,1,0.9982134
1,1,0.98144275
0,1,0.55612755
0,0,0.006890692
1,1,0.9982134
1,1,0.997479
0,0,0.006890692
0,0,0.006890692
0,0,0.2176866
1,1,0.96406
1,1,0.9982134
1,1,0.9985784
0,0,0.006890692
0,0,0.009870358
1,1,0.8136113
1,1,0.9982134
1,1,0.9980786
1,1,0.99806064
1,1,0.98144275
0,0,0.006890692
1,1,0.99806064
0,0,0.006890692
1,1,0.99327636
1,1,0.9982134
1,1,0.9982134
1,1,0.9982134
1,1,0.98144275
1,1,0.9982134
1,1,0.99819404
1,1,0.99806064
0,0,0.006890692
0,0,0.006890692
1,1,0.9982134
1,1,0.9982134
1,1,0.98144275
1,1,0.9982134
1,1,0.95605224
0,0,0.006890692
0,0,0.021027617
0,0,0.005171829
1,1,0.997479
0,0,0.0505447
0,0,0.0058409963
1,1,0.9982134
0,0,0.006890692
1,1,0.920771
0,0,0.006890692
1,1,0.9982134
1,1,0.997479
0,0,0.006890692
0,0,0.006890692
0,0,0.006890692
0,0,0.005234167
1,1,0.9982134
1,1,0.99806064
1,1,0.9982134
1,1,0.99806064
0,0,0.006890692
1,1,0.997479
1,1,0.9982134
0,0,0.006890692
1,1,0.997479
0,0,0.006890692
1,1,0.98144275
0,0,0.006890692
0,0,0.006890692
0,0,0.011356525
0,0,0.006890692
0,0,0.006890692
0,0,0.006890692
0,0,0.006890692
0,0,0.006890692
0,0,0.006890692
1,1,0.5835437
0,0,0.006890692
0,1,0.5396606
0,0,0.006890692
0,0,0.006890692
0,0,0.006890692
1,1,0.96406
1,1,0.9982134
1,1,0.77658165
0,0,0.006890692
1,1,0.957285
0,0,0.006890692
1,1,0.98144275
0,0,0.006890692
1,1,0.9982134
0,0,0.0504017
1,1,0.957285
0,0,0.0045169396
0,0,0.006890692
1,1,0.9982134
0,0,0.006890692
0,0,0.006890692
0,0,0.12741815
1,1,0.9982134
0,0,0.006890692
0,0,0.054706037
1,1,0.9982134
1,0,0.25111455
1,1,0.997479
1,1,0.9982134
1,1,0.9982134
1,1,0.94319093
0,0,0.006890692
0,0,0.006890692
1,1,0.9982134
0,0,0.15439732
0,0,0.006890692
1,1,0.98144275
1,1,0.9821437
0,0,0.005171829
1,1,0.99938047
0,0,0.0042489325
1,1,0.9982134
0,0,0.006890692
0,0,0.16868338
1,1,0.9982134
1,1,0.8211712
1,1,0.9982134
0,0,0.006890692
0,0,0.006890692
1,1,0.9982134
0,0,0.006890692
0,0,0.006890692
1,1,0.9813239
0,0,0.006890692
0,0,0.006890692
0,0,0.006890692
1,1,0.96406
1,1,0.99806064
1,1,0.9982134
1,1,0.99806064
1,1,0.91382456
0,0,0.006890692
0,0,0.006890692
0,0,0.004189097
1,1,0.99806064
1,1,0.965674
1,1,0.96406
1,1,0.9988463
1,1,0.77658165
1,1,0.99806064
1,1,0.94319093
1,1,0.98144275
1,1,0.9982134
1,1,0.9970605
0,0,0.006890692
0,0,0.006890692
1,1,0.9982134
1,1,0.99806064
0,0,0.006890692
0,0,0.006890692
1,1,0.9982134
1,1,0.9982134
0,0,0.006890692
1,1,0.9778786
0,0,0.006890692
0,0,0.16868338
0,0,0.006890692
0,0,0.006890692
0,0,0.006890692
0,0,0.006890692
1,1,0.9982134
0,0,0.007623591
1,1,0.9980786
0,0,0.006890692
1,1,0.84106934
1,1,0.7956409
0,0,0.006890692
1,1,0.9982134
0,0,0.006890692
1,1,0.84678954
1,1,0.997479
1,1,0.9982134
0,0,0.006890692
0,0,0.006890692
1,1,0.99852425
1,1,0.9982134
1,1,0.96406
1,1,0.9982134
0,0,0.007286694
1,0,0.46872127
0,0,0.006890692
0,0,0.006890692
1,1,0.997479
0,0,0.006890692
0,0,0.006890692
0,0,0.006890692
1,1,0.997479
1,1,0.9982134
1,1,0.9982134
0,0,0.23086609
0,0,0.042316116
1,1,0.62005967
0,0,0.006890692
0,0,0.006890692
0,0,0.37452888
1,1,0.9982134
0,0,0.006890692
1,1,0.9982134
0,0,0.006890692
1,1,0.9990876
0,0,0.006890692
1,1,0.9982134
1,1,0.997479
1,1,0.9010547
0,0,0.006890692
1,1,0.9982134
0,0,0.006890692
0,0,0.006890692
1,1,0.999215
0,0,0.006890692
1,1,0.99803966
1,1,0.94540083
1,1,0.997479
1,1,0.98144275
0,0,0.0070995945
1,1,0.9982134
1,1,0.98144275
0,0,0.006890692
1,1,0.9982134
1,1,0.9982134
1,1,0.95084184
0,0,0.006890692
1,1,0.94352084
0,0,0.08956036
1,1,0.98144275
0,0,0.006890692
1,1,0.8649465
1,1,0.99806064
1,1,0.99806064
0,0,0.006890692
0,0,0.006890692
1,1,0.99806064
1,1,0.99806064
0,0,0.006890692
0,0,0.006890692
0,0,0.006890692
1,1,0.997479
1,1,0.91382456
0,0,0.006890692
0,0,0.006890692
0,0,0.006890692
1,1,0.99806064
1,1,0.9982134
1,1,0.99810046
1,1,0.99140996
0,0,0.008163164
0,0,0.006890692
1,1,0.997479
1,1,0.9982134
1,1,0.99520504
1,1,0.99767023
1,1,0.9386546
1,1,0.957285
1,1,0.68237567
0,0,0.006890692
1,1,0.9982134
1,1,0.99806064
1,1,0.9982134
1,1,0.98320365
0,0,0.2176866
0,0,0.012673741
0,0,0.006890692
1,1,0.95084184
0,0,0.008163164
0,0,0.006890692
0,0,0.006890692
0,0,0.006890692
1,1,0.97550416
1,1,0.997479
0,1,0.94319093
0,0,0.007507198
1,1,0.94540083
0,0,0.006890692
0,0,0.019680705
0,0,0.006890692
1,1,0.99806064
1,1,0.98144275
1,1,0.99852425
1,1,0.95657796
0,0,0.006890692
1,1,0.98144275
1,1,0.9781552
1,0,0.2678092
0,0,0.006890692
0,0,0.006890692
0,0,0.006890692
0,0,0.006890692
0,0,0.006890692
1,1,0.99806064
1,1,0.99806064
1,1,0.96406
0,0,0.006890692
1,1,0.99806064
1,1,0.920771
0,0,0.006890692
1,1,0.9982134
1,1,0.928427
0,0,0.006890692
1,1,0.99806064
1,1,0.98237777
0,0,0.006890692
0,0,0.006890692
0,0,0.006890692
1,1,0.9987336
0,0,0.006890692
0,0,0.006890692
0,0,0.006890692
0,0,0.006890692
1,1,0.9982134
0,0,0.006890692
1,1,0.9982134
0,0,0.006890692
1,1,0.99806064
0,0,0.006890692
0,0,0.006890692
1,1,0.98144275
0,1,0.932168
0,0,0.0058409963
1,1,0.9982134
1,1,0.98144275
0,0,0.006890692
0,0,0.006890692
0,0,0.004875656
1,1,0.997479
1,1,0.9660126
0,0,0.006890692
0,0,0.006890692
0,1,0.9386546
0,0,0.006890692
0,0,0.006890692
1,1,0.9982134
1,1,0.9982134
0,0,0.007367782
0,0,0.006890692
1,1,0.9982134
0,0,0.022156993
0,0,0.006890692
0,0,0.32071072
1,1,0.9982134
1,1,0.99777126
0,0,0.006890692
1,1,0.9982134
1,1,0.94319093
1,1,0.9988463
0,0,0.006890692
0,0,0.006890692
1,1,0.997479
1,1,0.9982134
0,0,0.006890692
1,1,0.99806064
0,0,0.006890692
1,1,0.9982134
1,1,0.98144275
1,1,0.98144275
1,0,0.44202355
0,0,0.007224325
1,1,0.9982134
1,1,0.9982134
0,0,0.006890692
1,1,0.997479
0,0,0.006890692
0,0,0.006890692
1,1,0.9982134
0,0,0.006890692
0,0,0.006890692
0,0,0.006890692
1,1,0.99806064
0,0,0.006890692
1,0,0.3359299
1,1,0.9982134
1,1,0.98144275
0,0,0.051527057
1,1,0.997479
0,0,0.006890692
0,0,0.020496743
0,0,0.006890692
0,0,0.15520509
1,1,0.98144275
0,0,0.021156853
0,0,0.006890692
1,0,0.014150998
1,1,0.55675405
1,1,0.99806064
1,1,0.98144275
1,1,0.95084184
0,0,0.006890692
1,1,0.9982134
1,1,0.9982134
1,1,0.920771
0,0,0.006890692
0,0,0.014382343
0,0,0.006890692
1,1,0.99819404
1,1,0.997479
0,0,0.006890692
0,0,0.006890692
0,0,0.006890692
0,0,0.006890692
1,1,0.997479
0,0,0.010577678
0,0,0.006890692
1,1,0.99806064
0,0,0.006890692
0,0,0.006890692
0,0,0.006890692
0,0,0.006890692
0,0,0.006890692
0,0,0.021027617
1,1,0.979359
0,0,0.006890692
1,1,0.997479
0,0,0.006890692
0,0,0.006890692
1,1,0.9982134
0,0,0.0058409963
0,0,0.14540355
1,1,0.99229175
1,1,0.9982134
1,1,0.8649465
0,0,0.006890692
1,1,0.9982134
1,1,0.9982134
1,1,0.96406
0,0,0.006890692
0,0,0.006890692
1,1,0.9982134
1,1,0.997479
1,1,0.75268257
0,0,0.2185061
0,0,0.006890692
0,0,0.006890692
1,1,0.99806064
1,1,0.99806064
1,1,0.99806064
1,1,0.997479
0,0,0.006890692
1,1,0.99806064
1,1,0.9982134
1,1,0.9979468
1,1,0.9982134
1,1,0.9982134
1,1,0.9982134
0,0,0.006890692
0,0,0.006890692
1,1,0.9982134
0,0,0.006890692
0,0,0.006890692
1,1,0.9658365
0,0,0.43752176
1,1,0.8649465
0,0,0.006890692
1,1,0.9813239
1,1,0.9982134
1,1,0.9982134
1,1,0.9982134
0,0,0.006890692
0,0,0.006890692
0,0,0.006890692
0,0,0.05206073
0,0,0.006890692
0,0,0.006890692
1,1,0.8211712
0,1,0.928427
1,1,0.9834171
1,1,0.98854
0,1,0.7076214
0,0,0.006890692
0,0,0.006890692
0,0,0.041103348
1,1,0.9982134
1,1,0.9010547
0,0,0.006890692
1,1,0.9982134
0,0,0.005234167
0,0,0.0058409963
0,0,0.006890692
1,1,0.99806064
0,0,0.006890692
0,0,0.006890692
1,1,0.98144275
0,0,0.006890692
1,1,0.9982134
0,0,0.006890692
1,1,0.997479
0,0,0.006890692
0,0,0.006890692
1,1,0.9983115
1,1,0.920771
1,1,0.9982134
0,0,0.006890692
1,1,0.98144275
1,1,0.9982134
0,0,0.006890692
1,1,0.95605224
1,1,0.9926104
0,0,0.006890692
0,0,0.006890692
0,0,0.006890692
1,1,0.9982134
1,1,0.997479
1,1,0.8249444
0,0,0.008163164
0,0,0.011536021
0,0,0.007361134
1,1,0.9988463
1,1,0.9982134
0,0,0.021946318
1,1,0.997479
1,1,0.65367335
1,1,0.9982134
0,0,0.007224325
0,0,0.006890692
1,1,0.99806064
0,0,0.006890692
0,0,0.2678092
1,1,0.99806064
1,1,0.997479
0,0,0.008930976
0,1,0.73570055
0,0,0.006890692
1,1,0.9982134
0,0,0.26284376
1,1,0.9806683
1,1,0.99767023
1,1,0.997479
1,1,0.9982134
0,0,0.32443058
1,1,0.920771
1,1,0.7956409
1,1,0.98144275
0,0,0.007507198
0,0,0.006890692
0,0,0.13993783
1,1,0.9982134
0,0,0.006890692
0,0,0.0068172654
0,0,0.006890692
0,0,0.006890692
1,1,0.9982134
1,1,0.98955405
1,1,0.96406
1,0,0.12417801
0,0,0.006890692
1,1,0.9982134
1,1,0.9982134
0,0,0.006890692
0,0,0.006890692
0,0,0.006890692
1,1,0.9982134
0,0,0.034271054
0,0,0.006890692
0,0,0.006890692
1,1,0.928427
1,1,0.9988463
0,0,0.041018594
1,1,0.96406
1,1,0.9758187
1,1,0.9982134
1,1,0.99806064
0,0,0.006890692
1,1,0.997479
1,1,0.99806064
1,1,0.999041
0,0,0.006890692
1,1,0.9982134
0,0,0.006890692
0,0,0.006890692
1,1,0.9982134
1,1,0.920771
1,1,0.99806064
1,1,0.9982134
0,0,0.006890692
1,1,0.9982134
0,0,0.006890692
0,0,0.006890692
1,1,0.9982134
1,1,0.99819404
0,0,0.006890692
0,0,0.006890692
1,1,0.9982134
1,1,0.9987476
1,1,0.9982134
0,0,0.006890692
1,1,0.9982134
1,1,0.99806064
1,1,0.874724
1,1,0.8211712
1,1,0.9188319
1,1,0.95605224
0,0,0.006890692
0,0,0.006890692
0,0,0.032308057
1,1,0.8789935
1,0,0.006890692
1,1,0.9982134
1,1,0.99806064
0,0,0.006890692
1,1,0.976541
1,1,0.98144275
0,0,0.006890692
1,1,0.9971463
0,0,0.006890692
0,0,0.006890692
0,1,0.7616407
1,1,0.9981912
0,0,0.006890692
1,1,0.99819404
0,0,0.021027617
0,0,0.006890692
1,1,0.98144275
1,1,0.9929638
0,0,0.021156853
0,0,0.006890692
0,0,0.03213276
1,1,0.9982134
1,1,0.84388494
1,1,0.94540083
1,1,0.94540083
0,0,0.006890692
1,1,0.8855769
1,1,0.96406
0,1,0.7956409
0,0,0.006890692
1,1,0.98144275
1,1,0.9982134
0,0,0.006890692
1,1,0.8597249
1,1,0.8783048
1,1,0.9982134
0,0,0.2176866
0,0,0.006890692
1,1,0.99806064
0,0,0.008204624
1,1,0.997479
0,0,0.006890692
0,0,0.006890692
1,1,0.99806064
1,1,0.9983297
0,0,0.006890692
1,1,0.8211712
1,1,0.99806064
1,1,0.997479
1,1,0.9982134
1,1,0.9982134
0,0,0.006890692
1,1,0.99806064
1,1,0.77658165
1,1,0.5982573
0,0,0.006890692
0,0,0.006890692
1,1,0.9982134
0,0,0.006890692
0,0,0.006890692
1,1,0.99806064
1,1,0.997479
1,1,0.997479
0,0,0.006890692
1,1,0.9980786
1,1,0.99806064
0,0,0.006890692
0,0,0.006890692
1,1,0.9913066
0,0,0.006890692
1,1,0.920771
0,0,0.006890692
1,1,0.99806064
1,1,0.997479
1,1,0.8211712
0,0,0.011356525
1,1,0.997479
1,1,0.9982134
0,0,0.006890692
1,1,0.9742581
1,1,0.997479
0,0,0.006890692
0,1,0.7956409
0,0,0.006890692
0,0,0.021027617
1,1,0.997479
1,1,0.98144275
1,1,0.920771
0,0,0.055809006
1,1,0.98591214
0,0,0.004213331
1,1,0.9010547
1,1,0.9982134
0,0,0.007623591
0,0,0.006890692
0,0,0.006890692
0,1,0.6612037
1,1,0.9507653
1,1,0.95084184
0,0,0.006890692
1,1,0.6372025
0,0,0.006890692
0,0,0.0036321073
1,1,0.7956781
0,0,0.006890692
1,1,0.99229175
1,1,0.9346854
0,0,0.006890692
0,0,0.0042489325
0,0,0.006890692
1,1,0.9982134
1,1,0.9982134
0,1,0.75518996
1,1,0.920771
1,1,0.9982134
0,0,0.2176866
1,1,0.9982134
1,1,0.96406
0,0,0.006890692
1,1,0.9982134
0,0,0.006890692
1,1,0.957285
1,1,0.9982134
0,0,0.3359299
1,1,0.96362984
0,0,0.0058409963
1,1,0.9982134
1,1,0.997479
0,0,0.006890692
1,1,0.9982134
1,1,0.9982134
1,1,0.9100352
1,1,0.99806064
0,0,0.006890692
0,0,0.036574103
0,0,0.006890692
0,0,0.212887
1,1,0.9982134
1,1,0.997479
0,0,0.40376496
0,0,0.005234167
1,1,0.96406
0,0,0.006890692
1,0,0.43342817
1,1,0.9982134
1,1,0.9982134
1,1,0.9982134
0,0,0.006890692
0,0,0.006890692
0,0,0.006890692
1,1,0.9982134
1,1,0.997479
0,1,0.8211712
0,0,0.006890692
1,1,0.99806064
1,1,0.9982134
0,0,0.011356525
1,1,0.997479
0,0,0.006890692
0,0,0.048868906
1,0,0.006890692
0,0,0.006890692
1,1,0.9980786
1,1,0.9982134
1,1,0.997479
1,1,0.9982134
1,1,0.96406
0,0,0.006890692
1,1,0.9874165
0,0,0.006890692
0,0,0.006890692
0,0,0.006890692
1,1,0.8950549
0,0,0.02165756
1,1,0.997479
1,1,0.9982134
0,0,0.006890692
0,0,0.006890692
0,0,0.006890692
1,1,0.8251753
1,1,0.9822986
1,1,0.997479
1,1,0.9982134
1,1,0.9982134
0,0,0.006890692
0,0,0.02165756
1,0,0.065890014
1,1,0.98144275
0,0,0.006890692
1,1,0.9982134
0,0,0.0058409963
0,0,0.006890692
0,0,0.006890692
1,1,0.98144275
0,0,0.006890692
0,0,0.006890692
0,0,0.006890692
1,1,0.928427
0,0,0.003974623
0,0,0.006890692
0,0,0.006890692
0,0,0.006890692
0,0,0.006890692
1,1,0.997479
0,0,0.007361134
0,0,0.006890692
1,1,0.920771
1,1,0.511797
1,1,0.7956409
1,1,0.99806064
0,0,0.006890692
0,0,0.006890692
1,1,0.99806064
1,1,0.94319093
0,0,0.006890692
0,0,0.006890692
1,1,0.9965738
0,1,0.8550255
1,1,0.98144275
0,0,0.051527057
0,0,0.006890692
0,0,0.006890692
0,0,0.28844437
0,0,0.006890692
0,0,0.0058409963
0,0,0.006890692
1,1,0.9982134
1,1,0.9982134
1,1,0.9982134
0,0,0.006890692
1,1,0.9982134
1,1,0.997479
0,0,0.006890692
0,0,0.006890692
1,1,0.94568914
1,1,0.96406
1,1,0.99911267
1,1,0.997479
1,1,0.9990095
0,0,0.05206073
1,1,0.99806064
1,1,0.9982134
0,0,0.006890692
1,1,0.99806064
0,0,0.006890692
0,0,0.006890692
1,1,0.9982134
1,1,0.8950549
1,1,0.98144275
0,0,0.006890692
1,1,0.9982134
1,1,0.997479
1,1,0.997479
0,0,0.006890692
0,0,0.006890692
0,0,0.006890692
0,0,0.006890692
0,1,0.7754265
0,0,0.006890692
0,0,0.006890692
1,1,0.9982134
0,0,0.006890692
1,1,0.8211712
1,1,0.9982134
0,0,0.0083953105
0,0,0.006890692
1,1,0.8717946
1,1,0.96406
1,1,0.9982134
0,0,0.011081765
1,1,0.94352084
1,1,0.99757105
0,0,0.006890692
0,0,0.0049094036
1,1,0.98144275
0,0,0.006890692
0,0,0.019680705
0,0,0.006890692
1,1,0.99806064
1,1,0.99806064
0,0,0.006890692
1,1,0.8717946
0,0,0.006890692
1,1,0.99806064
0,0,0.006890692
1,1,0.9982134
1,1,0.9982134
1,1,0.9982134
0,0,0.006890692
0,0,0.006890692
1,1,0.9982134
1,1,0.99806064
1,1,0.94319093
0,0,0.006890692
1,1,0.99806064
1,1,0.9851777
1,1,0.9982134
0,0,0.006890692
1,1,0.9982134
1,1,0.99806064
0,0,0.006890692
0,0,0.006890692
1,1,0.9988187
1,1,0.5527093
0,0,0.006890692
1,1,0.99710315
0,0,0.006890692
1,1,0.9982134
0,0,0.006890692
0,0,0.006890692
0,0,0.006890692
0,0,0.006890692
1,1,0.9982134
1,1,0.9982134
0,0,0.03976934
1,1,0.99806064
1,1,0.99806064
0,0,0.006890692
0,0,0.006890692
0,0,0.006890692
1,1,0.99806064
1,0,0.2508604
1,1,0.8006594
0,0,0.006890692
1,1,0.997479
1,1,0.9979905
0,0,0.008204624
0,0,0.006890692
0,0,0.007361134
1,1,0.98144275
1,1,0.9982134
0,0,0.006890692
1,1,0.98144275
1,1,0.928427
0,0,0.012673741
1,1,0.94340616
0,1,0.74044603
0,0,0.006890692
0,0,0.006890692
1,1,0.997479
1,1,0.9244232
0,0,0.006890692
1,1,0.9982134
0,0,0.006890692
1,1,0.9979144
1,1,0.99806064
1,1,0.9982134
0,0,0.006890692
0,0,0.006890692
0,0,0.058408134
1,1,0.9982134
1,1,0.99806064
1,1,0.9982134
1,1,0.99806064
1,1,0.9982134
1,1,0.920771
1,1,0.9982134
0,0,0.052704915
1,1,0.99806064
1,1,0.9982134
1,1,0.9980786
0,0,0.006890692
1,1,0.9244232
0,0,0.006890692
1,1,0.99806064
0,0,0.006890692
0,0,0.006890692
1,1,0.9507653
0,0,0.006890692
0,0,0.006890692
0,0,0.006890692
0,0,0.006890692
0,0,0.4411787
0,0,0.07907505
0,0,0.006890692
0,0,0.006890692
1,1,0.9641537
0,0,0.006890692
0,0,0.006890692
0,0,0.006890692
1,1,0.997479
1,1,0.9982134
0,1,0.5866961
0,0,0.021111125
1,1,0.98432946
1,1,0.9988187
1,1,0.957285
1,1,0.9975937
0,0,0.051527057
0,0,0.0068172654
1,1,0.9982134
1,1,0.9982134
0,0,0.021027617
1,1,0.98144275
0,0,0.006890692
1,0,0.41921082
1,1,0.9982134
0,0,0.006890692
0,0,0.006890692
1,1,0.9982134
1,1,0.9982134
1,1,0.98144275
1,1,0.99806064
0,0,0.006890692
0,0,0.006890692
1,1,0.98144275
0,0,0.006890692
1,1,0.98144275
1,1,0.997479
1,1,0.94319093
0,0,0.006890692
1,1,0.997479
0,0,0.006890692
0,0,0.006890692
0,0,0.006890692
0,0,0.4315371
0,0,0.006890692
0,0,0.04269731
1,1,0.96406
1,1,0.997479
1,1,0.9982134
1,1,0.6791778
0,0,0.008930976
0,0,0.006890692
1,1,0.96406
0,0,0.006890692
0,0,0.006890692
1,1,0.99806064
1,0,0.007361134
1,1,0.920771
1,1,0.8998983
0,0,0.006890692
0,0,0.006890692
1,1,0.99806064
1,1,0.9982134
0,0,0.006890692
0,0,0.041018594
0,0,0.041018594
0,0,0.006890692
1,1,0.9982134
1,0,0.052704915
0,0,0.006890692
0,0,0.006890692
1,1,0.997479
0,0,0.009415164
1,1,0.9988463
0,0,0.004117106
0,0,0.0058409963
0,0,0.006890692
1,1,0.99806064
0,0,0.006890692
1,1,0.94319093
0,0,0.048868906
1,1,0.99806064
1,1,0.7956409
0,0,0.006890692
0,0,0.006890692
0,0,0.006890692
0,0,0.006890692
0,0,0.006890692
0,0,0.0024852762
0,0,0.006890692
0,0,0.006890692
0,0,0.006890692
0,0,0.006890692
1,1,0.9982134
0,0,0.006890692
0,0,0.006890692
1,0,0.23291788
0,0,0.011356525
0,0,0.006890692
1,1,0.9961274
1,1,0.91382456
0,0,0.006890692
1,1,0.9982134
0,0,0.006890692
0,1,0.8176324
0,0,0.006890692
1,1,0.9386546
0,0,0.015991174
0,0,0.0058409963
1,1,0.9982134
1,1,0.8966837
1,1,0.957285
0,0,0.006890692
0,0,0.006890692
1,1,0.9507653
0,0,0.006890692
1,1,0.9990876
0,1,0.86655116
1,1,0.98144275
1,1,0.997479
0,0,0.006890692
0,0,0.006890692
1,1,0.9982134
0,0,0.006890692
1,1,0.9982134
1,1,0.9970049
1,1,0.99806064
1,1,0.997479
0,0,0.006890692
0,0,0.006890692
0,0,0.006890692
0,0,0.47080025
0,0,0.006890692
1,1,0.99804246
0,0,0.006890692
0,0,0.006890692
1,1,0.9982134
1,1,0.920771
0,0,0.006890692
1,1,0.9982134
0,0,0.20694888
0,0,0.006890692
1,1,0.98144275
0,0,0.006890692
1,1,0.9982134
0,0,0.006890692
1,1,0.98144275
1,1,0.8373715
1,1,0.9982134
0,0,0.0058409963
1,1,0.98144275
0,0,0.005542779
1,1,0.99819404
0,0,0.006890692
1,1,0.95605224
0,0,0.052085232
1,1,0.9982134
1,1,0.9982134
0,0,0.006890692
0,0,0.006890692
0,0,0.44576842
0,0,0.0068172654
0,0,0.006890692
0,0,0.006890692
1,1,0.9982134
1,1,0.961898
0,0,0.006890692
0,0,0.006890692
0,0,0.0045169396
1,1,0.9982134
1,1,0.9982134
0,0,0.006890692
1,1,0.9961274
0,0,0.006890692
0,0,0.006890692
0,0,0.006890692
0,0,0.07537895
0,0,0.1518837
0,0,0.006890692
1,1,0.9987336
0,0,0.006890692
1,1,0.96406
1,1,0.997479
0,0,0.006890692
0,0,0.021027617
1,1,0.9982134
0,0,0.006890692
0,0,0.006890692
1,1,0.9982134
1,1,0.86793077
1,1,0.9982134
0,1,0.57914305
1,1,0.96406
1,1,0.96406
1,1,0.9982134
1,1,0.98144275
0,0,0.006890692
1,1,0.98144275
0,0,0.006890692
0,0,0.006890692
1,1,0.9974891
1,1,0.98144275
1,1,0.9982134
0,0,0.006890692
1,1,0.9979468
1,1,0.98144275
0,0,0.021027617
0,0,0.006890692
1,1,0.997479
0,0,0.006890692
0,0,0.006890692
0,0,0.006890692
0,0,0.006890692
0,0,0.006890692
1,1,0.9982134
1,1,0.94352084
1,1,0.99806064
0,0,0.0058409963
1,1,0.99810046
1,1,0.79411626
0,0,0.008163164
0,0,0.048868906
1,1,0.94319093
1,1,0.99806064
1,1,0.9982134
1,1,0.9982134
1,1,0.9982134
1,1,0.9982134
0,1,0.7076214
0,0,0.006890692
0,0,0.059737355
0,0,0.006890692
1,1,0.9982134
0,0,0.006890692
0,0,0.021027617
1,1,0.9386546
1,1,0.9982134
0,0,0.006890692
1,1,0.9988463
1,1,0.9982134
0,0,0.006890692
0,0,0.006890692
0,0,0.006890692
1,1,0.920771
0,0,0.006890692
0,0,0.006890692
0,0,0.019680705
1,1,0.98144275
0,0,0.006890692
1,1,0.99806064
1,1,0.99806064
1,1,0.8251753
1,1,0.9982134
1,1,0.96406
1,1,0.9982134
1,1,0.9979144
0,0,0.006890692
1,1,0.9982134
1,1,0.98144275
1,1,0.96406
1,1,0.98144275
1,1,0.788546
0,0,0.006890692
1,1,0.9982134
1,1,0.9982134
0,0,0.0058409963
1,1,0.98144275
0,0,0.007286694
1,1,0.9982134
0,0,0.006890692
0,0,0.006890692
0,0,0.006890692
1,1,0.9965738
0,0,0.006890692
0,0,0.006890692
1,1,0.77658165
1,1,0.9980786
1,1,0.997479
0,0,0.006890692
0,0,0.005171829
1,1,0.99806064
0,0,0.006890692
0,0,0.006890692
0,0,0.0042489325
0,0,0.006890692
0,0,0.006890692
1,1,0.9982134
1,1,0.91382456
0,0,0.006890692
1,1,0.94319093
1,1,0.9982134
1,1,0.96406
1,1,0.99806064
0,0,0.006890692
1,1,0.9982134
1,1,0.997479
1,1,0.98144275
1,1,0.997479
1,1,0.5947657
0,0,0.006890692
0,0,0.006890692
1,1,0.9982134
0,0,0.006890692
0,0,0.006890692
0,0,0.006890692
0,0,0.022073744
0,0,0.006890692
1,1,0.99806064
1,1,0.99806064
1,1,0.9982134
1,1,0.920771
0,0,0.006890692
0,0,0.009699092
1,1,0.96406
1,1,0.94661707
1,1,0.99806064
0,0,0.0058409963
1,1,0.99806064
1,1,0.9244232
1,1,0.997479
1,1,0.99806064
0,0,0.006890692
0,0,0.006890692
0,0,0.006890692
1,1,0.9982134
1,1,0.9982134
0,0,0.006890692
0,0,0.006890692
1,1,0.9982134
1,1,0.99806064
0,0,0.006890692
0,0,0.006890692
1,1,0.997479
0,0,0.0070995945
1,1,0.99806064
1,1,0.9982134
0,0,0.0068172654
1,1,0.9982134
0,0,0.16635104
1,1,0.7956409
1,1,0.91382456
0,0,0.006890692
0,0,0.006890692
0,0,0.0071341437
0,0,0.006890692
0,0,0.006890692
0,0,0.0064830706
0,0,0.006890692
0,0,0.006890692
0,0,0.006890692
0,0,0.006890692
0,0,0.006890692
1,1,0.98144275
1,1,0.95640355
1,1,0.9100352
1,1,0.99819404
0,0,0.006890692
0,0,0.006890692
1,1,0.9188319
1,1,0.9982134
1,1,0.8871582
0,0,0.006890692
1,1,0.9981444
0,0,0.006890692
0,0,0.006890692
1,1,0.9982134
0,0,0.006890692
0,0,0.006890692
1,1,0.997479
1,1,0.9980786
0,0,0.006890692
0,0,0.006890692
1,1,0.96406
0,0,0.006890692
1,1,0.9982134
0,0,0.006890692
1,1,0.997479
1,1,0.99806064
1,1,0.96406
1,0,0.32071072
1,1,0.98144275
1,1,0.997479
0,0,0.00475307
1,1,0.8943541
0,0,0.006890692
1,1,0.8251753
1,1,0.902781
0,0,0.050381366
0,0,0.006890692
0,0,0.025933402
1,1,0.99229175
0,0,0.006890692
0,0,0.006890692
0,0,0.006890692
1,1,0.9982134
0,0,0.006890692
1,1,0.99806064
1,1,0.98144275
0,0,0.0083953105
1,1,0.98144275
1,1,0.8855769
1,1,0.9982134
0,0,0.006890692
1,1,0.99806064
1,1,0.9982134
0,0,0.006890692
0,0,0.006890692
0,0,0.052190192
0,0,0.006890692
0,0,0.006890692
1,1,0.9974517
1,1,0.9982134
1,1,0.9982134
1,1,0.9982134
0,0,0.006890692
1,1,0.9533104
1,1,0.920771
1,1,0.9982963
1,1,0.99806064
0,0,0.008152473
0,0,0.006890692
0,1,0.9453889
1,1,0.99806064
1,1,0.9982134
1,1,0.9982134
1,1,0.99790025
1,1,0.9894443
1,1,0.82476467
0,1,0.6981609
1,1,0.9853103
0,0,0.017294656
1,1,0.8251753
0,0,0.006890692
0,0,0.006890692
0,0,0.006890692
1,1,0.999041
1,1,0.955901
0,0,0.006890692
1,1,0.9982134
1,1,0.9979468
1,1,0.9971566
0,0,0.006890692
1,1,0.9982134
0,0,0.006890692
0,0,0.006890692
1,1,0.74044603
0,0,0.006890692
0,0,0.006890692
0,0,0.006890692
0,0,0.006890692
0,0,0.006890692
1,1,0.8950549
0,0,0.006890692
1,0,0.16466671
1,1,0.93357384
0,0,0.006890692
0,0,0.006890692
1,0,0.05206073
0,0,0.006890692
1,1,0.9821591
1,1,0.9863962
0,1,0.9100352
0,0,0.006890692
0,0,0.006890692
1,1,0.7956409
1,1,0.9982134
1,1,0.98144275
1,1,0.99806064
1,1,0.9982134
1,1,0.96406
1,1,0.7956409
0,0,0.006890692
0,0,0.006890692
0,0,0.2176866
0,0,0.006890692
0,0,0.006890692
0,0,0.006890692
1,1,0.8251753
0,0,0.007286694
1,1,0.9982134
1,1,0.96406
1,1,0.9988463
0,0,0.006890692
1,1,0.8717946
0,0,0.006890692
1,1,0.99806064
1,1,0.91382456
0,0,0.006890692
1,1,0.9982134
1,0,0.26115835
1,1,0.9982134
1,0,0.22598438
0,0,0.006890692
1,1,0.8966837
0,0,0.006890692
0,0,0.006890692
1,1,0.9982134
0,0,0.005234167
1,1,0.93567675
1,1,0.9858602
1,1,0.9982134
0,0,0.00971558
1,1,0.9982134
0,0,0.053996854
0,0,0.39841583
1,1,0.997479
1,1,0.9980786
0,0,0.007361134
1,1,0.99806064
1,1,0.9982134
1,1,0.997479
0,0,0.006890692
1,1,0.8950549
1,1,0.9982134
1,1,0.99806064
0,0,0.006890692
1,1,0.9026901
0,0,0.006890692
1,1,0.85520524
1,1,0.98144275
1,1,0.9982134
1,1,0.7302948
1,1,0.8015339
1,1,0.9982134
1,1,0.9982134
0,0,0.006890692
1,0,0.19385596
0,0,0.006890692
0,0,0.006890692
0,0,0.02570715
1,1,0.9982134
1,1,0.99819404
0,0,0.006890692
0,0,0.006890692
0,0,0.006890692
0,0,0.006890692
1,1,0.9982134
0,0,0.006890692
1,1,0.54304785
1,1,0.9982134
0,0,0.006890692
1,1,0.9982134
0,0,0.021946318
0,0,0.006890692
1,1,0.9982134
0,0,0.006890692
0,0,0.006890692
1,1,0.9982134
1,1,0.9502775
1,1,0.9982134
1,1,0.874724
1,1,0.9507653
1,1,0.7956409
0,0,0.006890692
1,1,0.9980786
1,1,0.99806064
1,1,0.9982134
1,1,0.997479
0,0,0.06375421
0,0,0.006890692
1,1,0.99720085
1,1,0.9982134
1,1,0.9981188
0,0,0.006890692
0,0,0.006890692
0,0,0.006890692
1,1,0.9982134
1,1,0.99806064
1,1,0.9982134
1,1,0.9982134
0,0,0.006890692
1,1,0.98144275
1,1,0.997479
0,0,0.009415164
0,0,0.006890692
0,0,0.006890692
1,1,0.9980786
1,1,0.99806064
1,1,0.9982134
0,0,0.009870358
1,1,0.99832815
0,0,0.006890692
1,1,0.9982134
1,1,0.9987238
1,1,0.9982134
1,1,0.9982134
1,1,0.9100352
0,0,0.006890692
1,1,0.9982134
0,0,0.007367782
1,1,0.9982134
1,1,0.9982134
0,0,0.053250097
0,0,0.048868906
0,0,0.006890692
0,0,0.0040796916
1,1,0.9980786
1,1,0.99806064
1,1,0.997479
1,1,0.9982134
0,0,0.03631092
1,1,0.91382456
1,1,0.9982134
0,0,0.2997907
1,1,0.9982134
1,1,0.9982134
1,1,0.96406
0,0,0.006890692
1,1,0.9982134
1,1,0.98144275
1,1,0.9455616
0,0,0.006890692
1,1,0.9974517
1,1,0.997479
0,0,0.006890692
1,1,0.99806064
0,0,0.006890692
0,0,0.006890692
0,0,0.006890692
0,0,0.04269731
1,1,0.9979627
1,1,0.997479
0,0,0.006890692
0,0,0.006890692
0,0,0.006890692
0,0,0.009415164
1,1,0.9967452
0,0,0.006890692
1,1,0.9982134
1,1,0.97550416
0,0,0.006890692
1,1,0.9982134
1,1,0.99806064
1,1,0.9982134
0,0,0.05106874
0,0,0.006890692
0,0,0.006890692
0,0,0.006890692
0,0,0.006890692
0,0,0.006890692
0,1,0.74044603
1,1,0.9982134
1,1,0.99806064
0,0,0.006890692
0,0,0.006890692
1,1,0.95605224
1,1,0.95605224
1,1,0.9982134
0,0,0.006890692
1,1,0.9386546
1,1,0.9982134
1,1,0.9010547
0,0,0.006890692
1,1,0.9982134
0,0,0.006890692
1,1,0.997479
0,1,0.86655116
1,1,0.9982134
1,1,0.9237666
0,0,0.006890692
0,0,0.08240264
1,1,0.9980786
0,0,0.006890692
0,0,0.006890692
1,1,0.9834171
1,1,0.82476467
0,0,0.006890692
0,0,0.006890692
1,1,0.96406
0,0,0.006890692
0,0,0.26590738
0,0,0.006890692
0,0,0.006890692
1,1,0.9982134
1,1,0.99757105
0,1,0.86793077
0,0,0.006890692
1,1,0.99806064
1,1,0.997479
1,1,0.99806064
1,1,0.68639255
0,0,0.008740421
0,0,0.006890692
1,1,0.9982134
0,0,0.012432588
0,0,0.006890692
0,0,0.006890692
0,1,0.74044603
0,0,0.006890692
1,1,0.98144275
1,1,0.997479
1,1,0.9010547
1,1,0.9980786
1,1,0.55675405
0,0,0.006890692
1,1,0.9982134
1,1,0.9982134
0,0,0.006890692
1,1,0.9982134
0,0,0.006890692
0,0,0.006890692
1,1,0.95098025
0,0,0.006890692
1,1,0.98144275
0,0,0.20332879
0,0,0.006890692
1,1,0.920771
0,0,0.0058409963
0,0,0.006890692
0,0,0.006890692
1,1,0.9982134
0,0,0.006890692
0,0,0.006890692
0,0,0.006890692
1,1,0.9982134
1,1,0.9983728
1,1,0.96406
1,1,0.997479
0,0,0.006890692
1,1,0.99806064
1,1,0.9982134
0,0,0.006890692
0,0,0.12741888
0,0,0.012673741
0,0,0.006890692
0,1,0.68639255
1,1,0.997479
0,0,0.006890692
0,0,0.006890692
1,1,0.9507653
1,1,0.965674
0,0,0.2678092
1,1,0.997479
0,0,0.051527057
0,0,0.006890692
1,1,0.9982134
1,1,0.99819404
1,1,0.997479
0,0,0.006890692
0,0,0.006890692
0,0,0.006890692
1,1,0.98144275
0,0,0.012495282
0,0,0.006890692
1,1,0.9386546
1,1,0.9982134
0,0,0.006890692
0,0,0.006890692
0,0,0.25456625
1,1,0.94540083
0,0,0.006890692
1,1,0.997479
1,1,0.99806064
1,1,0.8950549
0,0,0.006890692
1,1,0.997479
1,1,0.9987238
1,1,0.99806064
0,0,0.005898275
0,0,0.006890692
1,1,0.9982134
0,0,0.021027617
0,1,0.7956409
1,1,0.9987122
1,1,0.96406
0,0,0.006890692
0,0,0.006890692
1,1,0.9982134
1,1,0.9982134
0,0,0.006890692
0,0,0.006890692
0,0,0.006890692
0,0,0.006890692
1,1,0.997479
1,1,0.7956409
1,1,0.9974517
1,1,0.997479
1,1,0.9982134
1,1,0.95605224
1,1,0.9982134
0,0,0.006890692
0,0,0.006890692
0,0,0.006890692
1,1,0.91382456
1,1,0.68639255
0,0,0.006890692
0,0,0.006890692
1,1,0.9824843
1,1,0.98144275
1,1,0.9982134
0,0,0.006890692
1,1,0.98144275
1,1,0.9979468
1,1,0.96406
1,1,0.99777126
1,1,0.997479
1,1,0.98144275
0,0,0.006890692
1,1,0.99806064
1,1,0.9982134
1,1,0.997479
1,1,0.9982134
0,0,0.006890692
0,0,0.006890692
0,0,0.0058409963
1,1,0.98144275
0,0,0.006890692
1,1,0.9982134
1,1,0.5053013
0,0,0.006890692
0,0,0.006890692
0,0,0.006890692
0,0,0.006890692
0,0,0.006890692
1,1,0.9982134
1,1,0.7910538
0,0,0.006890692
0,0,0.006890692
0,0,0.006890692
1,1,0.9982134
1,1,0.91382456
1,1,0.997479
1,1,0.9982134
1,1,0.9979144
0,0,0.006890692
1,1,0.98144275
0,0,0.006890692
1,1,0.9982134
1,1,0.920771
0,0,0.006890692
0,1,0.7956409
0,0,0.006890692
1,1,0.98144275
1,1,0.9188319
1,1,0.99806064
1,1,0.997479
0,0,0.006890692
1,1,0.9982134
1,1,0.98144275
1,1,0.9982134
0,1,0.55675405
0,0,0.006890692
1,1,0.9982134
1,1,0.99806064
0,0,0.006890692
1,1,0.9982134
1,1,0.93204385
1,1,0.997479
1,1,0.9970163
0,0,0.006890692
0,0,0.006890692
1,1,0.9982134
1,1,0.7993258
0,0,0.17570701
1,1,0.99790984
1,1,0.997479
0,0,0.17082682
1,1,0.99830484
1,1,0.9600605
1,1,0.99806064
0,0,0.006890692
1,1,0.9982134
1,1,0.997479
0,0,0.006890692
0,0,0.006890692
0,0,0.006890692
1,1,0.9982134
1,1,0.9982134
1,1,0.9982134
0,0,0.006890692
0,0,0.006890692
1,1,0.98144275
0,0,0.006890692
0,0,0.006890692
0,0,0.006890692
1,1,0.997479
0,0,0.006890692
1,1,0.8251753
1,1,0.9982134
0,0,0.006890692
0,0,0.006890692
1,1,0.8717946
0,0,0.006890692
1,1,0.59098965
1,1,0.99819404
1,1,0.9276834
0,0,0.006890692
1,1,0.9982134
0,0,0.006890692
1,1,0.99806064
1,1,0.81186813
1,1,0.98144275
1,1,0.9982134
0,0,0.006890692
0,0,0.22206852
1,1,0.9742581
0,0,0.006890692
1,1,0.86793077
1,1,0.9982134
0,0,0.006890692
0,0,0.004875656
1,1,0.9982134
0,0,0.006890692
0,0,0.006890692
0,0,0.006890692
0,0,0.036574103
0,0,0.007507198
0,0,0.006890692
0,0,0.006890692
1,1,0.9982134
0,0,0.004189097
0,0,0.006890692
1,1,0.9987476
1,1,0.8950549
1,1,0.96406
0,0,0.006890692
0,0,0.006890692
0,0,0.006890692
1,1,0.8783048
0,1,0.5788224
1,1,0.8732941
0,0,0.006890692
0,0,0.06891367
0,0,0.006890692
1,1,0.9988463
0,0,0.006890692
1,1,0.64315015
1,1,0.99806064
0,0,0.008204624
1,1,0.9982134
0,1,0.59962136
0,0,0.006890692
0,0,0.006890692
0,0,0.006890692
0,0,0.006890692
0,0,0.006890692
0,0,0.006890692
1,1,0.9982134
1,1,0.99806064
1,1,0.99806064
0,0,0.006890692
1,1,0.94319093
0,0,0.006890692
1,1,0.9982134
0,0,0.006890692
0,0,0.006890692
1,1,0.96406
0,0,0.006890692
1,1,0.997479
0,0,0.006890692
1,1,0.99844754
0,0,0.006890692
0,0,0.006890692
1,1,0.91382456
1,1,0.997479
1,1,0.997479
0,0,0.019680705
0,0,0.006890692
1,1,0.9982134
1,1,0.997479
0,0,0.13863507
1,1,0.9982134
0,0,0.0068172654
1,1,0.9982134
0,0,0.006890692
0,0,0.006890692
1,1,0.9982134
1,1,0.9982134
1,1,0.96406
0,0,0.03976934
0,0,0.006890692
0,0,0.006890692
0,0,0.13863507
0,0,0.006890692
0,0,0.006890692
0,0,0.006890692
0,0,0.006890692
0,1,0.6372025
1,1,0.99806064
0,0,0.006890692
0,0,0.01011148
0,0,0.006890692
0,0,0.006890692
0,0,0.006890692
1,1,0.997479
1,1,0.997479
1,1,0.997479
1,1,0.94319093
0,0,0.006890692
0,0,0.006890692
0,0,0.006890692
0,0,0.006890692
1,1,0.9386546
0,0,0.006890692
1,1,0.957285
1,0,0.16083692
1,1,0.9982134
0,0,0.006890692
0,0,0.006890692
0,0,0.21189237
0,0,0.048964493
0,0,0.006890692
0,0,0.006890692
1,1,0.997479
1,1,0.9982134
1,1,0.9982134
1,1,0.5765375
0,0,0.006890692
1,1,0.98144275
1,1,0.9982134
1,1,0.9978847
1,1,0.99848515
0,0,0.006890692
0,0,0.006890692
0,0,0.006890692
1,1,0.997479
0,0,0.007623591
0,1,0.79450685
1,1,0.98144275
1,1,0.9982134
0,0,0.006890692
0,0,0.006890692
1,1,0.99520504
1,1,0.997479
1,1,0.9982134
1,1,0.99806064
1,1,0.9987238
1,1,0.997479
0,0,0.006890692
1,1,0.9982134
1,1,0.9982134
0,0,0.006890692
1,1,0.96406
0,0,0.006890692
0,0,0.01086527
0,0,0.006890692
0,0,0.006890692
1,1,0.99806064
1,1,0.9982134
1,1,0.9010547
1,1,0.9982134
1,1,0.65367335
0,0,0.006890692
0,0,0.006890692
0,0,0.006890692
0,0,0.11432529
0,0,0.006890692
0,0,0.006890692
1,1,0.9982134
1,1,0.9982134
1,1,0.9982134
0,0,0.006890692
0,0,0.006890692
0,0,0.006890692
0,0,0.006890692
1,1,0.9982134
0,0,0.006890692
1,1,0.9982134
1,1,0.98144275
1,1,0.99806064
1,1,0.9982134
0,0,0.006890692
1,1,0.9244232
0,0,0.006890692
0,0,0.006890692
0,0,0.006890692
1,1,0.99806064
0,0,0.006890692
1,1,0.99806064
0,0,0.021946318
1,1,0.94319093
0,0,0.006890692
0,0,0.019680705
1,1,0.9982134
0,0,0.006890692
0,0,0.006890692
0,0,0.006890692
0,0,0.006890692
0,0,0.006890692
1,1,0.9982134
1,1,0.8789935
0,0,0.028414594
0,0,0.006890692
1,1,0.9982134
1,1,0.9982134
0,0,0.006890692
0,0,0.006890692
0,0,0.053996854
1,1,0.9982134
0,0,0.006890692
0,1,0.86793077
0,0,0.006890692
1,1,0.98144275
0,0,0.047578916
0,0,0.006890692
1,1,0.8649465
0,0,0.006890692
0,0,0.006890692
0,0,0.006890692
0,0,0.0042489325
0,0,0.0058409963
0,0,0.006890692
1,1,0.91382456
0,0,0.006890692
1,1,0.99806064
0,0,0.006890692
0,0,0.020731818
1,1,0.99806064
0,0,0.0116743
0,0,0.1674759
1,1,0.95084184
0,0,0.006890692
0,0,0.006890692
0,0,0.006890692
0,0,0.006890692
0,0,0.006890692
1,1,0.91382456
1,1,0.997479
0,0,0.006890692
0,0,0.006890692
1,1,0.9982134
1,1,0.96406
1,1,0.9983297
1,1,0.98144275
0,0,0.006890692
0,0,0.006890692
1,1,0.91382456
0,0,0.006890692
0,1,0.5842847
0,0,0.006890692
1,1,0.9982134
0,0,0.006890692
1,1,0.9982134
0,0,0.006890692
1,1,0.99806064
0,0,0.051527057
1,1,0.997479
0,1,0.8211712
1,1,0.93357384
1,1,0.9982134
0,0,0.008930976
0,0,0.006890692
1,1,0.74044603
0,0,0.006890692
0,0,0.006890692
0,0,0.052704915
0,0,0.006890692
1,1,0.9507653
0,0,0.006890692
0,0,0.006890692
1,1,0.9982134
1,1,0.9982134
1,1,0.9982134
1,1,0.8550255
1,1,0.9982134
1,1,0.86793077
0,0,0.006890692
0,0,0.021098403
0,0,0.006890692
1,1,0.997479
0,0,0.005867371
0,0,0.006890692
1,1,0.98144275
1,1,0.8211712
0,0,0.02165756
0,0,0.006890692
0,0,0.006890692
0,0,0.006890692
0,0,0.006890692
0,0,0.49093395
1,1,0.7956409
0,0,0.006890692
1,1,0.997479
0,0,0.006890692
1,1,0.9982134
1,1,0.96406
0,0,0.010481783
0,0,0.04127162
1,1,0.997479
1,1,0.62005967
1,1,0.99819404
0,0,0.006890692
1,1,0.9982134
0,0,0.006890692
1,1,0.9982134
0,0,0.0058409963
1,1,0.9982134
0,0,0.051527057
1,1,0.9982134
0,0,0.006890692
0,0,0.006890692
1,1,0.9983115
0,0,0.006890692
1,1,0.99806064
1,1,0.98144275
0,0,0.006890692
0,0,0.006890692
0,0,0.0072418493
1,1,0.9982134
0,0,0.006890692
1,1,0.99806064
0,0,0.007224325
0,0,0.006890692
1,1,0.997479
0,0,0.0068172654
1,1,0.997479
1,1,0.997479
1,1,0.99806064
1,1,0.9853028
1,1,0.9188319
0,0,0.052704915
0,0,0.006890692
0,0,0.006890692
0,0,0.006890692
0,0,0.006890692
1,1,0.9781552
0,0,0.02165756
0,1,0.95853263
0,0,0.006890692
0,0,0.006890692
0,0,0.006890692
1,1,0.99806064
1,1,0.9982134
0,0,0.006890692
1,1,0.96406
1,1,0.9982134
1,1,0.9982134
0,0,0.006890692
1,1,0.9982134
0,0,0.006890692
1,1,0.9979857
1,1,0.99806064
1,1,0.997479
0,0,0.006890692
0,0,0.006890692
1,1,0.98144275
1,1,0.9982134
0,0,0.006890692
0,0,0.006890692
0,0,0.17082682
1,1,0.874724
0,0,0.009415164
0,0,0.006890692
0,1,0.6791778
0,0,0.006890692
0,0,0.006890692
0,0,0.006890692
1,1,0.997479
0,0,0.006890692
0,0,0.041018594
1,1,0.9982134
0,0,0.006890692
1,1,0.920771
0,0,0.008740421
0,0,0.0024852762
0,0,0.006890692
0,0,0.006890692
1,1,0.9386546
0,0,0.004189097
0,0,0.006890692
0,0,0.0070995945
0,0,0.006890692
1,1,0.95084184
0,0,0.006890692
0,0,0.006890692
0,1,0.511797
1,1,0.920771
0,1,0.5874894
1,1,0.98144275
1,1,0.99806064
0,0,0.021156853
1,1,0.9386546
1,1,0.9982134
0,0,0.006890692
0,0,0.006890692
0,0,0.006890692
0,0,0.006890692
1,1,0.99806064
1,1,0.91382456
1,1,0.8950549
1,1,0.9874166
0,0,0.021027617
0,0,0.006890692
1,1,0.9986733
1,1,0.9982134
1,1,0.928427
1,1,0.9982134
0,0,0.006890692
1,1,0.9982134
0,0,0.006890692
1,1,0.997479
0,0,0.005542779
1,1,0.98144275
1,1,0.98144275
1,1,0.94319093
0,0,0.006890692
0,0,0.006890692
1,1,0.7956409
0,0,0.006890692
0,0,0.1258009
0,0,0.006890692
0,0,0.006890692
1,1,0.9982134
0,0,0.006890692
1,1,0.9982134
1,1,0.9982134
0,0,0.006890692
1,1,0.90157354
0,0,0.006890692
0,0,0.006890692
1,1,0.99806064
1,1,0.9386546
0,0,0.02165756
1,1,0.8415644
1,1,0.98144275
1,1,0.9982134
1,1,0.920771
1,1,0.9925183
1,1,0.99806064
1,1,0.997479
0,0,0.006890692
1,1,0.9100352
0,0,0.006890692
1,1,0.7956409
1,1,0.99806064
0,0,0.006890692
1,1,0.9982134
0,0,0.053250097
1,1,0.758315
1,1,0.961898
0,0,0.35359225
1,0,0.32071072
0,0,0.006890692
1,1,0.99806064
0,0,0.2751652
1,1,0.99806064
0,0,0.006890692
0,0,0.006890692
1,1,0.9979627
0,0,0.006890692
0,0,0.02759638
0,0,0.006890692
0,0,0.006890692
1,1,0.997479
0,0,0.006890692
1,1,0.98144275
0,0,0.4262044
1,1,0.961898
1,1,0.9982134
0,0,0.012606121
0,0,0.021027617
1,1,0.9982134
1,1,0.9239146
1,1,0.997479
0,0,0.006890692
1,1,0.9982134
1,1,0.95235085
1,1,0.99773127
0,0,0.006890692
0,1,0.7635934
1,1,0.9971463
1,1,0.96406
1,1,0.9654975
1,1,0.99806064
0,0,0.006890692
0,0,0.006890692
0,0,0.006890692
0,0,0.014382343
0,0,0.11002184
1,1,0.9982134
1,1,0.99806064
1,1,0.9100352
1,1,0.9990876
0,0,0.006890692
0,0,0.017849624
0,0,0.12417801
1,1,0.7358413
1,1,0.87771916
0,0,0.006890692
1,1,0.9246653
1,1,0.9982134
0,0,0.006890692
1,0,0.23812477
0,0,0.006890692
0,0,0.006890692
1,1,0.98144275
1,1,0.9978847
1,1,0.9982134
1,1,0.96406
0,0,0.35782138
1,1,0.94540083
1,1,0.9244232
1,1,0.99720085
1,1,0.9981912
1,1,0.9982134
1,1,0.9982134
1,1,0.9982134
0,0,0.006890692
0,0,0.006890692
1,1,0.9982134
1,1,0.9386546
1,1,0.8176324
0,0,0.006890692
0,0,0.006890692
0,0,0.005234167
1,1,0.98144275
1,0,0.45246145
1,1,0.99850106
1,1,0.9982134
0,0,0.006890692
0,0,0.006890692
1,1,0.9982134
0,0,0.006890692
1,1,0.8000313
1,1,0.9982134
0,0,0.006890692
1,1,0.9982134
0,0,0.006890692
0,0,0.006890692
0,0,0.006890692
1,1,0.99806064
0,0,0.006890692
1,1,0.9982134
0,0,0.006890692
0,0,0.006890692
0,0,0.006890692
1,1,0.997479
0,0,0.0058409963
0,0,0.006890692
1,1,0.96406
1,1,0.99806064
1,1,0.9982134
1,1,0.6702528
0,0,0.0072628018
1,1,0.9970605
1,1,0.990943
1,1,0.93665266
0,0,0.006890692
0,0,0.006890692
1,1,0.96406
0,0,0.006890692
1,1,0.74044603
1,1,0.99806064
1,1,0.997479
1,1,0.9982134
0,0,0.006890692
1,1,0.9983115
0,0,0.006890692
0,0,0.006890692
1,1,0.96406
0,0,0.006890692
0,0,0.006890692
0,0,0.006890692
0,0,0.006890692
0,0,0.051527057
0,0,0.006890692
1,1,0.99806064
1,1,0.94319093
0,0,0.006890692
1,1,0.9982134
0,0,0.007367782
0,0,0.006890692
0,0,0.006890692
0,0,0.006890692
1,1,0.920771
1,1,0.997479
1,1,0.9982134
0,0,0.006890692
0,0,0.006890692
1,1,0.94352084
0,0,0.006890692
0,0,0.006890692
1,1,0.920771
1,1,0.9982134
0,0,0.006890692
0,0,0.006890692
0,0,0.0058409963
0,0,0.006890692
1,1,0.99806064
1,1,0.9982134
0,0,0.006890692
1,1,0.997479
0,0,0.056051835
0,0,0.222122
1,1,0.84788185
1,1,0.99140996
0,0,0.006890692
1,1,0.99806064
1,1,0.9982134
0,0,0.006890692
0,0,0.006890692
1,1,0.9982134
0,0,0.006890692
0,0,0.006890692
1,1,0.9982134
1,1,0.9982134
0,0,0.006890692
1,1,0.9982134
0,0,0.20445219
0,0,0.006890692
1,1,0.98144275
1,1,0.9982134
0,0,0.006890692
0,0,0.210425
0,0,0.006890692
0,0,0.0036321073
0,0,0.006890692
1,1,0.9982134
1,1,0.920771
0,0,0.005234167
0,1,0.89675707
1,1,0.99806064
1,1,0.99222
1,1,0.99806064
1,1,0.9982134
1,1,0.9982134
0,0,0.052704915
0,0,0.005234167
1,1,0.9100352
0,0,0.006890692
0,0,0.006890692
0,0,0.03380246
1,1,0.95605224
1,1,0.99806064
0,0,0.006890692
0,0,0.006890692
1,1,0.9982134
0,0,0.006890692
0,0,0.006890692
0,0,0.006890692
0,0,0.006890692
0,0,0.006890692
1,1,0.99806064
1,1,0.99806064
1,1,0.982074
1,1,0.9982134
1,1,0.99710315
0,0,0.006890692
0,0,0.006890692
0,0,0.006890692
0,0,0.006890692
0,0,0.006890692
1,1,0.9982134
1,1,0.8211712
0,0,0.006890692
0,0,0.0422216
1,1,0.98144275
0,0,0.006890692
1,1,0.997479
1,1,0.9982134
1,1,0.99053955
1,1,0.997479
1,0,0.3293374
0,0,0.006890692
0,0,0.006890692
0,0,0.004189097
1,1,0.98144275
1,1,0.9982134
0,0,0.006890692
1,1,0.75255483
1,1,0.99806064
0,0,0.006890692
0,0,0.006890692
1,1,0.9982134
1,1,0.9982134
0,0,0.006890692
0,0,0.006890692
0,0,0.006890692
0,0,0.006890692
0,1,0.7956409
1,1,0.9687265
1,1,0.96406
1,1,0.96406
0,0,0.006890692
0,0,0.006890692
1,1,0.6372025
1,1,0.9982134
1,1,0.99806064
0,1,0.6493
0,0,0.006890692
1,1,0.920771
1,1,0.98144275
0,0,0.006890692
0,0,0.006890692
0,0,0.006890692
0,0,0.006890692
0,0,0.006890692
1,1,0.9982134
1,1,0.9982134
1,1,0.9982134
0,0,0.006890692
1,1,0.9981851
0,0,0.014382343
1,1,0.9982134
1,1,0.9982134
1,1,0.9982134
1,1,0.82476467
0,0,0.006890692
0,0,0.006890692
0,0,0.006890692
1,1,0.99841297
0,0,0.006890692
1,1,0.9982134
1,1,0.9982134
1,1,0.9982134
1,1,0.9982134
1,0,0.033262387
1,1,0.99806064
1,1,0.9507653
0,0,0.006890692
1,1,0.98144275
1,1,0.99806064
0,0,0.006890692
1,1,0.99806064
1,1,0.9982134
1,1,0.920771
1,1,0.98144275
1,1,0.99806064
0,1,0.9982134
1,1,0.9982134
1,1,0.99806064
1,1,0.9081352
1,1,0.99819404
0,0,0.007623591
0,0,0.21029177
1,1,0.9982134
1,1,0.9982134
0,0,0.006890692
1,1,0.9982134
0,0,0.006890692
0,0,0.006890692
1,1,0.997479
0,0,0.006890692
1,1,0.99806064
1,1,0.98144275
1,1,0.98955405
0,0,0.006890692
0,0,0.006890692
0,0,0.006890692
1,1,0.9986904
1,1,0.96406
1,1,0.9982134
0,0,0.006890692
0,0,0.006890692
0,0,0.006890692
0,0,0.006890692
1,1,0.9956245
1,1,0.9983718
0,0,0.006890692
0,0,0.006890692
0,0,0.006890692
1,1,0.9982134
1,1,0.9979627
1,1,0.9857107
0,0,0.005806387
0,0,0.021027617
1,1,0.997479
1,1,0.9982134
0,0,0.03213276
1,1,0.9834171
0,0,0.006890692
1,1,0.997479
0,0,0.006890692
1,1,0.9989796
0,0,0.012673741
0,0,0.006890692
0,0,0.006890692
1,1,0.94319093
0,0,0.006890692
1,1,0.99806064
1,1,0.9823329
0,0,0.006890692
1,1,0.96406
0,0,0.021027617
1,1,0.9507653
0,0,0.006890692
0,1,0.5982573
1,1,0.99806064
1,1,0.9982134
1,1,0.77658165
0,0,0.006890692
0,0,0.052190192
1,1,0.997479
1,1,0.9982134
1,1,0.85012084
0,0,0.006890692
1,1,0.9982134
0,0,0.006890692
1,1,0.94319093
1,1,0.99806064
0,1,0.8783048
0,0,0.006890692
1,1,0.99806064
1,1,0.98144275
1,1,0.997479
1,1,0.9982134
1,1,0.9982134
1,1,0.997479
1,1,0.997479
0,0,0.006890692
0,0,0.17164236
0,0,0.0083953105
1,1,0.9982134
1,1,0.9982134
1,1,0.93929595
0,0,0.006890692
0,0,0.004189097
1,1,0.9982134
1,1,0.9982134
0,0,0.006890692
0,0,0.006890692
0,0,0.006890692
0,0,0.006890692
0,0,0.006890692
0,0,0.006890692
0,1,0.7910538
0,0,0.006890692
0,0,0.017849624
1,1,0.9982134
0,0,0.006890692
1,1,0.9982134
1,1,0.997479
1,1,0.9982134
1,1,0.98144275
0,0,0.006890692
0,0,0.006890692
1,1,0.86793077
0,0,0.006890692
0,0,0.006890692
1,1,0.9988463
1,1,0.98144275
1,1,0.9982134
1,1,0.997479
0,0,0.0045169396
1,1,0.9982134
1,1,0.7956409
0,0,0.006890692
1,0,0.34218997
0,0,0.006890692
1,1,0.8373715
1,1,0.99520504
0,0,0.006890692
1,1,0.9980786
0,0,0.006890692
1,1,0.9982134
0,0,0.006890692
0,1,0.511797
1,1,0.997479
1,1,0.99806064
1,1,0.9982134
0,0,0.006890692
0,0,0.31135172
0,0,0.006890692
0,0,0.006890692
0,0,0.006890692
0,0,0.006890692
0,0,0.32443058
1,1,0.957285
0,0,0.0071341437
1,1,0.9982134
0,0,0.006890692
0,0,0.0058409963
0,0,0.006890692
1,1,0.99806064
1,1,0.70796406
1,1,0.920771
0,0,0.006890692
0,0,0.006890692
0,0,0.008163164
1,1,0.55651325
1,1,0.99562484
0,0,0.006890692
1,1,0.9821437
1,1,0.98144275
0,0,0.012606121
1,1,0.9982134
1,1,0.98144275
0,0,0.006890692
0,0,0.006890692
1,1,0.98144275
0,0,0.006890692
0,0,0.012673741
0,0,0.006890692
0,0,0.006890692
1,1,0.99806064
1,1,0.997479
1,1,0.98144275
0,1,0.54538167
0,0,0.006890692
1,1,0.997479
1,1,0.96406
0,0,0.006890692
1,1,0.9978751
0,0,0.012606121
0,0,0.006890692
1,1,0.9982134
0,0,0.006890692
0,0,0.053250097
1,1,0.9988463
0,0,0.006890692
0,0,0.052190192
0,0,0.006890692
1,1,0.98144275
0,0,0.006890692
0,0,0.006890692
0,0,0.006890692
1,1,0.98144275
0,0,0.006890692
1,1,0.9978847
0,0,0.006890692
0,0,0.006890692
0,0,0.006890692
1,1,0.9983115
0,0,0.006890692
0,0,0.022073744
1,1,0.9982134
1,1,0.9244232
1,1,0.9982134
1,1,0.8943541
0,0,0.006890692
1,1,0.9010547
1,1,0.98144275
1,1,0.9982134
1,1,0.9982134
0,0,0.006890692
1,1,0.96718174
0,0,0.07225921
1,1,0.9988187
0,0,0.006890692
0,0,0.006890692
0,0,0.006890692
0,0,0.006890692
0,0,0.006890692
1,1,0.94976395
1,1,0.96406
1,1,0.9982134
1,1,0.997479
0,0,0.006890692
1,1,0.98144275
0,0,0.006890692
0,0,0.006890692
0,0,0.006890692
0,0,0.0058409963
1,1,0.9982134
1,1,0.920771
1,1,0.9982134
0,0,0.006890692
0,0,0.006890692
1,1,0.8950549
1,1,0.98144275
0,0,0.006890692
1,1,0.9982134
1,1,0.9982134
0,0,0.006890692
0,0,0.006890692
0,0,0.006890692
0,0,0.006890692
1,1,0.98432946
0,0,0.13863507
0,0,0.006890692
1,1,0.99819416
1,1,0.9982134
1,1,0.9982134
1,1,0.9982134
0,0,0.006890692
0,0,0.006890692
1,1,0.8251753
0,0,0.006890692
0,0,0.02676846
1,1,0.9982134
1,1,0.997479
1,1,0.9982134
1,1,0.997479
1,1,0.997479
1,1,0.9988187
1,1,0.9982134
1,1,0.9834171
0,0,0.006890692
0,0,0.006890692
1,1,0.9982134
0,0,0.006890692
1,1,0.9982134
1,1,0.94319093
1,1,0.9982134
1,1,0.9394023
1,1,0.997479
0,0,0.015991174
1,1,0.99806064
0,0,0.006890692
0,0,0.006890692
1,1,0.99806064
1,1,0.98144275
0,0,0.0058409963
0,0,0.006890692
1,1,0.9386546
0,0,0.006890692
0,0,0.021027617
1,1,0.997479
1,1,0.99806064
0,0,0.006890692
0,0,0.006890692
1,1,0.98144275
0,0,0.006890692
1,0,0.006890692
1,0,0.37451702
1,1,0.99806064
1,1,0.9982134
1,1,0.9010547
0,0,0.006890692
1,1,0.9982134
0,0,0.006890692
1,1,0.9982134
1,1,0.9978847
1,1,0.9982134
1,1,0.997479
1,1,0.99806064
0,0,0.006890692
1,1,0.997479
1,1,0.98144275
1,1,0.9980786
1,1,0.9982134
0,0,0.005867371
1,1,0.997479
0,0,0.006890692
0,0,0.006890692
0,0,0.006890692
0,0,0.0070995945
0,0,0.006890692
0,0,0.007507198
0,0,0.007224325
1,1,0.9982134
1,1,0.95182395
0,0,0.006890692
0,0,0.006890692
1,1,0.997479
1,1,0.98144275
0,0,0.006890692
1,1,0.89675707
0,0,0.021027617
0,0,0.006890692
1,1,0.9976019
0,0,0.006890692
0,0,0.005234167
1,1,0.997479
0,0,0.006890692
1,1,0.99806064
1,1,0.99806064
0,0,0.006890692
0,0,0.006890692
1,1,0.999041
1,1,0.99726886
0,0,0.006890692
1,1,0.997479
0,0,0.006890692
0,0,0.010481783
1,1,0.98144275
0,0,0.006890692
1,1,0.99806064
0,0,0.006890692
1,1,0.9982134
1,1,0.99806064
0,0,0.006890692
1,1,0.9982134
0,0,0.006890692
0,0,0.006890692
1,1,0.9834171
0,0,0.006890692
0,0,0.09975134
0,0,0.006890692
1,1,0.99806064
0,0,0.006890692
1,1,0.9812166
0,0,0.006890692
1,1,0.98144275
0,0,0.006890692
0,0,0.006890692
1,1,0.5947657
0,0,0.022073744
1,1,0.98144275
0,0,0.006890692
1,1,0.7956409
0,0,0.006890692
1,1,0.9982134
0,0,0.006890692
1,1,0.99806064
1,1,0.99806064
0,0,0.006890692
1,1,0.8211712
1,1,0.94319093
0,0,0.021027617
0,0,0.006890692
0,0,0.006890692
1,1,0.99806064
0,0,0.006890692
1,1,0.9982134
0,0,0.006890692
1,1,0.9982134
1,1,0.99806064
1,1,0.99806064
0,0,0.006890692
1,1,0.9982134
0,0,0.006890692
1,1,0.9982134
0,0,0.006890692
1,1,0.7956409
1,1,0.99819404
1,1,0.99806064
1,1,0.9980786
0,0,0.006890692
1,1,0.98144275
1,1,0.9010547
1,1,0.99806064
0,0,0.006890692
0,0,0.007623591
1,1,0.99806064
1,1,0.997479
0,0,0.021946318
0,0,0.006890692
1,1,0.99806064
0,0,0.006890692
0,0,0.006890692
1,1,0.96406
0,0,0.0058409963
1,1,0.9982134
0,0,0.006890692
1,1,0.8649465
1,1,0.9982134
0,0,0.006890692
1,1,0.9982134
1,1,0.77658165
1,1,0.6372025
0,0,0.006890692
1,1,0.928427
0,0,0.006890692
0,0,0.006890692
0,0,0.0070995945
1,1,0.99806064
1,1,0.96406
1,1,0.99806064
0,0,0.006890692
0,0,0.006890692
1,1,0.94319093
1,1,0.98144275
1,1,0.997479
0,0,0.006890692
1,1,0.9982134
1,1,0.9244232
1,1,0.9553776
1,1,0.9982134
1,1,0.99806064
1,1,0.9982134
0,0,0.008930976
1,1,0.98144275
1,1,0.9987238
0,0,0.006890692
0,0,0.006890692
1,0,0.11235705
0,0,0.006890692
0,1,0.55675405
0,0,0.006890692
1,1,0.9982134
0,0,0.006890692
0,0,0.2593476
1,1,0.9982134
0,0,0.11555608
0,0,0.006890692
1,1,0.9290916
0,0,0.006890692
0,0,0.0070995945
1,1,0.99806064
1,1,0.920771
1,1,0.98144275
0,0,0.006890692
1,1,0.928427
1,1,0.997479
0,0,0.006890692
1,1,0.997479
1,1,0.9982134
0,0,0.006890692
1,1,0.98144275
1,1,0.99806064
0,0,0.0058409963
0,0,0.006890692
1,1,0.6919297
1,1,0.9980786
0,0,0.006890692
1,1,0.9982134
1,1,0.9982134
1,1,0.99806064
1,1,0.82476467
1,1,0.99806064
0,0,0.3853523
0,0,0.006890692
1,1,0.9982134
0,0,0.006890692
1,1,0.99803656
1,1,0.91382456
0,0,0.008163164
1,1,0.9982134
0,0,0.006890692
1,1,0.8783048
0,0,0.006890692
0,0,0.006890692
1,1,0.86793077
1,1,0.9982134
0,0,0.006890692
1,1,0.9982134
1,1,0.997479
0,0,0.02676846
0,0,0.006890692
0,0,0.006890692
0,0,0.006890692
1,1,0.8950549
1,1,0.99806064
1,1,0.9982134
0,0,0.021027617
1,1,0.96406
0,0,0.006890692
1,1,0.9987122
1,1,0.997479
1,1,0.98144275
0,0,0.006890692
0,0,0.006890692
0,0,0.006890692
0,0,0.006890692
1,1,0.997479
1,1,0.920771
1,1,0.997479
0,0,0.021027617
1,1,0.920771
1,1,0.8717946
1,1,0.99806064
0,0,0.0068172654
0,0,0.006890692
0,0,0.006890692
1,1,0.9982134
0,0,0.006890692
1,1,0.997479
1,1,0.95605224
0,0,0.006890692
1,1,0.8550255
0,0,0.006890692
0,0,0.006890692
1,1,0.99710315
0,0,0.0033168225
0,0,0.005234167
0,0,0.006890692
0,0,0.006890692
1,1,0.9982134
0,0,0.006890692
1,1,0.9970605
0,0,0.006890692
0,0,0.006890692
0,0,0.006890692
0,0,0.24726099
1,1,0.94319093
0,0,0.006890692
1,0,0.021707088
1,1,0.9988644
0,0,0.006890692
0,0,0.006890692
0,0,0.010696916
1,1,0.9982134
1,1,0.9982134
1,1,0.9100352
0,0,0.006890692
1,1,0.9982134
0,0,0.006890692
0,0,0.006890692
1,1,0.997479
0,0,0.004189097
1,1,0.928427
0,0,0.006890692
1,1,0.788546
1,1,0.9982134
0,0,0.006890692
1,1,0.9982134
1,1,0.9982134
0,0,0.006890692
1,1,0.98144275
0,0,0.006890692
0,0,0.006890692
0,0,0.006890692
1,1,0.874724
1,1,0.98144275
1,1,0.9983005
0,0,0.006890692
0,0,0.0058409963
0,1,0.920771
1,1,0.9982134
0,0,0.006890692
0,0,0.2176866
0,1,0.82476467
0,0,0.006890692
1,1,0.98144275
1,1,0.997479
1,1,0.99806064
0,0,0.006890692
0,0,0.0058409963
0,0,0.006890692
0,0,0.02165756
0,0,0.012673741
1,1,0.74044603
1,1,0.9982134
0,0,0.006890692
1,1,0.9982134
1,1,0.99819404
1,1,0.99806064
1,1,0.9970356
0,0,0.006890692
0,0,0.006890692
0,0,0.006890692
0,0,0.006890692
0,0,0.2176866
1,1,0.99806064
0,0,0.006890692
0,0,0.006890692
0,0,0.006890692
1,1,0.99806064
1,1,0.9982134
1,1,0.95605224
1,1,0.9982134
0,0,0.007507198
1,1,0.9988187
0,0,0.007623591
1,1,0.55675405
0,0,0.006890692
0,0,0.006890692
0,0,0.006890692
1,1,0.9982134
1,1,0.9982134
0,0,0.006890692
0,0,0.006890692
0,0,0.006890692
0,0,0.011356525
0,0,0.0058409963
1,1,0.98144275
0,0,0.006890692
0,0,0.006890692
1,1,0.94319093
1,1,0.9982134
0,0,0.006890692
1,1,0.920771
1,0,0.44202355
0,0,0.006890692
1,1,0.9982134
1,0,0.25949547
1,1,0.99806064
1,1,0.95084184
0,0,0.006890692
0,0,0.006890692
1,1,0.9982134
1,1,0.997479
0,0,0.006890692
0,0,0.006890692
1,1,0.99806064
0,0,0.006890692
1,1,0.99841297
0,0,0.052704915
0,1,0.5982573
1,1,0.997479
0,0,0.006890692
1,1,0.9982134
0,0,0.006890692
0,0,0.006890692
1,1,0.9386546
1,1,0.9982134
1,1,0.902781
0,0,0.2075459
1,1,0.9010547
0,0,0.006890692
0,0,0.006890692
1,1,0.7956409
0,0,0.0083953105
0,0,0.006890692
0,0,0.006890692
1,1,0.9982134
1,1,0.9874165
1,1,0.997479
0,0,0.022073744
1,1,0.9982134
1,1,0.95605224
0,1,0.96406
1,1,0.8950549
0,0,0.006890692
0,0,0.006890692
1,1,0.99858034
1,1,0.98144275
0,0,0.022073744
1,1,0.9982134
1,1,0.9982134
1,1,0.9982134
1,1,0.8990304
0,0,0.006890692
1,1,0.9982134
1,1,0.99806064
0,0,0.0071341437
1,1,0.9244232
1,1,0.86793077
0,0,0.02165756
0,0,0.006890692
0,0,0.006890692
1,1,0.997479
1,1,0.866342
1,1,0.92129284
0,0,0.006890692
1,1,0.9188319
0,0,0.021027617
1,1,0.8950549
0,0,0.006890692
1,1,0.9386546
0,0,0.006890692
0,0,0.006890692
1,1,0.99819404
1,1,0.98144275
0,0,0.012495282
0,0,0.006890692
0,0,0.006890692
1,1,0.9982134
1,1,0.7956409
0,0,0.006890692
1,1,0.957285
1,1,0.99806064
0,0,0.006890692
1,1,0.9982134
0,0,0.006890692
0,0,0.006890692
0,0,0.006890692
0,0,0.006890692
0,0,0.006890692
0,0,0.006890692
0,0,0.006890692
1,1,0.9982134
0,0,0.006890692
0,0,0.009415164
1,1,0.9982134
0,0,0.006890692
1,1,0.99806064
1,1,0.99806064
0,0,0.006890692
1,1,0.96406
1,1,0.9982134
0,0,0.006890692
0,0,0.006890692
0,0,0.006890692
0,0,0.006890692
0,0,0.006890692
1,1,0.99806064
1,1,0.9982134
0,0,0.28341854
1,1,0.9824843
0,0,0.006890692
0,0,0.006890692
0,0,0.006890692
1,1,0.99806064
0,0,0.006890692
1,1,0.9982134
0,0,0.021027617
0,0,0.006890692
0,0,0.006890692
1,1,0.99806064
0,0,0.006890692
1,1,0.94319093
0,0,0.007361134
1,1,0.99806064
1,1,0.9982134
0,0,0.006890692
1,1,0.7956781
0,0,0.006890692
1,1,0.98548824
1,1,0.96473986
0,0,0.014382343
0,0,0.02165756
1,1,0.9982134
1,1,0.9982134
1,1,0.997479
0,0,0.006890692
1,1,0.99806064
0,0,0.0073113735
0,0,0.006890692
1,1,0.9826318
0,0,0.25949547
1,1,0.9982134
0,0,0.008163164
1,1,0.99806064
0,0,0.006890692
1,1,0.9982134
0,0,0.006890692
0,0,0.006890692
0,0,0.006890692
1,1,0.99806064
0,0,0.006890692
0,0,0.006890692
1,1,0.94319093
0,0,0.006890692
1,1,0.8649465
0,0,0.006890692
1,1,0.9979468
1,1,0.9886565
1,1,0.9980786
0,0,0.006890692
0,0,0.006890692
1,1,0.997479
1,1,0.8966837
0,0,0.006890692
1,0,0.006890692
0,0,0.006890692
1,1,0.99852425
0,0,0.006890692
0,0,0.007257942
0,0,0.006890692
0,0,0.036574103
0,0,0.006890692
1,1,0.9986904
0,0,0.006890692
1,1,0.65439284
0,0,0.006890692
1,1,0.9982134
1,1,0.9822986
0,0,0.006890692
0,0,0.006890692
1,1,0.9982134
0,0,0.006890692
0,0,0.32443058
0,0,0.006890692
0,0,0.006890692
1,1,0.99806064
1,1,0.99806064
1,1,0.9982134
0,0,0.006890692
1,1,0.96406
1,1,0.69005126
1,1,0.9982134
1,1,0.9982134
1,1,0.9982134
0,0,0.006890692
1,1,0.9982134
0,0,0.0058409963
1,1,0.9982134
0,0,0.006890692
0,0,0.006890692
1,1,0.9982134
0,0,0.006890692
0,0,0.006890692
0,0,0.02887488
1,1,0.75518996
1,1,0.84788185
1,1,0.99806064
1,1,0.9980786
1,1,0.9983005
0,0,0.0070995945
0,0,0.006890692
1,1,0.997479
0,0,0.006890692
1,1,0.997479
1,1,0.98366654
0,0,0.006890692
0,0,0.006890692
0,0,0.006890692
0,0,0.006890692
1,1,0.9982134
0,0,0.006890692
1,1,0.997479
0,0,0.006890692
0,0,0.014382343
0,0,0.006890692
0,0,0.0058409963
0,0,0.006890692
1,1,0.9982134
1,1,0.9858602
1,1,0.7956409
0,0,0.006890692
1,1,0.997479
0,0,0.006890692
1,1,0.9386546
1,1,0.99819404
1,1,0.9980786
1,1,0.95084184
1,1,0.82476467
1,1,0.9980786
0,0,0.006890692
1,1,0.94319093
1,1,0.9980786
1,1,0.997479
1,1,0.9898864
0,0,0.006890692
0,0,0.007224325
1,1,0.9980786
0,0,0.006890692
1,1,0.99806064
1,1,0.9980786
0,0,0.006890692
1,1,0.997479
0,0,0.006890692
1,1,0.99806064
1,1,0.98144275
0,0,0.006890692
0,0,0.006890692
1,1,0.9982134
0,0,0.012372744
0,0,0.006890692
1,1,0.9982134
0,0,0.022073744
0,0,0.006890692
0,0,0.11519094
1,1,0.920771
0,0,0.006890692
0,0,0.006890692
1,1,0.99806064
0,0,0.33118024
0,0,0.09478113
1,1,0.9982134
0,0,0.006890692
0,0,0.006890692
0,0,0.006890692
0,0,0.048868906
1,1,0.85935485
0,0,0.006890692
0,1,0.5982573
1,1,0.9982134
1,1,0.997479
0,0,0.04269731
1,1,0.99806064
1,1,0.9983297
1,1,0.9982134
0,0,0.006890692
0,0,0.006890692
1,1,0.8855769
1,1,0.997479
0,0,0.006890692
1,1,0.98884445
1,1,0.99806064
0,0,0.006890692
1,1,0.99806064
1,1,0.997479
0,0,0.006890692
0,0,0.1918683
1,1,0.8717946
0,0,0.006890692
0,0,0.006890692
0,0,0.022073744
1,0,0.3867491
0,0,0.006890692
1,1,0.9982134
0,0,0.006890692
0,0,0.0058409963
0,0,0.016089637
1,1,0.9982134
0,0,0.006890692
0,0,0.006890692
0,0,0.14540355
0,0,0.006890692
1,1,0.9982134
0,0,0.006890692
1,1,0.99806064
1,1,0.82476467
1,1,0.97832346
1,1,0.99790984
1,1,0.9982134
1,1,0.99806064
0,0,0.006890692
0,0,0.006890692
1,1,0.997479
1,1,0.9982134
0,0,0.210425
0,0,0.006890692
0,1,0.7993258
1,1,0.997479
0,0,0.021027617
0,0,0.059737355
1,1,0.997479
0,0,0.006890692
1,1,0.9982134
1,1,0.997479
0,0,0.006890692
0,0,0.006890692
0,0,0.014382343
0,0,0.006890692
1,1,0.9982134
0,0,0.11185603
1,1,0.9982134
1,1,0.68147993
0,0,0.007224325
0,0,0.006890692
0,0,0.006890692
1,1,0.9982134
0,0,0.006890692
0,0,0.006890692
0,0,0.006890692
0,0,0.10042015
1,1,0.98144275
0,0,0.25246468
1,1,0.957285
1,1,0.9717092
1,1,0.9982134
0,0,0.006890692
1,1,0.9982134
0,0,0.006890692
1,1,0.9982134
1,1,0.99819416
1,1,0.9982134
1,1,0.99806064
1,1,0.874724
1,1,0.9982134
0,0,0.006890692
0,0,0.2758659
0,0,0.006890692
1,1,0.9982134
1,1,0.997479
0,0,0.006890692
0,0,0.2176866
1,1,0.99806064
0,0,0.006890692
1,0,0.021322424
0,0,0.006890692
0,0,0.0070995945
1,1,0.95605224
1,1,0.98144275
0,0,0.006890692
1,1,0.7993258
1,1,0.9982134
0,0,0.006890692
1,1,0.75255483
0,0,0.006890692
1,1,0.9244232
1,1,0.9982134
0,0,0.006890692
1,1,0.9982134
1,1,0.9982134
0,1,0.84788185
1,1,0.98144275
1,1,0.9982134
0,0,0.006890692
1,1,0.8211712
0,0,0.021027617
0,0,0.006890692
1,1,0.99806064
1,1,0.94710815
0,0,0.006890692
1,1,0.9980786
0,1,0.84788185
0,0,0.006890692
0,0,0.006890692
0,0,0.043911662
1,1,0.9982134
1,1,0.9982134
1,1,0.6791778
0,0,0.0064830706
0,0,0.006890692
0,0,0.4327504
1,1,0.9982134
1,1,0.99806064
0,0,0.006890692
0,1,0.7034996
1,1,0.96406
0,0,0.006890692
1,1,0.98144275
1,1,0.9982134
1,1,0.9982134
1,1,0.997479
1,1,0.9982134
1,1,0.89947826
0,0,0.006890692
1,1,0.82476467
0,0,0.006890692
1,1,0.928427
1,1,0.9988463
1,1,0.9010547
0,0,0.006890692
0,0,0.006890692
0,0,0.006890692
1,1,0.94319093
1,1,0.77658165
1,1,0.9834171
0,0,0.006890692
0,0,0.006890692
1,1,0.9982134
1,1,0.98144275
0,0,0.006890692
1,1,0.99819404
1,1,0.96406
1,1,0.98144275
1,1,0.99806064
0,0,0.006890692
1,1,0.98144275
0,0,0.006890692
1,1,0.99806064
0,0,0.006890692
0,0,0.006890692
0,0,0.006890692
1,1,0.9982134
0,0,0.006890692
0,0,0.006890692
1,1,0.96406
0,0,0.006890692
1,1,0.9980786
1,1,0.9982134
1,1,0.997479
1,1,0.99806064
1,1,0.94540083
0,0,0.1888707
0,0,0.006890692
0,1,0.8871582
0,0,0.006890692
0,0,0.021027617
0,0,0.006890692
1,1,0.9982134
1,1,0.99832815
1,1,0.9982134
1,1,0.997479
0,0,0.006890692
1,1,0.9982134
0,0,0.006890692
1,1,0.9982134
1,1,0.997479
0,0,0.006890692
0,0,0.006890692
0,0,0.006890692
1,1,0.5529827
0,0,0.02570715
1,1,0.99806064
1,1,0.9982134
0,0,0.006890692
1,1,0.997479
0,0,0.006890692
1,1,0.9981851
0,0,0.006890692
1,1,0.9507653
0,0,0.021027617
1,1,0.9982134
1,1,0.9982134
1,1,0.9507653
0,0,0.006890692
0,0,0.0857212
1,1,0.9979627
1,1,0.9982134
0,0,0.006890692
1,1,0.9982134
0,0,0.006890692
1,1,0.9982134
1,1,0.99767023
1,1,0.99806064
0,0,0.0024852762
0,0,0.006890692
0,0,0.006890692
0,0,0.006890692
0,0,0.116466746
0,0,0.006890692
0,0,0.08840414
1,1,0.9982134
1,1,0.74044603
1,1,0.99872655
0,0,0.02676846
0,0,0.006890692
1,1,0.9982134
0,0,0.006890692
1,1,0.9982134
0,0,0.006890692
0,0,0.006890692
0,0,0.006890692
0,0,0.006890692
0,0,0.006890692
1,1,0.6873926
0,0,0.0058409963
1,1,0.96406
1,1,0.9972892
0,0,0.006890692
0,0,0.006890692
0,0,0.006890692
0,0,0.006890692
1,1,0.9982134
0,0,0.006890692
1,1,0.99757105
1,1,0.99806064
1,1,0.99858034
1,1,0.94540083
1,1,0.997479
0,0,0.006890692
1,1,0.920771
1,1,0.89746374
1,1,0.997479
1,1,0.9982134
1,0,0.37646586
1,1,0.99844754
0,0,0.006890692
1,1,0.9982134
0,0,0.034271054
1,1,0.8897261
0,0,0.006890692
1,1,0.9982134
1,1,0.9982134
1,1,0.997479
0,0,0.008930976
0,0,0.006890692
1,1,0.9982134
1,1,0.9983115
1,1,0.96406
1,1,0.79474485
1,1,0.9244232
1,1,0.96406
1,1,0.98144275
0,0,0.21075375
1,1,0.93567675
1,1,0.997479
0,0,0.02165756
1,1,0.9982134
0,0,0.008163164
0,0,0.006890692
1,1,0.9982134
0,0,0.006890692
1,1,0.9982134
0,0,0.006890692
0,0,0.014382343
0,1,0.8783048
0,0,0.006890692
1,1,0.9198871
0,0,0.006890692
1,1,0.9982134
0,0,0.021946318
1,1,0.99832815
1,1,0.8783048
1,1,0.9990095
0,0,0.008152473
1,1,0.98144275
1,1,0.98144275
0,0,0.006890692
1,1,0.99806064
0,0,0.006890692
1,1,0.98144275
1,1,0.92351997
0,0,0.006890692
1,1,0.9982134
1,1,0.9982134
1,0,0.4034699
0,0,0.006890692
1,1,0.9982134
1,1,0.98144275
1,1,0.9989796
0,0,0.006890692
0,0,0.006890692
0,1,0.7806831
1,1,0.98144275
0,0,0.007623591
1,1,0.9980786
1,1,0.9982134
0,1,0.96406
0,0,0.006890692
1,1,0.82079446
1,1,0.99806064
0,0,0.0036871047
1,1,0.928427
0,0,0.006890692
0,0,0.016548319
1,0,0.006890692
1,1,0.997479
1,1,0.99806064
1,1,0.997479
1,1,0.997479
1,1,0.98144275
0,0,0.007623591
0,0,0.006890692
1,1,0.9242803
1,1,0.9982134
0,0,0.006890692
1,1,0.9982134
0,0,0.006890692
1,1,0.99806064
0,0,0.006890692
0,0,0.006890692
0,1,0.6037287
1,1,0.9982134
1,1,0.997479
1,1,0.9982134
1,1,0.997479
1,1,0.9982134
1,0,0.006890692
1,1,0.9982134
1,1,0.99229175
0,0,0.008163164
1,1,0.9244232
1,1,0.99806064
1,1,0.9618547
0,0,0.007623591
1,1,0.96406
1,1,0.9982134
1,1,0.9982134
0,0,0.012673741
0,1,0.7956409
1,1,0.90695196
0,0,0.016089637
0,0,0.006890692
0,0,0.006890692
1,1,0.9982134
0,0,0.006890692
0,0,0.006890692
0,0,0.006890692
0,0,0.006890692
1,1,0.94540083
1,1,0.98144275
0,0,0.006890692
1,1,0.9982134
1,1,0.9100352
0,0,0.006890692
0,0,0.006890692
0,0,0.052704915
0,0,0.006890692
0,0,0.006890692
1,1,0.99806064
1,1,0.96406
0,0,0.006890692
0,0,0.006890692
0,0,0.006890692
0,0,0.007297546
1,1,0.6037287
1,1,0.94568914
1,1,0.9714887
1,1,0.9610564
0,0,0.006890692
1,1,0.9982134
1,1,0.9988463
0,0,0.006890692
1,1,0.98849815
1,1,0.99806064
0,0,0.009699092
1,0,0.2678092
0,0,0.07168243
1,1,0.920771
1,1,0.9982134
1,1,0.9507653
0,0,0.047578916
1,1,0.99827003
1,1,0.98144275
1,1,0.9982134
1,1,0.997479
0,0,0.006890692
0,0,0.051527057
0,0,0.006890692
1,1,0.9982134
1,1,0.99806064
0,0,0.006890692
0,0,0.0058409963
0,0,0.006890692
1,1,0.9982134
0,0,0.006890692
1,1,0.99806064
0,0,0.006890692
1,1,0.99806064
0,0,0.006890692
0,0,0.006890692
0,0,0.006890692
0,0,0.006890692
1,1,0.9242803
0,1,0.9386546
0,0,0.0042489325
1,1,0.98659223
0,0,0.006890692
1,1,0.9982134
1,1,0.96406
0,0,0.006890692
1,1,0.98144275
1,1,0.92994523
1,1,0.9982134
0,0,0.006890692
1,1,0.9982134
1,1,0.9982134
0,0,0.006890692
0,0,0.027565548
1,1,0.91382456
0,0,0.006890692
1,1,0.9982134
1,1,0.9982134
1,1,0.99806064
0,0,0.006890692
1,1,0.997479
0,0,0.006890692
0,0,0.006890692
0,0,0.006890692
0,0,0.006890692
1,1,0.99806064
0,0,0.006890692
1,1,0.99806064
0,0,0.012495282
0,0,0.006890692
0,0,0.051527057
0,0,0.036574103
1,1,0.98144275
1,1,0.997479
1,1,0.99806064
1,1,0.9244232
1,1,0.99806064
0,1,0.7969222
0,0,0.006890692
0,0,0.006890692
1,1,0.997479
0,1,0.8950549
1,1,0.99819404
1,1,0.920771
1,1,0.9982134
0,0,0.21140085
0,0,0.006890692
0,0,0.16466671
0,0,0.006890692
1,1,0.997479
1,1,0.9982134
0,0,0.006890692
1,1,0.99806064
1,1,0.9979144
0,1,0.6791778
1,1,0.99744785
1,1,0.9982134
1,1,0.9983728
1,1,0.920771
0,0,0.39873806
0,0,0.006890692
1,1,0.9982134
1,1,0.9982134
0,0,0.006890692
0,0,0.006890692
0,0,0.006890692
0,0,0.006890692
0,0,0.006890692
0,0,0.006890692
1,1,0.997479
0,0,0.052190192
1,1,0.9979565
0,0,0.006890692
0,0,0.006890692
0,0,0.006890692
1,1,0.99327385
0,0,0.006890692
0,0,0.006890692
0,0,0.006890692
1,1,0.98144275
0,0,0.0042489325
1,1,0.95605224
0,0,0.006890692
0,0,0.006890692
1,1,0.997479
1,1,0.8649465
0,0,0.021027617
0,0,0.20694888
1,1,0.997479
1,1,0.9982134
1,1,0.9982134
0,0,0.006890692
1,1,0.9982134
0,0,0.006890692
0,0,0.006890692
0,0,0.006890692
0,0,0.051527057
0,0,0.018251406
0,0,0.006890692
0,0,0.006890692
1,1,0.9982134
1,1,0.99806064
1,1,0.96406
1,1,0.8950549
0,0,0.006890692
0,0,0.006890692
0,0,0.006890692
1,1,0.9982134
1,1,0.957285
1,1,0.9982134
0,0,0.006890692
0,0,0.008163164
1,1,0.9982134
0,0,0.02180721
1,1,0.57238054
0,0,0.006890692
1,1,0.95605224
1,1,0.9386546
1,1,0.98366654
1,1,0.920771
0,0,0.006890692
1,1,0.8717946
1,0,0.3424129
1,1,0.99806064
1,1,0.99806064
1,1,0.98144275
0,0,0.006890692
0,0,0.006890692
0,0,0.006890692
1,1,0.99806064
0,0,0.0058409963
1,1,0.9982134
1,1,0.9982134
1,1,0.9982134
0,0,0.006890692
0,0,0.006890692
0,0,0.006890692
1,1,0.997479
0,0,0.007224325
1,1,0.997479
0,0,0.006890692
0,0,0.006890692
0,0,0.006890692
0,0,0.006890692
1,1,0.9988463
1,1,0.96406
1,1,0.9982128
1,1,0.9982134
0,0,0.006890692
1,1,0.98659223
0,0,0.19369328
1,1,0.9869055
0,0,0.47080025
0,0,0.056051835
0,0,0.006890692
0,1,0.74044603
0,0,0.006890692
0,0,0.007507198
1,1,0.96406
0,0,0.006890692
1,1,0.98144275
0,0,0.006890692
0,0,0.006890692
1,1,0.9982134
0,0,0.006890692
0,0,0.0068177786
0,0,0.006890692
1,1,0.9982134
0,0,0.006890692
1,1,0.997479
1,1,0.9982134
1,1,0.95605224
1,1,0.998331
0,1,0.8251753
0,1,0.75518996
0,0,0.006890692
1,1,0.9982134
0,0,0.006890692
1,1,0.7910538
1,1,0.9982134
0,0,0.006890692
1,0,0.13281742
0,1,0.920771
1,0,0.11476144
0,0,0.006890692
1,1,0.9982134
0,0,0.006890692
1,1,0.96406
1,1,0.98144275
0,0,0.006890692
1,1,0.98144275
0,0,0.006890692
0,0,0.006890692
1,1,0.9982134
1,1,0.99806064
0,0,0.017849624
0,0,0.006890692
0,0,0.006890692
0,1,0.928427
1,1,0.9458735
0,0,0.006890692
0,1,0.94319093
1,1,0.920771
1,1,0.97649574
1,1,0.9276834
1,1,0.9813239
0,0,0.0040796916
0,0,0.006890692
0,0,0.41921082
1,1,0.9982134
0,0,0.0068172654
1,1,0.9982134
1,1,0.99806064
0,0,0.006890692
1,1,0.99773127
0,0,0.006890692
1,1,0.997479
1,1,0.9970849
1,1,0.9982134
1,1,0.9982134
0,0,0.053250097
1,1,0.997479
1,1,0.9982134
1,1,0.997479
0,0,0.006890692
0,0,0.006890692
0,0,0.006890692
0,0,0.006890692
0,0,0.006890692
0,0,0.007286694
1,1,0.9982134
0,0,0.006890692
0,0,0.006890692
0,0,0.006890692
0,0,0.011356525
1,1,0.9982134
1,1,0.94319093
1,1,0.9982134
0,0,0.006890692
0,0,0.006890692
0,0,0.006890692
1,1,0.99806064
0,0,0.008740421
1,1,0.98144275
1,1,0.9982134
1,1,0.99806064
1,1,0.9982134
1,1,0.9982134
1,1,0.9982134
0,0,0.006890692
1,1,0.99464333
1,1,0.9982134
1,1,0.98144275
1,1,0.9982134
0,0,0.006890692
0,0,0.0058409963
1,1,0.98144275
0,0,0.006890692
1,1,0.99806064
1,1,0.96406
0,0,0.042097293
1,1,0.9982134
0,0,0.006890692
0,0,0.006890692
0,0,0.006890692
1,1,0.957285
1,1,0.997479
1,1,0.9982134
0,0,0.006890692
0,0,0.006890692
0,0,0.006890692
0,0,0.006890692
1,1,0.9988187
1,1,0.99806064
0,0,0.006890692
0,0,0.006890692
0,0,0.006890692
1,1,0.997479
1,1,0.9982134
0,0,0.0068172654
1,1,0.928427
0,0,0.0058409963
0,0,0.25949547
0,0,0.006890692
0,0,0.006890692
0,0,0.006890692
0,0,0.006890692
1,0,0.2795963
1,1,0.9982134
1,1,0.99806064
0,0,0.006890692
0,0,0.006890692
1,1,0.56744504
0,0,0.006890692
0,0,0.006890692
1,1,0.9100352
1,1,0.84678954
1,1,0.997479
0,0,0.006890692
1,1,0.98144275
0,0,0.006890692
1,1,0.9983297
0,0,0.006890692
0,0,0.111611836
1,1,0.9969137
1,1,0.9982134
1,1,0.99806064
0,0,0.006890692
1,1,0.9982134
0,0,0.006890692
1,1,0.997479
0,0,0.006890692
1,0,0.18937588
1,1,0.9982134
0,0,0.006890692
1,1,0.99832815
1,1,0.75518996
1,1,0.7908712
0,0,0.006890692
1,1,0.997479
1,1,0.9982134
1,1,0.8071106
1,1,0.9982134
1,1,0.99806064
1,1,0.9982134
1,1,0.98144275
1,1,0.99806064
1,1,0.99806064
0,0,0.041018594
1,1,0.9982134
0,0,0.113887064
0,1,0.62054473
1,1,0.920771
0,0,0.006890692
0,0,0.0058409963
1,1,0.99806064
0,0,0.006890692
0,0,0.006890692
1,1,0.9982134
0,0,0.006890692
0,0,0.048964493
0,0,0.006890692
0,0,0.100946955
1,1,0.9982134
0,0,0.015992831
0,0,0.006890692
0,0,0.0070995945
0,0,0.006890692
0,0,0.006890692
0,0,0.006890692
0,0,0.052730344
1,1,0.7956409
0,0,0.006890692
1,1,0.9982134
1,1,0.98144275
1,1,0.997479
1,1,0.96406
0,0,0.006890692
1,1,0.98144275
0,0,0.006890692
0,0,0.006890692
1,1,0.9982134
1,1,0.9982134
1,0,0.006890692
1,1,0.9983718
1,1,0.9982134
0,0,0.006890692
1,1,0.8176324
0,0,0.006890692
1,1,0.98144275
1,1,0.9986733
0,0,0.006890692
0,0,0.006890692
1,1,0.68639255
1,1,0.920771
1,1,0.82294255
0,0,0.006890692
0,0,0.025391694
1,1,0.9982134
1,1,0.9982134
0,0,0.0083953105
0,1,0.68237567
1,1,0.9982134
0,0,0.02740807
0,0,0.006890692
0,0,0.006890692
1,1,0.9983718
1,1,0.9982134
0,1,0.66864777
1,1,0.8855769
1,1,0.97192883
0,0,0.010696916
1,1,0.9834895
1,1,0.99819404
0,0,0.19385596
1,1,0.96440214
0,0,0.051130544
1,1,0.9982134
1,1,0.9386546
0,0,0.007623591
0,0,0.006890692
1,1,0.99806064
0,0,0.006890692
0,0,0.006890692
1,1,0.98144275
1,1,0.9386546
0,0,0.021027617
0,0,0.006890692
0,0,0.10736573
1,1,0.99777126
1,1,0.9982134
1,1,0.99806064
1,1,0.91422546
1,1,0.99806064
0,0,0.006890692
0,0,0.006890692
1,1,0.9982134
1,1,0.788546
1,1,0.9982134
1,1,0.928427
1,1,0.9982134
1,1,0.9507653
0,0,0.005171829
0,0,0.006890692
0,0,0.006890692
1,0,0.2678092
1,1,0.9982134
1,1,0.9982134
1,0,0.47535172
0,0,0.006890692
1,1,0.8950549
1,1,0.9982134
1,1,0.9826318
1,1,0.96406
1,1,0.93357384
1,1,0.961898
0,0,0.006890692
1,1,0.6037287
1,1,0.997479
1,1,0.84678954
1,1,0.98144275
1,1,0.99710315
1,1,0.912134
0,0,0.11519094
1,1,0.98144275
1,1,0.9982134
1,1,0.997479
0,0,0.006890692
1,1,0.9982134
1,1,0.9982134
0,0,0.006890692
1,1,0.997479
0,0,0.006890692
0,0,0.006890692
0,0,0.006890692
1,1,0.99806064
1,1,0.9386546
1,1,0.9982134
1,1,0.99222
0,0,0.006890692
0,0,0.006890692
0,0,0.006890692
1,1,0.9982134
0,0,0.007623591
0,0,0.32564342
0,0,0.021027617
1,1,0.99806064
0,0,0.006890692
1,1,0.95084184
0,0,0.006890692
0,0,0.006890692
1,1,0.8950549
0,0,0.006890692
0,0,0.006890692
1,1,0.976541
0,0,0.006890692
0,0,0.006890692
0,0,0.006890692
1,1,0.9982134
0,1,0.788546
1,1,0.9010547
0,0,0.006890692
0,0,0.006890692
0,0,0.006890692
0,0,0.38322988
1,1,0.997479
0,0,0.006890692
0,0,0.006890692
1,1,0.9982134
0,0,0.006890692
0,0,0.006890692
1,1,0.99806064
0,0,0.0116743
0,1,0.8717946
0,0,0.006890692
1,1,0.9982134
1,1,0.99806064
1,1,0.928427
0,0,0.027565548
0,0,0.006890692
1,1,0.98144275
1,1,0.99852425
1,1,0.99790984
1,1,0.99806064
0,0,0.006890692
1,1,0.997479
1,1,0.9600605
0,0,0.012495282
1,1,0.9981851
0,0,0.006890692
0,0,0.006890692
1,1,0.94540083
1,1,0.997479
1,1,0.9982134
1,1,0.9982134
0,0,0.0071341437
1,1,0.99806064
0,0,0.006890692
1,1,0.997479
1,1,0.99758685
1,1,0.9980786
0,0,0.006890692
1,1,0.79474485
1,1,0.9982134
0,0,0.006890692
0,0,0.0058409963
1,1,0.9988463
0,0,0.006890692
1,1,0.9982134
1,1,0.9386546
0,0,0.010749103
1,1,0.9987476
0,0,0.006890692
0,0,0.03897133
0,0,0.020496743
1,1,0.9982134
0,0,0.006890692
1,1,0.9982134
0,0,0.006890692
1,1,0.5534537
1,1,0.9980786
1,1,0.9982134
1,1,0.96406
0,0,0.006890692
1,0,0.029006759
0,0,0.006890692
0,0,0.006890692
0,0,0.006890692
1,1,0.9982134
0,0,0.006890692
0,0,0.006890692
1,1,0.99806064
0,0,0.006890692
0,0,0.006890692
1,1,0.9158432
1,1,0.98144275
0,0,0.006890692
0,0,0.006890692
1,1,0.99819404
0,0,0.008204624
1,1,0.9982134
0,0,0.006890692
1,1,0.99806064
1,1,0.9982134
0,0,0.021707088
0,0,0.006890692
0,0,0.006890692
0,0,0.006890692
0,0,0.006890692
1,1,0.9967452
1,1,0.9898864
1,1,0.98144275
1,1,0.9244232
1,1,0.9980786
1,1,0.99806064
0,1,0.91382456
0,0,0.006890692
1,1,0.9982134
0,0,0.006890692
1,1,0.9804391
0,0,0.0058409963
0,0,0.006890692
1,1,0.9982134
0,0,0.006890692
1,1,0.9982134
1,1,0.9386546
0,0,0.006890692
1,1,0.7956781
0,0,0.006890692
0,0,0.006890692
0,0,0.008163164
1,1,0.9386546
1,1,0.9982134
0,0,0.015860708
1,1,0.93567675
1,1,0.96406
0,0,0.006890692
1,1,0.9982134
1,1,0.9819088
0,0,0.006890692
1,1,0.9982134
1,1,0.99806064
1,1,0.91382456
1,1,0.99806064
0,0,0.006890692
1,1,0.99806064
0,0,0.006890692
1,1,0.997479
1,1,0.9982134
0,0,0.006890692
0,0,0.021027617
0,0,0.006890692
1,1,0.9982134
1,1,0.997877
1,1,0.96406
1,1,0.7929688
0,0,0.006890692
0,0,0.006890692
1,1,0.9982134
1,1,0.9660044
1,1,0.98144275
0,0,0.006890692
0,0,0.005171829
0,0,0.006890692
0,0,0.0058409963
0,0,0.0033168225
1,0,0.006890692
0,0,0.006890692
0,0,0.10722184
0,0,0.006890692
0,0,0.006890692
0,0,0.006890692
0,0,0.006890692
0,0,0.006890692
0,0,0.1888707
0,0,0.006890692
0,0,0.006890692
1,1,0.997479
1,1,0.997479
1,1,0.9972892
1,1,0.9982134
1,1,0.9982134
1,1,0.9982134
0,0,0.006890692
1,1,0.9010547
0,0,0.006890692
0,0,0.020369343
1,1,0.9982134
1,1,0.9982134
1,1,0.9982134
0,0,0.006890692
1,1,0.9244232
1,1,0.997479
0,0,0.045065403
0,0,0.006890692
1,1,0.98144275
1,1,0.997479
1,1,0.9982134
1,1,0.7532005
0,0,0.006890692
0,0,0.006890692
1,1,0.99806064
0,0,0.006890692
0,0,0.37923476
0,0,0.006890692
1,1,0.83069324
1,1,0.9982134
1,1,0.9982134
0,0,0.006890692
0,0,0.006890692
0,0,0.048868906
1,1,0.91807324
0,0,0.006890692
1,1,0.9982134
1,1,0.74044603
1,1,0.86793077
0,0,0.006890692
0,0,0.006890692
1,1,0.9982134
1,1,0.9982134
1,1,0.9982134
1,0,0.23170513
1,1,0.9010547
1,1,0.9968901
1,1,0.9986131
0,0,0.006890692
0,0,0.042320948
0,0,0.006890692
1,1,0.9982134
0,0,0.006890692
1,1,0.99806064
0,0,0.47535172
1,1,0.9982134
1,1,0.98144275
1,1,0.997479
1,1,0.9189883
0,0,0.006890692
1,1,0.93567675
0,0,0.006890692
0,0,0.02165756
1,1,0.86655116
0,0,0.006890692
1,1,0.957285
0,0,0.006890692
0,0,0.006890692
0,0,0.006890692
1,1,0.9980786
1,1,0.920771
1,1,0.9826318
0,1,0.8059566
0,0,0.006890692
0,0,0.006890692
1,1,0.99806064
1,1,0.91382456
1,1,0.8990304
0,0,0.006890692
1,1,0.9982134
1,1,0.99806064
0,0,0.006890692
0,0,0.2601333
0,0,0.051527057
1,1,0.997479
0,0,0.006890692
0,0,0.006890692
1,1,0.9982134
0,0,0.006890692
0,0,0.006890692
1,1,0.928427
0,0,0.006890692
1,1,0.9982134
0,0,0.006890692
0,0,0.006890692
0,0,0.006890692
0,0,0.006890692
0,0,0.006890692
1,1,0.9982134
1,1,0.9982134
1,1,0.93583596
0,0,0.0068172654
0,0,0.006890692
0,0,0.006890692
0,0,0.021027617
1,1,0.9982134
1,1,0.96406
0,0,0.006890692
0,0,0.006890692
1,1,0.928427
0,0,0.006890692
0,0,0.006890692
1,1,0.9982134
1,1,0.9188319
0,0,0.006890692
0,0,0.006890692
0,0,0.006890692
1,1,0.99931884
1,1,0.9982134
1,1,0.9346854
0,0,0.006890692
0,0,0.006890692
1,1,0.9982134
0,0,0.006890692
1,1,0.99806064
0,0,0.006890692
1,1,0.99806064
1,1,0.9982134
1,0,0.26410353
1,1,0.8176324
1,1,0.9982134
1,1,0.9982134
0,0,0.006890692
1,1,0.9979627
0,0,0.006890692
0,0,0.006890692
0,0,0.0033168225
1,1,0.9982134
0,0,0.005171829
1,1,0.9812453
1,1,0.997479
1,1,0.9244232
1,1,0.9982134
1,1,0.98144275
0,0,0.006890692
1,1,0.9894443
0,0,0.006890692
0,0,0.006890692
1,1,0.9982134
0,1,0.74044603
1,1,0.99806064
1,1,0.9982134
1,1,0.6372025
1,1,0.9982134
1,1,0.99806064
0,0,0.006890692
1,1,0.99790025
0,0,0.036574103
1,1,0.99806064
1,1,0.94319093
0,0,0.006890692
1,1,0.9982134
1,1,0.997479
0,0,0.006890692
1,1,0.9982134
0,0,0.02165756
0,0,0.006890692
1,1,0.7956781
1,1,0.99806064
1,1,0.9982134
0,0,0.006890692
0,0,0.006890692
0,0,0.006890692
1,1,0.997479
0,0,0.006890692
0,0,0.006890692
1,1,0.99806064
0,0,0.006890692
1,1,0.9982134
1,1,0.920771
0,0,0.006890692
1,1,0.957285
1,1,0.99806064
0,0,0.006890692
1,1,0.99806064
1,1,0.99806064
0,0,0.011356525
1,0,0.39556855
1,1,0.99810046
1,1,0.94319093
1,1,0.99806064
1,1,0.9982134
1,1,0.98144275
1,1,0.96406
0,0,0.006890692
0,0,0.006890692
0,0,0.006890692
0,0,0.008163164
1,1,0.8789935
0,0,0.006890692
1,1,0.99806064
0,0,0.006890692
1,1,0.98144275
1,1,0.9980786
0,0,0.47004977
1,1,0.91382456
1,1,0.98144275
1,1,0.997479
0,0,0.006890692
0,0,0.006890692
1,1,0.99806064
0,0,0.011356525
1,1,0.98144275
1,1,0.9982134
0,0,0.006890692
1,1,0.9979468
1,1,0.9869091
1,1,0.93567675
0,0,0.006890692
1,1,0.98144275
1,1,0.9982134
1,1,0.96406
0,0,0.0083953105
0,0,0.006890692
0,0,0.006890692
0,0,0.006890692
0,0,0.008930976
0,0,0.006890692
0,0,0.006890692
1,1,0.9982134
0,0,0.006890692
1,1,0.9972746
0,0,0.006890692
0,0,0.006890692
0,0,0.006890692
1,1,0.98144275
1,1,0.99806064
1,1,0.997479
0,0,0.006890692
1,1,0.997479
0,0,0.006890692
1,1,0.997479
0,0,0.006890692
1,1,0.99819404
0,0,0.022073744
1,1,0.99806064
0,0,0.006890692
0,0,0.006890692
1,1,0.99663264
1,1,0.9982134
0,0,0.006890692
1,1,0.9874879
0,0,0.006890692
1,1,0.99806064
0,0,0.006890692
0,0,0.006890692
1,1,0.9982134
1,1,0.9492909
1,1,0.5982573
1,1,0.93567675
0,0,0.006890692
1,1,0.96406
0,0,0.006890692
0,0,0.006890692
0,0,0.006890692
0,0,0.006890692
0,0,0.051527057
0,0,0.16083692
0,0,0.17636472
1,1,0.9990803
0,0,0.006890692
1,1,0.9822986
0,0,0.006890692
0,0,0.006890692
0,0,0.006890692
0,0,0.006890692
0,0,0.006890692
0,0,0.006890692
0,0,0.006890692
0,0,0.2176866
0,0,0.006890692
1,1,0.997479
1,1,0.997479
0,0,0.006890692
1,1,0.9982134
0,0,0.006890692
0,0,0.006890692
0,0,0.006890692
0,0,0.006890692
0,0,0.004117106
0,0,0.006890692
0,0,0.013270458
0,0,0.006890692
1,1,0.99806064
0,0,0.007367782
1,1,0.99815506
0,0,0.006890692
1,1,0.9979468
0,0,0.006890692
0,0,0.065890014
1,1,0.99806064
1,1,0.9982134
1,1,0.96406
1,1,0.98144275
0,0,0.006890692
0,0,0.028571252
1,1,0.511797
0,0,0.006890692
0,0,0.006890692
0,0,0.006890692
1,1,0.9982134
0,0,0.006890692
1,1,0.9982134
1,1,0.9982134
0,0,0.006890692
0,0,0.006890692
1,1,0.9982134
0,0,0.006890692
1,1,0.9982134
0,0,0.006890692
1,1,0.9988187
0,0,0.006890692
1,1,0.8649465
0,0,0.006890692
0,0,0.006890692
0,0,0.006890692
1,1,0.9982134
0,0,0.006890692
1,1,0.9979627
1,1,0.9982134
0,0,0.006890692
1,1,0.96406
1,1,0.95084184
1,1,0.9982134
0,0,0.0070995945
0,0,0.006890692
1,1,0.9982134
1,1,0.9982134
0,0,0.006890692
1,1,0.9982134
1,1,0.99832815
1,1,0.9982134
1,1,0.98144275
1,1,0.59516656
0,0,0.006890692
0,0,0.006890692
0,0,0.006890692
1,1,0.9983005
1,1,0.9982134
0,0,0.006890692
1,1,0.99738795
0,0,0.022073744
1,1,0.9982134
0,0,0.17082682
0,0,0.006890692
0,0,0.006890692
0,0,0.006890692
1,1,0.99806064
1,1,0.99806064
1,1,0.98144275
0,0,0.012495282
0,0,0.006890692
0,0,0.016139586
1,1,0.9982134
1,1,0.9982134
1,1,0.9982134
1,1,0.98144275
0,1,0.9180238
1,1,0.9982134
0,0,0.006890692
1,1,0.9982134
1,1,0.9244232
1,1,0.9982134
1,1,0.928427
1,1,0.99806064
1,1,0.74044603
1,1,0.98144275
0,0,0.006890692
0,0,0.008163164
1,1,0.9982134
0,0,0.0068172654
1,1,0.99806064
0,0,0.006890692
1,1,0.94319093
1,1,0.8348844
0,0,0.006890692
0,0,0.006890692
0,0,0.006890692
0,0,0.006890692
1,1,0.9982134
0,0,0.006890692
1,1,0.9982134
0,0,0.006890692
0,0,0.006890692
0,0,0.006890692
1,1,0.9982134
1,1,0.9982134
1,1,0.82476467
1,1,0.9982134
0,1,0.8950549
0,0,0.053250097
1,1,0.673343
0,0,0.006890692
1,1,0.9982134
0,0,0.006890692
0,0,0.006890692
0,0,0.006890692
0,0,0.006890692
1,1,0.96406
0,1,0.7409471
1,1,0.9982134
1,1,0.9053336
0,0,0.006890692
1,1,0.997479
0,0,0.006890692
1,1,0.9244232
0,0,0.006890692
1,1,0.99806064
1,1,0.9982134
1,1,0.8950549
1,1,0.99777126
1,1,0.9979627
0,0,0.2063578
1,1,0.99819404
1,0,0.47864524
0,0,0.0073113735
0,0,0.009415164
1,1,0.9982134
0,0,0.11002184
1,1,0.99520504
0,0,0.006890692
0,0,0.006890692
1,1,0.997479
1,1,0.9982134
0,0,0.022073744
0,0,0.2538313
0,0,0.009415164
0,0,0.006890692
0,0,0.032404687
0,0,0.006890692
1,1,0.96406
1,1,0.9979175
1,1,0.997479
1,1,0.9982134
0,0,0.006890692
1,1,0.96406
0,0,0.006890692
1,1,0.8251753
1,1,0.9982134
1,1,0.9982134
0,0,0.007367782
0,0,0.006890692
1,1,0.9982134
0,0,0.006890692
0,0,0.2795963
0,0,0.036574103
0,0,0.006890692
0,0,0.006890692
0,0,0.006890692
0,0,0.006890692
0,0,0.006890692
1,1,0.99806064
1,1,0.96406
0,0,0.006890692
1,1,0.9982134
0,0,0.36513364
0,0,0.006890692
0,0,0.42188585
0,0,0.058408134
1,1,0.9982134
1,1,0.91382456
0,0,0.006890692
1,1,0.99806064
1,1,0.9982134
0,0,0.005542779
0,0,0.006890692
1,1,0.9982134
1,1,0.9982134
0,0,0.006890692
0,0,0.006890692
1,1,0.920771
1,1,0.997479
0,0,0.006890692
0,0,0.006890692
0,0,0.006890692
1,1,0.9988463
1,1,0.9982134
0,0,0.006890692
1,1,0.9982134
0,0,0.006890692
0,0,0.006890692
0,1,0.511797
0,0,0.047578916
1,1,0.920771
0,0,0.006890692
1,1,0.99806064
0,0,0.3359299
0,0,0.2176866
1,1,0.99806064
0,0,0.006890692
0,0,0.006890692
0,0,0.006890692
1,1,0.99806064
0,0,0.006890692
1,1,0.9982134
0,0,0.006890692
0,0,0.006890692
1,1,0.94319093
1,1,0.95084184
1,1,0.9712801
1,1,0.997479
0,0,0.2678092
1,1,0.9982134
1,1,0.997479
0,0,0.006890692
1,1,0.9982134
1,1,0.94319093
0,0,0.006890692
1,1,0.9692254
0,0,0.006890692
1,1,0.86793077
0,0,0.0052394606
1,1,0.99757105
0,0,0.006890692
1,1,0.8950549
0,0,0.006890692
0,1,0.8717946
0,0,0.006890692
0,0,0.006890692
1,1,0.9982134
1,1,0.8280573
0,0,0.006890692
0,0,0.006890692
1,1,0.9982134
1,1,0.9983115
0,0,0.006890692
0,0,0.006890692
1,1,0.9982134
1,1,0.9873072
0,0,0.006890692
1,1,0.997479
0,0,0.006890692
0,0,0.39316958
1,1,0.9982134
0,0,0.006890692
1,1,0.9982134
0,0,0.006890692
0,0,0.006890692
0,0,0.036574103
1,1,0.7956409
0,0,0.006890692
1,1,0.99806064
0,0,0.006890692
0,0,0.006890692
1,1,0.99806064
0,0,0.006890692
1,1,0.997479
1,1,0.9982134
0,0,0.006890692
1,1,0.98144275
1,1,0.98144275
0,0,0.006890692
0,0,0.007224325
1,1,0.99806064
0,0,0.006890692
1,1,0.9982134
1,1,0.6964612
0,0,0.20332879
1,1,0.997479
0,0,0.006890692
0,0,0.006890692
1,1,0.9982134
1,1,0.9983728
0,0,0.39259943
1,1,0.89944404
1,0,0.36384568
0,0,0.006890692
0,0,0.006890692
1,1,0.9982134
0,0,0.006890692
0,0,0.006890692
0,0,0.006890692
1,1,0.9188319
0,0,0.006890692
1,1,0.8950549
0,0,0.006890692
1,1,0.997479
1,1,0.9982134
0,0,0.006890692
1,1,0.9982134
1,1,0.997479
0,0,0.006890692
1,1,0.997479
0,0,0.006890692
0,0,0.006890692
1,1,0.95605224
0,0,0.006890692
1,1,0.9982134
1,1,0.98144275
1,1,0.997479
0,0,0.006890692
0,0,0.006890692
1,1,0.98144275
1,1,0.9982134
0,0,0.006890692
1,1,0.99806064
1,1,0.94319093
0,0,0.004117106
1,1,0.9982134
1,1,0.9982134
0,0,0.006890692
0,0,0.006890692
0,0,0.12636611
0,0,0.006890692
1,1,0.99806064
0,0,0.006890692
1,1,0.9982134
0,0,0.006890692
1,1,0.95605224
0,0,0.006890692
0,0,0.0068172654
1,1,0.9982134
0,0,0.009415164
1,1,0.9982134
1,1,0.9010547
1,1,0.9982134
1,1,0.9982134
0,0,0.006890692
1,1,0.997479
0,0,0.006890692
0,0,0.006890692
1,1,0.8649465
0,0,0.006890692
0,0,0.4411787
0,0,0.006890692
1,1,0.9982134
1,1,0.99806064
1,1,0.83592385
0,0,0.006890692
0,0,0.006890692
0,0,0.006890692
0,0,0.006890692
0,0,0.006890692
1,1,0.96406
1,1,0.99806064
0,0,0.0068172654
1,1,0.9982134
0,1,0.9386546
0,0,0.022073744
1,1,0.9982134
0,0,0.006890692
1,1,0.99806064
0,0,0.006890692
0,0,0.006890692
1,1,0.997479
1,1,0.98144275
1,0,0.49699974
0,0,0.006890692
0,0,0.006890692
0,0,0.006890692
0,0,0.006890692
0,0,0.006890692
1,1,0.9982134
1,1,0.93567675
0,1,0.8717946
0,0,0.006890692
1,1,0.9819088
1,1,0.9982134
0,0,0.006890692
0,0,0.006890692
0,0,0.1674759
1,0,0.006890692
0,0,0.006890692
0,0,0.006890692
0,0,0.006890692
0,0,0.006890692
1,1,0.76258993
1,1,0.8211712
1,1,0.9865708
0,0,0.006890692
0,0,0.006890692
0,0,0.006890692
1,1,0.9982134
1,1,0.99819404
0,0,0.006890692
1,1,0.997479
0,0,0.006890692
0,0,0.006890692
1,1,0.9982134
0,0,0.006890692
1,0,0.006890692
1,1,0.98144275
0,0,0.006890692
0,0,0.006890692
1,1,0.9982134
1,1,0.95019
1,1,0.997479
0,0,0.006890692
0,0,0.006890692
1,1,0.92291075
0,0,0.04269731
0,0,0.006890692
0,0,0.006890692
0,0,0.02676846
1,1,0.9982134
1,1,0.9982134
0,0,0.0042619645
1,1,0.98144275
1,1,0.997479
0,0,0.006890692
1,1,0.96406
1,1,0.99327385
0,0,0.048964493
0,1,0.7231534
0,0,0.006890692
1,1,0.9982134
0,0,0.006890692
1,1,0.9982134
0,0,0.006890692
0,0,0.006890692
0,0,0.052704915
1,1,0.9982134
0,0,0.006890692
1,1,0.961898
0,0,0.006890692
1,1,0.928427
1,1,0.83394825
0,0,0.006890692
1,1,0.9982134
1,1,0.9982134
1,1,0.9982134
1,1,0.9982134
1,1,0.997479
1,1,0.98144275
0,0,0.004189097
0,0,0.006890692
1,1,0.86793077
0,0,0.006890692
1,1,0.8943541
1,1,0.9982134
0,0,0.006890692
1,1,0.9982134
0,0,0.006890692
1,1,0.9139819
0,0,0.006890692
1,1,0.9983718
1,1,0.9982134
0,0,0.006890692
1,1,0.999041
0,0,0.006890692
1,1,0.99806064
0,0,0.22981691
0,0,0.006890692
0,0,0.006890692
0,1,0.9982134
0,0,0.006890692
0,0,0.006890692
1,1,0.9982134
1,1,0.9010547
0,0,0.006890692
1,1,0.65883017
1,1,0.9925183
0,0,0.006890692
0,0,0.006890692
0,0,0.006890692
0,0,0.006890692
1,1,0.96406
0,0,0.006890692
0,0,0.006890692
1,1,0.9982134
1,0,0.3867491
0,0,0.006890692
1,1,0.54309624
1,1,0.99806064
1,1,0.86793077
1,1,0.90681946
1,1,0.7956781
1,1,0.997479
0,0,0.006890692
0,0,0.006890692
1,1,0.9982134
1,1,0.98144275
0,0,0.006890692
1,1,0.9982134
0,0,0.006890692
1,1,0.997479
1,1,0.9982134
1,1,0.9982134
0,1,0.65734315
0,0,0.19439863
0,0,0.03976934
0,0,0.20694888
0,0,0.005171829
1,1,0.997479
0,0,0.006890692
0,0,0.006890692
1,1,0.9982134
0,0,0.006890692
0,1,0.76278794
1,1,0.96406
0,0,0.006890692
1,1,0.98144275
0,0,0.006890692
1,1,0.9983115
1,1,0.9982134
0,0,0.006890692
1,1,0.99058986
0,0,0.006890692
0,0,0.006890692
1,1,0.99806064
0,0,0.021707088
0,0,0.006890692
0,0,0.289225
1,1,0.99806064
1,1,0.920771
1,1,0.99806064
0,0,0.0024852762
0,0,0.006890692
1,1,0.997479
0,0,0.006890692
1,1,0.997479
0,0,0.006890692
1,1,0.9982134
1,1,0.7956409
0,0,0.006890692
1,1,0.97575593
0,0,0.021027617
0,0,0.006890692
0,0,0.006890692
0,0,0.006890692
1,1,0.9982134
0,0,0.006890692
1,1,0.9982134
0,0,0.010805118
1,1,0.920771
0,0,0.25561678
0,0,0.005171829
0,0,0.007367782
0,0,0.006890692
1,1,0.99806064
1,1,0.9886565
1,1,0.7956409
1,1,0.86793077
1,1,0.91528827
1,1,0.9988463
0,0,0.021027617
0,0,0.006890692
0,0,0.006890692
0,0,0.006890692
1,1,0.9982134
1,1,0.9982134
1,1,0.9982134
0,0,0.006890692
0,0,0.04269731
0,0,0.006890692
0,0,0.006890692
1,1,0.8950549
1,1,0.9971847
1,1,0.99806064
1,1,0.920771
0,0,0.006890692
0,0,0.016089637
0,0,0.006890692
1,1,0.9982134
1,1,0.94352084
0,0,0.006890692
1,1,0.98144275
0,1,0.5982573
0,0,0.006890692
1,1,0.9982134
0,0,0.006890692
1,1,0.9988463
0,0,0.015992831
1,1,0.9982134
0,0,0.006890692
1,1,0.920771
1,1,0.9982134
1,1,0.9982134
0,0,0.006890692
1,1,0.97488326
1,1,0.99806064
0,0,0.006890692
0,0,0.009415164
1,1,0.9982134
1,1,0.9982134
1,1,0.99806064
1,1,0.96406
0,0,0.006890692
0,0,0.006890692
1,1,0.99819404
1,1,0.9982134
1,1,0.98144275
1,1,0.9982134
1,1,0.9244232
1,1,0.9982134
0,0,0.006890692
1,1,0.9982134
1,1,0.9642393
1,1,0.9982134
0,0,0.006890692
1,1,0.96406
1,1,0.86793077
0,0,0.006890692
1,1,0.9982134
1,1,0.9982134
0,0,0.006890692
1,1,0.9821437
1,1,0.9979144
1,1,0.9982134
1,1,0.9982134
0,0,0.006890692
1,1,0.9982134
1,1,0.99806064
1,1,0.9982134
1,1,0.99806064
1,1,0.91382456
1,1,0.9926104
1,1,0.997479
0,0,0.006890692
0,0,0.006890692
0,0,0.006890692
0,0,0.006890692
0,0,0.006890692
1,1,0.997479
1,1,0.9982134
1,1,0.9982134
0,0,0.007623591
1,1,0.928427
1,1,0.94319093
1,1,0.96406
1,1,0.99726886
1,1,0.9714887
0,0,0.006890692
0,0,0.052085232
1,1,0.9858602
0,0,0.006890692
0,0,0.006890692
1,1,0.7993258
1,1,0.98144275
1,1,0.9982134
1,1,0.9868203
1,1,0.77658165
1,1,0.9982134
0,0,0.022021787
0,0,0.006890692
0,0,0.006890692
0,0,0.006890692
0,0,0.0058409963
1,1,0.98144275
1,1,0.997479
0,0,0.008740421
1,1,0.9982134
0,0,0.006890692
0,0,0.036574103
1,1,0.96406
0,0,0.006890692
0,0,0.006890692
1,1,0.7874574
1,1,0.9980786
0,0,0.006890692
1,1,0.9982134
0,0,0.39146024
1,1,0.9100352
1,1,0.98144275
1,1,0.99806064
0,0,0.006890692
0,0,0.006890692
1,1,0.74044603
1,1,0.68237567
0,0,0.006890692
1,1,0.82476467
0,0,0.006890692
1,1,0.9982134
1,1,0.997479
1,1,0.997479
1,1,0.9982134
1,1,0.9982134
1,1,0.9982134
1,1,0.961898
1,1,0.96406
1,1,0.99806064
0,0,0.006890692
0,0,0.021625757
1,1,0.9982134
1,1,0.9010547
1,1,0.9982134
1,1,0.997479
0,0,0.006890692
0,0,0.006890692
1,1,0.99810046
0,0,0.0070995945
0,0,0.006890692
1,1,0.8855769
1,1,0.99669987
0,0,0.23082155
1,1,0.920771
0,1,0.8855769
1,1,0.99806064
1,1,0.98144275
1,1,0.9804391
1,1,0.64315015
0,0,0.006890692
0,0,0.006890692
1,1,0.997479
0,0,0.006890692
0,0,0.006890692
0,0,0.006890692
0,0,0.014953167
0,0,0.006890692
0,0,0.052704915
1,1,0.9982134
1,1,0.9982134
1,1,0.9982134
1,1,0.99738795
1,1,0.9982134
0,0,0.006890692
1,1,0.9981912
1,1,0.997479
1,1,0.9982134
0,0,0.006890692
0,0,0.006890692
1,1,0.997479
0,0,0.006890692
0,0,0.006890692
1,1,0.9988463
0,0,0.006890692
0,0,0.006890692
0,1,0.58768153
0,0,0.006890692
0,0,0.006890692
0,1,0.9244232
0,0,0.006890692
1,1,0.997479
1,1,0.9982134
0,0,0.006890692
1,1,0.997479
0,0,0.006890692
0,0,0.006890692
0,0,0.006890692
0,0,0.006890692
0,0,0.006890692
0,0,0.006890692
0,0,0.006890692
1,1,0.9982134
1,1,0.94352084
0,0,0.3359299
0,0,0.006890692
1,1,0.94540083
1,1,0.9982134
0,0,0.0058409963
0,0,0.006890692
1,1,0.98144275
0,1,0.9100352
1,1,0.96406
0,0,0.024114097
0,0,0.33011353
1,1,0.9657548
1,1,0.98144275
1,1,0.990943
1,1,0.9982134
1,1,0.81094897
0,0,0.42805013
1,1,0.99806064
0,0,0.021027617
1,1,0.9982134
1,1,0.9982134
1,1,0.997479
0,0,0.021027617
0,0,0.006890692
1,1,0.9982134
1,1,0.99720085
0,0,0.006890692
1,1,0.99806064
0,0,0.006890692
1,1,0.99806064
0,0,0.006890692
0,0,0.006890692
1,1,0.99806064
0,0,0.2176866
1,1,0.9982134
1,1,0.99806064
1,1,0.9982134
1,1,0.9982134
0,0,0.006890692
0,0,0.006890692
1,1,0.98144275
0,0,0.006890692
0,0,0.006890692
1,1,0.920771
1,1,0.98144275
0,1,0.77658165
0,0,0.006890692
1,1,0.98144275
0,0,0.006890692
1,1,0.99806064
0,0,0.006890692
0,0,0.006890692
1,1,0.9982134
0,0,0.006890692
0,0,0.006890692
0,0,0.006890692
1,1,0.997479
0,0,0.006890692
0,0,0.2176866
0,0,0.0505447
0,0,0.006890692
1,1,0.99806064
0,0,0.006890692
1,1,0.9982134
0,0,0.006890692
0,0,0.006890692
0,1,0.84678954
0,0,0.006890692
0,0,0.006890692
1,1,0.9982134
1,1,0.86793077
1,1,0.9982134
1,1,0.9982134
0,0,0.20632474
0,0,0.006890692
1,1,0.8717946
1,1,0.997479
1,1,0.9979468
0,0,0.0058409963
1,1,0.9981912
1,1,0.997479
1,1,0.9982134
0,0,0.006890692
0,0,0.006890692
1,1,0.99806064
0,0,0.006890692
1,1,0.99806064
0,0,0.006890692
1,1,0.997479
0,0,0.006890692
1,1,0.9982134
0,0,0.006890692
0,0,0.006890692
1,1,0.9514207
0,0,0.006890692
1,1,0.86793077
0,0,0.006890692
1,1,0.99806064
0,0,0.006890692
1,1,0.9982134
1,1,0.86793077
1,1,0.96406
0,0,0.006890692
0,0,0.006890692
0,0,0.006890692
1,1,0.96406
0,0,0.041018594
1,1,0.98144275
1,1,0.8211712
1,1,0.9980786
1,1,0.96406
1,1,0.91382456
1,1,0.9982134
1,1,0.9982134
1,1,0.9982134
0,0,0.006890692
0,0,0.006890692
0,0,0.006890692
1,1,0.9982134
0,0,0.006890692
1,1,0.97143054
0,0,0.006890692
0,0,0.0058409963
1,1,0.9982134
0,0,0.006890692
1,1,0.920771
1,1,0.9982134
0,0,0.005171829
1,1,0.928427
1,0,0.15903488
1,1,0.99806064
1,1,0.9853276
1,1,0.920771
0,0,0.006890692
0,0,0.021027617
1,1,0.9982134
0,0,0.006890692
0,0,0.006890692
1,1,0.7956409
1,1,0.99806064
1,1,0.9986733
1,1,0.9982134
1,1,0.9982134
0,0,0.006890692
0,0,0.006890692
1,1,0.95605224
1,1,0.98144275
0,0,0.006890692
1,1,0.9982134
0,0,0.006890692
0,0,0.006890692
0,0,0.006890692
1,1,0.9982134
0,0,0.2176866
1,1,0.9982134
0,0,0.006890692
0,0,0.006890692
1,1,0.98144275
0,0,0.006890692
1,1,0.91382456
0,0,0.041018594
0,0,0.006890692
0,0,0.006890692
0,0,0.0042619645
1,1,0.98237777
1,1,0.9880383
0,0,0.006890692
1,1,0.9982134
0,0,0.006890692
0,0,0.006890692
0,0,0.006890692
1,1,0.9982134
0,0,0.006890692
1,1,0.84788185
0,0,0.006890692
0,0,0.006890692
0,0,0.0083953105
0,0,0.015991174
0,0,0.006890692
1,1,0.77658165
1,1,0.98144275
0,0,0.006890692
1,1,0.98677665
1,1,0.95084184
1,1,0.9982134
1,1,0.997479
0,0,0.021156853
0,0,0.006890692
1,1,0.9982134
1,1,0.920771
1,1,0.9982134
1,1,0.9982134
1,1,0.99806064
1,1,0.83069324
0,0,0.006890692
0,1,0.9100352
0,0,0.006890692
1,1,0.96406
0,0,0.006890692
0,0,0.035741586
1,1,0.99832815
1,1,0.9982134
0,0,0.006890692
0,0,0.006890692
1,1,0.9982134
0,0,0.006890692
0,0,0.006890692
0,0,0.006890692
0,0,0.058408134
0,0,0.006890692
1,1,0.99764305
1,1,0.99806064
0,0,0.006890692
1,1,0.96406
0,0,0.006890692
0,0,0.006890692
0,0,0.006890692
1,1,0.997479
1,1,0.997479
1,1,0.99806064
0,0,0.006890692
1,1,0.9982134
0,1,0.8476472
1,0,0.021027617
1,1,0.86793077
1,1,0.94319093
0,0,0.2997907
0,0,0.006890692
0,0,0.006890692
0,0,0.006890692
1,1,0.98144275
1,1,0.9990959
1,1,0.9982134
1,1,0.9982134
1,1,0.99819404
0,0,0.39556855
0,0,0.006890692
0,0,0.010481783
1,1,0.997479
0,0,0.006890692
0,0,0.006890692
0,0,0.006890692
0,0,0.006890692
1,1,0.9988463
0,0,0.006890692
1,1,0.9982134
1,1,0.62005967
0,0,0.25246468
0,0,0.006890692
1,1,0.91382456
1,1,0.94540083
0,0,0.006890692
0,0,0.0058409963
1,1,0.99780923
0,0,0.006890692
1,1,0.99806064
1,1,0.997479
1,1,0.9980786
1,1,0.9982134
1,1,0.9188319
0,0,0.021989461
0,0,0.006890692
1,1,0.9982134
1,1,0.91312814
0,0,0.006890692
1,1,0.96406
1,1,0.94352084
1,1,0.98144275
0,0,0.006890692
1,1,0.9987336
1,1,0.7874574
1,1,0.9982134
0,0,0.006890692
1,1,0.9983718
0,0,0.006890692
0,0,0.27714264
0,1,0.6531814
1,1,0.997479
0,0,0.006890692
1,1,0.9804391
1,1,0.99806064
1,1,0.9188319
1,1,0.961898
0,0,0.11476144
1,1,0.99806064
1,1,0.9244232
0,0,0.006890692
0,0,0.006890692
1,1,0.8982837
0,0,0.37117282
1,1,0.9988187
0,0,0.008163164
0,0,0.006890692
1,1,0.997479
1,1,0.9982134
1,1,0.9982134
1,1,0.98144275
1,1,0.96406
1,1,0.98432946
0,0,0.006890692
1,1,0.9244232
0,0,0.006890692
1,1,0.997479
0,0,0.006890692
0,0,0.02165756
0,0,0.006890692
0,1,0.8649465
0,0,0.006890692
0,0,0.006890692
1,1,0.9980786
1,1,0.9983718
0,0,0.006890692
0,0,0.017074183
1,1,0.86793077
0,0,0.006890692
0,0,0.006890692
0,0,0.006890692
0,0,0.006890692
0,0,0.049361862
1,1,0.9980786
0,0,0.006890692
1,0,0.006890692
1,1,0.9188319
0,0,0.006890692
0,0,0.006890692
1,1,0.997479
1,1,0.99663264
1,1,0.997479
0,0,0.2176866
0,0,0.006890692
1,1,0.99806064
1,1,0.99806064
1,1,0.9984945
1,1,0.99806064
1,1,0.9982134
0,0,0.006890692
0,0,0.052190192
0,0,0.027565548
0,1,0.6469341
0,0,0.006890692
0,0,0.11727456
0,0,0.006890692
0,0,0.006890692
0,0,0.006890692
1,1,0.9982134
0,0,0.006890692
1,1,0.9982134
0,0,0.006890692
0,0,0.021027617
1,1,0.9982134
0,0,0.006890692
1,1,0.68639255
1,1,0.997479
1,1,0.9894443
1,1,0.99806064
1,1,0.997479
1,1,0.99806064
1,1,0.9793452
0,0,0.006890692
0,0,0.006890692
1,1,0.96406
0,0,0.006890692
1,1,0.9982134
1,1,0.9244232
0,0,0.006890692
1,1,0.9982134
0,0,0.006890692
0,0,0.0058409963
1,0,0.2176866
1,1,0.96406
0,0,0.006890692
0,0,0.008163164
1,1,0.9982134
1,1,0.9982134
0,0,0.029363675
0,0,0.007361134
1,1,0.9010547
0,0,0.006890692
1,1,0.8950549
1,1,0.9982134
0,0,0.0042489325
1,1,0.9886565
1,0,0.070344314
0,0,0.006890692
1,1,0.99806064
0,0,0.007623591
1,1,0.98144275
1,1,0.98144275
0,0,0.006890692
1,1,0.99803656
0,0,0.006890692
0,0,0.006890692
0,1,0.74703574
0,0,0.006890692
0,0,0.006890692
0,0,0.008930976
0,0,0.006890692
0,0,0.006890692
1,1,0.9440892
0,0,0.006890692
0,0,0.006890692
0,0,0.006890692
1,0,0.24726099
1,1,0.879729
0,0,0.006890692
1,1,0.72705865
1,1,0.9987476
1,1,0.9813239
1,1,0.9982134
0,0,0.006890692
0,0,0.006890692
0,0,0.006890692
0,0,0.006890692
0,1,0.5445453
1,1,0.9982134
1,1,0.9982134
1,1,0.99806064
1,1,0.920771
1,1,0.68531626
1,1,0.99806064
1,1,0.96406
1,1,0.9386546
1,1,0.9979468
1,0,0.006890692
0,0,0.006890692
0,0,0.006890692
1,1,0.99806064
1,1,0.9982134
1,1,0.6531868
1,0,0.2176866
0,0,0.006890692
0,0,0.051130544
1,1,0.9982134
1,0,0.4648464
1,1,0.99806064
0,0,0.006890692
0,0,0.005171829
1,1,0.920771
0,0,0.006890692
0,0,0.006890692
0,0,0.006890692
1,1,0.997479
0,0,0.006890692
1,1,0.99818677
1,1,0.9982134
0,0,0.006890692
1,1,0.99806064
1,1,0.99806064
1,1,0.99806064
0,0,0.006890692
1,1,0.98144275
1,1,0.93608135
0,0,0.006890692
0,1,0.669243
0,0,0.027565548
1,1,0.9553776
0,0,0.006890692
0,0,0.005898275
0,0,0.006890692
0,0,0.006890692
1,1,0.997479
1,1,0.99806064
0,0,0.006890692
0,0,0.006890692
1,1,0.94319093
1,1,0.9982134
0,0,0.0036321073
1,1,0.91750133
0,0,0.006890692
0,0,0.006890692
1,1,0.86793077
1,1,0.86793077
0,0,0.006890692
1,1,0.99806064
1,1,0.9982134
0,0,0.006890692
1,1,0.957285
1,1,0.98144275
1,1,0.88825065
1,1,0.997479
0,0,0.3867491
1,1,0.6372025
0,0,0.006890692
0,0,0.006890692
0,0,0.006890692
0,0,0.006890692
0,0,0.006890692
0,0,0.0040796916
0,0,0.021027617
0,0,0.006890692
0,0,0.006890692
1,1,0.98144275
1,1,0.9982134
0,0,0.006890692
1,1,0.9988187
0,0,0.0504017
0,0,0.006890692
1,1,0.9982134
0,0,0.035803396
1,1,0.99806064
1,1,0.9983297
0,0,0.006890692
1,1,0.97552806
1,1,0.997479
1,1,0.9982134
1,1,0.9987238
1,1,0.99810046
1,1,0.99806064
0,0,0.0042619645
0,0,0.006890692
1,1,0.997479
1,1,0.94540083
0,0,0.006890692
0,0,0.006890692
1,1,0.98144275
0,0,0.37646586
0,1,0.8950549
1,1,0.99806064
1,1,0.94319093
1,1,0.9982134
1,1,0.9982134
1,1,0.997479
1,0,0.34901148
1,1,0.9982134
0,0,0.006890692
0,0,0.02570715
1,1,0.94319093
0,0,0.006890692
0,0,0.006890692
0,0,0.006890692
0,0,0.006890692
0,0,0.006890692
1,1,0.997479
1,1,0.98144275
1,1,0.9982134
1,1,0.95037687
0,0,0.006890692
0,0,0.006890692
0,0,0.012673741
1,1,0.99806064
0,0,0.006890692
0,0,0.006890692
0,0,0.19677871
0,0,0.2758659
1,1,0.9982134
0,0,0.006890692
1,1,0.99806064
1,1,0.99806064
1,1,0.99806064
1,1,0.99806064
0,0,0.006890692
0,0,0.006890692
1,1,0.9982134
0,0,0.006890692
0,0,0.1258009
1,1,0.9982134
1,1,0.95605224
1,1,0.9982134
1,1,0.9982134
1,1,0.990943
0,0,0.006890692
1,1,0.91382456
1,1,0.997479
1,1,0.9982134
1,1,0.98144275
1,1,0.9982134
0,0,0.006890692
0,1,0.96406
1,1,0.89675707
0,0,0.006890692
1,1,0.91382456
1,1,0.920771
0,0,0.007623591
0,0,0.006890692
0,0,0.0052394606
1,1,0.8717946
1,1,0.98144275
0,0,0.012495282
1,1,0.9982134
0,0,0.006890692
0,0,0.006890692
1,1,0.9982134
1,1,0.9982134
1,1,0.9982134
0,0,0.45734298
1,1,0.9987476
1,1,0.99806064
1,1,0.9188319
0,0,0.006890692
0,0,0.006890692
1,1,0.997479
0,0,0.006890692
1,1,0.9982134
1,1,0.997479
1,1,0.98144275
1,1,0.9188319
0,0,0.006890692
0,0,0.006890692
1,1,0.99806064
1,1,0.7956409
0,0,0.021625757
0,0,0.006890692
1,1,0.86793077
0,0,0.006890692
1,1,0.98144275
1,1,0.99806064
1,1,0.9982134
1,1,0.8649465
1,1,0.99872655
1,1,0.9982134
0,0,0.006890692
0,0,0.006890692
1,1,0.9982134
0,0,0.006890692
0,0,0.006890692
1,1,0.98884857
0,0,0.006890692
1,1,0.997479
0,0,0.006890692
0,0,0.006890692
1,1,0.9982134
0,0,0.006890692
0,0,0.006890692
1,1,0.98949337
1,1,0.9982134
0,0,0.006890692
0,0,0.006890692
1,1,0.95605224
0,0,0.006890692
1,1,0.9874879
0,0,0.006890692
1,1,0.99806064
1,1,0.98144275
0,0,0.006890692
0,0,0.005806387
1,1,0.99806064
1,1,0.9982134
1,1,0.6989488
1,1,0.86793077
0,0,0.006890692
1,1,0.9982134
1,1,0.99806064
0,0,0.006890692
1,1,0.9982134
0,0,0.006890692
1,1,0.9980786
1,1,0.98144275
0,0,0.02887488
1,1,0.8211712
1,1,0.95605224
0,0,0.036574103
0,0,0.006890692
1,1,0.98144275
1,1,0.9982134
1,1,0.997479
0,0,0.051527057
0,0,0.006890692
0,0,0.006890692
0,0,0.006890692
0,0,0.005234167
0,0,0.008930976
0,0,0.006890692
1,1,0.9982134
0,0,0.006890692
1,1,0.9988463
0,0,0.006890692
0,0,0.021027617
1,1,0.99806064
0,0,0.006890692
0,0,0.006890692
1,1,0.9983005
0,0,0.006890692
1,1,0.9386546
0,0,0.021027617
1,1,0.9982134
1,1,0.9981851
1,1,0.9980786
0,0,0.006890692
0,0,0.006890692
0,0,0.006890692
0,0,0.006890692
1,1,0.98144275
0,0,0.006890692
0,0,0.006890692
0,0,0.006890692
0,0,0.006890692
0,0,0.006890692
0,0,0.006890692
1,1,0.99806064
1,1,0.9982134
1,1,0.9982134
1,1,0.98144275
0,0,0.021707088
1,1,0.9982134
1,1,0.99520504
1,1,0.9982134
1,1,0.957285
0,0,0.006890692
1,1,0.9982134
1,1,0.920771
1,1,0.9983115
0,0,0.006890692
1,1,0.8251753
0,0,0.006890692
0,0,0.24130149
0,0,0.006890692
0,0,0.006890692
0,0,0.006890692
0,0,0.006890692
0,0,0.006890692
1,1,0.9983297
1,1,0.997479
0,0,0.021111125
1,1,0.9982134
0,0,0.004213331
0,0,0.006890692
0,0,0.006890692
1,1,0.90974563
1,1,0.788546
0,0,0.0058409963
0,0,0.0058409963
1,1,0.997479
0,0,0.006890692
0,0,0.006890692
0,0,0.006890692
0,1,0.5229571
0,0,0.22999793
1,1,0.9982134
1,1,0.9982134
0,0,0.006890692
1,1,0.99806064
0,0,0.006890692
0,0,0.006890692
0,0,0.006890692
0,0,0.004189097
1,1,0.94319093
0,0,0.006890692
1,1,0.9244232
0,0,0.006890692
0,0,0.006890692
1,1,0.96406
1,1,0.9982134
0,0,0.009699092
1,1,0.98144275
0,0,0.005234167
1,1,0.8717946
1,1,0.9982134
1,1,0.9987476
1,1,0.56187737
0,0,0.006890692
0,0,0.006890692
1,1,0.99806064
1,1,0.9982134
1,1,0.9982134
0,0,0.006890692
1,1,0.9982134
1,1,0.9982134
0,0,0.006890692
1,1,0.99806064
1,1,0.99806064
0,0,0.006890692
0,0,0.019680705
1,1,0.997479
1,1,0.9982134
0,0,0.006890692
1,1,0.94710815
0,0,0.006890692
0,0,0.006890692
1,1,0.9981598
0,0,0.006890692
0,0,0.006890692
1,1,0.91382456
1,1,0.9851267
1,1,0.9766867
1,1,0.99804246
1,1,0.99806064
1,1,0.99806064
1,1,0.9982134
1,1,0.9982134
0,0,0.006890692
1,1,0.9979627
0,0,0.011449778
1,1,0.9982134
0,0,0.006890692
1,1,0.9857107
0,0,0.006890692
1,1,0.98144275
0,0,0.006890692
0,0,0.006890692
0,0,0.006890692
0,0,0.006890692
0,0,0.008163164
0,0,0.006890692
1,1,0.997479
1,1,0.98144275
0,0,0.006890692
1,1,0.96406
0,0,0.021027617
1,1,0.9982134
1,1,0.96406
0,0,0.006890692
1,1,0.9982134
0,0,0.016548319
1,1,0.99806064
1,1,0.997479
1,1,0.99806064
1,1,0.9982128
1,1,0.9982134
0,0,0.052704915
0,0,0.006890692
1,1,0.997479
0,0,0.0024852762
0,0,0.006890692
0,0,0.006890692
0,0,0.006890692
0,0,0.0058409963
0,0,0.006890692
1,1,0.96406
0,0,0.006890692
1,1,0.9982134
0,0,0.006890692
1,1,0.9980786
1,1,0.997479
0,0,0.007507198
1,1,0.9987122
0,0,0.006890692
1,1,0.9982134
0,0,0.052704915
1,1,0.99184436
1,1,0.9980786
0,0,0.22749849
0,0,0.006890692
1,1,0.8649465
0,0,0.006890692
0,0,0.006890692
1,1,0.77658165
0,0,0.006890692
0,0,0.0070995945
1,1,0.91382456
1,1,0.99806064
1,1,0.99818677
0,0,0.006890692
1,1,0.920771
1,1,0.997479
0,0,0.2733417
0,0,0.006890692
0,0,0.15687123
1,1,0.9982134
0,0,0.006890692
0,0,0.006890692
0,0,0.006890692
0,0,0.006890692
0,0,0.006890692
0,0,0.006890692
1,1,0.9982134
1,1,0.98144275
1,1,0.99806064
1,1,0.9982134
1,1,0.961898
0,0,0.036574103
1,1,0.98144275
1,1,0.99806064
1,1,0.957285
0,0,0.006890692
0,0,0.006890692
0,0,0.012673741
0,0,0.006890692
1,1,0.961898
0,1,0.8950549
0,0,0.006890692
0,0,0.006890692
1,1,0.98144275
1,1,0.9970849
0,0,0.006890692
1,1,0.95605224
1,1,0.98144275
1,1,0.9982134
1,1,0.9990947
0,0,0.006890692
1,1,0.99806064
0,0,0.0064830706
1,1,0.9982134
1,1,0.99806064
1,1,0.98144275
0,0,0.006890692
1,1,0.96406
0,0,0.006890692
0,0,0.0052394606
1,1,0.99806064
0,0,0.006890692
0,0,0.006890692
0,0,0.006890692
1,1,0.957285
0,0,0.1504352
0,0,0.006890692
0,0,0.006890692
1,1,0.997479
1,1,0.99568933
1,1,0.997479
1,1,0.8966837
1,1,0.997479
1,1,0.96406
1,1,0.9982134
1,1,0.5396606
0,0,0.14589785
1,1,0.9982134
0,0,0.007623591
1,1,0.9982134
0,0,0.007286694
1,1,0.98144275
0,0,0.006890692
0,0,0.006890692
0,0,0.25059232
0,0,0.006890692
1,1,0.9982134
0,0,0.006890692
1,1,0.9982134
1,1,0.7926765
1,1,0.9982134
1,1,0.7956781
1,1,0.9982134
0,0,0.006890692
1,1,0.98144275
1,1,0.99806064
1,1,0.920771
0,0,0.006890692
0,0,0.006890692
1,1,0.91382456
0,0,0.006890692
1,1,0.997479
1,1,0.95838505
0,0,0.006890692
0,0,0.006890692
0,0,0.0058409963
0,0,0.0068172654
0,0,0.011356525
1,1,0.997479
0,0,0.006890692
1,1,0.99810046
1,1,0.99806064
1,1,0.997479
1,1,0.99803966
0,0,0.007623591
1,1,0.9982134
0,0,0.003974623
0,0,0.2176866
0,0,0.021027617
0,0,0.006890692
0,0,0.006890692
1,1,0.8015339
0,0,0.006890692
1,1,0.98144275
0,0,0.22909667
1,1,0.99806064
0,0,0.16466671
0,1,0.91382456
1,1,0.9979715
1,1,0.98144275
0,0,0.027628202
1,1,0.928427
0,0,0.006890692
0,0,0.006890692
1,1,0.96406
0,0,0.006890692
0,0,0.006890692
0,0,0.006890692
0,0,0.006890692
0,0,0.006890692
1,1,0.9982134
1,1,0.99806064
0,0,0.006890692
0,0,0.006890692
1,1,0.9904573
0,0,0.006890692
0,0,0.006890692
0,0,0.006890692
1,1,0.997479
0,0,0.006890692
0,0,0.006890692
0,0,0.006890692
0,1,0.77515584
1,1,0.9982134
0,1,0.74044603
1,1,0.91382456
1,1,0.98144275
1,1,0.98144275
1,1,0.9982134
1,1,0.98144275
1,1,0.9982134
0,0,0.006890692
0,0,0.006890692
0,0,0.006890692
0,0,0.006890692
1,1,0.9982134
1,0,0.2678092
0,0,0.006890692
1,1,0.997479
0,0,0.006890692
0,0,0.006890692
1,1,0.9982134
0,0,0.006890692
1,1,0.99806064
1,1,0.9982134
0,0,0.006890692
1,1,0.99806064
0,0,0.006890692
0,0,0.006890692
1,1,0.9982134
1,1,0.997479
1,1,0.9255525
0,0,0.006890692
0,0,0.006890692
0,0,0.051527057
1,1,0.91382456
0,0,0.006890692
0,0,0.006890692
0,0,0.006890692
0,0,0.006890692
0,0,0.115283705
0,0,0.02165756
0,0,0.006890692
1,1,0.99806064
0,0,0.006890692
0,0,0.006890692
1,1,0.9982134
0,0,0.006890692
0,0,0.006890692
1,1,0.9982134
1,1,0.999041
0,1,0.5261999
1,1,0.9982134
0,0,0.006890692
0,0,0.2176866
0,0,0.006890692
0,0,0.006890692
0,0,0.006890692
1,1,0.9980786
0,1,0.77658165
1,1,0.9982134
1,1,0.9982134
1,1,0.98144275
0,1,0.7956409
1,1,0.96406
0,0,0.006890692
0,0,0.006890692
0,0,0.062376343
0,0,0.006890692
1,1,0.99806064
1,1,0.74044603
1,1,0.9982134
0,0,0.006890692
0,0,0.006890692
1,1,0.9982134
0,0,0.036574103
0,0,0.006890692
0,0,0.006890692
0,0,0.006890692
0,0,0.005234167
1,1,0.98144275
0,0,0.006890692
0,0,0.011356525
0,0,0.006890692
0,0,0.006890692
1,1,0.9982134
1,1,0.7956409
0,0,0.014382343
1,1,0.997479
1,1,0.98229045
1,1,0.96406
0,0,0.006890692
0,0,0.006890692
1,1,0.9982134
1,1,0.9982134
0,0,0.006890692
1,1,0.9982134
1,1,0.9982134
1,1,0.99803966
0,0,0.006890692
1,1,0.98144275
0,0,0.006890692
1,1,0.96406
1,1,0.9791919
0,0,0.006890692
1,1,0.997479
1,1,0.9396177
1,1,0.9982134
0,0,0.006890692
1,1,0.99806064
1,1,0.9979175
0,0,0.006890692
1,1,0.9982134
1,1,0.98237777
1,1,0.9979175
1,1,0.99810046
0,0,0.006890692
1,1,0.9982134
1,1,0.99858034
1,1,0.6372025
1,1,0.997479
1,1,0.9982134
1,1,0.9858602
0,0,0.022073744
0,0,0.006890692
0,0,0.006890692
1,1,0.98144275
1,1,0.997479
0,0,0.008204624
0,0,0.006890692
1,1,0.98144275
1,1,0.98144275
1,1,0.9982134
0,0,0.006890692
1,1,0.96406
0,0,0.006890692
1,1,0.9982134
0,1,0.59098965
0,0,0.019680705
1,1,0.920771
0,0,0.006890692
1,1,0.98144275
0,1,0.55675405
0,0,0.006890692
1,1,0.9982134
1,1,0.95853263
1,1,0.9982134
1,1,0.9982134
0,0,0.006890692
0,0,0.006890692
0,0,0.006890692
1,1,0.98144275
0,0,0.12286191
0,0,0.036574103
0,0,0.006890692
1,1,0.957285
1,1,0.99806064
1,1,0.99806064
0,0,0.006890692
1,1,0.99816656
0,0,0.006890692
1,1,0.9982134
1,1,0.9982134
1,1,0.997479
1,1,0.920771
0,0,0.006890692
1,1,0.9982134
1,1,0.9982134
0,0,0.006890692
1,1,0.73570055
0,1,0.6037287
0,0,0.006890692
0,0,0.0058409963
1,1,0.96406
0,0,0.006890692
0,0,0.006890692
0,0,0.006890692
0,1,0.9100352
1,1,0.997479
0,0,0.006890692
0,0,0.0504017
0,0,0.006890692
1,1,0.9982134
1,1,0.7956409
0,0,0.006890692
0,0,0.052704915
1,1,0.9982134
0,0,0.006890692
0,0,0.006890692
0,0,0.006890692
1,1,0.99806064
0,0,0.006890692
1,1,0.9894443
0,0,0.006890692
0,0,0.006890692
0,0,0.006890692
0,1,0.6791778
1,1,0.9971463
0,0,0.006890692
0,0,0.033264454
0,0,0.006890692
1,1,0.9982134
1,1,0.9982134
1,1,0.98144275
0,0,0.006890692
1,1,0.9982134
1,1,0.997479
0,0,0.006890692
0,0,0.006890692
0,0,0.006890692
1,1,0.9982134
0,0,0.006890692
0,0,0.0068172654
0,0,0.006890692
1,1,0.9982134
1,1,0.9982134
0,0,0.006890692
1,1,0.8006443
0,0,0.006890692
0,0,0.006890692
1,1,0.95605224
0,0,0.006890692
1,1,0.98144275
1,1,0.9982134
1,1,0.997479
1,1,0.9982134
0,0,0.006890692
1,1,0.95084184
1,1,0.99806064
0,0,0.006890692
1,1,0.9386546
1,1,0.9982134
1,1,0.9982134
0,1,0.94319093
0,0,0.006890692
0,0,0.006890692
1,1,0.997479
1,1,0.98144275
0,0,0.006890692
1,1,0.9982134
1,1,0.97405136
0,0,0.006890692
1,1,0.98144275
0,0,0.006890692
1,1,0.9982134
0,0,0.006890692
0,0,0.006890692
0,0,0.006890692
1,1,0.8717946
0,0,0.006890692
0,0,0.021027617
1,1,0.997479
0,0,0.006890692
1,1,0.920771
0,0,0.006890692
0,0,0.0042489325
0,0,0.3867491
0,0,0.006890692
1,1,0.91382456
0,0,0.006890692
1,1,0.997479
0,0,0.006890692
1,1,0.99806064
0,0,0.008204624
0,0,0.006890692
1,1,0.9982134
1,1,0.9990947
0,0,0.006890692
1,1,0.997479
0,0,0.0072418493
1,1,0.9973199
0,0,0.006890692
1,1,0.997479
1,1,0.997479
0,0,0.006890692
0,0,0.006890692
0,0,0.006890692
1,1,0.99806064
1,1,0.9838394
0,0,0.006890692
0,0,0.006890692
0,0,0.006890692
0,0,0.006890692
1,1,0.9982134
1,1,0.99806064
0,0,0.006890692
0,0,0.006890692
1,1,0.9982134
1,1,0.9982134
1,1,0.98144275
0,0,0.021027617
0,0,0.006890692
1,1,0.99806064
0,0,0.006890692
0,0,0.0058409963
0,1,0.95605224
0,0,0.005171829
0,0,0.3293374
0,0,0.006890692
1,1,0.7360323
0,1,0.68237567
0,0,0.016359799
1,1,0.9988463
0,0,0.006890692
0,0,0.006890692
1,1,0.9980786
0,0,0.006890692
1,1,0.997479
1,1,0.997479
1,1,0.920771
0,0,0.021027617
1,1,0.99806064
0,0,0.006890692
1,1,0.9982134
1,1,0.9982134
0,0,0.027565548
1,1,0.8211712
0,0,0.006890692
1,1,0.99806064
0,0,0.006890692
1,1,0.7956409
1,1,0.98144275
0,0,0.006890692
0,0,0.26284376
1,1,0.9982134
0,0,0.006890692
1,1,0.8990304
1,1,0.98144275
0,0,0.006890692
1,1,0.997479
0,0,0.006890692
0,0,0.006890692
1,1,0.9982134
1,1,0.9982134
0,0,0.0505447
0,0,0.14589785
0,0,0.006890692
1,1,0.9982134
1,1,0.99806064
1,1,0.920771
0,0,0.021111125
0,0,0.006890692
1,1,0.9982134
1,1,0.920771
0,0,0.006890692
0,0,0.006890692
0,0,0.006890692
0,0,0.010512938
0,0,0.006890692
1,1,0.9600677
0,0,0.105687216
1,1,0.9982134
0,0,0.006890692
1,1,0.997479
0,0,0.006890692
0,0,0.0068172654
1,1,0.9982134
0,1,0.7926765
1,1,0.9982134
0,0,0.006890692
1,1,0.94319093
0,0,0.006890692
0,0,0.006890692
0,0,0.051527057
1,1,0.9782547
1,1,0.9507653
0,0,0.2257359
0,0,0.006890692
1,1,0.7995562
1,1,0.9982134
1,1,0.9982134
1,1,0.9982134
0,0,0.006890692
0,0,0.006890692
1,1,0.9969505
1,1,0.9982134
1,1,0.997479
1,1,0.5232634
0,0,0.006890692
0,0,0.006890692
1,1,0.9982134
1,1,0.961898
0,0,0.006890692
1,1,0.82476467
1,1,0.99806064
0,1,0.91382456
0,0,0.052730344
1,1,0.9982134
0,0,0.006890692
1,1,0.997479
0,0,0.021027617
0,0,0.006890692
0,0,0.006890692
0,0,0.006890692
0,0,0.006890692
0,0,0.006890692
1,1,0.9982134
1,1,0.997479
0,0,0.006890692
1,1,0.98144275
0,0,0.006890692
1,1,0.997479
1,1,0.9982134
0,0,0.222122
1,1,0.997479
1,1,0.9982134
0,0,0.006890692
0,0,0.007361134
0,0,0.006890692
1,1,0.997479
0,0,0.006890692
0,0,0.006890692
1,1,0.920771
1,1,0.99806064
0,0,0.006890692
1,1,0.8897261
0,0,0.006890692
1,1,0.8943541
1,1,0.99803656
1,1,0.91382456
0,0,0.006890692
0,0,0.006890692
0,0,0.31486452
1,1,0.95605224
1,0,0.4411787
1,1,0.928427
0,0,0.006890692
1,1,0.99806064
0,0,0.008163164
0,0,0.17082682
0,0,0.008740421
1,1,0.95605224
0,0,0.021528639
0,0,0.037216123
1,1,0.9979468
0,0,0.006890692
1,1,0.9982134
0,0,0.006890692
1,1,0.99806064
1,1,0.9100352
0,0,0.021027617
1,1,0.9982134
1,1,0.8783048
0,0,0.006890692
0,0,0.006890692
0,0,0.006890692
0,0,0.006890692
1,1,0.9386546
0,0,0.22046943
1,1,0.98144275
0,0,0.006890692
0,0,0.006890692
1,1,0.99806064
1,1,0.9982134
1,1,0.9982134
1,1,0.997479
0,0,0.006890692
0,0,0.006890692
1,1,0.8871582
1,1,0.9982134
0,0,0.006890692
1,1,0.997479
1,1,0.9979468
0,0,0.006890692
1,1,0.997479
1,1,0.9982134
1,1,0.9987238
1,1,0.9982134
0,0,0.006890692
0,0,0.012135955
1,1,0.9982134
0,0,0.0041882517
1,1,0.997479
0,0,0.006890692
0,0,0.006890692
0,0,0.006890692
1,1,0.8855769
1,1,0.5396606
1,1,0.98237777
1,1,0.9982134
0,0,0.006890692
1,1,0.94319093
1,1,0.99841297
0,0,0.006890692
1,1,0.9982134
0,0,0.006890692
0,0,0.006890692
1,1,0.9972892
1,1,0.99222
1,0,0.26115835
1,1,0.9982134
0,0,0.006890692
1,1,0.86793077
1,1,0.9982134
0,0,0.006890692
0,0,0.006890692
0,0,0.006890692
0,0,0.014382343
0,0,0.052730344
0,0,0.006890692
0,0,0.006890692
1,1,0.99806064
0,0,0.021027617
1,1,0.94352084
1,1,0.9982134
0,0,0.006890692
1,1,0.99806064
0,0,0.006890692
1,1,0.99806064
1,1,0.99842405
0,0,0.006890692
0,0,0.006890692
0,0,0.20144282
1,1,0.9982134
1,1,0.99229175
1,1,0.86793077
0,0,0.006890692
0,0,0.006890692
0,0,0.006890692
1,1,0.96406
1,1,0.99806064
0,0,0.006890692
1,1,0.788546
0,0,0.006890692
1,1,0.9982134
1,1,0.997479
1,1,0.99806064
0,0,0.006890692
0,0,0.006890692
1,1,0.9982134
1,1,0.99726886
1,1,0.60577726
1,1,0.9982134
0,0,0.006890692
0,0,0.007623591
1,1,0.9982134
0,0,0.015422496
1,1,0.9973199
0,0,0.006890692
0,0,0.0058409963
1,1,0.96406
1,1,0.9982134
0,0,0.006890692
1,1,0.68237567
0,0,0.006890692
0,0,0.013252794
0,0,0.006890692
1,1,0.9982134
0,0,0.006890692
0,0,0.006890692
0,0,0.006890692
1,1,0.8717946
0,0,0.006890692
1,1,0.9982134
1,1,0.9982134
1,1,0.99806064
0,0,0.0058409963
1,1,0.9983297
0,0,0.006890692
0,0,0.0058409963
0,0,0.006890692
1,1,0.96406
0,0,0.00971558
0,0,0.006890692
1,1,0.6493
0,0,0.006890692
0,0,0.2176866
0,0,0.006890692
1,1,0.74044603
0,0,0.006890692
1,1,0.99806064
1,1,0.95605224
0,1,0.920771
0,0,0.006890692
1,1,0.997479
0,0,0.006890692
1,1,0.997479
1,1,0.9983718
0,0,0.006890692
1,1,0.9982134
1,1,0.9982134
1,1,0.99806064
0,0,0.021027617
1,1,0.9980786
1,1,0.99806064
0,0,0.20480315
0,1,0.60756314
1,1,0.99806064
1,1,0.89947826
1,1,0.94319093
1,1,0.99806064
0,0,0.0058409963
0,0,0.006890692
0,0,0.006890692
1,1,0.98144275
1,1,0.9988463
1,1,0.99744785
1,1,0.9982134
1,1,0.9982134
0,0,0.16466671
1,1,0.99803966
1,1,0.9982134
1,1,0.9982134
1,1,0.997479
0,0,0.006890692
1,1,0.99853516
0,0,0.02165756
1,1,0.920771
1,1,0.9982134
1,1,0.93357384
0,0,0.006890692
1,1,0.91130114
1,1,0.9982134
1,1,0.96406
0,0,0.006890692
0,0,0.006890692
1,1,0.9987476
0,0,0.006890692
1,1,0.98144275
0,0,0.0058409963
0,0,0.006890692
0,0,0.019680705
0,0,0.006890692
0,0,0.006890692
1,1,0.9982134
0,0,0.006890692
0,0,0.19605327
1,1,0.9891958
1,1,0.9982134
0,0,0.0066882055
1,1,0.98144275
0,0,0.006890692
1,1,0.9982134
1,1,0.99806064
0,0,0.006890692
0,0,0.006890692
1,1,0.96406
0,0,0.006890692
1,1,0.9982134
0,1,0.9386546
1,1,0.9982134
1,1,0.9982134
0,0,0.006890692
1,1,0.9982134
0,0,0.006890692
1,1,0.9982134
1,1,0.98144275
1,1,0.9988463
0,0,0.006890692
1,1,0.9979468
0,0,0.006890692
0,1,0.6341302
1,1,0.9988463
1,1,0.9398932
0,0,0.006890692
1,1,0.9188319
0,0,0.006890692
1,1,0.99819404
1,1,0.9982134
1,1,0.9987336
0,0,0.006890692
0,0,0.011356525
1,1,0.8950549
1,1,0.8649465
0,0,0.006890692
1,1,0.99806064
0,0,0.006890692
1,1,0.9982134
1,0,0.3359299
1,1,0.9982134
0,0,0.006890692
1,1,0.947016
1,1,0.96581507
0,1,0.788546
0,0,0.018496025
0,0,0.006890692
0,0,0.006890692
0,0,0.006890692
1,1,0.99806064
1,1,0.9980786
1,1,0.99806064
0,0,0.006890692
0,0,0.006890692
0,0,0.0058409963
0,0,0.006890692
1,1,0.91382456
1,1,0.9982134
1,1,0.9982134
0,0,0.006890692
0,0,0.006890692
1,1,0.98144275
1,1,0.9982134
0,0,0.006890692
1,1,0.9982134
0,0,0.006890692
0,0,0.006890692
0,0,0.006890692
0,0,0.08297125
1,1,0.9982134
1,1,0.9386546
0,0,0.006890692
0,1,0.62005967
0,0,0.006890692
0,0,0.006890692
1,1,0.9982134
1,1,0.98144275
1,1,0.9982134
1,1,0.9821591
0,0,0.006890692
1,1,0.8211712
1,1,0.95037687
1,1,0.5396606
0,0,0.006890692
0,0,0.006890692
0,0,0.006890692
0,0,0.011356525
0,0,0.051527057
1,1,0.9982134
1,1,0.99764097
0,0,0.006890692
0,0,0.13740616
0,0,0.006890692
1,1,0.99806064
0,0,0.006890692
0,0,0.006890692
1,1,0.99806064
1,1,0.8855769
1,1,0.9982134
1,1,0.997479
1,1,0.9982134
1,1,0.9982134
0,0,0.006890692
0,0,0.006890692
0,0,0.006890692
0,0,0.014382343
1,1,0.997479
1,1,0.9982134
1,1,0.9982134
1,1,0.9982134
1,1,0.7956409
1,1,0.997479
1,1,0.9979627
0,0,0.006890692
0,0,0.012495282
1,1,0.9982134
1,1,0.997479
1,1,0.98144275
1,1,0.89675707
1,1,0.99806064
1,1,0.9982134
1,1,0.997479
1,1,0.9982134
0,0,0.006890692
0,0,0.006890692
0,0,0.006890692
1,1,0.9982134
1,1,0.920771
0,0,0.062376343
0,0,0.006890692
0,0,0.049361862
1,1,0.9100352
1,1,0.9823329
0,0,0.006890692
0,0,0.006890692
1,1,0.9982134
1,1,0.9982134
1,1,0.99872655
0,0,0.006890692
0,0,0.006890692
1,1,0.9507653
0,0,0.006890692
1,1,0.98144275
0,0,0.006890692
1,1,0.6309028
1,1,0.96406
1,1,0.9982134
1,1,0.9982134
0,0,0.006890692
0,0,0.006890692
0,0,0.006890692
1,1,0.99806064
0,0,0.006890692
1,1,0.99806064
1,1,0.997479
1,1,0.99806064
0,0,0.006890692
0,0,0.006890692
1,1,0.83994216
0,0,0.019680705
0,0,0.006890692
0,0,0.006890692
1,1,0.997479
0,0,0.006890692
0,0,0.006890692
1,1,0.99806064
0,0,0.006890692
0,0,0.006890692
0,0,0.004189097
1,1,0.9982134
0,0,0.006890692
1,1,0.99818677
1,1,0.9982134
0,0,0.006890692
1,1,0.997479
1,1,0.99806064
1,1,0.99806064
0,0,0.006890692
1,1,0.99806064
0,0,0.048868906
0,0,0.006890692
0,0,0.006890692
0,0,0.005806387
0,0,0.051527057
0,0,0.006890692
0,0,0.006890692
0,0,0.006890692
1,1,0.9982134
0,0,0.010512938
0,1,0.5490138
1,1,0.9982134
1,1,0.98144275
1,1,0.98144275
1,1,0.997479
0,0,0.0068172654
1,1,0.8251753
0,0,0.019680705
1,1,0.98144275
0,0,0.006890692
1,1,0.99853516
0,0,0.006890692
1,1,0.78110415
0,0,0.006890692
0,0,0.006890692
1,1,0.91382456
1,1,0.9982134
1,1,0.9982134
1,1,0.98144275
1,1,0.9982134
1,1,0.94540083
1,1,0.9982134
1,1,0.9982134
0,0,0.0033168225
0,0,0.006890692
1,1,0.9982134
1,1,0.7494922
0,0,0.006890692
1,1,0.920771
0,0,0.006890692
0,0,0.35065654
0,0,0.006890692
1,1,0.9982134
1,1,0.9100352
1,1,0.9386546
0,0,0.006890692
0,0,0.0064830706
1,1,0.9982134
0,0,0.006890692
0,0,0.006890692
0,0,0.006890692
1,1,0.9386546
0,0,0.006890692
1,1,0.9982134
1,1,0.94319093
1,1,0.99764097
1,1,0.9982134
1,1,0.98144275
0,0,0.006890692
1,1,0.997479
1,1,0.9982134
0,0,0.006890692
1,1,0.997479
1,1,0.99806064
0,0,0.006890692
1,1,0.95605224
1,1,0.99806064
0,0,0.006890692
0,0,0.006890692
0,0,0.006890692
1,1,0.9982134
1,1,0.997479
0,0,0.006890692
1,1,0.99806064
0,0,0.006890692
1,1,0.997479
0,0,0.006890692
0,1,0.7956409
0,0,0.0064830706
0,0,0.006890692
0,0,0.26158002
0,0,0.006890692
0,0,0.006890692
0,0,0.006890692
0,0,0.006890692
1,1,0.997479
1,1,0.99222
0,1,0.74044603
0,0,0.006890692
0,0,0.006890692
1,1,0.9986733
0,0,0.006890692
0,0,0.009699092
0,0,0.006890692
1,1,0.9639717
1,1,0.9982134
0,0,0.006890692
0,0,0.006890692
1,1,0.997479
1,1,0.92498994
0,0,0.006890692
0,0,0.0058409963
0,0,0.006890692
1,1,0.99806064
1,1,0.9982134
1,1,0.997479
0,1,0.95084184
0,0,0.006890692
1,1,0.96406
1,1,0.8251753
1,1,0.997479
0,0,0.006890692
1,1,0.98432946
0,0,0.006890692
0,0,0.006890692
1,1,0.9982134
0,0,0.006890692
1,1,0.9982134
0,0,0.006890692
1,1,0.86793077
1,1,0.98144275
1,1,0.99848515
0,0,0.006890692
1,1,0.9188319
1,1,0.9980786
0,0,0.006890692
1,1,0.9982134
1,1,0.98144275
0,0,0.006890692
1,1,0.9244232
0,0,0.006890692
0,1,0.59516656
1,1,0.95605224
0,0,0.006890692
0,0,0.006890692
1,1,0.997479
1,1,0.9982134
0,0,0.006890692
0,0,0.006890692
0,0,0.2176866
1,1,0.9982134
1,1,0.84289217
0,0,0.006890692
0,0,0.010696916
0,0,0.006890692
1,1,0.99806064
0,0,0.038657688
1,1,0.9982134
1,1,0.9982134
0,0,0.006890692
1,1,0.9821591
1,1,0.920771
1,1,0.9982134
0,0,0.006890692
1,1,0.957285
0,0,0.005234167
0,0,0.019680705
0,0,0.10949
1,1,0.9982134
0,0,0.006890692
1,1,0.94902354
1,1,0.9982134
0,0,0.006890692
0,0,0.006890692
0,0,0.006890692
0,0,0.006890692
0,0,0.006890692
1,1,0.997479
1,1,0.99806064
0,0,0.006890692
0,0,0.006890692
1,1,0.9982134
1,1,0.99832815
0,0,0.006890692
1,1,0.9982134
1,1,0.997479
1,0,0.26284376
0,0,0.006890692
1,1,0.9982134
1,1,0.99841297
1,1,0.997479
0,0,0.006890692
1,1,0.65096575
0,0,0.006890692
0,0,0.006890692
0,1,0.78165317
0,0,0.006890692
1,1,0.9982134
1,1,0.99806064
0,0,0.006890692
0,0,0.04012262
0,0,0.006890692
1,1,0.94319093
1,1,0.9982134
1,1,0.9982134
1,1,0.99806064
0,0,0.006890692
0,0,0.006890692
0,0,0.006890692
0,0,0.008163164
0,0,0.006890692
1,1,0.9981912
0,0,0.006890692
0,0,0.006890692
1,1,0.9982134
1,1,0.9982134
1,1,0.9982134
1,1,0.7956781
0,0,0.006890692
1,1,0.9982134
0,0,0.006890692
1,1,0.94319093
1,1,0.99806064
1,1,0.98144275
1,1,0.9982134
1,1,0.9982134
0,0,0.006890692
1,1,0.91382456
1,1,0.8211712
0,0,0.02165756
0,0,0.006890692
0,0,0.006890692
0,0,0.003454052
0,1,0.6791778
1,1,0.997479
1,1,0.9982134
1,1,0.91382456
1,1,0.9982134
0,0,0.006890692
0,0,0.00971558
0,0,0.014382343
0,0,0.012465628
1,1,0.99806064
1,1,0.9474659
1,1,0.99806064
1,1,0.957285
0,0,0.005171829
1,1,0.9980786
1,1,0.9990803
1,1,0.86793077
1,1,0.9982134
1,1,0.9982134
1,1,0.9982134
1,0,0.22058024
0,0,0.006890692
1,1,0.96406
1,1,0.997479
0,0,0.006890692
0,0,0.006890692
0,1,0.9982134
0,0,0.006890692
1,1,0.99806064
0,0,0.0070995945
0,0,0.006890692
0,1,0.98144275
1,1,0.997479
0,0,0.006890692
0,0,0.006890692
0,0,0.006890692
0,0,0.006890692
1,1,0.77658165
0,0,0.027565548
0,0,0.007623591
0,0,0.052704915
1,1,0.9982134
0,0,0.012500355
0,0,0.006890692
1,1,0.9982134
0,0,0.006890692
0,0,0.006890692
1,1,0.99806064
1,1,0.99806064
1,1,0.8855769
0,0,0.022073744
0,0,0.19677871
0,0,0.006890692
1,1,0.7956409
0,0,0.006890692
0,0,0.006890692
0,1,0.6372025
0,0,0.006890692
1,1,0.9982134
1,1,0.98339695
1,1,0.9982134
1,1,0.997479
0,0,0.006890692
0,0,0.19984837
0,0,0.2176866
1,1,0.9982134
1,1,0.86793077
0,0,0.006890692
1,1,0.9982134
1,1,0.9982134
1,1,0.997479
0,0,0.006890692
0,0,0.006890692
0,0,0.006890692
1,1,0.99806064
1,1,0.99806064
0,0,0.14589785
1,1,0.8649465
1,1,0.98144275
1,1,0.997479
0,0,0.006890692
0,0,0.006890692
1,1,0.94540083
1,1,0.99750984
1,1,0.99806064
1,1,0.9979627
0,0,0.006890692
0,0,0.006890692
0,0,0.006890692
0,0,0.13740616
0,0,0.0068172654
1,1,0.99830484
1,1,0.99806064
1,1,0.6531814
0,0,0.006890692
1,1,0.997479
1,1,0.9980786
0,0,0.006890692
0,0,0.006890692
1,1,0.9982134
0,0,0.004189097
0,0,0.012606121
1,1,0.9980786
1,1,0.9773812
0,0,0.006890692
1,1,0.9982134
1,1,0.9317691
0,0,0.006890692
0,0,0.006890692
1,1,0.9982134
1,1,0.9982134
1,1,0.920771
0,0,0.006890692
1,1,0.65367335
0,0,0.006890692
0,0,0.4411787
1,1,0.99806064
1,1,0.997479
0,0,0.006890692
0,0,0.0068172654
1,1,0.9982134
0,0,0.052704915
0,0,0.003974623
0,0,0.006890692
1,1,0.99806064
0,0,0.003974623
1,1,0.95084184
0,0,0.005171829
0,0,0.47736663
1,1,0.9982134
0,0,0.006890692
1,1,0.99806064
1,1,0.98144275
1,1,0.9813239
1,1,0.997479
0,0,0.006890692
1,1,0.9982134
0,0,0.006890692
0,0,0.008163164
0,0,0.006890692
1,1,0.92873156
0,0,0.006890692
0,0,0.006890692
0,0,0.006890692
0,0,0.006890692
0,0,0.006890692
0,0,0.006890692
0,0,0.006890692
0,0,0.006890692
0,0,0.006890692
0,0,0.006890692
0,0,0.16868338
1,1,0.98144275
0,0,0.012606121
0,0,0.006890692
0,0,0.006890692
1,1,0.9386546
0,0,0.006890692
0,0,0.006890692
0,0,0.006890692
0,0,0.006890692
0,0,0.006890692
0,0,0.006890692
0,0,0.006890692
0,0,0.006890692
1,1,0.99806064
0,0,0.006890692
1,1,0.8294698
1,1,0.86793077
0,0,0.006890692
0,0,0.006890692
1,1,0.9982134
0,0,0.006890692
1,1,0.98144275
0,0,0.006890692
0,0,0.006890692
0,0,0.006890692
1,1,0.99806064
1,1,0.9982134
0,0,0.006890692
1,1,0.9979468
0,0,0.006890692
1,1,0.9982134
0,0,0.2795963
0,0,0.011356525
1,1,0.92329067
1,1,0.98144275
1,1,0.9386546
0,1,0.5679677
1,1,0.9982134
1,1,0.9982134
1,1,0.9982134
0,0,0.006890692
1,1,0.9982134
1,1,0.954393
0,0,0.006890692
1,1,0.9982134
1,1,0.920771
1,1,0.99806064
0,0,0.006890692
1,1,0.91382456
0,0,0.057043947
1,0,0.006890692
1,1,0.997479
0,0,0.063155495
1,1,0.98144275
1,1,0.9982134
0,0,0.006890692
0,0,0.006890692
0,0,0.006890692
0,0,0.006890692
0,0,0.006890692
1,1,0.9982134
1,1,0.7358413
0,0,0.010696916
1,1,0.98144275
0,0,0.006890692
1,1,0.9982134
0,0,0.008204624
0,0,0.006890692
1,1,0.99815184
0,0,0.006890692
1,1,0.997479
0,0,0.006890692
1,1,0.9982134
1,1,0.997479
1,0,0.40748736
0,0,0.006890692
1,1,0.9983297
0,0,0.006890692
0,0,0.006890692
1,1,0.9982134
0,0,0.15520509
0,0,0.006890692
1,1,0.9982134
0,0,0.006890692
1,1,0.9188319
1,1,0.9983728
1,1,0.99806064
0,0,0.006890692
1,1,0.997479
1,1,0.9970356
0,0,0.03976934
1,1,0.99806064
0,0,0.006890692
0,0,0.006890692
1,1,0.9982134
0,0,0.006890692
1,1,0.997479
1,1,0.9982134
1,1,0.98144275
1,1,0.8176324
1,1,0.9982134
0,0,0.006890692
0,0,0.006890692
1,0,0.27363938
1,1,0.9386546
0,0,0.006890692
0,0,0.006890692
1,1,0.94319093
1,1,0.9982134
1,1,0.999041
1,1,0.99806064
1,1,0.997479
0,0,0.006890692
1,1,0.9982134
1,1,0.9982134
1,1,0.9990803
1,1,0.9654975
0,0,0.008930976
1,0,0.49093395
1,1,0.9982134
1,1,0.9982134
1,1,0.9982134
1,1,0.9386546
1,1,0.9982134
1,1,0.9982134
1,1,0.9993255
0,0,0.006890692
1,1,0.90010077
0,0,0.019680705
1,1,0.7644046
1,1,0.9981851
1,1,0.9982134
1,1,0.9386546
0,0,0.006890692
0,1,0.77658165
1,1,0.9982134
0,0,0.38524988
0,0,0.003454052
1,1,0.95605224
0,0,0.006890692
1,1,0.9982134
0,0,0.006890692
1,1,0.9982134
0,0,0.006890692
1,0,0.006890692
1,1,0.997479
0,0,0.006890692
1,1,0.997479
1,1,0.9982134
1,1,0.92873156
0,0,0.006890692
1,0,0.35359225
0,0,0.016089637
0,0,0.006890692
1,1,0.997479
1,1,0.94594693
0,0,0.006890692
1,1,0.99810046
0,0,0.027096415
0,1,0.8211712
0,0,0.28129902
1,1,0.9982134
0,0,0.005234167
0,0,0.006890692
0,0,0.006890692
1,1,0.9982134
1,1,0.9722125
1,1,0.9100352
0,0,0.006890692
1,1,0.9982134
0,0,0.006890692
1,1,0.9982134
0,0,0.006890692
1,1,0.9982134
1,1,0.98144275
1,1,0.96406
1,1,0.98144275
1,1,0.99806064
0,0,0.006890692
1,0,0.021027617
1,1,0.9986904
1,1,0.9982134
1,1,0.7966515
1,1,0.76258993
0,0,0.011356525
1,1,0.99899155
1,0,0.22749849
1,1,0.99806064
0,0,0.006890692
1,1,0.98144275
1,1,0.98144275
1,1,0.9982134
1,1,0.9982134
0,0,0.006890692
0,0,0.006890692
1,1,0.997479
1,1,0.9989796
1,1,0.9983297
0,0,0.006890692
1,1,0.920771
0,0,0.052704915
0,0,0.006890692
0,0,0.006890692
0,0,0.2678092
1,1,0.9386546
0,0,0.006890692
0,0,0.006890692
0,0,0.006890692
1,1,0.8950549
1,1,0.997479
1,1,0.91382456
1,1,0.840564
1,1,0.95605224
1,1,0.9982134
0,0,0.006890692
0,0,0.006890692
1,1,0.9976019
0,0,0.006890692
1,1,0.9982134
1,1,0.9386546
1,1,0.9507653
1,1,0.9982134
1,1,0.928427
0,0,0.0058409963
0,0,0.006890692
0,0,0.00971558
0,0,0.112023786
1,1,0.98144275
0,0,0.006890692
1,1,0.9982134
1,1,0.98144275
1,1,0.997479
0,0,0.006890692
1,1,0.9982134
0,0,0.003454052
0,0,0.10351755
1,1,0.9982134
0,0,0.006890692
0,0,0.006890692
1,1,0.9982134
1,1,0.94319093
1,1,0.9386546
0,0,0.006890692
1,1,0.997479
0,0,0.006890692
0,0,0.006890692
1,1,0.98144275
1,1,0.99806064
0,0,0.006890692
0,0,0.006890692
0,0,0.006890692
0,0,0.008163164
0,0,0.006890692
1,1,0.86793077
1,1,0.9982134
1,1,0.98144275
1,1,0.94319093
0,1,0.54463786
1,1,0.9982134
0,0,0.006890692
1,1,0.96406
1,1,0.9982134
0,0,0.006890692
0,0,0.07917214
1,1,0.9982134
1,1,0.82476467
1,1,0.83187413
0,0,0.49877846
1,1,0.99806064
0,0,0.006890692
1,1,0.99819404
1,1,0.920771
1,1,0.9982134
1,1,0.9244232
0,0,0.006890692
1,1,0.99806064
1,1,0.9982134
1,1,0.9972892
1,1,0.96406
0,0,0.041018594
0,0,0.006890692
0,0,0.006890692
1,1,0.9982134
0,1,0.98144275
0,0,0.006890692
0,0,0.006890692
0,0,0.006890692
1,1,0.9982134
1,1,0.9982134
1,1,0.98946077
1,1,0.96406
1,1,0.9988463
1,1,0.68639255
1,1,0.997479
1,1,0.99806064
0,0,0.006890692
1,1,0.9244232
0,0,0.08716817
0,0,0.006890692
1,1,0.9983718
1,1,0.9982134
1,1,0.9982134
1,1,0.98144275
0,0,0.005234167
1,1,0.9100352
1,1,0.997479
0,0,0.006890692
0,0,0.006890692
0,0,0.006890692
1,1,0.997479
0,0,0.006890692
1,1,0.91382456
0,0,0.006890692
0,1,0.559816
1,1,0.99806064
1,1,0.99806064
0,0,0.021027617
1,1,0.98144275
0,0,0.006890692
0,0,0.006890692
1,1,0.997479
1,0,0.3632158
0,0,0.006890692
0,0,0.005234167
0,0,0.006890692
1,1,0.8950549
1,1,0.99806064
0,0,0.006890692
1,1,0.9978847
0,0,0.006890692
0,0,0.07225921
0,0,0.006890692
0,0,0.0052394606
1,1,0.9982134
1,0,0.3568965
0,0,0.006890692
1,1,0.99878794
1,1,0.9982134
1,1,0.9982134
1,1,0.99744785
0,0,0.006890692
0,0,0.011356525
0,0,0.006890692
0,0,0.022073744
1,1,0.9982134
1,1,0.997479
0,0,0.006890692
1,1,0.99806064
1,1,0.9981487
0,0,0.006890692
0,0,0.006890692
0,0,0.006890692
0,0,0.006890692
1,1,0.9982134
0,0,0.006890692
1,1,0.9188319
1,1,0.9989796
0,0,0.006890692
0,0,0.0058409963
1,1,0.9621963
1,1,0.98144275
1,1,0.68639255
1,1,0.997479
0,0,0.006890692
0,0,0.006890692
0,0,0.006890692
1,1,0.9979468
1,1,0.99806064
1,1,0.98750764
0,0,0.006890692
0,0,0.006890692
0,0,0.006890692
0,0,0.006890692
1,1,0.9874166
0,0,0.006890692
0,0,0.019680705
0,0,0.010749103
1,1,0.99806064
1,1,0.8550255
0,0,0.006890692
0,1,0.9982134
0,0,0.006890692
1,1,0.9980786
1,1,0.9188319
1,1,0.9988463
1,1,0.99806064
0,1,0.8772573
0,0,0.052730344
1,1,0.997479
0,0,0.006890692
1,1,0.98144275
0,0,0.052190192
0,0,0.006890692
1,1,0.9982134
0,0,0.18433996
1,1,0.99806064
0,0,0.006890692
1,1,0.99819416
0,0,0.006890692
0,0,0.006890692
0,0,0.006890692
0,0,0.006890692
0,0,0.006890692
0,0,0.006890692
1,1,0.9982134
1,1,0.99806064
1,1,0.9971463
0,0,0.006890692
1,1,0.8251753
0,0,0.006890692
0,0,0.006890692
0,0,0.019680705
0,1,0.78609693
1,1,0.96406
1,1,0.99806064
1,1,0.8966837
0,0,0.006890692
1,1,0.997479
1,1,0.9987336
1,1,0.997479
0,0,0.017294656
1,1,0.99819404
0,0,0.11185603
1,1,0.997479
0,0,0.006890692
0,0,0.006890692
0,0,0.06375421
0,0,0.006890692
0,0,0.051527057
1,1,0.920771
0,0,0.065890014
0,0,0.006890692
0,0,0.006890692
1,1,0.9982134
1,1,0.99757105
0,0,0.012606121
1,1,0.9982134
0,0,0.012432588
0,0,0.006890692
1,1,0.98144275
1,1,0.9988463
1,1,0.74044603
1,1,0.957285
1,1,0.997479
0,0,0.007230607
1,1,0.7956409
0,0,0.006890692
1,1,0.98144275
1,1,0.77658165
1,1,0.91382456
0,0,0.006890692
1,1,0.9982134
1,1,0.997479
1,1,0.91382456
1,1,0.99806064
0,0,0.006890692
1,1,0.920771
0,0,0.11288567
1,1,0.99806064
1,1,0.96406
1,1,0.99806064
0,1,0.920771
0,0,0.006890692
1,1,0.98144275
1,1,0.9980786
1,1,0.99832815
0,0,0.006890692
0,0,0.008163164
1,1,0.96406
1,1,0.8580961
0,0,0.006890692
1,1,0.98144275
1,1,0.9982134
0,0,0.006890692
1,1,0.79474485
0,0,0.006890692
0,0,0.006890692
1,1,0.98144275
0,0,0.006890692
1,0,0.24949403
1,1,0.9982134
1,1,0.9990803
0,0,0.006890692
0,0,0.0058409963
1,1,0.8950549
0,0,0.006890692
1,1,0.9982134
1,1,0.98144275
0,0,0.006890692
0,0,0.006890692
0,0,0.006890692
0,0,0.027628202
0,0,0.006890692
0,0,0.12461067
0,0,0.03510229
0,0,0.1767561
1,1,0.99806064
1,1,0.9982134
1,1,0.99806064
1,1,0.9982134
0,0,0.006890692
0,0,0.022073744
1,1,0.9982134
1,1,0.9982134
1,1,0.96406
0,0,0.006890692
0,0,0.052704915
0,0,0.036574103
1,1,0.997479
1,1,0.997479
1,1,0.9982134
0,0,0.006890692
1,1,0.99806064
1,1,0.511797
1,1,0.9982134
1,1,0.997479
1,0,0.210425
1,0,0.018251406
1,0,0.009415164
1,1,0.99806064
0,0,0.006890692
1,1,0.8176324
0,0,0.0068172654
0,0,0.2997907
1,1,0.7546408
1,1,0.9988463
0,0,0.0036321073
0,0,0.006890692
0,0,0.0072418493
0,0,0.008163164
1,1,0.98144275
1,1,0.9981912
1,1,0.96406
1,1,0.99815506
0,0,0.022073744
1,1,0.9982134
0,0,0.006890692
0,0,0.006890692
0,0,0.1063287
0,0,0.006890692
0,0,0.006890692
1,1,0.99806064
1,1,0.99806064
0,0,0.006890692
1,1,0.9982134
0,0,0.021156853
0,0,0.006890692
1,1,0.9982134
0,0,0.006890692
1,1,0.920771
0,1,0.63165605
1,1,0.9982134
0,0,0.006890692
1,1,0.997479
0,0,0.10984188
0,0,0.006890692
0,0,0.006890692
0,0,0.006890692
0,0,0.41506812
1,1,0.9971463
0,0,0.016359799
0,0,0.006890692
0,0,0.006890692
0,0,0.004875656
0,0,0.006890692
0,0,0.006890692
0,0,0.006890692
0,0,0.006890692
1,1,0.8950549
1,1,0.9982134
1,1,0.99806064
0,0,0.006890692
1,1,0.9982134
1,1,0.9982134
1,1,0.96406
0,0,0.006890692
0,0,0.015992831
0,0,0.006890692
1,1,0.99806064
1,1,0.99806064
0,0,0.006890692
1,1,0.9982134
1,1,0.9979627
1,1,0.99806064
0,0,0.006890692
1,1,0.99806064
1,1,0.99806064
0,0,0.006890692
0,0,0.051527057
0,0,0.006890692
1,1,0.997479
1,1,0.99806064
0,0,0.006890692
1,1,0.9982134
0,0,0.006890692
1,1,0.9982134
0,0,0.022654789
1,1,0.920771
0,0,0.006890692
1,1,0.9982134
1,1,0.9925183
0,0,0.006890692
0,0,0.006890692
1,1,0.9987122
1,1,0.9982134
0,0,0.006890692
1,1,0.89675707
1,1,0.96406
0,0,0.39556855
0,0,0.006890692
1,1,0.9982134
1,1,0.98144275
0,0,0.005234167
1,1,0.98144275
0,0,0.006890692
0,0,0.021027617
0,0,0.3260925
1,1,0.997479
1,1,0.7956409
1,1,0.9386546
0,0,0.021027617
1,1,0.9982134
0,0,0.006890692
0,0,0.006890692
1,1,0.77658165
0,0,0.006890692
1,1,0.99806064
1,1,0.82476467
0,0,0.0052394606
1,1,0.9386546
1,1,0.94319093
1,1,0.98144275
1,1,0.99806064
0,0,0.0042489325
0,0,0.006890692
1,0,0.4752214
0,0,0.006890692
0,0,0.015991174
0,0,0.006890692
0,0,0.20694888
1,1,0.9982134
1,1,0.98144275
1,1,0.9869055
1,1,0.928427
0,1,0.90020096
0,0,0.006890692
0,0,0.006890692
1,1,0.74044603
1,1,0.9982134
0,0,0.006890692
1,1,0.9982134
1,1,0.99777126
1,1,0.9436447
0,0,0.0049094036
0,0,0.006890692
1,1,0.9824843
0,0,0.006890692
0,0,0.0058409963
1,1,0.9982134
1,1,0.9982134
0,0,0.13540475
0,0,0.005234167
0,0,0.021027617
0,0,0.006890692
1,1,0.9982134
0,0,0.006890692
0,0,0.006890692
1,0,0.006890692
1,1,0.99806064
1,1,0.997479
1,1,0.9874166
1,1,0.99764097
1,1,0.997479
1,1,0.86793077
0,0,0.3359299
1,1,0.99520504
0,0,0.006890692
1,1,0.9982134
0,0,0.006890692
0,0,0.0036321073
1,1,0.9982134
0,0,0.006890692
1,1,0.96406
1,1,0.9982134
1,1,0.9982134
0,0,0.006890692
1,1,0.8597249
1,1,0.98144275
0,0,0.007623591
0,0,0.006890692
1,1,0.9982134
0,0,0.006890692
1,1,0.9982134
0,0,0.006890692
1,1,0.99806064
0,0,0.006890692
1,1,0.99750984
0,0,0.0058409963
0,0,0.006890692
1,1,0.98144275
0,0,0.006890692
0,0,0.006890692
1,1,0.9982134
0,0,0.006890692
0,0,0.006890692
1,1,0.997479
1,1,0.98144275
0,0,0.006890692
1,1,0.98144275
1,1,0.5078277
0,0,0.009415164
1,1,0.96875036
1,1,0.94319093
0,0,0.006890692
1,1,0.9386546
1,1,0.9982134
1,1,0.9982134
0,0,0.006890692
1,1,0.9982134
0,0,0.006890692
1,1,0.928427
1,1,0.9982134
0,0,0.023125388
0,0,0.17952535
0,0,0.006890692
0,0,0.006890692
0,0,0.006890692
0,0,0.006890692
0,0,0.006890692
1,1,0.997479
1,1,0.8211712
0,0,0.006890692
0,0,0.006890692
1,1,0.9982134
1,1,0.9987476
1,1,0.99806064
1,1,0.99819404
0,0,0.0058409963
1,1,0.9982134
1,1,0.9244232
1,1,0.9982134
0,0,0.006890692
0,0,0.021156853
1,1,0.9982134
1,1,0.9982134
0,0,0.006890692
0,0,0.006890692
1,1,0.928427
0,0,0.006890692
1,1,0.98144275
1,1,0.9982134
0,0,0.006890692
1,1,0.9979468
0,0,0.006890692
0,1,0.95084184
0,0,0.006890692
1,1,0.9982134
0,0,0.021027617
1,1,0.9982134
1,1,0.997479
0,0,0.006890692
1,1,0.9812832
1,1,0.98339695
1,1,0.98144275
1,1,0.99806064
1,1,0.9982134
0,0,0.06852828
1,1,0.9982134
0,0,0.006890692
1,1,0.8211712
1,0,0.46374187
0,0,0.006890692
0,0,0.006890692
0,0,0.0068172654
1,1,0.9988187
1,1,0.9982134
1,1,0.8777714
0,0,0.006890692
0,0,0.006890692
0,0,0.006890692
0,0,0.006890692
1,1,0.99790984
1,1,0.99806064
0,0,0.006890692
1,1,0.9982134
0,0,0.006890692
1,1,0.9982134
1,1,0.98144275
0,0,0.048964493
0,0,0.006890692
0,0,0.0070995945
0,0,0.006890692
1,1,0.99806064
0,0,0.006890692
1,1,0.9982134
0,0,0.006890692
1,1,0.9758187
0,0,0.006890692
0,0,0.006890692
1,1,0.95605224
1,1,0.99841297
1,1,0.9982134
0,0,0.006890692
0,0,0.006890692
1,1,0.97584677
1,1,0.74044603
1,1,0.94340616
1,1,0.9982134
1,1,0.99806064
1,1,0.8249331
0,0,0.01670082
0,0,0.006890692
0,0,0.006890692
1,1,0.99806064
0,0,0.006890692
1,1,0.99806064
1,1,0.9980786
0,0,0.006890692
1,1,0.957285
0,0,0.006890692
1,0,0.44591337
1,1,0.95605224
1,1,0.75635475
0,0,0.006890692
1,0,0.050639924
0,0,0.006890692
1,1,0.9982134
0,0,0.006890692
1,1,0.7956781
0,0,0.006890692
1,1,0.9982134
0,0,0.006890692
0,0,0.006890692
1,1,0.7635934
1,1,0.997479
1,1,0.9244232
1,1,0.96406
1,1,0.96406
1,1,0.9982134
0,0,0.006890692
1,1,0.99806064
0,0,0.006890692
0,0,0.004189097
1,1,0.997479
1,1,0.94352084
1,1,0.9386546
1,1,0.997479
0,0,0.006890692
1,1,0.9982134
0,0,0.006890692
0,1,0.997479
0,0,0.006890692
0,0,0.004189097
0,0,0.007361134
0,0,0.006890692
1,1,0.99806064
1,1,0.96406
1,1,0.997479
0,0,0.2176866
1,1,0.9982134
1,1,0.94319093
0,0,0.006890692
1,1,0.74044603
0,1,0.50740814
1,1,0.9799182
0,0,0.004425484
1,1,0.96406
0,0,0.02676846
0,0,0.15820262
1,1,0.9982134
0,0,0.006890692
0,1,0.84788185
0,0,0.006890692
1,1,0.9982134
1,1,0.7635934
0,0,0.006890692
1,1,0.91382456
0,0,0.021707088
0,0,0.0083953105
0,0,0.006890692
0,0,0.006890692
0,0,0.006890692
1,1,0.9982134
1,1,0.91382456
0,0,0.006890692
0,0,0.006890692
1,1,0.9982134
1,1,0.98144275
0,0,0.0083953105
0,0,0.006890692
0,0,0.009381868
1,1,0.99806064
1,1,0.997479
0,0,0.006890692
0,0,0.006890692
1,1,0.9983005
0,0,0.006890692
0,0,0.00971558
0,0,0.006890692
1,1,0.9982134
1,1,0.9982134
1,1,0.9979468
1,1,0.997479
1,1,0.92994523
1,1,0.997479
1,1,0.997479
0,0,0.006890692
0,0,0.006890692
0,0,0.006890692
1,1,0.82079446
0,0,0.22590488
1,1,0.9982134
0,0,0.021675214
0,0,0.07168243
1,1,0.9982134
1,1,0.96406
0,0,0.006890692
0,0,0.006890692
0,0,0.006890692
1,1,0.98144275
0,0,0.006890692
0,0,0.006890692
0,0,0.006890692
1,1,0.99806064
0,0,0.006890692
0,0,0.006890692
1,1,0.9988187
0,0,0.006890692
0,0,0.006890692
0,1,0.6999779
0,0,0.006890692
0,0,0.045065403
0,0,0.012495282
0,0,0.006890692
0,0,0.0071341437
1,1,0.902781
0,0,0.006890692
1,1,0.77515584
1,1,0.77515584
1,1,0.94319093
1,1,0.99806064
0,0,0.006890692
1,1,0.9982134
1,1,0.9982134
1,1,0.9982134
0,0,0.006890692
1,1,0.96406
1,1,0.9982134
0,0,0.006890692
0,0,0.006890692
0,0,0.006890692
0,0,0.021027617
1,1,0.8966837
0,0,0.006890692
0,0,0.036574103
0,0,0.3359299
0,0,0.006890692
1,1,0.9982134
1,1,0.9188319
0,0,0.006890692
0,0,0.007230607
1,1,0.96406
0,0,0.006890692
0,0,0.006890692
1,1,0.9838394
1,1,0.9982134
1,1,0.99806064
1,1,0.99806064
0,1,0.559816
1,1,0.77658165
0,0,0.006890692
1,1,0.9982134
0,0,0.006890692
1,1,0.99806064
0,0,0.006890692
1,1,0.997479
1,1,0.99806064
1,1,0.99806064
0,0,0.006890692
0,1,0.93357384
0,0,0.006890692
0,0,0.006890692
0,0,0.024114097
1,1,0.9982134
1,1,0.9982134
0,0,0.006890692
0,0,0.006890692
0,0,0.03976934
0,0,0.006890692
0,0,0.006890692
0,0,0.02676846
1,1,0.997479
0,0,0.006890692
0,1,0.9207304
1,1,0.98144275
1,1,0.997479
1,1,0.9386546
0,0,0.05029007
0,0,0.006890692
1,1,0.9982134
0,0,0.006890692
0,0,0.0058409963
1,1,0.8015339
1,1,0.9971463
0,0,0.006890692
0,0,0.07907505
0,0,0.0042489325
0,0,0.012432588
0,0,0.006890692
0,0,0.006890692
0,0,0.006890692
1,1,0.9982134
0,0,0.006890692
0,0,0.007361134
0,0,0.02165756
1,1,0.99806064
1,1,0.997479
1,1,0.9982134
1,1,0.9982134
0,0,0.006890692
1,1,0.997479
1,1,0.997479
1,1,0.9988187
1,1,0.997479
0,0,0.006890692
0,0,0.18186261
0,0,0.006890692
0,0,0.006890692
0,0,0.006890692
0,0,0.0058409963
1,1,0.9990095
0,0,0.015992831
1,1,0.997479
1,1,0.9982134
1,1,0.89947826
1,1,0.99806064
0,0,0.006890692
1,1,0.997479
0,0,0.45351908
0,0,0.006890692
1,1,0.83132344
1,1,0.98144275
0,0,0.006890692
0,0,0.006890692
0,0,0.006890692
0,0,0.006890692
1,1,0.99806064
0,0,0.006890692
0,0,0.006890692
1,1,0.9982134
0,0,0.006890692
0,0,0.006890692
0,0,0.10736573
0,1,0.8251753
0,0,0.006890692
1,1,0.9982134
0,0,0.051527057
0,1,0.6298561
1,1,0.997479
1,1,0.8900224
0,0,0.006890692
1,1,0.9979175
0,0,0.006890692
1,1,0.9813239
0,0,0.006890692
0,0,0.006890692
0,0,0.006890692
1,1,0.99806064
1,0,0.38878295
1,1,0.9982134
1,1,0.997479
1,1,0.9982134
0,0,0.006890692
1,1,0.9982134
1,1,0.99806064
0,0,0.006890692
1,1,0.6122447
1,1,0.9982134
1,1,0.9982134
0,0,0.006890692
0,0,0.006890692
0,0,0.005171829
1,1,0.9982134
0,0,0.006890692
0,0,0.006890692
0,0,0.006890692
0,0,0.006890692
1,1,0.98144275
0,0,0.006890692
1,1,0.9100352
0,0,0.006890692
0,0,0.006890692
1,1,0.9982134
0,0,0.006890692
0,0,0.014829293
1,1,0.9982134
1,1,0.90974563
1,1,0.77658165
1,1,0.99806064
1,1,0.9982134
0,0,0.005542779
1,1,0.96406
0,0,0.006890692
0,0,0.006890692
0,0,0.006890692
0,0,0.006890692
0,0,0.007367782
0,0,0.006890692
1,1,0.9740471
0,0,0.006890692
1,1,0.99806064
0,0,0.006890692
0,0,0.006890692
0,0,0.006890692
1,1,0.99806064
0,0,0.006890692
1,1,0.9982134
1,1,0.99806064
0,0,0.036574103
1,1,0.9982134
0,0,0.006890692
1,1,0.9982134
1,1,0.9982134
0,0,0.006890692
0,0,0.006890692
1,1,0.874724
1,1,0.9386546
0,0,0.006890692
0,1,0.55675405
0,0,0.006890692
1,1,0.9982134
0,0,0.006890692
1,1,0.9982134
1,1,0.997479
1,1,0.95849013
1,0,0.006890692
0,0,0.006890692
0,0,0.006890692
0,0,0.11476144
1,1,0.99804246
0,0,0.006890692
1,1,0.997479
1,1,0.9982134
0,0,0.006890692
0,0,0.006890692
0,0,0.006890692
0,0,0.006890692
0,0,0.006890692
0,0,0.006890692
0,0,0.006890692
0,0,0.006890692
1,1,0.9982134
1,1,0.6797061
1,1,0.99819404
0,0,0.006890692
1,1,0.8966837
1,1,0.99806064
1,1,0.9982134
0,0,0.006890692
1,1,0.9981851
0,0,0.007734524
1,1,0.76258993
0,0,0.006890692
1,1,0.9255525
1,1,0.98144275
1,1,0.74044603
0,0,0.006890692
1,1,0.9982134
0,1,0.68639255
0,0,0.006890692
1,1,0.86073375
0,0,0.006890692
1,1,0.98144275
0,0,0.006890692
0,0,0.027565548
1,1,0.99806064
1,1,0.9579808
1,1,0.9982134
0,0,0.006890692
1,1,0.8666512
1,1,0.99806064
0,0,0.021027617
0,0,0.006890692
0,0,0.006890692
0,0,0.052730344
1,1,0.94319093
1,1,0.997479
0,0,0.007361134
1,1,0.94319093
0,0,0.006890692
0,0,0.006890692
1,1,0.98144275
0,0,0.006890692
1,1,0.5982573
1,1,0.9983297
1,1,0.95605224
0,0,0.006890692
0,0,0.006890692
1,1,0.997479
1,1,0.9986253
0,0,0.006890692
0,0,0.006890692
0,0,0.006890692
0,0,0.05029007
1,1,0.9982134
1,1,0.99806064
1,1,0.9982134
1,1,0.997479
1,1,0.98144275
0,0,0.041018594
0,0,0.006890692
0,0,0.006890692
0,0,0.02676846
0,0,0.006890692
1,1,0.94319093
1,1,0.99806064
0,0,0.006890692
1,1,0.9982134
1,0,0.2997907
0,0,0.006890692
1,1,0.7956409
0,0,0.006890692
1,1,0.9982134
0,0,0.006890692
1,1,0.5749403
0,0,0.036574103
1,1,0.96406
1,1,0.71762383
0,0,0.019680705
0,0,0.006890692
0,1,0.95605224
1,1,0.9838394
0,0,0.006890692
1,1,0.99806064
1,1,0.9982134
1,1,0.99764097
0,0,0.006890692
0,0,0.006890692
0,0,0.006890692
0,0,0.0052394606
1,1,0.6706295
1,1,0.99767023
0,0,0.006890692
1,1,0.9982134
1,1,0.98644173
0,0,0.006890692
0,0,0.0058409963
1,1,0.9982134
0,0,0.006890692
0,0,0.006890692
1,1,0.9982134
1,1,0.9593096
1,1,0.9982134
1,1,0.92358494
0,0,0.006890692
0,0,0.006890692
0,0,0.006890692
0,0,0.006890692
1,1,0.9982134
1,1,0.9982134
0,0,0.006890692
0,0,0.006890692
0,0,0.006890692
0,0,0.052085232
0,0,0.006890692
0,0,0.006890692
0,0,0.006890692
1,1,0.9982134
0,0,0.006890692
1,1,0.9982134
0,0,0.2176866
0,0,0.006890692
0,0,0.006890692
0,0,0.006890692
0,0,0.052704915
0,0,0.006890692
1,1,0.9982134
1,1,0.99222
0,0,0.022073744
1,1,0.98144275
1,1,0.8831445
0,0,0.006890692
1,1,0.91382456
0,0,0.006890692
0,0,0.006890692
1,1,0.9898864
0,0,0.006890692
0,0,0.006890692
1,1,0.96406
1,1,0.96406
1,1,0.997479
1,0,0.44576842
0,0,0.006890692
0,0,0.006890692
1,1,0.83069324
0,0,0.006890692
0,0,0.006890692
0,0,0.3359299
0,0,0.006890692
0,0,0.006890692
1,1,0.99806064
0,0,0.006890692
0,0,0.0070995945
1,1,0.928427
1,1,0.9982134
0,0,0.006890692
0,0,0.006890692
0,0,0.006890692
1,1,0.99806064
0,0,0.006890692
1,1,0.99806064
0,0,0.006890692
1,1,0.9982134
1,1,0.9979468
1,1,0.9982134
1,1,0.94319093
0,0,0.007286694
0,0,0.006890692
0,0,0.006890692
1,1,0.96406
1,1,0.9982134
0,0,0.006890692
1,1,0.9982134
0,0,0.0058409963
1,1,0.98144275
0,0,0.006890692
0,0,0.006890692
0,0,0.006890692
1,1,0.99764097
1,1,0.94319093
1,1,0.9982134
1,1,0.99806064
0,0,0.006890692
1,1,0.9982134
1,1,0.9985784
0,0,0.006890692
0,0,0.0045169396
1,1,0.98144275
1,1,0.9982134
1,1,0.68237567
1,1,0.99806064
1,1,0.99790984
0,0,0.006890692
0,0,0.006890692
1,1,0.7956409
1,1,0.9874879
0,0,0.006890692
0,0,0.006890692
0,0,0.006890692
1,1,0.99806064
1,1,0.99815184
1,1,0.9982134
1,1,0.99806064
0,0,0.021707088
0,0,0.021707088
1,1,0.8966837
0,0,0.006890692
0,0,0.021027617
1,1,0.9982134
1,1,0.98144275
1,1,0.9982134
1,1,0.99806064
0,0,0.006890692
1,1,0.9209306
0,1,0.94111574
0,0,0.02165756
1,1,0.9982134
0,0,0.006890692
0,0,0.006890692
0,0,0.006890692
1,1,0.928427
0,0,0.006890692
0,0,0.006890692
0,0,0.012606121
1,1,0.997479
0,0,0.006890692
1,1,0.86793077
0,0,0.0058409963
0,0,0.010481783
0,0,0.006890692
1,1,0.997479
0,0,0.006890692
1,1,0.9979144
1,1,0.99806064
1,1,0.99806064
1,1,0.9982134
1,1,0.9982134
0,0,0.006890692
1,1,0.99832815
1,1,0.9982134
1,1,0.8211712
1,0,0.2176866
0,0,0.011356525
1,1,0.9813239
1,1,0.9988187
1,1,0.99806064
0,0,0.006890692
0,0,0.0058409963
0,0,0.006890692
1,1,0.86793077
1,0,0.006890692
0,0,0.006890692
0,0,0.006890692
1,1,0.99806064
0,0,0.006890692
0,0,0.006890692
0,0,0.003974623
1,1,0.7880688
0,0,0.006890692
0,0,0.006890692
0,0,0.006890692
1,1,0.9244232
0,0,0.006890692
1,1,0.98144275
0,0,0.006890692
1,1,0.9982134
0,0,0.006890692
0,0,0.006890692
0,0,0.006890692
0,0,0.006890692
0,0,0.006890692
0,0,0.006890692
1,1,0.9982134
0,0,0.006890692
0,0,0.006890692
0,0,0.006890692
0,0,0.02165756
0,0,0.005806387
1,1,0.9982134
1,1,0.98144275
0,0,0.006890692
1,1,0.7956409
0,0,0.32071072
0,0,0.006890692
0,0,0.006890692
0,0,0.006890692
0,0,0.006890692
0,0,0.006890692
0,0,0.021027617
1,1,0.99806064
0,0,0.0058409963
0,0,0.006890692
1,1,0.99008745
0,0,0.006890692
0,0,0.006890692
0,0,0.006890692
1,1,0.997479
1,1,0.9982134
0,0,0.018251406
0,0,0.006890692
0,0,0.006890692
1,1,0.9982134
0,0,0.006890692
0,0,0.006890692
1,1,0.997479
0,0,0.006890692
0,0,0.19385596
0,0,0.006890692
0,0,0.006890692
1,1,0.997479
1,1,0.9244232
1,1,0.99806064
0,0,0.006890692
1,1,0.9982134
0,0,0.006890692
1,1,0.8950549
1,1,0.9982134
1,1,0.9982134
0,0,0.006890692
0,0,0.006890692
0,0,0.0083953105
1,1,0.99806064
0,0,0.006890692
0,0,0.006890692
1,0,0.4631007
0,0,0.006890692
1,1,0.997479
1,1,0.74044603
1,1,0.9982134
1,1,0.9010547
1,1,0.99832815
0,0,0.006890692
1,1,0.997479
1,1,0.9982134
1,1,0.9982134
1,1,0.9982134
1,1,0.9982134
0,0,0.15520509
1,1,0.9860529
1,1,0.9819088
1,1,0.9982134
1,1,0.997479
0,0,0.006890692
0,0,0.049361862
1,1,0.98144275
0,0,0.006890692
0,0,0.011356525
1,1,0.9982134
0,0,0.006890692
0,0,0.006890692
1,1,0.98144275
1,1,0.99806064
1,1,0.9982134
0,0,0.006890692
0,0,0.006890692
0,0,0.006890692
0,0,0.26284376
0,0,0.26590738
0,0,0.006890692
0,0,0.008163164
0,0,0.026610456
0,0,0.006890692
0,0,0.006890692
0,0,0.006890692
0,0,0.006890692
0,0,0.006890692
0,0,0.006890692
1,1,0.99858034
0,0,0.006890692
0,0,0.052190192
1,1,0.7956409
1,1,0.997479
0,0,0.006890692
1,1,0.9979627
1,1,0.98144275
0,0,0.006890692
1,1,0.9982134
1,1,0.75518996
0,0,0.006890692
0,0,0.014382343
1,1,0.9982134
1,1,0.98144275
1,1,0.9982134
1,1,0.9982134
1,1,0.9982134
1,1,0.98144275
0,0,0.006890692
0,0,0.003974623
0,0,0.006890692
0,0,0.006890692
0,0,0.02165756
0,0,0.006890692
0,0,0.006890692
1,1,0.9982134
0,0,0.006890692
1,1,0.86438674
1,1,0.99806064
1,1,0.9988463
1,1,0.9982134
1,1,0.997479
0,0,0.006890692
0,0,0.006890692
1,1,0.9336322
0,0,0.006890692
0,0,0.036574103
0,0,0.006890692
0,0,0.009415164
0,0,0.006890692
1,1,0.997479
0,0,0.2176866
1,1,0.99806064
0,0,0.006890692
1,1,0.98144275
0,0,0.006890692
1,1,0.8130986
0,0,0.006890692
1,1,0.920771
0,0,0.289225
1,1,0.9982134
0,0,0.051527057
1,1,0.75518996
1,1,0.9979627
1,1,0.98144275
0,0,0.006890692
0,0,0.006890692
0,0,0.18551545
0,0,0.006890692
1,1,0.9982134
0,0,0.006890692
0,0,0.006890692
0,0,0.006890692
0,0,0.0068172654
0,0,0.006890692
0,1,0.96406
0,0,0.006890692
0,0,0.1674759
1,1,0.9982134
0,0,0.006890692
0,0,0.015992831
1,1,0.99806064
1,1,0.99806064
0,0,0.006890692
1,0,0.006890692
1,1,0.98144275
0,0,0.006890692
0,0,0.006890692
1,1,0.95605224
1,1,0.997479
1,1,0.8966837
0,0,0.006890692
0,0,0.006890692
1,1,0.9982134
0,0,0.006890692
0,0,0.048964493
0,0,0.0058409963
0,0,0.006890692
1,1,0.95037687
0,0,0.006890692
1,1,0.99806064
0,1,0.8717946
1,1,0.997479
1,1,0.9443804
1,1,0.9982134
1,1,0.8950549
0,0,0.006890692
0,0,0.021027617
1,1,0.9834171
0,0,0.006890692
1,1,0.95605224
1,1,0.9982134
0,0,0.006890692
1,1,0.9026778
0,0,0.006890692
0,0,0.006890692
0,0,0.006890692
1,1,0.8543456
1,1,0.9982134
0,0,0.006890692
0,0,0.006890692
0,0,0.006890692
0,0,0.006890692
0,0,0.048868906
0,0,0.006890692
0,0,0.0033168225
0,0,0.006890692
1,1,0.9982134
1,1,0.98144275
0,0,0.006890692
1,1,0.98456305
1,1,0.95605224
0,0,0.006890692
0,0,0.006890692
1,1,0.9982134
1,1,0.9978847
0,0,0.006890692
0,0,0.006890692
0,0,0.006890692
1,1,0.9982134
1,1,0.9982134
1,1,0.9982134
0,0,0.027565548
0,0,0.006890692
1,1,0.99806064
0,0,0.006890692
1,0,0.3359299
0,0,0.006890692
1,1,0.9982134
0,0,0.062376343
1,1,0.7908712
1,1,0.9988187
0,0,0.006890692
1,1,0.98144275
1,1,0.94319093
1,1,0.99806064
0,0,0.006890692
0,0,0.019680705
1,1,0.920771
1,1,0.9982134
0,0,0.006890692
0,0,0.006890692
1,1,0.6791778
1,1,0.9982134
0,0,0.07215566
1,1,0.9982134
1,1,0.94352084
0,0,0.006890692
1,1,0.920771
1,1,0.9982134
1,1,0.9982134
1,1,0.9982134
0,0,0.021027617
1,1,0.9982134
0,0,0.014444316
1,1,0.95605224
1,1,0.99806064
1,1,0.9982134
0,0,0.006890692
1,1,0.997479
0,1,0.7965672
0,0,0.052704915
0,0,0.021156853
1,1,0.990943
1,1,0.9982134
0,0,0.006890692
0,1,0.6675671
1,1,0.9982134
1,1,0.95605224
0,0,0.006890692
1,1,0.99562484
0,0,0.006890692
1,1,0.91382456
1,1,0.9982134
0,0,0.006890692
0,0,0.006890692
0,0,0.006890692
0,0,0.006890692
1,1,0.9982134
1,1,0.9982134
1,1,0.997479
1,1,0.9982134
0,0,0.006890692
1,1,0.99764305
0,0,0.006890692
0,1,0.87771916
0,0,0.006890692
0,0,0.0058409963
0,0,0.0505447
0,0,0.006890692
1,1,0.9982134
0,0,0.006890692
0,1,0.8580961
1,1,0.98144275
0,0,0.021027617
0,0,0.006890692
1,1,0.9982134
0,0,0.006890692
0,0,0.006890692
0,0,0.006890692
1,1,0.997479
0,0,0.006890692
0,0,0.006890692
1,1,0.9982134
1,1,0.9982134
1,1,0.997479
1,1,0.99806064
1,1,0.9618547
0,0,0.0058409963
0,0,0.007367782
1,1,0.9982134
0,0,0.021027617
1,1,0.96406
1,1,0.95605224
0,0,0.006890692
1,1,0.99806064
0,0,0.010512938
0,0,0.006890692
1,1,0.9982134
0,1,0.8583915
1,1,0.96782315
0,0,0.006890692
1,1,0.9982134
1,1,0.9982134
1,1,0.9982134
1,1,0.99806064
1,1,0.9982134
0,0,0.0049094036
0,0,0.006890692
0,0,0.006890692
1,1,0.94540083
1,1,0.928427
0,0,0.008204624
0,0,0.006890692
0,0,0.006890692
0,0,0.006890692
1,1,0.9982134
1,1,0.92782676
0,0,0.036574103
0,0,0.014382343
1,1,0.98144275
0,0,0.006890692
1,1,0.9386546
1,1,0.98144275
0,0,0.006890692
1,1,0.77658165
1,1,0.9982134
0,0,0.006890692
0,0,0.005542779
0,0,0.1888542
0,1,0.6845486
0,0,0.006890692
0,0,0.006890692
1,1,0.8211712
0,0,0.009699092
0,0,0.006890692
1,1,0.96406
1,1,0.9988463
0,0,0.006890692
1,1,0.9982134
1,1,0.98144275
0,1,0.9620569
1,1,0.997479
0,0,0.006890692
0,0,0.006890692
1,1,0.9990876
1,1,0.9982134
1,1,0.998331
1,1,0.99806064
0,0,0.006890692
1,1,0.96997696
1,1,0.965674
0,0,0.006890692
1,1,0.9982134
1,1,0.99008745
0,0,0.006890692
0,0,0.006890692
1,1,0.9188319
1,1,0.99806064
0,0,0.3359299
0,0,0.006890692
0,0,0.17082682
1,1,0.9982134
1,1,0.9982134
0,0,0.006890692
0,0,0.006890692
0,0,0.006890692
0,0,0.006890692
0,0,0.05029007
0,0,0.006890692
1,1,0.9959197
0,0,0.006890692
0,0,0.006890692
0,0,0.006890692
0,1,0.91382456
1,1,0.9425259
0,0,0.2176866
1,1,0.94319093
0,0,0.006890692
1,1,0.96406
1,1,0.997479
1,1,0.9982134
0,0,0.0071341437
1,1,0.9982134
1,0,0.28341854
1,1,0.9982134
0,0,0.006890692
0,0,0.006890692
0,0,0.006890692
1,1,0.9982134
1,1,0.9982134
1,1,0.997479
0,0,0.3359299
0,0,0.006890692
0,0,0.019680705
1,1,0.91382456
1,1,0.8717946
0,0,0.021027617
0,0,0.007361134
1,1,0.98144275
0,0,0.006890692
1,1,0.98144275
1,1,0.8090605
1,1,0.96406
0,0,0.006890692
1,1,0.9982134
0,0,0.0045169396
1,1,0.928427
0,0,0.021027617
0,0,0.006890692
1,1,0.9979627
0,0,0.021027617
1,1,0.9982134
0,0,0.006890692
1,1,0.9982134
1,1,0.96406
0,0,0.006890692
0,0,0.06335031
1,1,0.99819404
1,1,0.9982134
0,0,0.006890692
0,0,0.006890692
0,0,0.006890692
1,1,0.9980786
1,1,0.99750984
1,1,0.9982134
0,0,0.006890692
1,1,0.9982134
0,0,0.006890692
0,0,0.006890692
1,1,0.9988187
0,0,0.006890692
0,0,0.006890692
1,1,0.98144275
1,1,0.9982134
1,1,0.99806064
0,0,0.006890692
0,1,0.7956781
0,0,0.006890692
0,0,0.006890692
1,1,0.99520504
1,1,0.8211712
0,0,0.0070995945
1,1,0.9982134
1,1,0.9974517
1,1,0.9982134
0,1,0.82476467
1,1,0.99806064
1,1,0.99806064
0,0,0.006890692
0,0,0.006890692
1,1,0.99806064
0,1,0.82476467
1,1,0.99806064
1,1,0.9793452
0,0,0.027628202
0,0,0.006890692
0,0,0.006890692
1,1,0.9965738
0,0,0.006890692
1,1,0.9982134
0,0,0.006890692
1,1,0.91382456
1,1,0.5982573
1,1,0.7956409
1,1,0.9982134
0,0,0.006890692
0,0,0.006890692
1,1,0.9982134
1,1,0.99819404
1,1,0.99806064
1,1,0.997479
0,0,0.006890692
0,0,0.006890692
1,1,0.9909642
1,1,0.9100352
1,1,0.94319093
0,0,0.006890692
1,1,0.9982134
1,1,0.9980786
1,1,0.9982134
1,1,0.9982134
1,1,0.9244232
1,1,0.928427
0,0,0.006890692
0,0,0.006890692
0,0,0.006890692
1,1,0.96406
1,1,0.9982134
0,0,0.006890692
0,0,0.006890692
0,0,0.006890692
0,0,0.006890692
0,0,0.006890692
1,1,0.99229175
1,1,0.99806064
0,0,0.006890692
1,1,0.99806064
0,0,0.006890692
0,0,0.012606121
0,0,0.006890692
1,1,0.997479
1,1,0.9982134
0,0,0.006890692
1,1,0.99806064
0,0,0.006890692
0,0,0.006890692
0,0,0.006890692
0,0,0.19171949
0,0,0.0042489325
1,1,0.8841101
1,1,0.96406
0,0,0.006890692
1,1,0.99850106
1,1,0.99806064
1,1,0.997479
1,1,0.99806064
1,1,0.9834171
1,1,0.99832815
1,1,0.9982134
1,1,0.9982134
0,0,0.006890692
1,1,0.9898864
1,1,0.965674
0,0,0.112023786
1,1,0.9262135
1,1,0.89908147
0,0,0.006890692
1,1,0.997479
0,0,0.006890692
1,1,0.98144275
0,0,0.006890692
0,0,0.058408134
0,0,0.006890692
1,1,0.9982134
0,0,0.008163164
1,1,0.9982134
1,1,0.98144275
1,1,0.91382456
0,0,0.006890692
1,1,0.98144275
1,1,0.7956409
0,0,0.006890692
0,1,0.75518996
1,1,0.9982134
0,0,0.006890692
1,1,0.98144275
1,1,0.8966837
1,1,0.99819404
1,1,0.9982134
1,1,0.9982134
0,0,0.006890692
1,1,0.98144275
0,0,0.005171829
1,1,0.9982134
0,0,0.006890692
1,1,0.9982134
1,1,0.9982134
0,0,0.006890692
0,0,0.010577678
1,1,0.95084184
1,1,0.98339695
1,1,0.9982134
0,0,0.006890692
1,1,0.9988463
0,0,0.006890692
0,0,0.006890692
0,0,0.036574103
0,0,0.0068172654
1,1,0.99806064
1,1,0.9982134
1,1,0.99229175
1,0,0.2997907
0,0,0.006890692
1,1,0.9982134
1,1,0.9982134
1,1,0.9982134
1,1,0.99806064
1,0,0.02165756
0,0,0.010577678
0,0,0.052190192
0,0,0.006890692
0,0,0.006890692
1,1,0.94319093
1,1,0.98144275
0,0,0.006890692
1,1,0.7673486
0,0,0.006890692
0,0,0.006890692
0,0,0.006890692
1,0,0.006890692
0,0,0.0071341437
1,1,0.95037687
1,1,0.9982134
1,1,0.9982134
1,1,0.9982134
1,1,0.997479
1,1,0.9874166
1,1,0.9982134
1,1,0.997479
0,0,0.006890692
1,1,0.99806064
1,1,0.98144275
1,1,0.997479
1,1,0.96406
0,0,0.2176866
1,1,0.99806064
0,0,0.006890692
1,1,0.997479
0,1,0.8652175
1,1,0.9982134
1,1,0.9925183
0,0,0.006890692
1,1,0.99764097
1,1,0.99819404
0,0,0.006890692
0,0,0.006890692
0,0,0.006890692
1,1,0.99931884
1,1,0.9982134
1,1,0.99806064
0,0,0.0068177786
0,0,0.006890692
1,1,0.8789935
1,1,0.9982134
0,0,0.006890692
0,0,0.006890692
1,1,0.997479
0,0,0.006890692
0,1,0.7104899
1,1,0.99851245
1,1,0.9982134
0,0,0.006890692
1,1,0.98750764
1,1,0.98913074
0,0,0.006890692
1,1,0.96406
0,0,0.023878148
1,1,0.91750133
0,0,0.23819163
1,1,0.81669694
0,0,0.006890692
1,1,0.6493
0,0,0.006890692
1,1,0.98144275
1,1,0.9982134
1,1,0.98144275
0,0,0.006890692
1,1,0.98144275
0,0,0.006890692
0,0,0.007623591
0,0,0.006890692
0,0,0.006890692
0,0,0.006890692
0,0,0.006890692
1,1,0.997479
0,0,0.048868906
0,0,0.006890692
1,1,0.99750984
0,0,0.006890692
0,0,0.008163164
0,0,0.006890692
0,0,0.006890692
0,0,0.006890692
1,1,0.6926057
1,1,0.99832815
0,0,0.006890692
1,1,0.9982134
1,1,0.9982134
1,1,0.9732072
0,0,0.047578916
1,1,0.9982134
0,0,0.12461067
0,0,0.0058409963
0,0,0.006890692
0,0,0.006890692
1,1,0.9982134
0,0,0.006890692
0,0,0.006890692
0,0,0.006890692
1,1,0.7874574
0,1,0.8146529
0,0,0.006890692
0,0,0.006890692
0,0,0.006890692
0,0,0.006890692
0,1,0.65734315
0,0,0.47535172
0,0,0.006890692
0,0,0.006890692
0,0,0.006890692
1,1,0.997479
0,0,0.006890692
1,1,0.9982134
0,0,0.006890692
0,0,0.006890692
1,1,0.9982134
0,0,0.006890692
0,0,0.1674759
0,0,0.006890692
0,0,0.006890692
1,1,0.9982134
1,1,0.9982134
1,1,0.91382456
1,1,0.9982134
1,1,0.96406
0,0,0.006890692
1,1,0.9982134
1,1,0.997479
0,0,0.006890692
0,0,0.006890692
1,1,0.997479
1,1,0.9188319
0,0,0.047578916
0,0,0.0070995945
1,1,0.96406
0,0,0.006890692
1,1,0.9813239
1,1,0.69005126
1,1,0.8717946
1,1,0.74044603
1,1,0.9982134
1,1,0.9890492
1,1,0.8580961
1,1,0.997479
0,0,0.006890692
0,0,0.02165756
0,0,0.021027617
1,1,0.99899155
1,1,0.8855769
1,1,0.99806064
0,0,0.4411787
0,0,0.006890692
0,0,0.007623591
0,0,0.006890692
0,0,0.006890692
1,1,0.9982134
1,1,0.99790025
0,0,0.006890692
1,1,0.997479
0,0,0.006890692
0,0,0.006890692
1,1,0.9982134
1,1,0.96760064
0,0,0.006890692
1,1,0.99852425
1,1,0.9980786
0,0,0.006890692
1,1,0.98144275
1,1,0.98144275
0,0,0.006890692
0,0,0.006890692
1,1,0.8990304
0,0,0.006890692
0,0,0.0070995945
1,1,0.920771
0,0,0.006890692
0,0,0.006890692
0,0,0.052190192
0,0,0.006890692
0,0,0.010709286
0,0,0.006890692
1,1,0.5681964
1,1,0.9982134
1,1,0.9982134
1,1,0.99806064
1,1,0.9982134
0,1,0.8717946
0,0,0.006890692
1,1,0.928427
1,1,0.91382456
1,1,0.997479
1,1,0.9978847
1,1,0.997479
0,0,0.006890692
1,1,0.96406
1,1,0.86793077
0,0,0.006890692
1,1,0.997479
0,0,0.059737355
1,1,0.7956409
0,0,0.006890692
0,0,0.006890692
1,0,0.2176866
1,1,0.9982134
1,1,0.8251753
0,0,0.021027617
1,1,0.9982134
1,1,0.91382456
0,0,0.021528639
1,1,0.9982134
0,0,0.006890692
1,1,0.9970049
1,1,0.98144275
0,0,0.006890692
0,0,0.006890692
1,1,0.9982134
0,0,0.006890692
0,0,0.006890692
0,0,0.006890692
0,0,0.1472572
0,0,0.006890692
1,1,0.9982134
0,0,0.051527057
0,0,0.006890692
0,0,0.02570715
1,1,0.9982134
1,1,0.928427
0,0,0.006890692
0,0,0.006890692
1,1,0.99806064
0,0,0.006890692
0,0,0.006890692
1,1,0.8597249
1,1,0.98144275
0,0,0.006890692
1,1,0.96406
0,0,0.006890692
1,1,0.99806064
1,1,0.86793077
0,0,0.006890692
0,0,0.006890692
0,0,0.006890692
0,0,0.006890692
1,1,0.98144275
1,1,0.92452765
0,0,0.006890692
1,1,0.9982134
0,0,0.079029314
1,1,0.99810046
1,1,0.9988187
0,0,0.26158002
0,0,0.006890692
1,1,0.75635475
0,0,0.006890692
0,0,0.008163164
1,1,0.7956409
0,0,0.006890692
0,0,0.0052394606
1,1,0.96406
1,1,0.9982134
1,1,0.99806064
1,0,0.4146913
0,0,0.006890692
0,0,0.006890692
1,1,0.9990947
0,0,0.006890692
0,0,0.006890692
1,1,0.997479
0,0,0.006890692
0,0,0.08540975
0,0,0.006890692
0,0,0.006890692
1,1,0.9982134
1,1,0.9982134
0,0,0.006890692
0,0,0.006890692
1,1,0.98144275
1,1,0.997479
1,1,0.8093963
1,1,0.9010547
0,0,0.006890692
1,1,0.920771
0,0,0.37654847
1,1,0.99806064
0,1,0.7416127
0,0,0.006890692
1,1,0.98144275
1,1,0.99806064
0,0,0.006890692
0,0,0.006890692
0,0,0.2647826
1,1,0.9982134
1,1,0.8783048
1,1,0.98144275
0,0,0.006890692
1,1,0.9982134
0,0,0.006890692
0,1,0.55675405
0,0,0.006890692
1,1,0.98144275
1,1,0.93567675
1,1,0.9740615
1,1,0.89671814
1,1,0.9982134
0,0,0.052704915
0,0,0.006890692
1,1,0.9987238
0,0,0.006890692
1,1,0.997479
1,1,0.997479
1,0,0.2787692
0,0,0.006890692
0,0,0.006890692
0,0,0.006890692
1,0,0.23819163
0,0,0.006890692
0,0,0.006890692
0,0,0.006890692
0,0,0.006890692
0,0,0.006890692
0,0,0.006890692
1,1,0.9987238
1,1,0.99830484
1,1,0.5947657
0,0,0.006890692
1,1,0.99806064
0,0,0.006890692
0,0,0.006890692
1,1,0.9982134
1,1,0.94319093
0,0,0.006890692
0,0,0.006890692
0,0,0.006890692
1,1,0.5116663
0,0,0.0068172654
0,0,0.006890692
0,0,0.26750636
1,1,0.9983718
0,0,0.19385596
0,0,0.006890692
1,1,0.9919326
0,0,0.006890692
0,0,0.006890692
1,1,0.99877983
0,0,0.006890692
1,1,0.9975937
1,0,0.006890692
0,0,0.006890692
0,0,0.006890692
1,1,0.96406
1,1,0.920771
0,0,0.006890692
0,0,0.006890692
1,1,0.9982134
1,1,0.9982134
0,0,0.021528639
0,0,0.006890692
0,0,0.057043947
0,0,0.006890692
0,0,0.0070995945
0,0,0.006890692
0,0,0.006890692
0,0,0.006890692
1,1,0.9386546
1,1,0.98144275
0,0,0.006890692
0,0,0.02676846
1,1,0.95084184
0,0,0.021027617
1,1,0.9834171
0,0,0.006890692
0,0,0.021027617
1,1,0.9982134
0,0,0.005898275
1,1,0.99806064
0,0,0.006890692
1,1,0.95084184
0,0,0.006890692
1,1,0.94352084
1,1,0.99058986
1,1,0.98144275
0,0,0.006890692
0,0,0.006890692
0,0,0.006890692
1,1,0.98144275
0,0,0.036987737
1,1,0.7656767
0,0,0.006890692
1,1,0.9982134
1,1,0.99806064
0,0,0.006890692
1,1,0.5493245
0,0,0.006890692
1,1,0.997479
0,0,0.005234167
0,0,0.006890692
0,0,0.006890692
1,1,0.9982134
0,0,0.006890692
0,0,0.006890692
0,0,0.006890692
1,1,0.9982134
1,1,0.997479
1,1,0.9990803
0,0,0.02165756
1,1,0.9982134
0,0,0.006890692
0,0,0.006890692
1,1,0.59654325
1,1,0.977498
1,1,0.7956409
0,0,0.006890692
1,1,0.9982134
0,0,0.006890692
0,0,0.006890692
1,1,0.9988463
1,1,0.9982134
0,0,0.006890692
1,1,0.99806064
1,1,0.997479
0,0,0.006890692
1,1,0.780447
0,0,0.006890692
0,0,0.006890692
1,1,0.98144275
1,1,0.99806064
1,1,0.920771
0,0,0.006890692
0,0,0.006890692
0,0,0.006890692
1,1,0.9982134
1,1,0.99806064
0,0,0.006890692
0,0,0.006890692
1,1,0.997479
1,1,0.9875658
1,1,0.9982134
1,1,0.920771
1,1,0.9860529
1,1,0.8855769
1,1,0.9982134
0,0,0.006890692
1,1,0.9983718
1,1,0.99806064
1,1,0.9373767
1,1,0.99852425
0,0,0.006890692
1,1,0.9982134
0,0,0.006890692
1,1,0.9982134
0,0,0.006890692
0,0,0.0068172654
1,1,0.8251753
0,0,0.007623591
1,1,0.98144275
0,0,0.08846392
0,0,0.006890692
1,1,0.68237567
1,1,0.9982134
0,0,0.006890692
0,0,0.006890692
0,0,0.006890692
1,1,0.997479
0,0,0.006890692
0,0,0.006890692
0,0,0.006890692
0,0,0.052730344
1,1,0.9982134
0,0,0.006890692
1,1,0.98144275
0,0,0.006890692
0,0,0.110334806
0,0,0.006890692
0,0,0.006890692
0,0,0.006890692
0,0,0.045065403
0,0,0.3359299
0,0,0.006890692
1,1,0.9979905
0,0,0.006890692
1,1,0.997479
1,1,0.9982134
0,1,0.89675707
0,0,0.006890692
0,0,0.006890692
0,0,0.006890692
0,0,0.006890692
1,1,0.99806064
1,1,0.9982134
0,0,0.007623591
0,0,0.006890692
1,1,0.69005126
1,1,0.99806064
1,1,0.99806064
0,0,0.007507198
1,1,0.997479
0,0,0.011081765
0,0,0.006890692
0,0,0.006890692
0,0,0.006890692
0,1,0.94319093
1,1,0.997479
1,1,0.99806064
0,0,0.006890692
0,0,0.006890692
0,0,0.006890692
0,0,0.006890692
1,1,0.9982134
1,1,0.9982134
1,1,0.9982134
0,0,0.006890692
1,1,0.999041
1,1,0.99806064
0,0,0.027628202
0,0,0.006890692
0,0,0.012606121
0,0,0.006890692
0,0,0.006890692
0,0,0.006890692
0,0,0.006890692
1,1,0.9100352
1,1,0.997479
0,0,0.006890692
0,0,0.14540355
0,0,0.006890692
0,0,0.006890692
0,0,0.021027617
1,1,0.997479
1,1,0.98144275
0,0,0.006890692
0,0,0.006890692
1,1,0.99806064
1,1,0.99815506
1,1,0.997479
0,0,0.019680705
0,0,0.019680705
1,1,0.99806064
1,1,0.9982134
1,1,0.99806064
1,1,0.99767023
1,1,0.99842405
0,0,0.006890692
0,0,0.006890692
1,1,0.7686291
1,1,0.9988463
1,1,0.9982134
0,0,0.006890692
0,1,0.64315015
0,1,0.68237567
0,0,0.05206073
1,1,0.99777126
1,1,0.9982134
1,1,0.828859
1,1,0.9981188
0,0,0.017674342
1,1,0.9982134
1,1,0.9982134
0,0,0.006890692
1,1,0.9982134
0,0,0.006890692
1,1,0.9982134
0,0,0.009870358
0,0,0.006890692
1,1,0.9188319
1,1,0.98432946
0,0,0.006890692
1,1,0.86793077
0,0,0.0052394606
0,0,0.0068172654
1,1,0.997479
0,0,0.007286694
0,0,0.006890692
0,0,0.006890692
0,0,0.006890692
0,0,0.014382343
1,1,0.99806064
0,0,0.016548319
1,1,0.98144275
0,0,0.006890692
0,0,0.019680705
0,0,0.014382343
1,1,0.9977208
1,1,0.9982134
1,1,0.99806064
0,0,0.006890692
0,0,0.012495282
0,0,0.006890692
0,1,0.77515584
1,1,0.9988463
1,1,0.9990095
0,0,0.006890692
1,1,0.9982134
0,0,0.006890692
0,0,0.0068172654
1,1,0.99806064
1,1,0.9982134
0,0,0.006890692
0,1,0.72169435
1,1,0.9982134
0,0,0.006890692
1,1,0.91382456
1,1,0.9982134
1,1,0.9982134
1,1,0.98144275
0,0,0.006890692
0,0,0.006890692
1,1,0.99806064
1,1,0.99806064
1,1,0.99806064
0,0,0.0070995945
1,1,0.9982134
0,0,0.006890692
1,1,0.92487055
0,0,0.006890692
0,0,0.006890692
1,1,0.9982134
0,0,0.006890692
1,1,0.782234
1,1,0.9982134
0,0,0.006890692
1,1,0.9982134
1,1,0.99818677
0,1,0.94319093
1,1,0.9982134
0,0,0.006890692
1,1,0.9982134
0,0,0.0064830706
1,1,0.91382456
0,0,0.006890692
1,1,0.7910538
1,1,0.96406
0,0,0.006890692
0,0,0.006890692
0,0,0.008163164
0,0,0.006890692
1,1,0.99806064
0,0,0.006890692
0,0,0.006890692
0,0,0.004875656
1,1,0.9982134
0,1,0.9386546
1,1,0.8211712
1,1,0.9982134
1,1,0.997479
0,0,0.006890692
1,1,0.9983297
1,1,0.94319093
0,1,0.95605224
1,1,0.9988463
0,0,0.006890692
0,0,0.006890692
0,0,0.052704915
0,0,0.007257942
1,1,0.920771
1,1,0.99773836
0,0,0.006890692
1,1,0.99806064
1,1,0.9658403
1,1,0.9983728
0,0,0.012822856
0,0,0.006890692
1,1,0.928427
0,0,0.006890692
0,0,0.051527057
0,0,0.006890692
0,0,0.006890692
0,0,0.006890692
0,0,0.006890692
1,1,0.8597249
0,0,0.011356525
0,0,0.006890692
1,1,0.9982134
1,1,0.8176324
0,0,0.011356525
1,1,0.9982134
0,0,0.006890692
0,0,0.006890692
0,0,0.006890692
0,0,0.006890692
1,1,0.95605224
0,0,0.006890692
1,1,0.77658165
0,0,0.051527057
0,0,0.021027617
1,1,0.9982134
0,0,0.021528639
1,1,0.997479
1,1,0.99806064
0,0,0.052190192
0,0,0.2678092
0,0,0.006890692
1,1,0.9982134
0,0,0.006890692
0,0,0.048868906
1,1,0.99806064
1,1,0.99806064
1,1,0.96406
1,1,0.99806064
1,1,0.9982134
0,0,0.20332879
1,1,0.9834171
1,1,0.95084184
0,0,0.006890692
0,0,0.007623591
1,1,0.9982134
1,1,0.99806064
0,0,0.006890692
1,1,0.9982134
1,1,0.9979144
1,1,0.9982134
1,1,0.9982134
1,1,0.77128863
1,1,0.9386546
1,1,0.8855769
0,0,0.0040796916
1,1,0.96406
1,1,0.96406
1,1,0.9982134
1,0,0.006890692
1,1,0.9982134
1,1,0.98144275
0,0,0.006890692
1,1,0.90974563
0,0,0.006890692
0,0,0.006890692
1,1,0.95084184
0,0,0.006890692
1,1,0.98144275
1,1,0.98144275
1,1,0.86793077
0,0,0.006890692
0,0,0.006890692
1,1,0.9972892
1,1,0.9823329
1,1,0.94319093
0,0,0.036574103
0,0,0.006890692
1,1,0.9982134
0,0,0.006890692
0,0,0.0070995945
0,0,0.006890692
1,1,0.96406
1,1,0.98144275
1,1,0.920771
0,0,0.006890692
0,0,0.0052394606
1,1,0.96406
1,1,0.997479
0,0,0.0083953105
1,1,0.9982134
0,1,0.86793077
0,1,0.87441075
1,1,0.997479
0,0,0.006890692
0,0,0.006890692
0,0,0.009699092
1,1,0.73491544
0,0,0.006890692
1,1,0.9982134
0,0,0.11476144
0,0,0.011356525
1,1,0.9982134
1,1,0.98144275
0,0,0.006890692
0,0,0.006890692
1,1,0.99806064
0,0,0.006890692
0,0,0.006890692
1,1,0.9982134
0,0,0.006890692
1,1,0.98366654
1,1,0.9982134
1,1,0.98144275
0,0,0.0042489325
0,1,0.86793077
1,1,0.8855769
0,0,0.006890692
1,1,0.98144275
1,1,0.9982134
0,1,0.6750985
1,1,0.95605224
1,1,0.8717946
1,1,0.99806064
0,0,0.006890692
1,1,0.8950549
1,1,0.997479
1,1,0.997479
0,0,0.006890692
0,0,0.006890692
0,0,0.006890692
0,0,0.006890692
1,1,0.997479
0,1,0.6309444
0,0,0.006890692
1,1,0.9982134
0,0,0.006890692
1,1,0.9982134
0,0,0.006890692
0,0,0.13580452
0,0,0.006890692
0,0,0.006890692
1,1,0.98126614
0,0,0.006890692
1,1,0.9886565
0,0,0.006890692
0,0,0.006890692
0,0,0.0071341437
1,1,0.98237777
1,1,0.9982134
1,1,0.8717946
1,1,0.99806064
1,1,0.9982134
0,0,0.17301302
0,0,0.022073744
0,0,0.006890692
1,1,0.997479
1,1,0.9925183
0,0,0.006890692
0,0,0.006890692
1,1,0.8950549
1,1,0.9982134
0,0,0.006890692
0,0,0.006890692
0,0,0.006890692
1,1,0.9100352
0,0,0.006890692
1,1,0.9982134
0,0,0.009699092
1,1,0.997479
0,0,0.006890692
1,1,0.8717946
0,0,0.006890692
1,1,0.99806064
1,1,0.8717946
0,1,0.8966837
0,0,0.006890692
1,1,0.9982134
1,1,0.9982134
1,1,0.997479
0,0,0.006890692
1,1,0.99938047
1,1,0.99806064
1,1,0.74044603
0,0,0.006890692
0,0,0.006890692
1,1,0.9979468
1,1,0.9982134
1,1,0.99806064
1,1,0.997479
1,1,0.997479
1,1,0.879729
1,1,0.9982134
1,1,0.98144275
0,0,0.006890692
1,1,0.9979627
0,0,0.17164236
0,0,0.006890692
0,0,0.006890692
0,0,0.010577678
1,1,0.9982134
0,1,0.74044603
1,0,0.08166926
0,0,0.014720056
0,0,0.008930692
1,1,0.86793077
1,1,0.997479
1,1,0.95084184
1,1,0.9242803
1,1,0.997479
0,0,0.006890692
0,0,0.060189605
1,1,0.98144275
0,0,0.006890692
1,1,0.9982134
0,0,0.02676846
1,1,0.88955647
1,1,0.99726886
0,0,0.006890692
1,1,0.8950549
0,0,0.006890692
1,1,0.99852425
0,0,0.006890692
1,1,0.7956409
1,1,0.99806064
1,1,0.8966837
0,0,0.0083953105
1,1,0.9988187
1,1,0.9803289
0,0,0.0070995945
1,1,0.9982134
0,0,0.006890692
1,1,0.9938314
0,0,0.006890692
1,1,0.879729
1,1,0.9982134
1,1,0.99806064
1,0,0.2997907
0,0,0.006890692
1,1,0.87809265
0,0,0.006890692
1,1,0.9982134
1,1,0.8211712
0,0,0.006890692
1,1,0.9982134
0,0,0.006890692
1,1,0.9526778
1,1,0.98144275
1,1,0.7956781
0,0,0.006890692
1,1,0.9982134
1,1,0.997479
1,1,0.997479
0,0,0.006890692
1,1,0.99726886
1,1,0.98144275
1,1,0.997479
0,0,0.006890692
0,0,0.006890692
1,1,0.99806064
1,1,0.997479
0,0,0.006890692
1,1,0.9982134
0,0,0.006890692
0,0,0.40024605
0,0,0.019680705
1,1,0.91382456
1,1,0.9886507
0,0,0.006890692
0,0,0.26985526
0,0,0.006890692
0,0,0.005171829
0,0,0.006890692
0,0,0.006890692
0,1,0.56139123
1,1,0.99806064
0,0,0.052085232
0,0,0.006890692
0,0,0.008163164
0,0,0.006890692
0,0,0.021027617
1,0,0.027725931
0,0,0.006890692
1,1,0.8597249
1,1,0.97885704
0,0,0.006890692
0,0,0.053250097
0,0,0.006890692
1,1,0.99806064
0,1,0.75986934
0,1,0.56418264
0,0,0.006890692
0,0,0.006890692
1,1,0.997479
0,0,0.006890692
1,1,0.9980786
0,0,0.0068172654
0,0,0.006890692
1,1,0.98237777
1,1,0.9982134
1,1,0.98144275
1,1,0.9970605
0,0,0.021027617
0,0,0.006890692
0,0,0.003974623
0,0,0.006890692
1,1,0.9982134
1,1,0.920771
1,1,0.9982134
0,0,0.006890692
0,0,0.006890692
1,1,0.9982134
0,0,0.006890692
0,0,0.011356525
1,1,0.997479
1,1,0.89675707
0,0,0.0042619645
0,0,0.006890692
0,1,0.8251753
1,1,0.8211712
0,0,0.006890692
0,0,0.006890692
1,1,0.99806064
0,0,0.006890692
1,1,0.997479
0,0,0.006890692
0,0,0.006890692
1,1,0.997479
0,0,0.006890692
0,0,0.006890692
0,0,0.006890692
1,1,0.9982134
0,0,0.006890692
1,1,0.9982134
0,0,0.038816635
1,1,0.99806064
1,1,0.98144275
0,0,0.006890692
0,0,0.02165756
1,1,0.9982134
0,0,0.22245605
0,1,0.6791778
1,1,0.990943
0,0,0.025391694
1,1,0.7956781
1,1,0.73947895
0,0,0.006890692
0,0,0.02115943
0,0,0.006890692
0,0,0.006890692
0,0,0.017512143
0,0,0.006890692
1,1,0.8989805
0,0,0.006890692
0,0,0.006890692
1,1,0.9982134
0,0,0.006890692
1,1,0.9972892
1,0,0.4146913
1,1,0.9982134
1,1,0.93758166
1,1,0.997479
0,0,0.006890692
1,1,0.9982134
0,0,0.006890692
1,1,0.9982134
0,0,0.006890692
0,0,0.006890692
1,1,0.9982134
1,1,0.997479
1,1,0.9982134
0,0,0.006890692
0,0,0.022073744
1,1,0.96406
1,1,0.997479
1,1,0.99806064
0,0,0.006890692
0,0,0.012495282
0,0,0.006890692
1,1,0.95084184
0,0,0.006890692
1,1,0.99806064
0,0,0.2176866
0,0,0.006890692
1,1,0.95605224
0,0,0.006890692
1,1,0.9982134
0,1,0.89675707
1,1,0.9982134
1,1,0.8597249
1,1,0.9982134
1,1,0.9983005
1,1,0.9982134
1,1,0.99806064
0,0,0.006890692
1,1,0.99827003
0,0,0.3359299
0,0,0.016089637
1,1,0.99806064
0,0,0.012135955
0,0,0.006890692
0,0,0.006890692
1,1,0.99806064
1,1,0.96406
0,0,0.006890692
0,0,0.006890692
1,1,0.997479
0,0,0.006890692
0,0,0.006890692
1,1,0.9988888
0,0,0.006890692
1,1,0.9982134
0,0,0.006890692
1,1,0.928427
1,1,0.9982134
0,0,0.006890692
0,0,0.006890692
1,1,0.98144275
1,0,0.37646586
1,1,0.9010547
0,0,0.006890692
0,0,0.006890692
0,0,0.006890692
1,1,0.9982134
0,0,0.006890692
1,1,0.9982134
1,1,0.997479
1,1,0.9873072
0,0,0.006890692
0,0,0.006890692
0,0,0.006890692
1,1,0.9982134
1,1,0.96406
1,1,0.9982134
0,0,0.006890692
0,0,0.006890692
1,0,0.1918683
0,0,0.006890692
1,1,0.99810046
0,0,0.0058409963
0,0,0.006890692
0,1,0.50070244
1,1,0.99806064
0,0,0.006890692
1,1,0.9980956
1,1,0.9982134
0,0,0.022073744
0,0,0.02115943
1,1,0.961898
0,0,0.006890692
1,1,0.99806064
0,0,0.006890692
0,0,0.006890692
1,1,0.99806064
1,1,0.9982134
1,1,0.997479
0,0,0.0040796916
1,1,0.94352084
0,0,0.005234167
0,0,0.006890692
1,1,0.9982134
0,0,0.006890692
0,0,0.006890692
0,0,0.006890692
0,0,0.006890692
0,0,0.006890692
1,1,0.98432946
0,0,0.006890692
1,1,0.9982134
0,0,0.006890692
0,0,0.006890692
1,1,0.84905577
1,1,0.8943541
1,1,0.99830484
0,0,0.006890692
1,1,0.99229175
0,0,0.006890692
0,0,0.006890692
0,0,0.008204624
1,1,0.8950549
1,1,0.95605224
1,0,0.006890692
0,0,0.061230272
1,1,0.788546
0,0,0.006890692
1,1,0.9982134
0,0,0.006890692
0,0,0.006890692
0,0,0.052704915
1,1,0.9982134
1,1,0.74044603
0,0,0.006890692
1,1,0.96406
1,1,0.8950549
0,0,0.006890692
0,0,0.006890692
0,0,0.006890692
1,1,0.99806064
1,1,0.9982134
1,1,0.9982134
0,0,0.006890692
1,1,0.99806064
0,0,0.006890692
1,1,0.997479
0,0,0.004189097
0,0,0.006890692
1,1,0.9982134
1,1,0.94319093
0,0,0.006890692
0,0,0.006890692
1,1,0.9982134
0,0,0.008163164
0,0,0.006890692
1,1,0.8550255
0,0,0.006890692
0,0,0.22749849
0,0,0.006890692
0,0,0.005806387
0,0,0.006890692
1,1,0.8990304
1,1,0.9982134
0,0,0.006890692
1,1,0.9982134
1,1,0.9982134
1,1,0.9982134
1,1,0.98144275
0,0,0.006890692
1,1,0.997479
1,1,0.96406
1,1,0.9982134
0,0,0.006890692
1,1,0.9982134
1,1,0.98144275
1,1,0.95037687
0,0,0.006890692
1,1,0.997479
0,0,0.012495282
0,0,0.006890692
0,0,0.006890692
0,0,0.006890692
0,0,0.006890692
0,0,0.0083953105
0,0,0.014382343
1,1,0.9188319
0,0,0.006890692
1,1,0.997479
1,0,0.34066343
1,1,0.9982134
0,0,0.006890692
0,0,0.021027617
1,1,0.9982134
0,0,0.010577678
1,1,0.9983297
1,1,0.997479
0,0,0.012495282
1,1,0.9982134
0,0,0.006890692
1,1,0.997479
0,0,0.006890692
0,0,0.006890692
0,0,0.006890692
1,1,0.931683
0,0,0.006890692
1,1,0.9982134
0,0,0.49663076
0,0,0.006890692
1,1,0.9982134
1,1,0.99806064
1,1,0.9982134
1,1,0.9982134
0,0,0.006890692
1,1,0.95084184
1,1,0.8996648
1,1,0.9982134
1,1,0.9979144
1,1,0.98144275
0,0,0.006890692
0,0,0.006890692
0,0,0.006890692
1,1,0.84106934
0,0,0.0042489325
1,1,0.9982134
0,0,0.006890692
0,0,0.3359299
1,1,0.8422251
0,0,0.006890692
1,1,0.997479
1,1,0.9988834
0,0,0.006890692
1,1,0.99806064
0,0,0.10267042
1,1,0.98999536
1,1,0.9982134
0,0,0.006890692
0,0,0.006890692
0,0,0.006890692
0,0,0.006890692
0,0,0.006890692
1,1,0.99806064
1,1,0.997479
1,1,0.99806064
1,1,0.997479
1,1,0.94319093
1,1,0.997479
0,0,0.006890692
0,0,0.006890692
1,1,0.98144275
0,0,0.0064830706
1,1,0.9982134
1,1,0.9982134
0,0,0.006890692
0,0,0.010087301
1,1,0.727291
1,1,0.9982134
0,0,0.021027617
0,0,0.006890692
0,0,0.006890692
0,0,0.006890692
1,1,0.79474485
1,1,0.94319093
0,0,0.006890692
0,0,0.023657825
0,0,0.006890692
0,1,0.928427
0,0,0.006890692
1,1,0.98144275
0,0,0.006890692
1,1,0.99806064
1,1,0.98913074
1,1,0.99806064
1,1,0.7910538
1,1,0.9988187
0,0,0.006890692
0,0,0.028571252
1,1,0.9987476
0,0,0.006890692
1,1,0.99806064
0,0,0.006890692
0,0,0.006890692
1,1,0.997479
0,0,0.006890692
0,0,0.006890692
1,1,0.957285
0,0,0.006890692
1,1,0.9982134
0,0,0.006890692
1,1,0.96406
1,1,0.9834171
0,0,0.006890692
1,1,0.9819088
0,0,0.006890692
1,1,0.98144275
0,0,0.006890692
0,0,0.006890692
1,1,0.75255483
0,0,0.006890692
1,1,0.99876726
0,0,0.006890692
1,1,0.9982134
0,0,0.006890692
0,0,0.021027617
0,0,0.006890692
1,1,0.94319093
0,0,0.006890692
0,0,0.008163164
1,1,0.9983297
0,0,0.07412198
1,1,0.9691938
0,0,0.006890692
1,1,0.9982134
1,1,0.9982134
1,1,0.95084184
0,0,0.006890692
1,1,0.5396606
1,1,0.8649465
0,0,0.006890692
0,0,0.006890692
1,1,0.98144275
1,1,0.9982134
0,0,0.021027617
1,1,0.7956409
0,0,0.006890692
0,0,0.006890692
1,1,0.9982134
1,1,0.7956409
0,1,0.9010547
0,0,0.006890692
1,1,0.9982134
1,1,0.99757105
0,0,0.006890692
1,1,0.9982134
1,1,0.95758843
0,0,0.26229313
1,1,0.99806064
1,1,0.9982134
0,0,0.006890692
1,1,0.99806064
0,0,0.4315371
0,0,0.006890692
1,1,0.9982134
1,1,0.6372025
1,1,0.99806064
1,1,0.86411434
1,1,0.9982134
1,1,0.9982134
0,0,0.006890692
1,1,0.98144275
0,0,0.006890692
1,1,0.7956781
0,0,0.0070995945
1,1,0.98144275
0,0,0.006890692
0,0,0.006890692
0,0,0.005171829
1,1,0.99810046
1,1,0.9982134
0,0,0.006890692
1,1,0.99806064
1,1,0.9982134
0,0,0.006890692
0,0,0.006890692
1,1,0.96406
1,1,0.9982134
0,0,0.006890692
0,0,0.006890692
1,1,0.94319093
1,1,0.9982134
1,1,0.95605224
1,1,0.9980786
0,0,0.006890692
1,1,0.9982134
1,1,0.9982134
0,0,0.006890692
0,0,0.006890692
0,0,0.006890692
0,0,0.35233048
1,1,0.9987238
0,0,0.006890692
0,0,0.006890692
1,1,0.99806064
1,1,0.997479
0,0,0.006890692
1,1,0.9982134
0,0,0.006890692
0,0,0.24609198
0,0,0.11185603
1,1,0.86793077
0,0,0.006890692
0,0,0.006890692
1,1,0.97143054
1,1,0.98144275
0,0,0.006890692
1,1,0.997479
1,1,0.82476467
0,0,0.006890692
0,0,0.006890692
1,1,0.98144275
1,1,0.98144275
1,1,0.99806064
1,1,0.9982134
1,1,0.957285
1,1,0.9386546
0,0,0.021027617
1,1,0.98144275
0,0,0.006890692
0,0,0.006890692
1,1,0.9982134
1,1,0.920771
1,1,0.9982134
0,0,0.006890692
0,1,0.95605224
0,0,0.014953167
0,0,0.006890692
1,1,0.9987476
1,1,0.9621963
1,1,0.858817
1,1,0.9982134
1,1,0.96406
0,0,0.021707088
1,0,0.34834757
1,1,0.9982134
1,1,0.99806064
1,1,0.98144275
1,1,0.9982134
0,0,0.006890692
1,1,0.9982134
0,0,0.048868906
1,1,0.997479
1,1,0.9982134
0,0,0.105051324
0,0,0.006890692
0,1,0.8990304
1,1,0.9982134
1,1,0.54309624
0,0,0.006890692
0,0,0.006890692
0,0,0.006890692
0,0,0.006890692
0,0,0.006890692
0,0,0.006890692
0,0,0.006890692
1,1,0.9980786
1,1,0.9982134
1,1,0.99764097
1,1,0.9982134
0,0,0.006890692
0,0,0.006890692
1,1,0.98432946
1,1,0.99806064
1,1,0.997479
1,1,0.9982134
0,0,0.006890692
1,1,0.9982134
0,0,0.006890692
1,1,0.997479
1,1,0.9990095
1,1,0.9803289
1,1,0.99806064
0,0,0.006890692
1,1,0.9982134
1,1,0.99806064
0,0,0.006890692
1,1,0.928427
1,1,0.997479
1,1,0.9982134
1,0,0.25949547
1,1,0.9982134
1,1,0.99806064
1,1,0.86793077
1,1,0.99806064
1,0,0.006890692
0,0,0.006890692
1,1,0.96406
1,1,0.97047734
1,1,0.9982134
0,0,0.006890692
1,1,0.997479
0,0,0.006890692
0,0,0.006890692
1,1,0.997479
1,1,0.9982134
1,1,0.99806064
0,0,0.25456625
1,1,0.9988463
0,0,0.0058409963
0,0,0.006890692
1,1,0.9982134
0,0,0.006890692
0,0,0.006890692
0,0,0.006890692
0,0,0.006890692
1,1,0.9819088
0,0,0.006890692
1,1,0.98144275
1,1,0.9982134
1,1,0.7956409
0,0,0.006890692
0,0,0.007361134
1,1,0.997479
1,1,0.9990947
1,1,0.9829311
0,0,0.006890692
0,0,0.006890692
1,1,0.9982134
1,1,0.9657376
0,0,0.017107537
0,0,0.006890692
0,0,0.006890692
0,0,0.006890692
1,1,0.928427
0,0,0.24130149
0,0,0.006890692
0,0,0.006890692
1,1,0.9982134
1,1,0.9982134
1,1,0.91750133
0,0,0.006890692
1,1,0.8783048
1,1,0.997479
0,0,0.006890692
1,1,0.9990095
0,0,0.006890692
1,1,0.9982134
1,1,0.9982134
0,0,0.006890692
1,1,0.99806064
1,1,0.94540083
1,1,0.9982134
1,1,0.9988463
0,0,0.4450578
0,0,0.006890692
1,1,0.9894337
1,1,0.7956781
1,1,0.7956409
1,0,0.3984601
1,1,0.9982134
1,1,0.9982134
1,1,0.9982134
1,1,0.9982134
0,0,0.006890692
0,0,0.02676846
1,1,0.98432946
1,1,0.997479
1,1,0.99852425
1,1,0.9982134
0,0,0.048868906
1,1,0.9982134
1,1,0.99832815
0,0,0.006890692
1,1,0.91382456
1,0,0.4262044
1,1,0.96406
0,0,0.006890692
1,1,0.96406
0,0,0.021156853
0,0,0.006890692
1,1,0.9982134
0,0,0.021027617
0,0,0.006890692
0,0,0.006890692
0,1,0.782234
0,0,0.0064830706
0,0,0.006890692
1,1,0.9982134
1,1,0.9982134
1,1,0.9982134
0,0,0.006890692
1,1,0.98144275
0,0,0.006890692
0,0,0.0042489325
0,0,0.006890692
0,0,0.11288567
0,0,0.006890692
0,0,0.006890692
0,0,0.008204624
0,0,0.005171829
1,1,0.8649465
1,1,0.99806064
1,1,0.9977768
1,1,0.997479
1,1,0.90974563
0,0,0.006890692
1,1,0.9982134
0,0,0.012495282
0,0,0.006890692
1,1,0.9982134
0,0,0.006890692
1,1,0.928427
0,0,0.006890692
0,0,0.006890692
0,0,0.006890692
0,0,0.006890692
1,1,0.8841101
1,1,0.9982134
1,1,0.997479
0,0,0.006890692
0,1,0.70825875
0,0,0.28483227
0,0,0.006890692
0,0,0.0058409963
1,1,0.99806064
1,1,0.997479
0,0,0.006890692
0,0,0.006890692
0,0,0.006890692
0,0,0.006890692
1,1,0.99806064
0,0,0.006890692
1,1,0.9982134
1,1,0.75255483
1,1,0.997479
1,1,0.87771916
0,1,0.77658165
0,0,0.006890692
0,1,0.8239569
1,1,0.9982134
1,1,0.9982134
1,1,0.98432946
0,0,0.006890692
1,1,0.9507653
0,0,0.006890692
0,1,0.789391
0,0,0.006890692
1,1,0.9982134
0,0,0.015991174
0,0,0.006890692
1,1,0.9982134
0,0,0.005171829
0,0,0.006890692
0,0,0.006890692
0,0,0.006890692
0,0,0.006890692
0,0,0.006890692
0,0,0.006890692
0,0,0.006890692
1,1,0.99806064
1,1,0.99806064
0,0,0.006890692
0,0,0.006890692
0,0,0.006890692
0,1,0.74044603
1,1,0.9990095
0,0,0.006890692
0,0,0.006890692
1,1,0.9982134
1,1,0.99832815
1,1,0.9982134
0,0,0.006890692
0,0,0.006890692
1,1,0.91394305
0,0,0.006890692
1,1,0.99819404
1,1,0.9982134
1,1,0.9982134
1,1,0.9188319
0,1,0.8251753
0,0,0.006890692
1,1,0.9971463
0,0,0.006890692
1,1,0.9988463
1,1,0.99806064
0,0,0.006890692
0,0,0.006890692
1,1,0.997479
0,0,0.021707088
0,0,0.051527057
1,1,0.74966115
0,0,0.006890692
1,1,0.94319093
0,1,0.68237567
0,0,0.006890692
0,0,0.0042619645
0,0,0.006890692
1,1,0.9980786
0,0,0.006890692
0,0,0.006890692
1,1,0.9982134
0,0,0.006890692
1,1,0.94540083
1,1,0.99806064
0,0,0.006890692
0,0,0.006890692
1,1,0.9979468
0,0,0.006890692
0,0,0.006890692
1,1,0.997479
1,1,0.9979468
1,1,0.9982134
1,1,0.9982134
0,0,0.021027617
0,0,0.0042489325
0,0,0.006890692
1,1,0.99832815
0,0,0.02165756
1,1,0.9982134
1,1,0.9821437
0,0,0.006890692
1,1,0.99806064
0,0,0.006890692
1,1,0.99229175
0,0,0.006890692
0,0,0.46374187
0,0,0.006890692
0,0,0.006890692
0,0,0.006890692
1,1,0.9982134
0,0,0.021027617
0,0,0.006890692
1,1,0.9981851
1,1,0.8550255
0,0,0.007286694
0,0,0.006890692
0,0,0.006890692
1,1,0.94319093
1,1,0.9988463
1,1,0.9982134
1,1,0.9386546
0,0,0.006890692
0,0,0.006890692
0,0,0.006890692
1,1,0.98144275
0,0,0.005171829
0,0,0.006890692
0,0,0.006890692
1,1,0.9982134
0,0,0.2766399
0,0,0.006890692
0,0,0.006890692
0,0,0.02676846
1,1,0.8580961
1,1,0.997479
1,1,0.99790984
0,0,0.008930976
0,0,0.006890692
0,0,0.0058409963
1,1,0.9972892
1,1,0.9982134
1,1,0.9982134
1,1,0.997479
1,0,0.3867491
0,0,0.006890692
0,0,0.006890692
0,0,0.006890692
0,0,0.006890692
0,0,0.47535172
1,1,0.98144275
0,0,0.006890692
1,1,0.8789935
0,0,0.006890692
1,1,0.91382456
0,0,0.006890692
1,1,0.99806064
1,1,0.997479
1,1,0.98144275
0,0,0.006890692
0,0,0.006890692
0,0,0.006890692
1,1,0.86668944
1,1,0.9982134
1,0,0.33540758
1,1,0.9982134
0,0,0.006890692
0,0,0.006890692
0,0,0.006890692
0,0,0.006890692
0,0,0.006890692
0,0,0.006890692
0,0,0.006890692
1,1,0.98144275
0,0,0.006890692
0,0,0.007507198
0,0,0.006890692
0,0,0.006890692
0,0,0.051527057
1,1,0.928427
0,0,0.006890692
0,0,0.006890692
1,1,0.7956781
1,1,0.9988463
1,1,0.9982134
0,0,0.17866425
0,0,0.006890692
1,1,0.9982134
0,0,0.006890692
0,1,0.7756627
0,0,0.052085232
0,0,0.006890692
1,1,0.998331
1,1,0.9986297
0,0,0.006890692
0,0,0.006890692
1,1,0.920771
1,1,0.98144275
1,1,0.8841101
0,0,0.02676846
1,1,0.9982134
1,1,0.997479
1,1,0.9979627
0,0,0.006890692
1,1,0.997479
0,0,0.006890692
1,1,0.9244232
0,0,0.047578916
1,1,0.98144275
1,1,0.99806064
0,0,0.15155542
0,0,0.006890692
1,1,0.9979468
0,0,0.006890692
0,0,0.006890692
1,1,0.9982134
1,1,0.9244232
0,0,0.006890692
1,1,0.99806064
1,1,0.7908712
1,1,0.997479
0,0,0.005171829
1,1,0.9982134
1,1,0.9982134
0,0,0.006890692
0,0,0.006890692
1,1,0.94540083
0,0,0.006890692
0,0,0.006890692
0,1,0.788546
0,0,0.006890692
1,1,0.99806064
0,0,0.006890692
0,0,0.006890692
1,1,0.8783048
1,1,0.9982134
1,1,0.99819404
0,0,0.006890692
0,0,0.006890692
0,0,0.39980087
1,1,0.997479
1,1,0.99806064
1,1,0.98144275
0,0,0.0058409963
1,1,0.9982134
1,1,0.9834171
0,1,0.75255483
0,0,0.006890692
1,1,0.94319093
0,0,0.3359299
0,0,0.006890692
1,1,0.9982134
1,1,0.9982134
0,0,0.006890692
0,0,0.006890692
1,1,0.99806064
1,1,0.99819404
0,0,0.006890692
0,0,0.006890692
1,1,0.96406
1,1,0.9982134
1,1,0.8950549
1,1,0.998331
1,1,0.99184436
1,1,0.98864645
0,0,0.0073113735
1,1,0.99806064
1,1,0.9982134
0,0,0.006890692
1,1,0.9982134
1,1,0.86793077
0,0,0.006890692
1,1,0.9982134
1,1,0.9982134
0,0,0.006890692
0,0,0.006890692
0,1,0.511797
0,0,0.006890692
1,1,0.9980786
1,1,0.81094897
1,1,0.98229045
1,1,0.99806064
1,1,0.99806064
0,0,0.036574103
1,1,0.9982134
1,1,0.99806064
1,1,0.9010547
0,0,0.006890692
0,0,0.006890692
1,1,0.9615376
0,0,0.006890692
1,1,0.8033114
0,0,0.006890692
0,0,0.15903488
0,0,0.006890692
0,0,0.006890692
1,1,0.9982134
0,0,0.006890692
0,1,0.957285
1,1,0.99806064
0,0,0.006890692
1,1,0.99790984
0,0,0.006890692
1,1,0.99806064
0,0,0.006890692
1,0,0.006890692
1,1,0.997479
1,1,0.997479
1,1,0.8966837
0,0,0.006890692
0,0,0.006890692
0,0,0.006890692
0,0,0.006890692
0,0,0.006890692
1,1,0.99806064
1,1,0.94319093
0,0,0.006890692
1,1,0.9982134
0,0,0.006890692
0,0,0.006890692
0,0,0.006890692
0,0,0.006890692
1,1,0.9982134
1,0,0.12417801
0,0,0.0052394606
0,0,0.006890692
1,1,0.9982134
0,0,0.006890692
0,0,0.006890692
0,0,0.006890692
1,1,0.9982134
1,1,0.9982134
1,1,0.9982134
0,0,0.006890692
0,0,0.0052394606
0,0,0.005806387
1,1,0.997479
1,0,0.26590738
1,1,0.9714887
0,0,0.006890692
1,1,0.96406
0,0,0.006890692
1,1,0.99806064
0,0,0.006890692
0,0,0.006890692
1,1,0.9100352
0,0,0.004189097
0,0,0.016089637
1,1,0.9138583
0,0,0.006890692
0,0,0.006890692
1,1,0.84905285
1,1,0.95605224
0,0,0.006890692
0,0,0.006890692
0,0,0.006890692
1,1,0.9982134
1,1,0.9982134
0,0,0.1674759
0,0,0.008163164
0,0,0.006890692
1,1,0.96406
0,0,0.006890692
1,1,0.9386546
1,1,0.9982134
0,0,0.006890692
0,0,0.021027617
0,0,0.006890692
0,0,0.006890692
1,1,0.9982134
1,1,0.94319093
1,1,0.99806064
1,1,0.9982134
0,0,0.006890692
1,1,0.99832815
0,0,0.012495282
0,0,0.051527057
0,0,0.006890692
1,1,0.990943
1,1,0.9982134
1,1,0.99806064
0,0,0.006890692
0,0,0.006890692
1,1,0.98144275
0,0,0.006890692
0,0,0.006890692
0,0,0.006890692
1,1,0.7956409
1,1,0.8943541
0,0,0.006890692
1,1,0.957285
1,1,0.9982134
0,0,0.006890692
1,1,0.94352084
0,0,0.11185603
1,1,0.997479
1,1,0.9466976
1,1,0.9386546
1,1,0.9989796
0,1,0.8950549
1,1,0.9982134
1,1,0.98144275
1,1,0.9982134
0,0,0.036574103
1,1,0.9982134
0,0,0.006890692
0,0,0.006890692
0,0,0.006890692
0,0,0.006890692
0,0,0.011356525
1,1,0.98144275
0,0,0.006890692
0,0,0.006890692
1,1,0.9982134
1,1,0.920771
1,1,0.9459848
0,0,0.006890692
1,1,0.9982134
0,0,0.006890692
1,1,0.9519152
0,0,0.1674759
1,1,0.9982134
0,0,0.006890692
0,0,0.006890692
1,1,0.9982134
0,1,0.9244232
1,1,0.9982134
1,1,0.9880383
1,1,0.99832815
0,0,0.006890692
1,0,0.2176866
0,0,0.006890692
0,0,0.006890692
0,0,0.006890692
0,0,0.006890692
1,1,0.9434033
0,0,0.006890692
0,0,0.052613843
0,0,0.006890692
0,0,0.09043228
0,0,0.006890692
1,1,0.99806064
0,0,0.0070995945
0,0,0.006890692
0,1,0.68237567
0,0,0.0024852762
0,0,0.006890692
1,1,0.99806064
1,1,0.9982134
0,0,0.24130149
1,1,0.96368444
1,1,0.997479
1,1,0.89947826
1,1,0.9982134
0,0,0.006890692
0,0,0.006890692
0,0,0.006890692
0,0,0.0042619645
0,0,0.006890692
1,1,0.879729
1,1,0.997479
1,1,0.99806064
1,1,0.961898
1,1,0.84106934
0,0,0.006890692
0,0,0.006890692
1,1,0.9982134
0,0,0.007734524
1,1,0.9980786
1,1,0.99806064
0,0,0.006890692
1,1,0.99806064
1,1,0.98144275
1,1,0.93567675
0,0,0.061415296
1,1,0.99819404
1,1,0.9982134
0,0,0.0083953105
0,0,0.006890692
1,1,0.99806064
1,1,0.9982134
1,1,0.9982134
1,1,0.9010547
1,1,0.9980786
0,0,0.11291385
1,1,0.920771
1,1,0.99819404
0,0,0.006890692
0,0,0.006890692
0,0,0.006890692
0,0,0.006890692
0,0,0.006890692
1,1,0.9982134
0,0,0.006890692
0,0,0.006890692
0,0,0.006890692
1,1,0.9100352
0,0,0.006890692
1,1,0.9982134
0,0,0.006890692
0,0,0.051527057
0,0,0.006890692
1,1,0.997479
0,0,0.011356525
0,0,0.006890692
0,1,0.91382456
0,0,0.006890692
0,0,0.006890692
0,0,0.006890692
1,1,0.997479
1,1,0.997479
0,0,0.006890692
1,1,0.997479
1,1,0.98144275
0,0,0.08504684
0,0,0.0058409963
1,1,0.902781
1,1,0.9386546
1,1,0.9982134
0,0,0.006890692
0,0,0.006890692
0,0,0.052704915
1,1,0.99848515
0,0,0.006890692
1,1,0.9982134
1,1,0.99806064
0,0,0.006890692
1,1,0.8950549
0,0,0.051527057
0,0,0.006890692
0,0,0.006890692
1,1,0.9982134
0,0,0.006890692
1,1,0.98144275
1,1,0.96406
0,0,0.006890692
1,1,0.788546
1,1,0.98144275
0,0,0.006890692
0,0,0.006890692
1,1,0.9982134
0,0,0.006890692
0,0,0.006890692
1,1,0.8211712
0,0,0.006890692
0,0,0.006890692
0,0,0.0036871047
1,1,0.9982134
1,1,0.8649465
0,0,0.19385596
1,1,0.96406
0,0,0.006890692
0,0,0.006890692
0,0,0.021027617
1,1,0.78110415
1,1,0.9982134
0,0,0.006890692
1,1,0.96406
0,0,0.006890692
0,0,0.006890692
0,0,0.006890692
0,0,0.006890692
0,0,0.006890692
0,0,0.43677863
1,1,0.99697757
0,0,0.006890692
1,1,0.99806064
1,1,0.9979144
1,1,0.98144275
1,1,0.9874165
1,1,0.997479
1,1,0.9982134
0,0,0.006890692
1,1,0.9736415
1,1,0.957285
0,0,0.1258009
0,0,0.006890692
1,1,0.9982134
1,1,0.98144275
1,1,0.9982134
1,1,0.788546
0,0,0.006890692
1,1,0.997479
0,0,0.006890692
1,1,0.9982134
0,0,0.006890692
1,1,0.99806064
1,1,0.997479
1,1,0.98144275
0,0,0.37923476
1,1,0.9982134
1,1,0.98126614
1,1,0.997479
1,1,0.9982134
1,1,0.96362984
1,1,0.997479
1,1,0.997479
0,0,0.17197825
0,0,0.006890692
0,0,0.006890692
0,0,0.006890692
0,0,0.006890692
1,1,0.920771
1,1,0.9982134
1,1,0.98144275
0,0,0.006890692
0,0,0.006890692
1,1,0.95605224
0,0,0.006890692
1,1,0.8473666
0,0,0.006890692
1,1,0.6989488
0,0,0.01670082
1,1,0.99806064
1,1,0.9982134
1,1,0.997479
1,1,0.99806064
0,0,0.006890692
1,1,0.99806064
0,0,0.006890692
0,0,0.006890692
0,0,0.014382343
0,0,0.006890692
0,0,0.01260011
0,0,0.027565548
0,0,0.13863507
1,1,0.997479
1,1,0.9979468
0,0,0.015991174
0,0,0.006890692
0,0,0.006890692
0,0,0.0070995945
1,1,0.9982134
1,1,0.9982134
1,1,0.98339695
1,1,0.99738795
0,0,0.006890692
0,0,0.006890692
0,0,0.006890692
0,0,0.006890692
1,1,0.9244232
1,1,0.9982134
1,1,0.9386546
1,1,0.75379
1,1,0.920771
0,0,0.006890692
1,1,0.9986297
0,0,0.006890692
0,0,0.006890692
1,1,0.99806064
1,1,0.99806064
1,1,0.9982134
1,1,0.9982134
1,1,0.9974517
0,0,0.012606121
0,0,0.006890692
0,0,0.006890692
0,0,0.008152473
0,0,0.006890692
0,0,0.006890692
1,1,0.997479
0,0,0.006890692
1,1,0.9982134
1,1,0.9982134
1,1,0.9982134
1,1,0.9982134
0,0,0.006890692
0,0,0.006890692
0,0,0.005542779
0,0,0.006890692
1,1,0.99806064
0,0,0.006890692
1,1,0.82476467
0,0,0.006890692
0,0,0.003880818
1,1,0.91382456
1,1,0.98692
1,1,0.99806064
0,0,0.006890692
1,1,0.99819404
0,0,0.07168243
1,1,0.9838394
0,1,0.8950549
1,1,0.91382456
1,1,0.99806064
0,0,0.006890692
0,0,0.006890692
0,0,0.007257942
1,0,0.4716991
1,1,0.9982134
1,1,0.8211712
1,1,0.9982134
1,1,0.9982134
1,1,0.99806064
0,0,0.006890692
1,1,0.9982134
0,0,0.006890692
0,0,0.006890692
1,1,0.9982134
1,1,0.99844754
1,0,0.006890692
0,0,0.006890692
1,1,0.86793077
0,0,0.006890692
0,0,0.051527057
1,1,0.99764097
1,1,0.7956409
1,1,0.99806064
0,0,0.006890692
0,0,0.006890692
1,1,0.997479
0,0,0.006890692
0,0,0.006890692
0,0,0.011536021
1,1,0.9982134
0,0,0.007224325
0,0,0.006890692
1,1,0.997479
1,1,0.98144275
0,0,0.031281427
0,0,0.006890692
1,1,0.9982134
1,1,0.9982134
1,1,0.94340616
1,1,0.9982134
0,0,0.006890692
1,1,0.98144275
0,0,0.26590738
0,0,0.006890692
1,1,0.9982134
0,0,0.006890692
0,0,0.006890692
0,0,0.006890692
0,0,0.006890692
1,1,0.997479
1,1,0.98144275
0,0,0.006890692
0,0,0.02165756
0,0,0.006890692
1,1,0.9982134
1,1,0.9982134
0,0,0.006890692
1,1,0.98144275
0,0,0.006890692
1,1,0.96406
1,1,0.9982134
0,0,0.006890692
0,0,0.48461583
0,0,0.006890692
1,1,0.99806064
1,1,0.99806064
0,0,0.006890692
0,0,0.006890692
1,1,0.96524996
1,1,0.9982134
0,0,0.006890692
1,1,0.99806064
0,0,0.006890692
1,1,0.9987476
1,1,0.98144275
1,1,0.9982134
0,0,0.0042489325
0,0,0.006890692
1,1,0.9982134
1,1,0.96406
0,0,0.006890692
1,1,0.9733194
0,0,0.006890692
0,1,0.5982573
0,0,0.09464414
0,0,0.006890692
1,1,0.997479
0,0,0.006890692
1,1,0.9982134
0,0,0.0042489325
1,1,0.9977512
1,1,0.997479
0,0,0.006890692
1,1,0.9982134
1,1,0.9980786
1,1,0.9982134
1,1,0.99931884
0,0,0.006890692
1,1,0.9982134
1,1,0.99806064
1,1,0.9982134
0,0,0.053996854
0,0,0.006890692
0,0,0.006890692
0,0,0.012606121
0,0,0.006890692
0,0,0.006890692
0,0,0.006890692
0,0,0.045065403
0,0,0.021027617
1,1,0.511797
1,1,0.9982134
0,0,0.006890692
0,0,0.022073744
1,1,0.9982134
1,1,0.99398476
1,0,0.29242492
0,0,0.006890692
0,0,0.006890692
0,0,0.006890692
0,0,0.006890692
1,1,0.98144275
1,1,0.98144275
0,0,0.012606121
0,0,0.015991174
1,1,0.98144275
1,1,0.9650705
1,1,0.9986904
0,0,0.06375421
1,1,0.9982134
1,1,0.99806064
0,0,0.0070995945
1,1,0.920771
0,0,0.015860708
1,1,0.99806064
0,0,0.006890692
0,0,0.0083953105
1,1,0.99806064
1,1,0.99773836
0,0,0.006890692
1,1,0.9982134
0,0,0.006890692
0,0,0.006890692
0,0,0.006890692
1,1,0.9982134
1,1,0.9553515
0,0,0.006890692
0,0,0.021027617
1,1,0.9982134
1,1,0.7157915
0,0,0.006890692
0,0,0.006890692
0,1,0.7956409
1,1,0.9982134
1,1,0.98229045
1,1,0.99757105
0,0,0.006890692
1,1,0.920771
1,1,0.997479
1,1,0.9982134
0,1,0.9010547
1,1,0.98144275
0,0,0.006890692
0,0,0.006890692
0,0,0.006890692
0,0,0.027726471
0,0,0.006890692
1,1,0.920771
0,0,0.006890692
1,1,0.99806064
1,1,0.89675707
1,1,0.7638862
0,0,0.010987699
0,0,0.006890692
0,0,0.006890692
0,0,0.006890692
1,1,0.9874165
0,0,0.006890692
1,1,0.9988888
1,1,0.98144275
1,1,0.9982134
1,1,0.9982134
0,0,0.006890692
1,1,0.9982134
0,0,0.006890692
1,1,0.997479
1,1,0.9982134
0,0,0.006890692
1,1,0.95605224
1,1,0.9982134
1,1,0.9988187
0,0,0.009415164
0,0,0.006890692
1,1,0.9982134
0,0,0.006890692
1,1,0.997479
0,0,0.0064830706
0,0,0.006890692
0,0,0.006890692
0,0,0.006890692
0,0,0.057488203
1,1,0.9982134
0,0,0.006890692
0,0,0.021027617
1,1,0.99806064
1,1,0.98144275
0,0,0.006890692
0,0,0.006890692
0,0,0.043911662
0,0,0.006890692
0,0,0.006890692
1,1,0.92231315
0,0,0.014382343
0,0,0.021027617
0,0,0.006890692
1,1,0.9982134
1,1,0.997479
1,1,0.997479
1,1,0.9982134
1,1,0.9982134
1,1,0.8846768
0,0,0.006890692
0,0,0.006890692
0,0,0.051527057
1,1,0.9443804
1,1,0.99806064
0,0,0.006890692
1,1,0.997479
0,0,0.006890692
1,1,0.9982134
0,0,0.006890692
0,0,0.0083953105
1,1,0.9982134
0,0,0.006890692
0,0,0.006890692
1,1,0.9982134
0,0,0.14479344
0,0,0.006890692
1,1,0.9188319
0,0,0.006890692
0,0,0.006890692
1,1,0.9982134
0,0,0.007367782
1,1,0.99806064
1,1,0.9982134
1,1,0.9982134
0,0,0.006890692
0,0,0.006890692
1,1,0.9982134
0,0,0.021027617
1,1,0.9838394
1,1,0.96406
1,1,0.9982134
1,1,0.997479
0,0,0.02676846
1,1,0.6493
1,0,0.3359299
1,1,0.9982134
0,0,0.006890692
0,0,0.005234167
0,0,0.006890692
0,0,0.006890692
0,0,0.006890692
1,1,0.9982134
1,1,0.98144275
0,0,0.006890692
0,0,0.014382343
1,1,0.9982134
1,1,0.74044603
1,1,0.9982134
0,0,0.006890692
0,0,0.006890692
1,1,0.7956409
1,1,0.99815184
1,1,0.99806064
0,0,0.006890692
1,1,0.6612891
1,1,0.98432946
0,0,0.006890692
0,1,0.58768153
1,1,0.9982134
1,1,0.9982134
0,0,0.006890692
0,0,0.006890692
0,0,0.006890692
0,0,0.006890692
0,0,0.006890692
1,1,0.95084184
1,1,0.920771
0,0,0.38090456
0,0,0.006890692
1,1,0.99832815
1,1,0.99806064
1,1,0.86793077
0,0,0.006890692
1,1,0.9507653
1,1,0.61201257
0,0,0.006890692
0,0,0.041018594
0,0,0.006890692
1,1,0.9982134
0,0,0.006890692
1,1,0.99806064
1,1,0.997479
1,1,0.9826318
1,1,0.99806064
0,0,0.021027617
1,1,0.957285
1,1,0.8783048
1,1,0.9982134
1,1,0.96406
0,0,0.006890692
1,1,0.98144275
0,0,0.006890692
0,0,0.019680705
1,1,0.95605224
0,0,0.006890692
1,1,0.99806064
1,1,0.92994523
1,1,0.9982134
1,1,0.99841297
0,0,0.006890692
1,1,0.9982134
1,1,0.997479
0,0,0.006890692
1,1,0.94352084
1,1,0.9982134
0,0,0.006890692
0,0,0.006890692
1,1,0.9042445
1,1,0.9010547
0,0,0.021027617
0,0,0.006890692
1,1,0.98432946
0,0,0.007507198
1,1,0.9822986
0,0,0.006890692
0,0,0.006890692
1,1,0.8550255
1,1,0.7956409
1,1,0.9894443
0,0,0.006890692
1,1,0.99876726
1,1,0.9982128
1,1,0.920771
0,0,0.006890692
1,1,0.9983297
0,0,0.006890692
0,0,0.009534488
0,0,0.051527057
0,0,0.008163164
1,1,0.9880284
1,1,0.997479
1,1,0.7956409
0,0,0.006890692
0,0,0.014382343
1,1,0.99806064
0,0,0.006890692
0,0,0.051527057
1,1,0.9982134
1,1,0.7956409
0,1,0.513067
1,1,0.9982134
1,1,0.997479
1,1,0.997479
1,1,0.9982134
0,0,0.041018594
0,0,0.036574103
0,0,0.006890692
0,0,0.006890692
1,1,0.9982134
0,0,0.006890692
1,1,0.9982134
1,1,0.96406
1,1,0.9982134
1,1,0.9982134
1,1,0.997479
1,1,0.9982134
1,1,0.997479
0,0,0.005542779
1,1,0.97820354
1,1,0.99806064
0,0,0.035803396
0,0,0.006890692
1,1,0.94319093
1,1,0.9988463
0,0,0.006890692
1,1,0.99806064
0,0,0.006890692
0,0,0.006890692
1,1,0.9982134
0,0,0.006890692
0,0,0.006890692
1,1,0.9010547
0,0,0.006890692
0,0,0.053250097
1,1,0.9982134
0,0,0.006890692
0,0,0.006890692
0,0,0.33557642
0,0,0.006890692
0,0,0.019680705
1,1,0.96406
0,0,0.006890692
0,0,0.0058409963
0,0,0.006890692
1,1,0.98144275
0,0,0.0042619645
1,1,0.9980786
1,1,0.9979144
1,1,0.997479
0,0,0.006890692
0,0,0.006890692
0,0,0.0083953105
0,0,0.006890692
1,1,0.8990304
0,0,0.006890692
0,0,0.05029007
0,0,0.006890692
1,1,0.9982134
1,1,0.99806064
0,0,0.12417801
1,1,0.9642763
0,0,0.006890692
0,0,0.005171829
1,1,0.9982134
1,1,0.99806064
0,0,0.006890692
1,1,0.9990959
0,0,0.006890692
1,1,0.7956409
1,1,0.9982134
0,0,0.15788335
0,0,0.006890692
1,1,0.99806064
1,1,0.997479
1,1,0.98144275
1,1,0.9982134
0,0,0.006890692
0,0,0.006890692
0,0,0.006890692
1,1,0.9982134
0,0,0.006890692
0,0,0.006890692
0,0,0.03943692
0,0,0.13540475
1,1,0.9982134
0,0,0.006890692
0,0,0.009699092
0,0,0.006890692
0,0,0.006890692
0,0,0.006890692
0,0,0.006890692
0,0,0.006890692
1,1,0.9873273
1,1,0.997479
1,1,0.9982134
1,1,0.96539426
0,0,0.02676846
1,1,0.98144275
0,0,0.006890692
1,1,0.9481907
0,0,0.006890692
1,1,0.86793077
1,1,0.98144275
1,1,0.920771
0,0,0.006890692
0,0,0.006890692
0,0,0.006890692
1,1,0.9684226
0,0,0.006890692
0,0,0.006890692
0,0,0.006890692
0,0,0.006890692
1,1,0.928427
1,1,0.99806064
1,1,0.9982134
1,1,0.9982134
0,0,0.006890692
0,0,0.014382343
1,1,0.879729
0,0,0.006890692
1,1,0.8950549
0,0,0.011479181
0,0,0.006890692
1,1,0.997479
0,0,0.006890692
0,0,0.007367782
0,0,0.006890692
1,1,0.961898
0,0,0.006890692
0,0,0.006890692
1,1,0.9982134
1,1,0.9244232
1,1,0.772855
1,1,0.997479
0,0,0.006890692
0,0,0.006890692
0,0,0.006890692
0,0,0.02165756
1,1,0.928427
0,0,0.0083953105
0,0,0.003974623
0,0,0.006890692
1,1,0.997479
0,0,0.006890692
1,1,0.997479
0,0,0.006890692
1,1,0.99008745
1,1,0.9982134
0,0,0.006890692
0,0,0.006890692
1,1,0.9982134
0,0,0.006890692
0,0,0.006890692
1,1,0.9982134
0,1,0.7908712
0,0,0.006890692
0,0,0.006890692
0,0,0.006890692
0,0,0.006890692
0,1,0.7797719
0,0,0.0058409963
0,0,0.006890692
1,1,0.98144275
0,0,0.006890692
1,1,0.98683596
1,1,0.9982134
0,0,0.006890692
0,0,0.006890692
1,1,0.82476467
1,1,0.9982134
0,0,0.006890692
0,0,0.0058409963
1,1,0.997479
1,1,0.997479
1,1,0.9982134
1,1,0.9988644
1,1,0.99806064
0,0,0.006890692
1,1,0.9980956
1,1,0.9982134
0,0,0.006890692
0,0,0.006890692
1,1,0.9982134
1,1,0.9982134
1,1,0.9982134
0,0,0.006890692
0,0,0.006890692
0,0,0.006890692
0,0,0.006890692
1,1,0.9982134
0,0,0.011356525
0,0,0.006890692
1,1,0.9982134
1,1,0.94319093
0,0,0.006890692
1,1,0.997479
1,1,0.98829657
0,0,0.007367782
0,0,0.006890692
1,1,0.7829329
0,0,0.006890692
1,1,0.997479
1,1,0.9974517
1,1,0.98144275
1,1,0.89675707
0,0,0.003880818
0,0,0.006890692
0,1,0.511797
0,0,0.006890692
1,1,0.9982134
0,0,0.006890692
0,0,0.006890692
1,1,0.8550255
1,1,0.997479
0,0,0.006890692
1,1,0.99806064
1,1,0.99806064
1,1,0.91382456
1,1,0.98144275
1,1,0.98144275
1,1,0.99806064
0,0,0.006890692
1,1,0.9982134
0,0,0.006890692
1,1,0.9982134
0,0,0.006890692
1,1,0.9982134
1,1,0.9982134
0,0,0.006890692
1,1,0.96406
0,0,0.006890692
1,1,0.997479
0,0,0.006890692
1,1,0.9982134
1,1,0.997479
0,0,0.006890692
0,0,0.006890692
0,0,0.006890692
0,0,0.32443058
0,0,0.006890692
1,1,0.99806064
1,1,0.9982134
0,0,0.006890692
1,1,0.94319093
0,0,0.006890692
1,0,0.47535172
1,0,0.052190192
0,0,0.006890692
0,0,0.01585317
1,1,0.9982134
0,0,0.006890692
1,1,0.9982134
0,0,0.006890692
0,0,0.006890692
1,1,0.98144275
0,0,0.006890692
1,1,0.99810046
0,0,0.006890692
0,0,0.1918683
0,0,0.006890692
1,1,0.920771
0,1,0.8950549
1,1,0.94902354
1,1,0.997479
0,0,0.32564342
0,0,0.006890692
1,1,0.9988463
0,0,0.011449778
0,0,0.006890692
0,0,0.006890692
0,0,0.011930515
0,0,0.012822856
0,0,0.006890692
0,0,0.006890692
0,0,0.006890692
0,0,0.0042489325
0,0,0.006890692
0,0,0.006890692
1,1,0.9982134
0,0,0.006890692
0,0,0.006890692
1,1,0.98144275
1,1,0.9982134
0,0,0.006890692
0,0,0.006890692
1,1,0.9982134
0,0,0.006890692
0,0,0.006890692
0,0,0.006890692
1,1,0.9982134
0,1,0.7491516
1,1,0.9982134
1,1,0.9979715
0,0,0.0058409963
0,0,0.006890692
0,0,0.0036321073
0,0,0.006890692
0,0,0.006890692
1,1,0.9982134
0,0,0.006890692
0,0,0.006890692
0,0,0.006890692
1,1,0.997479
0,0,0.006890692
0,0,0.006890692
0,0,0.006890692
1,1,0.99806064
1,1,0.74044603
0,0,0.0058409963
0,0,0.006890692
0,0,0.006890692
1,1,0.9982134
0,0,0.006890692
0,0,0.006890692
1,1,0.9982134
0,0,0.006890692
0,0,0.006890692
0,1,0.86793077
0,0,0.006890692
1,1,0.9982134
0,0,0.014444316
0,0,0.006890692
1,1,0.99806064
1,1,0.9982134
0,0,0.021156853
1,1,0.9982134
0,0,0.006890692
0,0,0.006890692
1,1,0.8211712
0,0,0.006890692
1,1,0.9982134
1,1,0.96406
1,1,0.99327385
0,0,0.0042619645
0,0,0.0058409963
1,1,0.920771
0,0,0.04689882
0,0,0.0071341437
0,0,0.048868906
0,0,0.090906374
0,0,0.006890692
0,0,0.006890692
1,1,0.96937627
1,1,0.7908712
1,1,0.9982134
1,1,0.9990803
0,1,0.91382456
1,1,0.9982134
1,1,0.997479
1,1,0.9982134
1,1,0.9982134
0,0,0.006890692
0,0,0.006890692
0,0,0.006890692
1,1,0.9982134
0,0,0.006890692
1,1,0.9244232
1,1,0.99806064
0,0,0.006890692
1,1,0.9982134
0,0,0.006890692
0,0,0.006890692
1,1,0.9894443
1,1,0.9982134
0,0,0.006890692
1,1,0.99806064
1,1,0.99806064
0,0,0.006890692
1,1,0.9982134
0,0,0.006890692
0,0,0.006890692
1,1,0.9982134
1,1,0.9982134
0,0,0.006890692
0,0,0.006890692
0,0,0.010087301
1,1,0.9979468
1,1,0.99806064
1,1,0.9982134
0,0,0.49093395
1,1,0.997479
0,0,0.011356525
1,1,0.9982134
1,1,0.997479
1,1,0.99790984
1,1,0.9982134
1,1,0.8717946
1,1,0.7956409
1,1,0.99806064
1,1,0.8950549
0,0,0.021027617
0,0,0.0058409963
1,1,0.99806064
1,0,0.26410353
0,0,0.006890692
1,1,0.9982134
0,0,0.006890692
0,0,0.006890692
0,0,0.006890692
1,1,0.8841101
0,0,0.006890692
1,1,0.8649465
1,1,0.91382456
1,1,0.997479
1,1,0.9982134
0,0,0.006890692
0,0,0.006890692
0,0,0.006890692
0,0,0.006890692
0,0,0.006890692
1,1,0.9982134
0,0,0.49093395
1,1,0.997479
1,1,0.997479
0,0,0.006890692
0,0,0.015860708
0,0,0.006890692
1,1,0.9982134
1,1,0.920771
0,0,0.006890692
0,0,0.006890692
1,1,0.9823329
1,1,0.91382456
0,0,0.021027617
1,1,0.8000313
1,1,0.95839083
0,0,0.0058409963
1,1,0.9979627
1,1,0.997479
1,1,0.9982134
1,1,0.99819404
1,1,0.9980786
1,1,0.9982134
0,0,0.010087301
0,0,0.006890692
0,0,0.010481783
0,0,0.006890692
0,0,0.006890692
0,0,0.006890692
1,1,0.9982134
1,1,0.9987238
1,1,0.9982134
1,1,0.961898
0,0,0.006890692
1,1,0.99806064
0,1,0.788546
0,0,0.006890692
0,0,0.006890692
0,0,0.11519094
0,0,0.15520509
1,1,0.96406
0,0,0.006890692
0,0,0.006890692
0,0,0.006890692
0,0,0.006890692
0,0,0.006890692
0,0,0.006890692
1,1,0.9982134
0,0,0.09258461
1,1,0.9925183
1,0,0.2176866
0,0,0.052704915
0,0,0.006890692
0,0,0.006890692
0,0,0.006890692
0,0,0.021027617
1,1,0.9988834
1,1,0.9982134
0,0,0.006890692
1,1,0.99819404
1,1,0.99899155
0,0,0.0058409963
1,1,0.98144275
1,1,0.9982134
0,0,0.0071341437
0,0,0.006890692
1,1,0.99806064
0,0,0.006890692
0,1,0.6797061
0,0,0.006890692
1,1,0.99140996
0,0,0.006890692
0,0,0.2176866
1,1,0.99806064
1,1,0.997479
0,0,0.21996638
1,1,0.98144275
0,0,0.006890692
1,1,0.99806064
0,0,0.006890692
1,1,0.99124616
0,0,0.006890692
0,0,0.006890692
0,0,0.006890692
0,0,0.021027617
0,0,0.006890692
0,0,0.006890692
0,0,0.006890692
1,1,0.70070755
1,1,0.9982134
0,0,0.006890692
1,1,0.997479
1,1,0.98144275
1,1,0.99806064
0,0,0.006890692
0,0,0.006890692
0,0,0.006890692
1,1,0.98144275
1,1,0.920771
1,1,0.98144275
0,0,0.006890692
1,1,0.99852425
0,0,0.006890692
1,1,0.9982134
1,1,0.99819404
0,1,0.920771
1,1,0.98144275
1,1,0.99806064
1,1,0.9990803
0,0,0.006890692
0,0,0.021027617
1,1,0.83898365
1,1,0.997479
1,1,0.7956409
0,0,0.006890692
1,1,0.9982134
1,1,0.98144275
1,1,0.920771
0,0,0.006890692
0,0,0.006890692
0,0,0.006890692
1,1,0.997479
0,0,0.006890692
0,0,0.006890692
1,1,0.99806064
1,1,0.99806064
0,0,0.006890692
0,0,0.17164236
1,1,0.9982134
1,1,0.9010547
1,1,0.9982134
0,0,0.051527057
0,0,0.0049094036
0,1,0.7956409
0,0,0.006890692
0,0,0.006890692
0,0,0.006890692
1,1,0.8251753
0,0,0.006890692
1,1,0.9982134
1,1,0.9507653
1,1,0.99745196
0,0,0.006890692
0,0,0.006890692
0,0,0.006890692
0,0,0.4327504
1,1,0.8966837
0,0,0.006890692
0,0,0.006890692
1,1,0.9979627
1,1,0.98882
0,0,0.006890692
0,0,0.006890692
1,1,0.96406
0,0,0.006890692
0,0,0.04429203
1,1,0.997479
1,1,0.997479
0,0,0.0083953105
1,1,0.9982134
0,0,0.008204624
1,1,0.99750984
1,1,0.9723585
0,0,0.0068172654
1,1,0.9982134
0,0,0.006890692
0,0,0.006890692
0,0,0.006890692
1,1,0.9982134
1,1,0.9982134
0,0,0.006890692
0,0,0.006890692
1,1,0.920771
0,0,0.006890692
1,1,0.96406
1,1,0.9834171
1,1,0.9982134
1,1,0.9982134
1,1,0.8251753
1,1,0.99806064
0,0,0.38322988
1,1,0.68639255
1,1,0.95605224
1,1,0.98144275
0,0,0.006890692
1,1,0.79474485
1,1,0.96406
1,1,0.9982134
1,1,0.98144275
1,1,0.9980786
0,0,0.006890692
1,1,0.9188319
1,1,0.9982134
1,1,0.997479
0,0,0.006890692
1,1,0.96406
1,1,0.9982134
1,1,0.9100352
1,1,0.9739941
0,0,0.006890692
1,1,0.99806064
0,0,0.006890692
1,1,0.99806064
0,0,0.006890692
1,1,0.999215
0,0,0.006890692
1,1,0.997479
0,0,0.006890692
1,1,0.9982134
1,1,0.997479
