y_true,y_pred,y_proba_pathogenic
0,0,0.0005908691225069789
0,0,0.0007403946839571138
0,0,0.0013839139591746306
1,1,0.9704695490562075
1,1,0.997571156228771
0,0,0.00011205862310267757
1,1,0.9901035558575324
0,1,0.563395457570018
0,0,0.001974319519260327
1,1,0.9918737382277105
1,1,0.9898193526877037
1,1,0.9886822833949884
0,0,0.016229535139688934
0,0,0.0011959384421935592
0,0,0.002008418065059435
1,1,0.98460700811305
1,1,0.9999902799996465
0,0,6.965842783700652e-05
1,1,0.9999079861390356
1,1,0.9506081982851574
1,1,0.9986155837578053
1,1,0.9999761148008747
1,1,0.9998942135092719
1,1,0.9999153669595452
1,1,0.9818131955511095
0,0,0.0036863659603512356
1,1,0.9998025426211231
1,1,0.9996766949061375
1,1,0.9999726759250256
1,1,0.9966354498506308
1,1,0.9023145143617851
0,0,0.010224324561839093
0,0,0.005911245824776634
1,1,0.8969034244499833
0,0,0.0007793081471538032
0,0,0.009402006390985273
1,1,0.9997296750831678
0,0,0.004209646771634217
1,1,0.9999963587930728
1,1,0.9999640957812375
1,1,0.9998102378393121
1,1,0.9999913309997607
0,0,0.005669066260825732
0,0,0.001073722743051201
0,1,0.6758001514535916
0,0,8.7408210245339e-05
1,1,0.9999778808623339
0,1,0.8806362461064958
1,1,0.9998684238260664
0,0,0.001696753392439963
0,0,0.001518439733100081
0,0,0.0008360651544191553
1,1,0.9997967241603107
0,0,0.0015006049258841471
0,0,0.001080727527683848
0,0,0.00010677750617177357
0,0,0.015087643344315994
0,0,0.0021242041278231876
0,0,0.002014892901878931
1,1,0.9999965135145763
0,0,0.0013503002719077682
0,0,0.002441397264810846
1,1,0.9999824500684754
0,0,0.0002833645866847332
0,0,0.002896960777031852
0,0,0.017327156312400838
0,0,0.0006396468617145126
0,0,0.00032754883788270754
1,1,0.9936953333315973
1,1,0.9988267420398113
0,0,0.0011112738475971755
0,0,0.032984293070363345
1,1,0.9148184257543829
1,1,0.9747914753070636
1,1,0.9997711835541029
0,0,0.0012210536570736767
0,0,0.013392038348770091
0,0,0.000407197515263066
0,0,0.0009931940431877374
0,0,0.0013023896616875571
1,1,0.9994059462544715
1,1,0.9986484729659627
1,1,0.9997922116405737
0,0,6.85284131210571e-05
0,0,0.0369660074484973
1,1,0.9798292053334855
1,1,0.9999562684738698
1,1,0.9990817461976451
0,0,0.0022906464005071885
1,1,0.999944682259841
0,0,0.0015297896470414347
0,0,0.013178531700476595
0,0,0.00038346501029861156
1,1,0.9889340255899741
0,0,0.0001329931540508414
1,1,0.9999264811100352
0,0,0.003388934048527737
1,1,0.9987017968544684
0,0,0.0030301978944825003
0,1,0.9396980250076059
1,1,0.9471319774504662
1,1,0.9976706396146424
0,0,0.021213864551580728
1,1,0.8878773329175551
1,1,0.9998730279790512
0,0,0.010378742359145102
1,1,0.9682525552200786
0,0,0.15929103639511355
0,0,0.0011374443543713637
1,1,0.8249847866066811
0,0,0.001111727113927474
0,0,0.0015058771863356959
0,0,0.013087345967490978
0,0,0.000780920987087696
0,0,0.016928524836159687
1,1,0.9967277983291922
0,0,0.005688717638609823
1,1,0.9733004522868588
1,1,0.9998442361312285
1,1,0.9990048937517322
1,1,0.9407827498052402
0,0,0.005495196513797926
0,0,6.71480671077975e-05
1,1,0.9996286829226723
1,1,0.8942429749029147
0,0,0.0046341693648543555
0,0,0.00020357590839873834
0,0,0.00042250619865791516
0,0,0.0038657186117067974
0,0,0.0052542177783448
1,1,0.9918295712095615
1,1,0.9992168246676778
0,0,0.0012668016952956398
1,1,0.9998859215793169
0,0,0.001962961837581769
0,0,0.00048080298490743855
1,1,0.9377948708397691
0,0,0.0008788986882817835
1,1,0.9998047663829863
0,0,8.385055298277739e-05
0,0,0.012103239934930121
0,0,0.003723786598996403
1,1,0.9620191851369082
1,1,0.9999024538515594
1,1,0.9987594449463584
1,1,0.9997551019800511
0,0,0.16578098291759014
1,1,0.9991387961957323
1,1,0.9993943377853205
1,1,0.9999154445194988
1,1,0.9999951859918248
0,0,0.0007734042958941834
1,1,0.9597444643318073
1,1,0.9997873317554699
0,0,0.0014423633481082893
0,0,5.833128135277489e-05
0,0,0.0007935150532853006
0,0,0.0023119569172961817
0,0,0.001607662791694047
1,1,0.9992719463422077
1,1,0.9999418813068786
1,1,0.9632789782821383
0,0,0.000888383049106374
1,1,0.9811335353742299
1,1,0.9778233495236743
1,1,0.6830236166051425
0,0,0.005345342807866502
0,0,0.0015554094684538916
1,1,0.9987019934782353
1,1,0.7903824618269608
1,1,0.9165039093067594
1,1,0.9136153155676932
0,0,0.0009800117632198823
1,1,0.9998932577706537
1,1,0.9995522165268574
0,0,0.010814240304423095
0,0,7.951943610485467e-05
0,0,0.0013752870170801736
0,0,0.016075247053843385
0,0,0.053245557149899286
1,1,0.9964947410466314
1,1,0.993646506417261
0,0,0.0028448236501461884
0,0,0.00013339492721352704
1,0,0.06717643717455198
0,0,0.006665518362509383
1,1,0.9997345337785322
0,0,0.0028017788135860267
0,0,0.005342168742652452
1,1,0.8971851501198898
0,0,0.006586211531518328
0,0,0.013776542639022926
0,0,0.0003713047134911681
0,0,0.007326998080953482
0,0,0.0012101229675893883
0,0,0.03092739736906591
0,0,0.0014889531875365942
1,1,0.9997854073411904
0,1,0.9988791448852318
1,1,0.9999696837367873
0,0,0.14628985251368534
0,0,0.07316558956636923
1,1,0.963921681033583
1,1,0.9998682196784981
1,1,0.9905122378009722
1,1,0.9993465150302066
1,1,0.999898317428929
0,0,0.027906262141336003
1,1,0.9999031837919957
1,1,0.9956410276964247
0,0,0.00010352327271864486
1,1,0.9999272107955852
1,1,0.9999723967010787
0,0,0.001754356353665914
1,1,0.9610483621528105
0,0,0.0014315826513720848
0,0,0.004577729428961184
1,1,0.9998230193383272
1,1,0.9998114233174338
1,1,0.9952494428905859
0,1,0.529316895196991
1,1,0.999860730577288
0,0,0.001950222668579013
1,1,0.9945887369213842
1,1,0.9992515039783393
0,0,0.0029900619650468593
0,0,0.0007349679486033324
1,1,0.6796658872842283
1,1,0.999988329855651
1,1,0.9999840971484443
1,1,0.9102990391702854
0,0,0.0017433184142040183
0,0,0.001688617623710478
0,0,0.0014982121686438594
1,1,0.999977202902436
1,1,0.9990826776100542
0,0,0.00017744833265489763
0,0,0.012504759533278802
0,0,0.0017447023757684436
0,0,0.47071278475319633
1,1,0.9844084672820467
0,0,0.0030649311612120323
1,1,0.9844469104295932
1,1,0.9998163983601964
1,1,0.9999911267513668
0,0,0.005077676105182057
0,0,0.001082798227332747
0,0,0.00762133823860666
1,1,0.9999186398925317
1,0,0.11631942238832589
0,0,0.0022468300836893176
0,0,0.0011912114788157969
1,1,0.999830322274824
1,1,0.9993291320371731
0,0,0.002414961191144423
0,1,0.8512753218755188
1,1,0.9999889578303758
1,1,0.9999416560021526
1,1,0.9996979130960765
1,1,0.9996493392186174
0,0,0.0010983235947176614
1,1,0.9925952766038809
0,0,0.017637192832615528
1,1,0.9951091670236795
1,0,0.15363572367813186
0,0,0.10231785486911024
1,1,0.996394975709431
0,0,0.000462341591401262
1,1,0.8035108430354364
1,1,0.9900702595709613
1,1,0.9964164709571184
0,0,0.030699542040931962
0,0,0.001325627625572204
1,1,0.9999044807872892
0,0,6.802987869379918e-05
0,0,0.0026658934233004727
1,1,0.994145811646257
0,0,0.40830008641373255
1,1,0.9980060473930445
0,1,0.749691594649305
1,1,0.99600623029982
1,1,0.9674672342112288
0,0,0.002547936629802796
1,1,0.9999792302998116
0,0,0.016478001783618048
0,0,0.0015219774814132845
1,1,0.9999285009551199
0,0,0.00010966546577199674
1,1,0.9998976863543613
0,0,0.0004929772017264886
1,1,0.9703281061244023
1,1,0.994784449560285
1,1,0.5716753823085317
1,1,0.9990826780053714
0,0,0.0005447604523390633
1,1,0.9915253149766216
1,1,0.9780904979517187
1,1,0.9999841206576964
1,1,0.9999478466672437
1,1,0.9041123980847471
0,0,0.0007282667883752648
1,1,0.9998882887873908
1,1,0.9999850108489805
0,0,0.07321551794296649
0,0,0.002553137330288623
1,1,0.9575468210051139
1,1,0.9999192439327729
0,0,0.00014474522954036572
1,1,0.9999927051401317
0,0,0.005495272987926836
0,0,0.034118092061597806
0,0,0.004161017189180921
1,1,0.9999388615638507
1,1,0.9997783826930404
1,1,0.9999877557727284
1,1,0.9999285650676192
0,0,0.00044182326065044756
0,0,0.0013730978860915601
1,1,0.9998235900314826
0,0,0.05655074585510155
0,0,0.02198415699634829
0,0,0.006932389684409571
0,0,0.0029403693166574845
1,1,0.9995121577262424
0,0,0.0014081012569236318
0,0,0.00011924639255416743
0,0,0.0017595711627709496
1,1,0.7229010244898212
1,1,0.9916549572140674
0,0,0.0346887016898823
0,0,0.0019369830373665775
1,1,0.9998223608435197
0,0,0.0017759081602209798
0,0,0.001308579652237518
0,0,0.011223768683781117
0,0,0.0010177948163760456
0,0,0.0017400007455428477
1,1,0.9986444366318575
1,1,0.9999786516944791
1,1,0.9485188408881254
0,0,0.005343222121476919
1,1,0.9994774217899497
1,1,0.9565413194699774
1,1,0.9946924294330851
0,0,0.0003035512937106665
1,1,0.9999500793813713
0,0,0.00023172985649839252
1,1,0.8863371365044123
1,1,0.8646403264564
1,1,0.9609312773816253
1,1,0.9998966488219839
1,1,0.9899808441044905
0,0,0.002126180528668673
0,0,0.023467638257853897
1,1,0.9999302441220174
1,1,0.9995945262661599
0,0,0.0013440852270644968
0,0,6.0710350679223676e-05
0,0,0.003304455999623886
1,1,0.9958089778001553
1,1,0.7581015412135896
1,1,0.9998931600863739
1,0,0.01028322893078742
0,0,0.005681890103406557
0,0,0.00019231434071654974
1,1,0.9093754121915053
1,1,0.9998923012509222
1,1,0.9999784847294151
0,0,0.05905781132316948
0,0,9.487372617583015e-05
1,1,0.878945970080665
0,0,9.487606293897226e-05
0,0,0.019163201626226874
1,1,0.9934898777711544
0,0,0.0020465813075962553
0,0,0.00010911801922951866
0,0,0.05418242723477867
0,0,0.08251283216997138
0,0,7.642048711762777e-05
1,1,0.9982264810788478
1,1,0.9997514316554732
0,0,0.001494645971150484
1,1,0.9762977713585103
1,1,0.9998457542394847
1,1,0.9999810687691765
0,0,0.0017361731111058775
0,0,0.002183073573177304
1,1,0.9908641459887093
0,0,0.0013526450877378547
1,1,0.9999200772354826
0,0,0.004367489683579074
1,1,0.999815417108262
1,1,0.9999849383430577
0,0,0.0016582582285468797
1,1,0.9999948064331206
0,0,0.003003384710186543
0,0,0.002140461386613146
0,0,0.0012507021605495116
0,0,0.0012912916390751428
1,1,0.9999769347243318
1,1,0.9960938517874799
0,0,3.8065698569334515e-05
1,1,0.9541476968650368
0,0,0.026187981386706093
1,0,0.034276274477623304
0,0,2.2666271301773798e-05
1,1,0.9881903119430787
0,0,0.0002681195221519541
0,0,0.007427260770958174
1,1,0.999837536452628
0,0,0.0012438688813230703
1,1,0.9999713131261561
0,0,0.0025582086035204443
0,0,0.002881750142757639
0,0,0.0004765579805669286
1,1,0.9997326305906701
1,1,0.9899588218014298
1,1,0.9999535008695231
0,0,0.00011778230541869223
1,1,0.7567175807806047
0,0,0.010464203160275496
0,1,0.9695539490125327
0,0,0.002643064854799908
0,0,0.0006939229180424473
1,1,0.9907378482671321
1,1,0.9999921963678234
1,1,0.9999485598902085
1,1,0.5951436376767887
0,0,0.0020179770360252095
0,0,0.009523441517993324
0,0,0.0054163846884185685
1,1,0.9998472172238767
1,1,0.9999984586244262
1,1,0.9302757021225776
1,1,0.9941782079105962
1,1,0.9964987241395477
1,1,0.9999141284081762
0,0,6.867971039375058e-05
1,1,0.9911238628376999
0,0,0.0018559248302645489
0,0,0.040129728514149816
0,0,0.0004478133773817335
1,1,0.9777332392910589
1,1,0.9999610735896814
0,0,0.0020748863796078644
1,1,0.9961986940522719
0,0,0.0038444254365778935
0,0,0.0009132208846047712
1,1,0.9998847020884217
0,0,0.001492791704877447
0,0,0.00048079480954099185
1,1,0.9999377364809823
1,1,0.9999896346908574
0,0,0.015791320753887183
1,1,0.9979689308366594
1,1,0.9949992830559504
0,0,0.0394623935681846
1,1,0.9996906007470134
1,1,0.9999728895326934
1,1,0.9988965555299048
0,0,0.1180831302872579
1,1,0.988320500776933
1,0,0.03856294665876724
0,0,0.012000265015019511
1,1,0.9999632841519432
0,0,0.0015022864403005044
0,0,0.0011132616062178725
0,0,0.0037684268712985386
1,1,0.9951743140893231
0,0,0.0006466149143205368
1,1,0.9999757168658336
1,1,0.9182012799495041
0,0,0.0015280396082691186
1,1,0.9996818556309177
0,0,0.0029321876684515026
0,0,0.0013903932196807779
1,1,0.9888229846394813
1,1,0.9962348475660594
1,1,0.9999380401980504
0,0,0.0010921357798205362
0,0,0.026741964397937853
0,0,0.05360868998531361
1,1,0.9999092583906515
1,1,0.9735477228704258
0,0,0.0018477821584022968
1,1,0.9955297045132199
0,0,0.0013355369770149614
0,0,0.006471694409618321
0,0,0.01731244162404844
1,1,0.9965610490025193
0,0,0.0011347843314383358
0,0,0.000913009379921054
0,0,0.0014283322723013018
1,1,0.9993403273030669
1,1,0.9999746455607491
0,0,0.18277187162359146
0,0,0.0027143345684664173
0,0,0.08728978712113203
0,0,0.0006286907372966778
0,0,0.00019579164225061937
1,1,0.9999438638965604
0,0,0.0016715189190947112
1,1,0.9606643251729914
1,1,0.698939897360998
1,1,0.9999217363925151
1,1,0.9851707736688541
0,0,0.0006812541831956611
0,0,0.0027397285458379194
1,1,0.9994980668662009
0,0,0.0019908393856389525
1,1,0.9998567437746922
1,1,0.9993610720371138
0,0,0.0040813407248418785
1,1,0.9990134712848591
0,0,0.0004384223335726907
1,1,0.9987594433502339
1,1,0.9999282671035737
1,1,0.999823158304671
1,1,0.9998688357711482
1,1,0.9998931449529388
1,1,0.9998315677069374
0,0,0.003566707686959673
1,1,0.979994375981786
1,1,0.9996331673589377
1,1,0.9684595555026212
0,0,0.0005034241654200295
1,1,0.9999960323838111
1,1,0.9998505085567825
0,0,6.450389225504306e-05
1,1,0.9999856764706944
1,1,0.9832861591421713
1,1,0.6470791714626066
1,1,0.8790438012441375
0,0,0.009273714350243236
1,1,0.9498309513759418
0,0,0.0014922081352875978
0,0,0.0009304956900573863
0,0,0.0019231200542856354
1,1,0.999384687839201
0,0,0.005725904097237139
0,0,0.07544958024293599
1,1,0.9993262070941025
0,0,0.0013375958020564935
0,0,5.9388560825121824e-05
1,1,0.9702733376408244
0,0,0.00014215645982264627
1,1,0.9798751622035828
1,1,0.9997711835107453
1,1,0.9148291029424149
0,0,0.0034084283612703086
0,0,0.000590840487679537
1,1,0.8387642823803158
0,0,0.015582432869472248
0,0,0.003199370391032738
1,1,0.9998261878064637
1,1,0.9864369930622963
1,1,0.999986761032937
0,0,0.0013125589520709665
1,1,0.9843520869373544
1,1,0.9917249677047177
0,0,0.001240760364271976
1,1,0.9990883453469952
1,1,0.999757027961072
1,1,0.9682977139175655
0,0,0.010502457700794464
1,1,0.9999040822968688
1,1,0.9999913311293313
0,0,0.0011595493441201958
0,0,0.30830968850538143
0,0,0.0031970423637287704
1,1,0.9996630792090709
1,1,0.9613729730635767
1,1,0.9977017985302258
1,1,0.9110523781661883
0,0,0.005818609580265236
1,1,0.9967734759688838
1,1,0.9076654692634599
1,1,0.999979541545212
0,0,0.0015484025970536862
1,1,0.9995505381389588
1,1,0.9813789296086965
1,1,0.9999711358154307
0,0,0.0009934469513520037
0,0,0.012656538878571448
0,0,0.0006014774974911317
1,1,0.9791093988659465
1,1,0.9858549630415958
0,0,0.028231456536738357
1,1,0.9997478502397618
0,0,0.0037605740824083926
0,0,0.0028164762964134663
1,1,0.9998217962611995
1,1,0.9999357720441235
1,1,0.9394182535470254
1,1,0.9998820179651938
1,1,0.9999949300924431
0,0,0.00030367584676767453
1,1,0.9999761935784376
1,1,0.9984030822427546
0,0,0.00137103033610766
1,1,0.9998893674745243
0,1,0.680786506254503
1,1,0.9712131962941334
1,1,0.9995374526541178
1,1,0.9991587153768696
0,0,0.06873541860900823
1,1,0.9961786382321048
0,0,0.00046086333279259464
1,1,0.9964276946877368
1,1,0.9999915195549592
1,1,0.9999879499958956
1,1,0.9998455237771413
1,1,0.8757568420428476
0,0,0.012808238555289213
0,0,0.001064913366316324
1,1,0.9999471864659024
1,1,0.9997014977776164
1,1,0.999903717050094
0,0,0.0024866729464155858
0,0,0.001449008618530839
1,1,0.9999613550800044
1,1,0.9979284874456081
1,1,0.998677531087568
1,1,0.7857069680343782
0,0,0.004399171479415227
0,0,0.011837236231370592
1,1,0.9993269502859033
1,1,0.9999360649066744
0,0,0.00012047956954356118
0,0,8.423735510873257e-05
1,1,0.9989500665108697
1,1,0.8039548487511828
0,0,0.0004007533461412279
0,0,0.0005254913085970517
1,1,0.9999778777193725
1,1,0.9999758828828329
1,1,0.9991834249922462
1,1,0.9785252639676134
1,1,0.9859177245254478
1,1,0.9999957597917009
0,0,0.0007202355892820661
1,1,0.9997076953464009
1,1,0.9993716575418825
0,0,0.0019074200123020042
1,1,0.8860685979511275
1,1,0.999157875095591
1,0,0.0020404965709692026
1,1,0.9999332067515813
1,1,0.9998744924108582
0,0,0.0010772293724409408
0,0,0.00042722193237617435
1,1,0.9859152348748624
1,1,0.9996550346400348
1,1,0.9998821053051258
0,0,0.0013277251839045317
1,1,0.9988468581112961
1,1,0.9999645549135135
0,0,0.00016043004903587728
0,0,0.09015990991021436
1,0,0.22214480277306894
0,0,0.00014447570914671612
0,0,0.0008176429195154404
1,1,0.994096380179052
1,1,0.9998830192536741
0,0,0.010224578643965684
1,1,0.9999774838976654
1,1,0.9998893714897615
1,1,0.999774350124919
1,1,0.9999135768163037
0,0,0.22620949205236204
0,0,0.1800895645631301
1,1,0.9993780002494983
0,0,0.001834544129387868
1,1,0.9997889224767141
1,1,0.9995594774284157
0,0,0.007252198442268179
0,0,0.0010320099390957688
0,0,0.001329954903164485
0,0,0.0015358737843687983
1,1,0.9997546400745968
0,0,0.0020410323242506297
1,1,0.9999944209979988
0,0,0.0004760367338174522
1,1,0.9952749949885701
1,1,0.9618924275238112
0,0,0.025800154229213786
1,1,0.7694138022132483
1,1,0.9910869789490061
1,1,0.7897409307421834
0,0,0.0016346457012707861
1,1,0.5074494689956718
0,0,0.03323686637329133
1,1,0.9957531073547788
0,0,0.0023923473838997314
1,1,0.9995850768283554
0,0,0.0005535786718375223
0,0,0.012729769500356241
1,1,0.9914663439374778
0,0,0.0011067564866802783
0,0,0.00023380117169309188
1,1,0.999730530368348
1,1,0.998905582947642
1,1,0.9761305091972129
1,1,0.9999242775575546
1,1,0.9985158013325574
0,0,0.0005001808813926532
1,1,0.9666593784545544
0,0,0.1633103380847156
0,0,0.02752514861882698
1,1,0.9997743827921908
0,0,0.0031203004609680024
1,1,0.945157965502823
1,1,0.9933041346053744
0,0,0.00015097960833330743
0,0,0.02543885711415086
1,1,0.9999744071025265
1,1,0.9873971941869366
1,0,0.0137491073966307
0,0,0.000613947396249633
0,0,0.004200571599941507
0,0,0.005993413840744378
1,1,0.9935242590388859
0,0,0.0004745060022324709
0,0,7.559359389582953e-05
0,0,0.0006808648051890339
0,0,0.0018690148804168711
0,0,0.0003537993235862351
1,1,0.9997040824394454
1,1,0.9999040844514682
1,1,0.9998025464210911
1,1,0.9414388572457059
1,1,0.999727209395728
0,0,8.734590366302806e-05
0,0,0.015139659188587493
1,1,0.9999079751296115
0,0,0.0016102522230393523
0,0,0.00042645049994134764
1,1,0.9999006138523097
1,1,0.9980451039216004
0,0,0.0014199517902836706
1,1,0.8747095022040698
1,1,0.8426981531074733
1,1,0.9999052461435007
1,1,0.9628422635237013
1,1,0.9963435341840353
0,0,0.0004720663837718083
0,0,0.0014459966639631143
1,1,0.9995179714582524
0,0,0.0006459519946679395
1,1,0.7041057811787922
1,1,0.9992010047377354
0,0,0.004040137893924969
0,0,0.029829488566607238
1,1,0.9999399995473488
0,0,9.830207749162585e-05
1,1,0.9999927046762533
1,1,0.9993066956914102
1,1,0.9898637127046158
1,1,0.9827252301692687
0,0,0.00012837049900915276
1,1,0.997959424844845
1,1,0.9445557902096563
0,0,0.0022403940909290917
1,1,0.9994717558232498
0,0,0.001858091780892745
1,1,0.9998854917910358
1,1,0.9999368518293721
0,0,0.0012269963630029597
0,0,0.003890668790305624
1,1,0.8762096285134895
1,1,0.9999981102916738
1,1,0.9999191401781922
0,0,0.00015015411734346323
0,0,0.01277620787690576
0,0,0.0015855679813060553
0,0,0.004173413726551384
1,1,0.9999396606061681
1,1,0.9999147758496566
0,0,0.000514850499137086
0,0,0.0009727436436740471
0,0,0.0036923959992587775
1,1,0.9468594863153283
1,1,0.999983075374149
0,0,0.0010900394861544855
1,1,0.9999427453501951
0,0,0.0005527403430431988
1,1,0.9999717479956723
0,0,0.007329863862942684
0,0,0.0011057928353549414
0,0,0.0012555226370313522
0,0,0.0023364435816762346
0,0,0.0019208891899685642
0,0,0.0002471243105639122
0,0,0.0013920420827650175
0,0,0.0013159272533956907
0,0,0.0010218454945364068
1,1,0.9930793855476576
1,1,0.9998787461602988
1,1,0.9999983068258385
0,0,0.0014747019101090065
0,0,0.001674970788306572
0,0,0.014001320738371556
1,1,0.9997866954586164
0,0,0.00040719325194605427
0,0,0.010771316360460824
1,1,0.9972828049772813
1,1,0.9997697916753764
0,0,0.0013267676102483447
1,1,0.9018421805358479
1,1,0.9711432446422524
0,0,0.0013197962068794166
0,0,0.0030028418511584857
1,1,0.9212012376559233
1,1,0.9297828226335723
0,0,0.001850535826538897
0,0,0.007633140202690392
0,0,0.00155518442091516
1,1,0.9418248070394653
1,1,0.5067971071050161
1,1,0.9957608922942918
1,1,0.9998467659672039
1,1,0.9999980784852948
0,0,0.0010765553067563465
1,1,0.8555702129633153
0,0,0.30633916971233444
1,1,0.9969237586821631
1,1,0.9998235629523808
0,0,0.0060480368983367745
0,1,0.8679295856195137
0,0,0.0008857032355025879
0,0,0.0023151583910376817
1,1,0.9996662605205358
1,1,0.9537922189972722
1,1,0.9995407246288014
1,1,0.9999891164748742
1,1,0.9989535916263851
1,1,0.8892410842681092
0,0,0.012035387097162871
1,1,0.9999974643336557
0,0,0.00142502444827794
0,0,0.0018568521087146052
1,1,0.9995261344787971
1,1,0.9295685972867236
0,0,0.006319075408128343
1,1,0.9967231387442886
1,1,0.9990457552220033
0,0,0.005404715273729319
0,0,0.030893472648129958
0,0,0.002129386125849797
0,0,0.006142121214608882
0,0,3.8065924147927314e-05
0,0,0.001088342517633193
0,0,0.001439332137578113
0,0,0.002411731146994565
0,0,0.010454059320240513
1,1,0.9997447811557769
1,1,0.9994702828093062
1,1,0.9959809717605728
1,1,0.9974240103000539
1,1,0.9573861268601089
1,1,0.9998686512885472
0,0,0.0005043741341212458
0,0,0.008788773911976171
0,0,0.0005207391175081098
0,0,0.0006772915757730508
0,0,0.0010884607642946055
0,0,0.0012927676224442277
0,0,0.0022467456995131124
1,1,0.9559137804477587
0,0,0.0022959622549337073
0,0,8.11110699276972e-05
0,0,0.0016847130586546382
1,1,0.97857832364679
1,1,0.9991475668906542
0,0,0.03012705070282766
1,0,0.4532845608873093
0,0,0.001330820092436811
1,1,0.9997818106724483
0,0,0.001461769100969025
0,0,0.004084993029166746
1,1,0.984882349358639
1,1,0.9995718129287778
0,0,0.0002507611634691713
1,0,0.06719416607457764
0,0,0.03790416460738925
1,1,0.9998394466960385
1,1,0.9610112726581614
0,0,0.003733708375957772
0,0,0.0008350734872229413
1,1,0.9966293932086404
0,0,0.020046090678499932
1,1,0.9999679141539307
1,1,0.9999051975322177
1,1,0.9996797499828682
1,1,0.9998790094050423
0,0,0.0022635714186133617
0,0,0.0012127276081751427
1,1,0.999978484890319
1,1,0.9992828693794227
0,0,0.0010523963851668207
1,1,0.9962206123610691
1,1,0.9992836247767963
1,1,0.9990854196298019
1,1,0.9940435566568848
0,1,0.7084063918857111
1,1,0.9999066573958213
1,1,0.9999743519328796
0,0,0.0006212361983777064
1,1,0.9744633518551097
0,0,0.011557506602170968
1,1,0.9607800407745323
1,1,0.9969323936113601
0,1,0.7374087405278499
0,0,0.0024301155727444214
1,1,0.9967954962454435
1,1,0.9999964888193847
1,1,0.9999922457446669
0,0,0.0007296942635258385
0,1,0.7683677697538617
1,1,0.9996155136746199
0,0,0.0005102687302866171
0,0,0.0005032858597732363
1,1,0.9901022993463036
1,1,0.9817582757151155
0,0,0.0009742977041871432
1,1,0.9999460197023092
1,1,0.9932876329973839
0,0,0.07650197794147148
0,0,0.02054551160023968
1,1,0.9999546435581683
1,1,0.9996850233728104
0,0,0.0020341776974362445
0,0,0.06791218035545724
0,0,0.28066993448419875
1,1,0.9760438191987448
1,1,0.9996630806339796
1,1,0.9999927055381911
0,0,0.08694353077311405
0,0,4.761383505786848e-05
1,1,0.9651454707771087
1,1,0.9992193590050744
1,1,0.9963949723810999
1,1,0.9999672863764224
1,1,0.9789001481403239
0,0,0.0013928343785003983
1,1,0.9996439913644911
0,0,8.855911948927571e-05
1,1,0.99962472823243
1,1,0.999923227299052
1,1,0.9987595188272775
1,1,0.9999579151741594
1,1,0.8127615211042312
1,1,0.9999202422911604
1,1,0.9994251158282188
1,1,0.9998856691112951
0,0,0.0014889573267953446
0,0,0.001489384524369116
1,1,0.9996439562865721
1,1,0.9997691298856293
1,1,0.9940543828592028
1,1,0.9999304576990115
1,1,0.9859447151840067
0,0,0.0004883136074898221
0,0,0.002856951922547932
0,0,0.00023272950813821292
1,1,0.9989166059347262
0,0,0.1576396254956892
0,0,0.0001177970195294336
1,1,0.9998378468328338
0,0,0.0025755581229270465
1,1,0.7105174358952171
0,0,0.005799225404739564
1,1,0.9992554058682911
1,1,0.9999355713130985
0,0,0.0016527041864874538
0,0,0.0033783116606871766
0,0,9.83021768479243e-05
0,0,0.00010777624870807453
1,1,0.998701979259144
1,1,0.9999684424308772
1,1,0.9992773289001448
1,1,0.999949535776679
0,0,0.001205033181059379
1,1,0.9943157507053452
1,1,0.9997468705761654
0,0,0.0012886565245440055
1,1,0.9998647366492296
0,0,0.003123266640177295
1,1,0.9506959967312251
0,0,0.0002563960382304829
0,0,0.0013701386219197667
0,0,0.0017047252043469463
0,0,0.0012402208986109996
0,0,6.852749292299767e-05
0,0,0.0036261307462843707
0,0,0.00025863401152790996
0,0,0.003579768631039262
0,0,0.0007659053858328393
1,1,0.9567656014787216
0,0,0.001104320648318121
0,0,0.10145214085297181
0,0,0.0010576891709315678
0,0,4.069765734936568e-05
0,0,0.002000585503623018
1,1,0.8191773466488962
1,1,0.9997321777494241
1,1,0.7693742709151922
0,0,0.0010641066835551422
1,1,0.986645676613711
0,0,0.0007324136552395467
1,1,0.9685662430488082
0,0,0.000657814045196207
1,1,0.9999974225241919
0,0,0.04186382099829168
1,1,0.9866456915971178
0,0,2.8933218670943195e-05
0,0,0.0015506990488569135
1,1,0.9999635812679348
0,0,0.001519476263270557
0,0,0.00048660362829365983
0,0,0.1273838934890657
1,1,0.9996786642571237
0,0,0.0015184421618310432
0,0,0.0023410521982646167
1,1,0.9958996024715411
1,1,0.8302807443027796
1,1,0.9992727350470441
1,1,0.9948040157789161
1,1,0.9991075791858424
1,1,0.9966968391526152
0,0,0.02478241570998443
0,0,0.0006063935998082046
1,1,0.9994318757003253
0,0,0.12472861045340775
0,0,0.0035664757310094938
1,0,0.4821948789046235
1,1,0.9821028745973244
0,0,0.00020626559703943026
1,1,0.999997830673933
0,0,4.284493175406713e-05
1,1,0.9981121028224782
0,0,0.0008659229281459913
0,0,0.1975563770246189
1,1,0.9999028926887739
1,1,0.916243642905055
1,1,0.9992012965975544
0,0,0.007375024838391634
0,0,0.0014586722582221004
1,1,0.9999538725727244
0,0,0.0017398935011330864
0,0,0.0028632726625452613
1,1,0.9960656877652216
0,0,0.0025135422691361423
0,0,0.0018027623544182953
0,0,4.8529032592344685e-05
1,1,0.9598615189908679
1,1,0.9999949790758826
1,1,0.9998427518049202
1,1,0.9997352848902494
1,1,0.9869231337508776
0,0,0.012824825011429385
0,0,0.002113415354635461
0,0,0.0005117262354584868
1,1,0.9999380677173759
1,1,0.9812029368729182
1,1,0.9681252466936546
1,1,0.9999867621557822
1,1,0.6219150200659053
1,1,0.9999264567241508
1,1,0.9909197034541819
1,1,0.8959520997347772
1,1,0.9997366324966044
1,1,0.9951188135175543
0,0,0.006965565092834918
0,0,0.001408258855273346
1,1,0.9999502054892959
1,1,0.9998197377300876
0,0,0.017748877524448845
0,0,0.007503139886475853
1,1,0.9998716265400213
1,1,0.999919140281938
0,0,0.0006160355499043837
1,1,0.9931249600541182
0,0,0.002811833606627497
0,0,0.19652923375402423
0,0,0.0002445724883967011
0,0,0.014691938118032172
0,0,0.018268069686741297
0,0,0.001538711224245847
1,1,0.9999743008648077
0,0,0.016674788445079233
1,1,0.996795571599618
0,0,0.002778744311400601
1,1,0.7875450000576933
1,1,0.9821194412486035
0,0,0.0004798338983255649
1,1,0.9999286133457184
0,0,0.003453244084997664
1,1,0.9319166201280127
1,1,0.999958497495551
1,1,0.9999392950794618
0,0,0.002308751338035048
0,0,0.0023843901572403003
1,1,0.9999951860213497
1,1,0.9988861134880687
1,1,0.9493747302164279
1,1,0.9951582241929483
0,0,0.05172695208673147
1,1,0.8021516755535836
0,0,0.0011168379100786059
0,0,0.004637589542084933
1,1,0.9999525120669228
0,0,0.0016855585960107626
0,0,0.00042211413462764797
0,0,0.0007851203322514185
1,1,0.999947412062963
1,1,0.9997702428570203
1,1,0.999804716815431
0,0,0.043757223673591306
0,0,0.0029206659513204216
1,1,0.9606039443708801
0,0,0.005639438309428959
0,0,0.001207465676852151
0,0,0.014113228830472137
1,1,0.9994095381860166
0,0,0.0010030111055682907
1,1,0.9998782831635399
0,0,0.0006532076626927787
1,1,0.9999960894743932
0,0,0.0005370832710624353
1,1,0.9996143363338584
1,1,0.9994193731741339
1,1,0.9840215095660279
0,0,0.0026804706473435354
1,1,0.9999571584395633
0,0,0.002879344208794553
0,0,0.017347151049151036
1,1,0.9999937897516586
0,0,0.0006562551688727847
1,1,0.999729789539604
1,1,0.9639216746191579
1,1,0.9994933270455131
1,1,0.8838990260778341
0,0,0.0030033872411959466
1,1,0.9977718481493273
1,1,0.9861360810806311
0,0,0.00453266489348153
1,1,0.9994237395892723
1,1,0.9999535052237605
1,1,0.8390173276786271
0,0,0.000744587707838849
1,1,0.9295683802065031
0,0,0.004383107731956577
1,1,0.9799108505355302
0,0,0.0019109285644598117
1,1,0.9380155667708638
1,1,0.9999976054444553
1,1,0.9998809701104282
0,0,0.0017172555037887312
0,0,0.0008910421935169663
1,1,0.9999529548186049
1,1,0.9997298805066511
0,0,0.019499624312767087
0,0,0.002028327548100836
0,0,0.0009234795442766601
1,1,0.9987562932455741
1,1,0.9334199065939154
0,0,0.0025286093912468633
0,0,0.0008349582232822063
0,0,0.0008350781332435707
1,1,0.9999440245994566
1,1,0.9999399755071228
1,1,0.999311937779191
1,1,0.9985228585713198
0,0,0.00014094598976300236
0,0,0.0008892995325395635
1,1,0.9996282228838611
1,1,0.9999804756358656
1,1,0.9992918778022294
1,1,0.9996729573023558
1,1,0.9925847266930694
1,1,0.9854212357628536
1,1,0.8285302373525366
0,0,0.0013858107551233715
1,1,0.9996489907791327
1,1,0.9998844566527115
1,1,0.9994531047441132
1,1,0.9988603142436091
0,0,0.29665060470338384
0,0,0.038324303002614905
0,0,0.006602462001848852
1,1,0.9794896010011763
0,0,0.00011419130562419313
0,0,0.0017432710746962613
0,0,0.0017282985583374217
0,0,0.00461236801851785
1,1,0.995789377886501
1,1,0.9992623617457537
0,1,0.7876994585680611
0,0,0.0005543067458020655
1,1,0.9639217933110994
0,0,0.006401511350630823
0,0,0.004912596220321342
0,0,0.010130159980515831
1,1,0.9999537100708391
1,1,0.9878723558238497
1,1,0.9999945819906921
1,1,0.9897202871883635
0,0,0.0003977316571455292
1,1,0.7530529902143945
1,1,0.9974335750768883
1,1,0.6232273076989405
0,0,7.502973717934253e-05
0,0,0.0017204988238307556
0,0,0.0012817739005922606
0,0,0.00047614675331361363
0,0,0.00040719494527326726
1,1,0.9999727135786485
1,1,0.9997837402202084
1,1,0.9878770482511328
0,0,0.0013263310471451446
1,1,0.9999303657927079
1,1,0.9772036628797252
0,0,0.0016430267452666209
1,1,0.9998961070858848
1,1,0.9482789703188313
0,0,0.0015489139981151104
1,1,0.9995829731170301
1,1,0.9950836764235781
0,0,8.316347825837415e-05
0,0,0.03323694871659288
0,0,0.000753431560444765
1,1,0.9999887980379341
0,0,0.004161051564327608
0,0,0.004144947544488352
0,0,0.004435495556344262
0,0,0.0010345111588170783
1,1,0.9957732888206862
0,0,0.0005015670325804323
1,1,0.997603967981071
0,0,0.002548310981688348
1,1,0.9998403403256865
0,0,0.0016797265676769528
0,0,0.0025208358650676208
1,1,0.9522607866884714
0,1,0.9770732803553048
0,0,0.00010677928782423308
1,1,0.9998693769441191
1,1,0.948542872301639
0,0,0.00024072959744161212
0,0,6.591632506885813e-05
0,0,0.00018183695633406231
1,1,0.9998340261888873
1,1,0.9853363346130107
0,0,0.0008635393506224965
0,0,0.0010884594615495323
0,1,0.9045081435965444
0,0,0.015412026191760382
0,0,0.0006178463589935774
1,1,0.9998541419253256
1,1,0.9998283108101848
0,0,0.015608278694009456
0,0,0.00165095150302944
1,1,0.9994448496242238
0,0,0.00684049881609192
0,0,0.0005004438906492628
0,0,0.1525588127456826
1,1,0.9999771091245204
1,1,0.9981001050519804
0,0,0.0008480907109551028
1,1,0.9998104520030997
1,1,0.9811549864411547
1,1,0.9999885103916875
0,0,0.0009518218264715577
0,0,0.0009196101485141117
1,1,0.9880416484984879
1,1,0.999767883129923
0,0,0.001439722425999677
1,1,0.9999661130680296
0,0,0.0013293530741982547
1,1,0.999789133177998
1,1,0.9761141753644056
1,1,0.9710422146335155
1,0,0.2851123695186084
0,0,0.0086084863214131
1,1,0.9999519332776212
1,1,0.9981974751388561
0,0,0.001872003671628888
1,1,0.9992819182640492
0,0,0.0018457079551753076
0,0,0.0035972513976488545
1,1,0.9999372200994509
0,0,0.0016341506544801721
0,0,0.0018846162665390788
0,0,0.007996697151813115
1,1,0.9994764498926287
0,0,0.0018954502339342753
1,1,0.5928470217868302
1,1,0.9993621265398649
1,1,0.982468311588634
0,0,0.21100675813716085
1,1,0.9997482304530598
0,0,0.002824841843931763
0,0,0.010410850658226983
0,0,0.0005491524331244737
0,0,0.003764723967645977
1,1,0.92322314894833
0,0,0.007123326355617763
0,0,0.02256134833831927
1,0,0.2043534011123179
1,1,0.5903360378208229
1,1,0.9999661494262561
1,1,0.8065099794953539
1,1,0.9073243171211368
0,0,0.0006729560028911396
1,1,0.9997291563810626
1,1,0.9999507706876102
1,1,0.8980453657970219
0,0,0.008411852954010686
0,0,0.03480407060807002
0,0,0.0011624560516143997
1,1,0.9994416486083345
1,1,0.9998395131070775
0,0,0.0023630865995575897
0,0,0.001537319868173267
0,0,0.020183299601976776
0,0,0.0004359163140308253
1,1,0.993497126598401
0,0,0.03494881511994735
0,0,0.0006906016783639929
1,1,0.9999535646975956
0,0,0.0024483124757262408
0,0,0.005539782592871996
0,0,0.0016076083751212745
0,0,0.0019015035374450359
0,0,0.005099541757090772
0,0,0.0028215233924505463
1,1,0.9947625219186034
0,0,0.001048170473809091
1,1,0.999285179294921
0,0,0.015575365036104906
0,0,0.002594180372152128
1,1,0.9999312664015286
0,0,0.00010677928704892084
0,0,0.21066716692022475
1,1,0.9965644053785755
1,1,0.9999541166363508
1,1,0.9091379684432144
0,0,0.10613457180128903
1,1,0.9974333586862947
1,1,0.9978983767765314
1,1,0.9708957767446854
0,0,0.0020390482603024253
0,0,0.0013746810255342013
1,1,0.9999538138807426
1,1,0.9991293597544377
1,1,0.9732785222790923
0,0,0.20451992146120268
0,0,7.072561420677748e-05
0,0,0.0032498957872157024
1,1,0.999994989931141
1,1,0.9996376565855003
1,1,0.9999140949998138
1,1,0.999866098157022
0,0,0.001347243706061864
1,1,0.9999866165566365
1,1,0.9977186090876905
1,1,0.9968633956413945
1,1,0.9997336763607418
1,1,0.9999322489404112
1,1,0.9997783898113604
0,0,0.000865919575132354
0,0,0.011094277747031622
1,1,0.9999972043589075
0,0,0.00033518222978766936
0,0,0.002816383946681063
1,1,0.999835662382465
0,0,0.37320981347458937
1,1,0.8728509249833107
0,0,0.0016054905994916486
1,1,0.9945524044844749
1,1,0.9999547345540731
1,1,0.9999171133645824
1,1,0.999965344166129
0,0,0.00021413510975709188
0,0,0.0005476244328515439
0,0,0.0013297203564232528
0,0,0.10829285528789165
0,0,0.12811641243940622
0,0,0.006661495536410949
1,1,0.8734708564830668
0,1,0.8240502117110302
1,1,0.9950229860796675
1,1,0.9872232185246979
0,1,0.8099203414406531
0,0,0.0022833213412204183
0,0,0.0021095920589788405
0,0,0.0098019654511027
1,1,0.9999842046949795
1,1,0.9930748213678997
0,0,0.002437087221520507
1,1,0.999708868119983
0,0,0.00013301528860676785
0,0,0.0001453884393142367
0,0,0.0009643459043760044
1,1,0.9999345327147346
0,0,0.002718117550363774
0,0,0.0014429615997315543
1,1,0.9820078515479286
0,0,0.0018072907208559806
1,1,0.9998614529062715
0,0,0.0016757355026576135
1,1,0.9992655796682781
0,0,0.0027952104132328735
0,0,0.004544636232989086
1,1,0.9999906173658106
1,1,0.9944324773904937
1,1,0.9993599617758441
0,0,0.013227760614387856
1,1,0.9559662879401948
1,1,0.9954411054591704
0,0,0.001600235112552939
1,1,0.8946907171332095
1,1,0.9935342114359275
0,0,0.011757477372195105
0,0,0.0004764734503185869
0,0,0.0007584377695247939
1,1,0.9999768689267408
1,1,0.9998828563330835
1,1,0.9601284326733388
0,0,0.00010351893310042906
0,0,0.0009028441472033625
0,0,0.008007227505738993
1,1,0.9999877012491355
1,1,0.999876147644678
0,0,0.003366897342706552
1,1,0.9991072134061896
1,1,0.7439044983525831
1,1,0.9980726168591083
0,0,0.008789300927560448
0,0,0.002990688878989681
1,1,0.9992442480285333
0,0,0.017312451853213562
0,0,0.20590488809904403
1,1,0.999929457522723
1,1,0.9966354106006091
0,0,0.037566676809790756
0,1,0.7792947859371493
0,0,0.005878030443511379
1,1,0.9999377432865145
0,0,0.4309538867661609
1,1,0.9959206451794166
1,1,0.9996729754684369
1,1,0.9985014106775134
1,1,0.9999478410211102
0,1,0.6035459786876434
1,1,0.8488487718191469
1,1,0.934451837700117
1,1,0.9859079285662607
0,0,0.0005419767550977169
0,0,0.00865223563053967
0,0,0.17062676583401656
1,1,0.9996512321926824
0,0,0.012752224972077996
0,0,0.00064738969480679
0,0,0.0021366602049016346
0,0,0.0009305116933013582
1,1,0.999856846708886
1,1,0.9981183798058362
1,1,0.8687964675583112
1,0,0.1786656815713124
0,0,0.000988050779505777
1,1,0.9999319974744194
1,1,0.9997108776250949
0,0,0.0028581476020856
0,0,0.001293635656349624
0,0,0.000543298576506787
1,1,0.9998910338179354
0,0,0.01387210334540392
0,0,0.0018110643403702604
0,0,0.004992101622122371
1,1,0.9756252606970379
1,1,0.9999885090197722
0,0,0.2381382069539363
1,1,0.8967625940573364
1,1,0.9990861164367735
1,1,0.999969177357681
1,1,0.999995419203528
0,0,9.876532892028364e-05
1,1,0.9999223600367957
1,1,0.9999125346291643
1,1,0.9999936230469143
0,0,0.0021055665760267126
1,1,0.9999743010259107
0,0,0.00018832936035734283
0,0,0.0005499615246360863
1,1,0.999022830005963
1,1,0.963813671665283
1,1,0.9999519774168714
1,1,0.9998051330724859
0,0,0.002658041574191372
1,1,0.9948185933533364
0,0,0.0014447214427636237
0,0,0.07815187638277703
1,1,0.9998807346896625
1,1,0.9993716592860583
0,0,0.003990455255331022
0,0,0.000998710247654642
1,1,0.9998834530279621
1,1,0.9999941406234885
1,1,0.9952257468364689
0,0,0.0047372966185879935
1,1,0.999749968541205
1,1,0.999954097552446
1,1,0.9473643437257272
1,1,0.9437375268392815
1,1,0.7446683719406232
1,1,0.9176312014315757
0,0,0.0015627241642588343
0,0,0.004213716049525802
0,0,0.02719507885699097
1,1,0.9074294054703673
1,0,0.012781417783382503
1,1,0.9994031420929625
1,1,0.9998983555037193
0,0,4.6022145118421566e-05
1,1,0.9986775310616733
1,1,0.9855226289606416
0,0,0.003928112907247558
1,1,0.9940435570051526
0,0,0.006634890640768126
0,0,6.499305164108784e-05
0,0,0.3022923918342751
1,1,0.9999771930006157
0,0,0.0015318482749618054
1,1,0.9995050893922066
0,0,0.0043549695465188555
0,0,0.0007269116928596142
1,1,0.7804641475323103
1,1,0.9932610633996672
0,0,0.006585263072892245
0,0,0.0002441917081641015
0,0,0.0023559442621202795
1,1,0.999875697108543
1,1,0.8575716901920738
1,1,0.9631852143920808
1,1,0.9631854446687577
0,0,0.0015077701633886913
1,1,0.9797868835584373
1,1,0.9873145091734382
0,0,0.4964455979437342
0,0,0.0006003035336529063
1,1,0.9405822544305282
1,1,0.9994291010577376
0,0,0.0011150586029399113
1,1,0.9704119008425958
1,1,0.9906940747689011
1,1,0.9997002683220602
0,0,0.17911020513552411
0,0,0.001652504518852696
1,1,0.9999624426383656
0,0,0.009015499955755584
1,1,0.9985562379045111
0,0,0.007646590950819725
0,0,0.0017847594152087753
1,1,0.999837964832261
1,1,0.99997611519847
0,0,0.0019437908111513123
1,1,0.9428226705037495
1,1,0.9999053617281272
1,1,0.9998596456780257
1,1,0.9999179823385875
1,1,0.9998739784620585
0,0,0.00012850727672445033
1,1,0.9999439294869552
1,1,0.8883252667494976
1,1,0.896594571722123
0,0,0.0025583924911346412
0,0,0.0005684097615474504
1,1,0.9990227915618699
0,0,0.0004917701775243953
0,0,0.0009564545463440103
1,1,0.9998735327234995
1,1,0.9999454849228647
1,1,0.9964083767788042
0,0,0.0016527264166922863
1,1,0.9969377226537812
1,1,0.9998381951289289
0,0,0.0007897208478750015
0,0,0.004325318032439749
1,1,0.982421917890101
0,0,0.0013594937643074145
1,1,0.9577904142554754
0,0,0.010473180736715418
1,1,0.9999510209325833
1,1,0.9996199937727697
1,1,0.9856087556765547
0,0,0.0004503525498091792
1,1,0.9978168162829082
1,1,0.9998129016055983
0,0,0.008258052496918277
1,1,0.9989667043365688
1,1,0.999611534051825
0,0,0.00163206611282829
0,1,0.8302489797597512
0,0,0.004082265484076971
0,0,0.002325857071618395
1,1,0.9999645828362695
1,1,0.9941307213313552
1,1,0.9443234734263976
0,0,0.05990695780210229
1,1,0.9906140654703547
0,0,8.172656574908549e-05
1,1,0.9899045531713333
1,1,0.9996143345032749
0,0,0.013756462046143648
0,0,0.0018846154633517188
0,0,0.0007668400148380148
0,0,0.20070195989111894
1,1,0.9527281134582284
1,1,0.9766791605179058
0,0,6.04829463370913e-05
1,1,0.8155874882388489
0,0,0.015854521682111915
0,0,7.308788993769156e-05
1,1,0.7011715941004665
0,0,0.00034472578371764665
1,1,0.9964865813189189
1,1,0.9207150655809319
0,0,0.0014814971485221276
0,0,4.284279708099172e-05
0,0,0.002487957909386586
1,1,0.9997537973970663
1,1,0.9995695340996087
0,0,0.259044264101478
1,1,0.8914219230284501
1,1,0.9999579149317014
0,0,0.26362359850456923
1,1,0.9999793790550869
1,1,0.9586783387044477
0,0,0.0034560462696293223
1,1,0.9999206545237642
0,0,0.0007928294700283422
1,1,0.9854211416218022
1,1,0.9996819977001744
0,0,0.024423775931123094
1,1,0.9921145519258162
0,0,0.00010679438708780943
1,1,0.9998335032688342
1,1,0.9992327423616395
0,0,0.0015952681156412396
1,1,0.9999302488752827
1,1,0.9998753211996366
1,1,0.9890007927309065
1,1,0.9998840725524126
0,0,0.002478910916160392
0,0,0.004170834959134601
0,0,0.0016898761953090488
0,0,0.10555502893708368
1,1,0.9992684130858316
1,1,0.9996350077336688
0,0,0.446280184087291
0,0,9.770613318471272e-05
1,1,0.9437218996633454
0,0,0.0005513950751925404
1,0,0.3269913921799875
1,1,0.9952077213068552
1,1,0.9993473979046361
1,1,0.9998821109824539
0,0,0.0023768533190770213
0,0,0.0021810010762779502
0,0,0.014154435864558208
1,1,0.9997331300795214
1,1,0.9999040188503939
0,0,0.3250615300844269
0,0,0.0011502433136800871
1,1,0.9999659960034577
1,1,0.9997462433059187
0,0,0.0008648624483724923
1,1,0.9996340873914464
0,0,0.011772270425489952
0,0,0.024547806022453354
1,0,0.004124946155929182
0,0,0.0003914638091712481
1,1,0.996394930046337
1,1,0.9999590150906661
1,1,0.9969669124804461
1,1,0.9929403599688005
1,1,0.9239243420560276
0,0,0.009011346189215346
1,1,0.9810477862638862
0,0,0.0020504427430416295
0,0,0.0006213798030945022
0,0,0.0014064238173654262
1,1,0.7972092743036601
0,0,0.0023763184816916363
1,1,0.9994774021700509
1,1,0.9997244434801035
0,0,0.0017719940938672395
0,0,0.0011437919597302424
0,0,0.0005643736842568562
1,1,0.8725818858583259
1,1,0.9993527366545389
1,1,0.9997479888098149
1,1,0.9997513673486629
1,1,0.9997504331177514
0,0,0.0013264373925293666
0,0,0.0007648221359092632
1,0,0.31691088071462825
1,1,0.9605211483318663
0,0,0.0013174222545063157
1,1,0.9998467655189515
0,0,0.00011176078287724314
0,0,0.0009319973381377747
0,0,0.0028793447779618406
1,1,0.9906961039734199
0,0,0.006799770434164541
0,0,0.021118936789101088
0,0,0.043744916017956964
1,1,0.8068371921826522
0,0,6.314629626222747e-05
0,0,0.0034996925452642487
0,0,0.002330885553437935
0,0,0.0013864838738316323
0,0,0.003990522405522484
1,1,0.9998217914535417
0,0,0.006456548039165392
0,0,0.00015147496610031508
1,1,0.9822882069861624
1,1,0.7841446028577561
1,1,0.9785688071437244
1,1,0.999907766688068
0,0,0.00021958081246727622
0,0,0.002942628415722279
1,1,0.9999058408833482
1,1,0.9579467850123214
0,0,0.001504020734045925
0,0,0.001232678113125027
1,1,0.9926667094672469
0,1,0.7959077777719568
1,1,0.9445864554806495
0,0,0.07694406026540633
0,0,0.0014530585473436367
0,0,0.006109663835934657
0,0,0.30212203762366385
0,0,0.000621267748988827
0,0,0.00010678958074409841
0,0,0.001225126914649477
1,1,0.9999433970702654
1,1,0.9998922199175003
1,1,0.9997213455714837
0,0,0.013623529136643671
1,1,0.9995992368157194
1,1,0.9994263734671077
0,0,0.0002508057514789128
0,0,0.0034885715259799555
1,1,0.9850877312163286
1,1,0.9041978554091811
1,1,0.9999983302933174
1,1,0.998872937166426
1,1,0.9999981904513662
0,0,0.02493530243242593
1,1,0.999793862806874
1,1,0.9999254493796709
0,0,0.0006875230030589891
1,1,0.9998402890480135
0,0,3.731994802853234e-05
0,0,3.386192103531538e-05
1,1,0.999119753872677
1,1,0.9874646015839766
1,1,0.9129359321684128
0,0,0.0010609761370890681
1,1,0.9993472121878223
1,1,0.999896650134992
1,1,0.9997701763297423
0,0,0.0014367542012557594
0,0,0.038631459401921864
0,0,0.0015967819769337826
0,0,0.0018381350142884542
0,1,0.6484005423092656
0,0,0.0006459938056766445
0,0,0.0029659377170281006
1,1,0.9999466810000128
0,0,0.002333719429321519
1,1,0.942454081243931
1,1,0.9997301106768052
0,0,0.00265321477774876
0,0,0.0010903511494965014
1,1,0.9818383688010012
1,1,0.9986440893895451
1,1,0.9995095937333075
0,0,0.002153433359214595
1,1,0.9351754485217165
1,1,0.9960612810628899
0,0,0.0014589782563534093
0,0,0.00013847217846964192
1,1,0.8060533848839223
0,0,0.003497768194733459
0,0,0.004912595666547007
0,0,0.0006041097223204448
1,1,0.999612626310649
1,1,0.9999949776995289
0,0,0.0008332880949064025
1,1,0.9924451437178147
0,0,0.007296523280543176
1,1,0.9998941493805452
0,0,0.0017391633937303697
1,1,0.9999232850142782
1,1,0.9999803818632027
1,1,0.9997854061995108
0,0,0.001338243194957525
0,0,0.003181143210572388
1,1,0.9999827954204451
1,1,0.9999238613896853
1,1,0.9683818774226568
0,0,0.00043167499881932293
1,1,0.9998853007666454
1,1,0.9398404536887769
1,1,0.9999607859224372
0,0,0.0067711387708662705
1,1,0.9994044237336738
1,1,0.9999435796705783
0,0,0.06548363331776375
0,0,0.00137206175102001
1,1,0.9999902802875984
1,1,0.9836438997127218
0,0,0.0045610538041266505
1,1,0.9894276562913846
0,0,0.018606262603123286
1,1,0.9997195662291967
0,0,0.00532389197525521
0,0,0.003810831181743819
0,0,0.000788885289092533
0,0,0.002382107854143862
1,1,0.9999490975185085
1,1,0.9999388615725074
0,0,0.0021154134879290253
1,1,0.9999698235698209
1,1,0.9999975126150822
0,0,0.0011506714425535678
0,0,0.0008349247328445256
0,0,0.00323484988329705
1,1,0.999838249206322
1,1,0.8998428218204851
1,1,0.9949953550420518
0,0,0.0004931241014501837
1,1,0.9997010229562125
1,1,0.99998627479475
0,0,0.013446896142967155
0,0,0.00176256488261792
0,0,0.00800737661615475
1,1,0.9621294076961533
1,1,0.9999431038167005
0,0,0.0056433193981236555
1,1,0.9868464439547662
1,1,0.8977952935042355
0,0,0.034118672204038594
1,1,0.9936878151913209
0,0,0.4617736084666798
0,0,0.0006678682248205013
0,0,0.001244397865842237
1,1,0.9996057159584253
1,1,0.972568224534232
0,0,7.883648566052986e-05
1,1,0.9993827404057182
0,0,0.004599587067787418
1,1,0.9987972621848868
1,1,0.9999138678515815
1,1,0.9999214944049497
0,0,0.0027112575237139306
0,0,0.0015237963483976226
0,0,0.039868002045762206
1,1,0.9996552677491786
1,1,0.9999302678200561
1,1,0.9999216792628172
1,1,0.9996723936997048
1,1,0.9999077519607247
1,1,0.9273154431915489
1,1,0.9976706422725516
0,0,0.19680316973139933
1,1,0.9997693944315438
1,1,0.9955759966202518
1,1,0.9964693622881393
0,0,0.001685559486799665
1,1,0.9409588447132626
0,0,0.0041846808911794806
1,1,0.9999741566230135
0,0,0.003189852083555877
0,0,7.263847046930141e-05
1,1,0.9527242423344673
0,0,8.734451853274307e-05
0,0,0.0016661031956505402
0,0,0.0028549049060807713
0,0,0.0015997191056347237
0,0,0.07703642882415263
0,1,0.6044457829337697
0,0,0.02079430040184751
0,0,0.0026489354578081575
1,1,0.9985110680427141
0,0,0.00039769982969694976
0,0,0.0006090356539475929
0,0,0.0019572398422589227
1,1,0.9995660722283602
1,1,0.9998761484898018
0,0,0.23398737295445957
0,0,0.005333143897332305
1,1,0.9946743995502729
1,1,0.9999892871543262
1,1,0.9870255177096197
1,1,0.9961591095556146
0,0,0.06539280996840108
0,0,0.000817481345165692
1,1,0.9999556593399824
1,1,0.9956453919989116
0,0,0.0033473839393975786
1,1,0.9641534795718857
0,0,0.0015988270452085317
1,1,0.7999349540357183
1,1,0.9999685993420421
0,0,0.011861758164371548
0,0,0.0009744746594171626
1,1,0.9999233585297378
1,1,0.9996082854857413
1,1,0.741816117990713
1,1,0.9998856119879251
0,0,0.006004202420363989
0,0,0.002182958426693435
1,1,0.9257662045721339
0,0,0.005643390614911958
1,1,0.9697013818720309
1,1,0.9999604883397687
1,1,0.9351597075752822
0,0,0.0021980990327283983
1,1,0.9997804010900886
0,0,0.0005340067765980378
0,0,0.0006724135028309526
0,0,0.0017761554466719943
0,0,0.08816730904839312
0,0,0.0002757650967090924
0,0,0.003417908325294305
1,1,0.9573438326281067
1,1,0.9999181269349179
1,1,0.9997003756109853
1,1,0.6534751810804055
0,0,0.03681553993887743
0,0,0.0020875123690581947
1,1,0.9768831940862106
0,0,0.004335955135329144
0,0,0.001065011227165508
1,1,0.9998705370925255
1,0,0.00711125485339596
1,1,0.9932108720368787
1,1,0.9953050046908969
0,0,0.0021205122565518555
0,0,0.006781492076276651
1,1,0.999974952486226
1,1,0.9996999441843268
0,0,0.0035620030094751236
0,0,0.012412600779030019
0,0,0.06945347055369976
0,0,0.004489153259481973
1,1,0.9998104443888607
1,0,0.17830360418850305
0,0,0.002358298178144113
0,0,0.0012138350652679682
1,1,0.999738085255357
0,0,0.0006966764560891475
1,1,0.999985713123923
0,0,0.0004683144634595012
0,0,0.00011778848436019146
0,0,0.0012579947069706974
1,1,0.9999770271824675
0,0,0.0013926378817198726
1,1,0.9880285384038303
0,0,0.006700147029687226
1,1,0.9995376951932398
1,1,0.9701982134281149
0,0,0.002953986778108912
0,0,0.0012384457582182817
0,0,0.0012298064383448298
0,0,0.0020891301117573246
0,0,0.0005874388115006078
0,0,9.172403397720285e-05
0,0,3.3803452555301754e-05
0,0,0.005782856714289566
0,0,0.00252672811530822
0,0,0.002666239736352547
1,1,0.9999386537116636
0,0,0.002999018893164728
0,0,0.002978879830931085
1,1,0.6152607824530426
0,0,0.0017534150772437569
0,0,0.003064634531396926
1,1,0.9931626460032991
1,1,0.914022920761767
0,0,0.00037348491477531457
1,1,0.9999096656950752
0,0,0.0010949226783217335
0,0,0.46563315085913426
0,0,0.003211861633404028
1,1,0.8864333773264141
0,0,4.967132020188971e-06
0,0,0.0001178043436158262
1,1,0.9991652887886376
1,1,0.9730578382939423
1,1,0.9854212221591746
0,0,0.0015953977667539374
0,0,0.001684716018206311
1,1,0.9556327668291869
0,0,0.0013582198695801142
1,1,0.9999964518874581
0,1,0.9724901074970872
1,1,0.9650071691562595
1,1,0.999850462520523
0,0,0.0005549628896844806
0,0,0.0016447410532218246
1,1,0.9999989804178998
0,0,0.0011687348255359053
1,1,0.998482312044397
1,1,0.9950908729858955
1,1,0.9999427403229931
1,1,0.9999408353880523
0,0,0.007360187326044306
0,0,0.013737116820884654
0,0,0.0027403464897930844
0,1,0.8474739201495258
0,0,0.0012345557605049073
1,1,0.9999931276913251
0,0,0.013640644858668097
0,0,0.0008369744659250953
1,1,0.9999492567442603
1,1,0.9901386733354005
0,0,0.001569233534273245
1,1,0.9996473834386549
0,0,0.35964768579346895
0,0,0.0015322519928813356
1,1,0.9993336014315024
0,0,0.0021449361408120483
1,1,0.9999564620911768
0,0,0.0014473498499520273
1,1,0.9813471221142819
1,1,0.9866996268760221
1,1,0.9994607839478812
0,0,0.00014538012093885512
1,1,0.9880610669379247
0,0,0.00015097987766918592
1,1,0.9993846766897926
0,0,0.0007154667805355024
1,1,0.9866558844909056
0,0,0.012208200998923951
1,1,0.9998873722882198
1,1,0.9997039150943119
0,0,0.001316770556196078
0,0,0.000920301895939636
0,0,0.08689128139583305
0,0,0.0006775146896772107
0,0,0.0014430170652765923
0,0,0.00011676854819494296
1,1,0.9993277279198146
1,1,0.9967231607730102
0,0,7.960051585252764e-05
0,0,0.0009857708592722447
0,0,2.570763999671661e-05
1,1,0.9999591522464103
1,1,0.9935546809323161
0,0,0.01102663218493586
1,1,0.9931632394906357
0,0,0.007278302612287465
0,0,0.005987967357840443
0,0,0.006324611272726416
0,0,0.12448247917939227
0,0,0.014456376786983152
0,0,0.0003157950530890515
1,1,0.9999898358468818
0,0,0.0017117778550902645
1,1,0.9671557841558838
1,1,0.9997143053034614
0,0,0.00133824917122549
0,0,0.04712806701624744
1,1,0.9999728544909002
0,0,5.981359670292317e-05
0,0,0.00016694598604591863
1,1,0.9997202539252242
1,1,0.9814738597498365
1,1,0.9999743677145903
0,1,0.9447588520546157
1,1,0.929140958279966
1,1,0.9589704974103005
1,1,0.999923792105776
1,1,0.9921802720895189
0,0,7.443626609629019e-05
1,1,0.9664012741059473
0,0,0.0037585708083711852
0,0,0.0031374760480579206
1,1,0.9978019722687403
1,1,0.9891168556833578
1,1,0.9999009041924023
0,0,0.0068220382098811
1,1,0.9966948079420379
1,1,0.9528119829844061
0,0,0.00014346675290959011
0,0,0.00176594461439427
1,1,0.9993706465402792
0,0,0.0013071008472354657
0,0,0.002426229803368584
0,0,0.0014835629014458421
0,0,0.007574101175160751
0,0,0.0012524799299399147
1,1,0.9998025346596896
1,1,0.9295683819655877
1,1,0.9999320229746371
0,0,0.00010678644876980511
1,1,0.9994199285744871
1,1,0.9367898215140524
0,0,9.197614927585477e-05
0,0,0.05239035407951773
1,1,0.6004419140848943
1,1,0.9996434039525471
1,1,0.9999705944667202
1,1,0.9997947422685842
1,1,0.9996803465462304
1,1,0.9997827588648471
0,1,0.9396178556550723
0,0,0.0047746153868581135
0,0,0.016925785014205882
0,0,0.0007493199775411173
1,1,0.9999153669615732
0,0,0.010225697262148066
0,0,0.0026633329975707704
1,1,0.978351246181429
1,1,0.9992151333175266
0,0,0.002526230160331027
1,1,0.9999895929883021
1,1,0.9951565108318046
0,0,0.0034977933511914816
0,0,0.0003015372654507293
0,0,0.0017872299935595348
1,1,0.9783635083504556
0,0,0.006615054809816545
0,0,0.002179151417842799
0,0,0.005539025074509447
1,1,0.9904033682162111
0,0,0.00045387571110119167
1,1,0.9999863333930928
1,1,0.9999604986965417
1,1,0.8461750132930622
1,1,0.9993305857202657
1,1,0.9906990426524183
1,1,0.9999569192065326
1,1,0.9981963648445864
0,0,0.0005356979487009373
1,1,0.999765009617826
1,1,0.9425247077088053
1,1,0.9501747618881297
1,1,0.8608246854716896
1,1,0.9463938213218812
0,0,0.0018760889654102116
1,1,0.9995346883875558
1,1,0.9999831284005889
0,0,0.00011254424619221779
1,1,0.9662397581850067
0,0,0.06351913587024469
1,1,0.9974864708110049
0,0,0.02111898217035875
0,0,0.0023383884651214026
0,0,0.0010922504960993494
1,1,0.9898323676468314
0,0,0.0017805648134630052
0,0,0.00033643020191161213
1,1,0.7209284291627592
1,1,0.9969377896459212
1,1,0.9989904170027745
0,0,6.89148860360579e-05
0,0,0.00020199536773434472
1,1,0.9998923325955583
0,0,0.0001069698122630713
0,0,0.0009859542945285355
0,0,4.284271818698623e-05
0,0,0.00024712649595386507
0,0,0.00365939316893481
1,1,0.9998563289501156
1,1,0.972948038514871
0,0,0.0020961613007685572
1,1,0.9687631977936776
1,1,0.9996335191313437
1,1,0.9764421010712802
1,1,0.9998349734212026
0,0,0.0012789447562429814
1,1,0.9998129469977669
1,1,0.9999501255874333
1,1,0.9930610833616788
1,1,0.9971434870222408
1,1,0.9581540863520924
0,0,0.0015260917997094532
0,0,0.005274587371619777
1,1,0.99832513477821
0,0,0.0006264347247655653
0,0,0.0014389044212980153
0,0,0.0006727390417978578
0,0,0.03886022525495589
0,0,0.0038438961873528093
1,1,0.999688730344497
1,1,0.9998504923293511
1,1,0.9999059934028938
1,1,0.9512978561439179
0,0,0.000107281840830479
0,0,0.033345456723205304
1,1,0.9738042173596854
1,1,0.9975704789316723
1,1,0.9999599640574617
0,0,0.00011780263668298343
1,1,0.998350375148745
1,1,0.9419318040446608
1,1,0.9995622056313009
1,1,0.9996331504458054
0,0,0.0009007303622303747
0,0,0.0006836986171242855
0,0,0.006658269169555242
1,1,0.9999251082187238
1,1,0.9994170373879722
0,0,0.006876227855687781
0,0,0.005483926528311941
1,1,0.9999749083314481
1,1,0.9999351630580114
0,0,0.00117555844746614
0,0,0.002240129733843037
1,1,0.9998919854389972
0,0,0.003704223271429416
1,1,0.9999299111893483
1,1,0.9997889224592444
0,0,0.0008360623445853019
1,1,0.9999960942622742
0,0,0.2936685236073569
1,1,0.9350444310697552
1,1,0.9973092950701478
0,0,0.002658042659919272
0,0,0.0012316069490992405
0,0,0.016949110512445426
0,0,0.0031675212704666508
0,0,0.0015613443723965826
0,0,0.0007635114612967831
0,0,0.0011511288192035131
0,0,0.0011312202102072037
0,0,0.0008876954390035934
0,0,9.39280009774583e-05
0,0,0.008889747519263745
1,1,0.9929017842292825
1,1,0.9993388452237528
1,1,0.7608553070056919
1,1,0.9994298494964604
0,0,0.0018005485650468356
0,0,0.000917295985243798
1,1,0.9859187645811152
1,1,0.9998057030812987
1,1,0.9851532287937415
0,0,0.00016560775501376775
1,1,0.9999836063456706
0,0,0.0011695261622579603
0,0,0.0021309511290477983
1,1,0.9999280065132178
0,0,0.0011527821861664976
0,0,0.07007623893763891
1,1,0.9890915667670694
1,1,0.997425734416072
0,0,0.0014656309235701306
0,0,0.0004759337110530038
1,1,0.9828078884632027
0,0,0.019179045875461702
1,1,0.9997494429341909
0,0,0.038632196852621044
1,1,0.9998254791181845
1,1,0.9998340357291149
1,1,0.9307979597783741
1,0,0.39245409579158985
1,1,0.9508232901510791
1,1,0.999185461940853
0,0,8.967505934202195e-05
1,1,0.9898546909395403
0,0,0.012872718826700201
1,1,0.9065705443250085
1,1,0.9575306055269557
0,0,0.06631458495504668
0,0,0.006268929303244327
0,0,0.014134854584760624
1,1,0.9965643745167273
0,0,0.002258442486020416
0,0,0.0017638974141868376
0,0,0.000483856563652718
1,1,0.9998102410291364
0,0,0.00022529406015118155
1,1,0.9998482924068667
1,1,0.9345285664275036
0,0,0.0025982978152020953
1,1,0.9770640282777608
1,1,0.786161930600276
1,1,0.9997947396241965
0,0,0.0016214820293704816
1,1,0.9998953595337
1,1,0.9986745762523735
0,0,0.0024232382064894656
0,0,0.00045017388492756753
0,0,0.04499949877790194
0,0,0.0004745079908406515
0,0,0.0020692623899890624
1,1,0.9988266877715303
1,1,0.9999770924005286
1,1,0.9996208226650483
1,1,0.9998010826284821
0,0,0.00012435889233674627
1,1,0.9976197781496757
1,1,0.9228279019977456
1,1,0.9999736086307011
1,1,0.9999610736773813
0,0,0.014831978559377755
0,0,0.0013267195725018112
0,1,0.9206307938525048
1,1,0.9998153534890528
1,1,0.9998025464769998
1,1,0.9997729258935828
1,1,0.9992244221516311
1,1,0.996552612040688
1,1,0.9687328703459274
0,0,0.1727614399763664
1,1,0.9725412912636183
0,0,0.10564823603998955
1,1,0.9892743971317949
0,0,0.0009591898136299885
0,0,0.0020160225873163008
0,0,0.0014200697137621715
1,1,0.9999915107470315
1,0,0.4845820734049622
0,0,5.34851440315937e-05
1,1,0.9998349163640763
1,1,0.9966945333245245
1,1,0.9957837215549731
0,0,0.007328628850892591
1,1,0.9999374044483206
0,0,0.0012838217221126024
0,0,0.0021558227731737095
1,1,0.588868749337921
0,0,0.0013151919633201028
0,0,0.003974571996636362
0,0,0.0012730132123787098
0,0,0.004043741967583845
0,0,0.0029788522876171893
1,1,0.965638357056648
0,0,0.0034538256686980867
1,0,0.010914753467301566
1,1,0.8988848548401968
0,0,0.022677355616724845
0,0,0.0007654363598011704
1,0,0.11259446832179999
0,0,0.0011574550953140173
1,1,0.9984761651224757
1,1,0.9459971150759582
0,1,0.9598015068505791
0,0,0.0014935561038678985
0,0,0.002034059900357935
1,1,0.8728969841759403
1,1,0.9997142222166847
1,1,0.9747613484799087
1,1,0.9999793141112345
1,1,0.9960030356753444
1,1,0.8540877632785887
1,1,0.7676178042182656
0,0,0.03368860497325754
0,0,0.0018644963201623387
0,0,0.13055177855290234
0,0,0.001300255752213349
0,0,0.0011192729440835892
0,0,0.004418438376817718
1,1,0.8210530672636132
0,0,0.05070874041190842
1,1,0.9999119034917364
1,1,0.983560564256703
1,1,0.9999867610442619
0,0,0.0002586286753679595
1,1,0.98520068113841
0,0,0.0013298340201925113
1,1,0.9999091998100843
1,1,0.9610455093666364
0,0,0.03206174646447501
1,1,0.996539152838754
1,0,0.2869902712208397
1,1,0.9998318761500149
1,1,0.8636071857340466
0,0,0.00427276643366346
1,1,0.9785219632348772
0,0,0.011975288944181825
0,0,0.002756466457864844
1,1,0.9998679406152862
0,0,0.0001077800301351705
1,0,0.2980332958735302
1,1,0.996541204395021
1,1,0.9999749882897409
0,0,0.04931542014291623
1,1,0.9999789850378448
0,0,0.12024946499226281
0,0,0.3182174398466424
1,1,0.9992029636186183
1,1,0.996795633515504
0,0,0.00986060397758681
1,1,0.9999849412680728
1,1,0.9998125109057285
1,1,0.9996456162467035
0,0,0.0014497783551485168
1,1,0.9899548737708608
1,1,0.9991883671203929
1,1,0.9999428449482398
0,0,0.0012513065112130452
1,1,0.9947508378536866
0,0,0.0067875780554008435
1,1,0.9873795831629013
1,1,0.9847843750674433
1,1,0.9999954418559743
1,0,0.2272423188650832
1,1,0.6743833757784046
1,1,0.999865445271721
1,1,0.9998300252535722
0,0,0.0018627434378916947
1,0,0.3221200489924003
0,0,0.0013123514143695194
0,0,0.0001998724839753057
0,0,0.0007615513518874457
1,1,0.9999794053116032
1,1,0.9993716576034418
0,0,0.005406740853944618
0,0,0.00014173468728199948
0,0,0.003132610033759878
0,0,0.003687933125758601
1,1,0.9974119749546977
0,0,0.001340753662203391
1,1,0.9524712867002306
1,1,0.9999839405682169
0,0,0.0007636106210720568
1,1,0.9999645124326275
0,0,0.002038650024402772
0,0,0.0008613803533347851
1,1,0.9999967124314216
0,0,0.004970033150569269
0,0,0.0006598605751985252
1,1,0.9998737515591193
1,1,0.9944051333158443
1,1,0.9998742732813416
1,1,0.9688403725407919
1,1,0.9527266798019574
1,1,0.9182457445151867
0,0,0.0012336920765258668
1,1,0.9974257747381284
1,1,0.9992470749863689
1,1,0.9998182892322419
1,1,0.9999446452660147
0,0,0.10210179271085383
0,0,0.0036640132325412096
1,1,0.9984065049788986
1,1,0.9979853738611469
1,1,0.9998544755188595
0,0,0.0014315862384565448
0,0,0.0056707696879328
0,0,0.0015150441440831392
1,1,0.9994368388682956
1,1,0.9998870747950642
1,1,0.999991956967762
1,1,0.9997191262854201
0,0,0.0015530042151265168
1,1,0.9981590141321006
1,1,0.9995721879231103
0,0,0.0004221218866747737
0,0,0.015087631657849099
0,0,0.0026363663615507882
1,1,0.9967277664245024
1,1,0.9999429405393959
1,1,0.9993780948338984
0,0,0.00034580927806396837
1,1,0.9999647545537741
0,0,0.00037168415715408597
1,1,0.9999391286292866
1,1,0.9999948960320527
1,1,0.999944167340458
1,1,0.9995982892808625
1,1,0.877471601322304
0,0,0.001380099785768516
1,1,0.9999593663497347
0,0,0.01877481459360287
1,1,0.9991056929248151
1,1,0.9960021049118402
0,0,0.006707253776132361
0,0,0.048680583100256525
0,0,0.00014918894886477706
0,0,0.0002733439447058297
1,1,0.9967279899900127
1,1,0.9999345322713554
1,1,0.9998543344837694
1,1,0.9996644546157457
0,0,0.006118092863914676
1,1,0.9988614172976554
1,1,0.9994696360304132
0,0,0.10280219075273322
1,1,0.9999048731635793
1,1,0.9999753720907107
1,1,0.9980365983262622
0,0,0.0013474084064881479
1,1,0.9993759678672485
1,1,0.9905753592436181
1,1,0.9964922410381896
0,0,0.0020190658385147438
1,1,0.9988000423378407
1,1,0.9998571516327986
0,0,0.0021680512137133225
1,1,0.9999315768758488
0,0,0.05599928662866809
0,0,0.0011070794441758011
0,0,0.0013636746706085863
0,0,0.001117096629268577
1,1,0.9981306423327527
1,1,0.9999895518322321
0,0,0.0005376426051804535
0,0,0.0018303974092075184
0,0,0.0022016965179050786
0,0,0.0006278323945579764
1,1,0.9837919162932294
0,0,0.0011642789005462924
1,1,0.9998868747346331
1,1,0.9954571106403031
0,0,0.0007932530329627286
1,1,0.9997816082064642
1,1,0.9997564417258553
1,1,0.9992714437210743
0,0,0.05607382905930284
0,0,0.00176350527083852
0,0,0.0007774059780572343
0,0,0.07952768295286612
0,0,0.0017102843983011068
0,0,0.0017675039274401957
0,0,0.4022745594724514
1,1,0.9999638094791907
1,1,0.9999922972705353
0,0,0.0018753557893368819
0,0,0.0008461290725039983
1,1,0.9993790197562399
1,1,0.9837163360602836
1,1,0.9998767610522918
0,0,0.003165987086122829
1,1,0.9755002823181665
1,1,0.9993742924855054
1,1,0.95006549637565
0,0,0.006409049129492434
1,1,0.9999386154048943
0,0,0.0022018496430195687
1,1,0.9997047830486216
0,1,0.9155174814418828
1,1,0.9998509638351891
1,1,0.9917574672959476
0,0,0.002380997214395682
0,0,0.004673305486619416
1,1,0.9963950201903543
0,0,0.0020667036551682166
0,0,0.0017924972293636258
1,1,0.9942702434368155
1,1,0.9872467515239253
0,0,0.0046173719926558615
0,0,0.0011552131255023665
1,1,0.8873255257866254
0,0,0.00012942831332283654
0,0,0.28132970213763253
0,0,0.010800723188508004
0,0,0.0005538698190629632
1,1,0.999938426584481
1,1,0.9964246943812637
0,1,0.7081699318133517
0,0,0.006499183468540824
1,1,0.9999009786351926
1,1,0.9992890074218078
1,1,0.999956474957291
1,1,0.7829619907313277
0,0,0.06945742968464982
0,0,0.0009174620108952562
1,1,0.999998842127765
0,0,0.03031674677163747
0,0,0.00016561090433875217
0,0,0.0019539413750620494
0,0,0.1814234629790153
0,0,0.0015791767342126476
1,1,0.992576398607057
1,1,0.9995316034671664
1,1,0.9771869216199217
1,1,0.9963949785317283
1,1,0.9670640972709214
0,0,0.00037359097042498725
1,1,0.9996680965775218
1,1,0.9985575988020213
0,0,0.001229806299201352
1,1,0.9999978082434072
0,0,0.0005794121799372562
0,0,0.0009161227172222812
1,1,0.9969173216774285
0,0,0.000773351154565491
1,1,0.9704203990121149
0,0,0.10595886054583188
0,0,0.00013340916463169735
1,1,0.8121729727621815
0,0,0.00010677970370248043
0,0,0.0016618144010716804
0,0,0.004132754190431855
1,1,0.9999452855526949
0,0,0.0035852738604766296
0,0,0.1131633008058696
0,0,0.016075041450558263
1,1,0.9999559470624567
1,1,0.9999874398536955
1,1,0.9906711128937963
1,1,0.9995104405671884
0,0,0.0025281151008194782
1,1,0.9999792778006805
1,1,0.9999096732672633
0,0,0.0006262706049089737
0,0,0.0966100720040287
0,0,0.034117839456247405
0,0,0.0021819825452989547
0,0,0.025925601598443187
1,1,0.9997174469123878
0,0,0.0006396316772219986
0,0,0.001915536526334738
1,1,0.953660347323816
1,1,0.982914868151501
0,0,0.3188228348331529
1,1,0.9992681718349644
0,0,0.07281463329394756
0,0,0.007375148510747911
1,1,0.999963490558561
1,1,0.999429847916202
1,1,0.9999031929294288
0,0,0.0008469763607707366
0,0,0.0025448654534944446
0,0,0.0018076090288551949
1,1,0.9881509988135989
0,0,0.0021185291288130367
0,0,0.0015453196349504634
1,1,0.9460839035548319
1,1,0.9998614528009492
0,0,0.0008171801205563474
0,0,0.0014965543922050588
0,1,0.5656047764406086
1,1,0.9639217875027791
0,0,0.0015019302811918496
1,1,0.9992965119977502
1,1,0.9999108023890715
1,1,0.8819744211924884
0,0,0.0009246696065268297
1,1,0.999774555793105
1,1,0.9999944212368802
1,1,0.9999105369312355
0,0,0.0011798551859170943
0,0,0.005273842021472179
1,1,0.9999595295268228
0,0,0.0026242315967616135
0,1,0.6768140107189683
1,1,0.999992694255276
1,1,0.9877150991854662
0,0,0.0010369639863556236
0,0,0.003667578832346122
1,1,0.9998317971280483
1,1,0.9998210374304998
0,0,0.011554121091619391
0,0,7.953831212356416e-05
0,0,0.0034274675231837437
0,0,0.00130188388617008
1,1,0.9997357957050446
1,1,0.889030636591126
1,1,0.9988267203319486
1,1,0.9998097984414185
1,1,0.9999564778356778
1,1,0.9953064576066186
1,1,0.9999117617526342
0,0,0.0002258398749380807
0,0,0.001045909322546676
0,0,0.02099981914020066
1,1,0.9869616208263005
1,1,0.7835937000133141
0,0,0.0016090128687255834
0,0,0.001818651075747698
1,1,0.9961049015524492
1,1,0.9955362119173907
1,1,0.9994031370639622
0,0,0.008393149910632362
1,1,0.7993088601452782
1,1,0.99686369395273
1,1,0.9855973871856792
1,1,0.9981003050258083
1,1,0.9994722627694614
1,1,0.9910688481211077
0,0,0.004869687619088805
1,1,0.9999567944201019
1,1,0.9999386460978266
1,1,0.999875658143995
1,1,0.999994453062498
0,0,0.000912683371710711
0,0,0.000284022693073725
0,0,0.00014214289942302027
1,1,0.9772596660182349
0,0,0.00018055526498829573
1,1,0.9999226412680962
1,0,0.38388138162784036
0,0,0.0010101398526724229
0,0,0.0012716612884238793
0,0,0.0014948294174149447
0,0,0.0004804249261502247
0,0,0.0011896092112147591
1,1,0.9999072132974682
1,0,0.2916267560073323
0,0,0.001961860719150052
0,0,0.004209662819812596
0,0,0.01870231736806474
1,1,0.9986417297501025
1,1,0.9491193349089772
1,1,0.9996323282421394
1,1,0.9999280076334722
1,1,0.9986855025304587
0,0,0.002890335815405003
1,1,0.9806835351784069
0,0,0.0030028017227159325
1,1,0.9999164443988501
1,1,0.9676281145734027
0,0,0.0024428094022338706
0,1,0.6587870821373439
0,0,0.0045741319694606875
1,1,0.9848781295300691
1,1,0.9647654197265731
1,1,0.9998457081683885
1,1,0.9996476213134634
0,0,0.0007312505756712845
1,1,0.9993474233116766
1,1,0.9793503321055039
1,1,0.9985128957910235
0,1,0.9049791912724556
0,0,0.0007842745975299307
1,1,0.9998614529635096
1,1,0.9999030002239653
0,0,0.0011196622436276532
1,1,0.9997184624298028
1,1,0.9945847003007922
1,1,0.9997949130024592
1,1,0.9991553532420476
0,0,0.0025326997223471016
0,0,0.000716605337522731
1,1,0.9998373233354207
1,0,0.19907631415694219
0,0,0.08587573798275282
1,1,0.9991578719415642
1,1,0.9990931768789815
0,0,0.0743140588697138
1,1,0.9999909089269203
1,1,0.9982192640277082
1,1,0.9999524317855487
0,0,0.00534223468229222
1,1,0.9999278058168369
1,1,0.9998046046511138
0,0,0.0005908407861207998
0,0,0.0006578181858993224
0,0,0.0023055106135154223
1,1,0.9997301621822839
1,1,0.999722963013929
1,1,0.9983742162995892
0,0,0.0005744409309180379
0,0,0.006342753145521784
1,1,0.9622248106496631
0,0,0.0004812178579503809
0,0,0.02301842550275812
0,0,0.0012520496023658006
1,1,0.9989160770822479
0,0,0.01872852857423879
1,1,0.86868298059126
1,1,0.9997527000220842
0,0,0.037904137543390996
0,0,0.031643369363298035
1,1,0.9875900802172026
0,0,0.0011724885632739036
1,1,0.9081895086727308
1,1,0.9993716379561679
1,1,0.9809529108069072
0,0,0.006716089390479547
1,1,0.9999565344786551
0,0,0.0005997504046691174
1,1,0.9995049551296431
1,1,0.7653771654798633
1,1,0.9783683371011378
1,1,0.9998913250942044
0,0,0.013546299151748927
0,1,0.7242367933766474
1,1,0.9989113556510895
0,0,0.0030268860947313624
1,1,0.9932591315017197
1,1,0.999785365973828
0,0,0.001297103530993781
0,0,0.00018183414433372967
1,1,0.999919908887685
0,0,0.0013824795921904619
0,0,0.005937315167138461
0,0,0.0017356560888927512
0,0,0.0012674092449595122
0,0,0.0005543031094638187
0,0,0.0030489718029017084
0,0,0.002191550569263729
1,1,0.9992952279920286
0,0,0.000522570889814573
0,0,0.0026227251041548052
1,1,0.9999932483763082
1,1,0.9844189863198449
1,0,0.43506268141833254
0,0,0.008248315939957543
0,0,0.00541825333094638
0,0,0.0019570371155768545
1,1,0.9713245394629642
0,1,0.763947758457127
1,1,0.9823346441005231
0,0,0.0010800302466687007
0,0,0.011146668402508261
0,0,0.0005399358074722863
1,1,0.9999866524151464
0,0,0.0005902126039115407
1,1,0.9909999637136244
1,1,0.9986721701755473
0,0,0.012592970154297932
1,1,0.9996110244500122
0,0,0.011287766407498026
0,0,5.442438876778155e-05
0,0,0.0012604961954957377
0,0,0.003969764432951952
0,0,0.020059083005086624
0,0,0.00011186590538628245
0,0,0.002836963173925552
1,1,0.9999657464407226
1,1,0.9999884126550169
1,1,0.9999927400707422
0,0,0.0030552585125261443
1,1,0.8974124096486716
0,0,0.00150310416538884
1,1,0.9997391982762082
0,0,0.0002862204112466098
0,0,0.0010431936586817925
1,1,0.9050894094060586
0,0,0.0011863017488323046
1,1,0.9993871056884815
0,0,0.001361748446246864
1,1,0.9999859289856635
0,0,0.0006479045192917247
0,0,0.002110898645787505
1,1,0.6750599015035147
1,1,0.9982662582236825
1,1,0.9980449727594077
0,0,0.005416524321246991
0,0,0.0028084282262953145
1,1,0.9996617426710078
1,1,0.9995155434996807
0,0,0.015913533930814277
1,1,0.9997233760811111
0,0,0.0008360674783627054
1,1,0.999732549507279
0,0,0.00021531292873929657
0,0,0.0017282948498678488
1,1,0.9996250004318128
1,1,0.9999073642737333
1,1,0.9826071126186924
0,0,0.014434370882210168
0,0,0.0012315344595954063
0,0,0.0007822425181664615
0,0,0.2886443907477449
0,0,0.001630853974371295
0,0,0.002714206725351186
0,0,0.0008033195022107588
0,0,0.005524915475625524
0,0,0.23373660345794903
1,1,0.999831305900332
0,0,0.00022528154048941608
0,0,2.31239308156216e-06
0,0,0.0011233512249454072
0,0,0.00026409755563507287
0,0,0.0008523476128090631
1,1,0.9997992220843805
1,1,0.9992171086595166
1,1,0.9982551901758027
1,1,0.9732480540566292
0,0,0.005492615184267433
0,0,8.651343427479443e-05
0,0,0.004305350464716518
0,0,0.001218436723405924
1,1,0.990041833027871
0,0,0.0013119002141841927
1,1,0.9854211462328913
1,0,0.23961064902817836
1,1,0.999927574346203
0,0,0.000672738623417776
0,0,0.0008536062684224194
0,0,0.1356758704889541
0,0,0.026170137830803245
0,0,0.0019549444957158027
0,0,0.004485472517213556
1,1,0.9998914710462463
1,1,0.9999230122278858
1,1,0.9993687827467417
1,1,0.9701124834301145
0,0,0.003499829942338884
1,1,0.8619705781157585
1,1,0.9999283964588033
1,1,0.9999011667585237
1,1,0.9999986350785198
0,0,0.0006505298561069498
0,0,0.0017588587449356302
0,0,0.0015785788337426192
1,1,0.9979225970180852
0,0,0.014709832027069115
0,0,0.4703085341102466
1,1,0.9485188389733229
1,1,0.9999899072038884
0,0,0.006801748528600564
0,0,0.014221742606620565
1,1,0.9991261476219224
1,1,0.9992833729363009
1,1,0.9999312657460262
1,1,0.9998631833095504
1,1,0.9999944212489404
1,1,0.9998354886896815
0,0,0.0003317184882579596
1,1,0.9993304085973567
1,1,0.9999346596469368
0,0,0.004798257292738024
1,1,0.9399807800887321
0,0,8.377576646089309e-05
0,0,0.002531687735223462
0,0,0.05091757743961065
0,0,0.0008659187533727002
1,1,0.9998313059267875
1,1,0.9998882890729041
1,1,0.9607060631466833
1,1,0.9998548405109512
1,1,0.7793263648165394
0,0,0.00164989299708587
0,0,0.01266256569458654
0,0,0.07668876442222222
0,0,0.12628359525665303
0,0,0.002351138811602386
0,0,0.00031599418552867787
1,1,0.9998029721776953
1,1,0.9975287698048686
1,1,0.9989738860105729
0,0,0.002400834240712781
0,0,0.004493633173436102
0,0,0.0006270673855202881
0,0,0.0008041811011966218
1,1,0.999737923415531
0,0,0.003733793182823096
1,1,0.9999145331954421
1,1,0.9956780408780403
1,1,0.9998581290840017
1,1,0.9999217355482182
0,0,0.0034489042985523174
1,1,0.8648241243551719
0,0,0.00011925097258905421
0,0,8.111185459395481e-05
0,0,0.006282712542803888
1,1,0.9999141064117475
0,0,0.0011800122490875403
1,1,0.9999524306112514
0,0,0.0031136499080847402
1,1,0.9961297608695707
0,0,0.0007661763256608433
0,0,0.005538799604614288
1,1,0.9997532077992388
0,0,0.0014614667520400785
0,0,0.004553235316253505
0,0,0.0009143234963104677
0,0,0.002636038288113492
0,0,0.01358862922298148
1,1,0.999990447856723
1,1,0.905651412670193
0,0,0.0001895260858408751
0,0,0.0016238285475583243
1,1,0.999900535426868
1,1,0.9999737379413087
0,0,0.0014817631037593788
0,0,0.0007009938610968015
0,0,0.2157562182670347
1,1,0.9998302832116771
0,0,0.003278123012449782
0,1,0.9616051545665556
0,0,0.0042161447362902066
1,1,0.9747902198326993
0,0,0.028068389386822764
0,0,0.013700522561347834
1,1,0.8270857990040813
0,0,0.0038321208448626612
0,0,0.007081098766231849
0,0,0.0021893839103969636
0,0,4.7257907670516986e-05
0,0,0.00014539226214331654
0,0,0.0010961368254482392
1,1,0.9837396678378788
0,0,0.0013122583506148123
1,1,0.9999964007656008
0,0,0.0013429642127362692
0,0,0.0055571372874220724
1,1,0.999622050638406
0,0,0.09187243578490677
0,0,0.029672247153138542
1,1,0.6683423558303525
0,0,0.0014573638158710083
0,0,0.0015394540315401158
0,0,0.0014869321064884971
0,0,0.0016612343083440982
0,0,0.0013078562444836551
1,1,0.9347008393503498
1,1,0.9994545300102744
0,0,0.0010052582580559433
0,0,0.0014600634027819332
1,1,0.9994739774911501
1,1,0.9829727816012818
1,1,0.9999756081817984
1,1,0.9286663601823492
0,0,0.014072904123546674
0,0,0.0006742348671710302
1,0,0.45627463335998336
0,0,0.00471789801705807
0,0,0.4936645075950289
0,0,0.0023077466657215407
1,1,0.9998487512303502
0,0,0.0026201132730970904
1,1,0.9999935150658593
0,0,0.001503109424727919
1,1,0.9999830216650916
0,0,0.0480969335962563
1,1,0.9998553996917703
0,1,0.8519212580252917
1,1,0.9879329409994497
1,1,0.9997852120379457
0,0,0.03681789144610651
0,0,0.13377232873046246
1,1,0.7860033796799765
0,0,0.0066346957023881445
0,0,0.00615846229075883
0,0,0.12867886587897975
0,0,0.00260012561445164
1,1,0.9536603464573605
0,0,0.002282121794998752
0,0,0.0021257268595286914
1,1,0.9997229663607322
1,1,0.9999698388305163
1,1,0.9996762527220999
1,1,0.9781351339071265
1,1,0.9997632246314018
1,1,0.9879465808918972
0,0,0.006530478127138057
0,0,0.001018634193710624
0,0,0.0025492616311796126
1,1,0.9998223593564193
0,0,0.000442142369527558
0,0,0.0015611627830592984
1,1,0.969553939452182
1,1,0.7004101450010847
0,0,0.0026875291438581347
0,0,0.006453600074489058
0,0,9.165214348438674e-05
0,0,0.0034302972285763862
0,0,0.0015281667347487355
0,1,0.838748422135656
1,0,0.41032122044260755
0,0,0.0019166011032658225
1,1,0.9996123398533573
0,0,0.0025516501075441046
1,1,0.9998261906089703
1,1,0.966097433199093
0,0,0.07244741916013914
0,0,0.003180966460640331
1,1,0.9993014217585137
1,1,0.8580174167705582
1,1,0.9994298486138501
0,0,0.047253100282183894
1,1,0.9997081697531582
0,0,0.0016918413843327834
1,1,0.9998806937715586
0,0,9.487533526471824e-05
1,1,0.999770498046684
0,0,0.14225823213673927
1,1,0.999524758268875
0,0,0.0011485541053897247
0,0,0.0010236523084047981
1,1,0.9999868466535623
0,0,0.0013160064874422226
1,1,0.9999690730756583
1,1,0.9817765676847496
0,0,0.00012327341099787947
0,0,0.007329849100345172
0,0,0.04444757269704531
1,1,0.9994702409884703
0,0,0.0026844015399079594
1,1,0.9998732052040049
0,0,0.008608486470150162
0,0,6.330054773109577e-05
1,1,0.9999892135290113
0,0,0.0006775107131845013
1,1,0.989325578894235
1,1,0.9999922786413495
1,1,0.999979183778875
1,1,0.9984026432708004
1,1,0.9898703333603873
0,0,0.27937953589950815
0,0,0.00538815918127685
0,0,0.0020495781049901804
0,0,0.001017677287698942
0,0,0.0021808496588288586
1,1,0.997433575811141
0,0,0.001531555628334004
0,1,0.7765723585233729
0,0,0.0036834921456137884
0,0,0.0007850453752365741
0,0,0.0009462754600339611
1,1,0.9998057894245642
1,1,0.9999774343811105
0,0,0.0010658210733543092
1,1,0.9787376536833124
1,1,0.9996956779746692
1,1,0.9997678844778808
0,0,0.005325054163368798
1,1,0.9992056122718815
0,0,0.013911135095671724
1,1,0.9999916396409193
1,1,0.9999610747627001
1,1,0.9994222883770282
0,0,0.0007063335291172013
0,0,5.318507565618158e-05
1,1,0.9909773742993837
1,1,0.9999328999372886
0,0,0.0015888212152418376
0,0,0.0024916588692059996
0,0,0.19135961669342214
1,1,0.8853386735945946
0,0,0.0005802744003978237
0,0,0.0024355618781472664
0,0,0.3116512919438018
0,0,0.0020334570391939933
0,0,0.008343303701924765
0,0,0.09016018273294701
1,1,0.9999479696247948
0,0,0.020999824201173696
0,0,0.051443006066872056
1,1,0.9998507189329318
0,0,0.0015588778426683248
1,1,0.977066179719894
0,0,0.06657312700958341
0,0,0.00012591139207444993
0,0,0.0003022112516128237
0,0,0.0017682304430833844
1,1,0.9958247102517452
0,0,0.0005759166854148919
0,0,0.0006413170448785955
0,0,0.0030034429761275597
0,0,0.0007619324558293676
1,1,0.9576189718819593
0,0,0.005911261647470692
0,0,0.002191525793285403
0,1,0.6700219651687332
1,1,0.9261615758341984
0,0,0.22922778169408492
1,1,0.998898818193037
1,1,0.9999833542000498
0,0,0.004881716663784548
1,1,0.9966859982839462
1,1,0.9993924334995452
0,0,0.036798041960815514
0,0,0.0009132402589336977
0,0,0.0003780118350120121
0,0,0.003595974561940411
1,1,0.9998447103541762
1,1,0.9612982807548552
1,1,0.9693385255951199
1,1,0.9866134658838391
0,0,0.004385835720226837
0,0,0.0014320824550192255
1,1,0.9999726496366516
1,1,0.9999279875342343
1,1,0.988989738848541
1,1,0.9994700460971163
0,0,0.011254899968363385
1,1,0.9999960363702426
0,0,0.015579481300885099
1,1,0.9999474132351321
0,0,0.00016502607956206657
1,1,0.9706232579691334
1,1,0.9897558953516116
1,1,0.9415955034656237
0,0,0.004862717309383182
0,0,0.002232427660482931
1,1,0.9825460970951949
0,0,0.0010983451094283977
0,1,0.8117206077682322
0,0,0.003262505777918646
0,0,0.003416761525398705
1,1,0.9998197371250808
0,0,0.0013418794822578275
1,1,0.999836766562405
1,1,0.9998313563682487
0,0,0.0009305278115854197
1,1,0.5441927603792521
0,0,0.004740670060237987
0,0,0.0022572303688782186
1,1,0.9998856101273076
1,1,0.9549070837869532
0,0,0.0022359049923945315
1,1,0.998081782020881
1,1,0.9924793645121859
1,1,0.9999659586607935
1,1,0.8847915098465088
1,1,0.9995177649240611
1,1,0.9999514242168652
1,1,0.9998971431227002
0,0,0.0069068959896417675
1,1,0.9840366751951584
0,0,0.0012654988915768608
1,1,0.9633665095454186
1,1,0.9996452350871465
0,0,0.003848288453213425
1,1,0.9999500176551869
0,0,0.08532566150960169
1,1,0.9420982357163801
1,1,0.9967231659694711
0,0,0.029411543170031425
1,0,0.3760980671349245
0,0,0.0035261055866205914
1,1,0.9997016410033656
0,1,0.6398189645871541
1,1,0.9999546768433356
0,0,0.0010046003198722522
0,0,0.00011785227483727154
1,1,0.99842350638066
0,0,0.0007934945234461064
0,0,0.009326775951489213
0,0,0.0028482748822929753
0,0,0.030252545265671137
1,1,0.9977288102781501
0,0,0.0006425166433948596
1,1,0.9381138194118854
0,0,0.26250932332646665
1,1,0.9967909351880283
1,1,0.9993467941528176
0,0,0.04906829023245599
0,0,0.0018011205915172625
1,1,0.9999591650352105
1,1,0.9973913095771224
1,1,0.9995076891817786
0,0,0.0014315994455045367
1,1,0.9999989206256112
1,1,0.9952767699331291
1,1,0.9995164818225662
0,0,0.0012453711690114714
0,0,0.4313326659098709
1,1,0.9947040791347854
1,1,0.8853555209858711
1,1,0.9956458701217906
1,1,0.9997658360099173
0,0,0.0018376066468011546
0,0,0.003093182635195639
0,0,0.005947045082856421
0,0,0.028384720407230564
0,0,0.12192313001838215
1,1,0.9999805116699902
1,1,0.9998298567558076
1,1,0.9764487430770369
1,1,0.9999964518327764
0,0,0.0021696926112345573
0,0,0.0023753634174921378
0,0,0.08875448497308266
1,1,0.9799289056811556
1,1,0.9605964765909024
0,0,0.0006077193133913448
1,1,0.9970509093798003
1,1,0.9992364675903117
0,0,0.011490664391816766
1,0,0.268438140236672
0,0,0.0008659197014120028
0,0,0.0036863671951936337
1,1,0.9850607718668034
1,1,0.999891971038312
1,1,0.999552289204525
1,1,0.9850097447987026
0,0,0.008422286209051548
1,1,0.9639216812608659
1,1,0.9478137625539307
1,1,0.9942627164698399
1,1,0.999974862821301
1,1,0.999976839619851
1,1,0.9999978819652745
1,1,0.9981825322654247
0,0,0.00114215261282271
0,0,0.0022303485173431363
1,1,0.9998980691580794
1,1,0.9255152802839561
1,1,0.7505191464180212
0,0,0.0013359716709499237
0,0,0.06861734350203287
0,0,0.00013006778955433133
1,1,0.9984881633553293
1,0,0.47712793531258085
1,1,0.9999664684593257
1,1,0.9997912469946134
0,0,0.0035041894471524258
0,0,0.0004290400044759894
1,1,0.9993614944824617
0,0,0.006318956323512476
1,1,0.9973972516184502
1,1,0.9999291958245347
0,0,0.002120274399300878
1,1,0.9953243492367488
0,0,0.0014970009793480372
0,0,0.000629812004457934
0,0,0.0033039297098932923
1,1,0.9999620620699992
0,0,0.003045472030755049
1,1,0.9984260844896222
0,0,0.0018078857790718994
0,0,0.0007063324963233662
0,0,0.0015953730823348126
1,1,0.9993805463174689
0,0,0.00014538929509816457
0,0,0.019013610183099466
1,1,0.9871843700039882
1,1,0.9998772300738986
1,1,0.9999538157727074
1,1,0.9736571046759938
0,0,0.11191406278295893
1,1,0.9947765960818227
1,1,0.9991992293568321
1,1,0.9943245646160572
0,0,0.0014181434634170454
0,0,0.0009462806720527949
1,1,0.9139251051306447
0,0,0.0004446744620759968
1,1,0.7313398446605284
1,1,0.9999573538953133
1,1,0.9996543909448461
1,1,0.9999378677580848
0,0,0.0006291729246635461
1,1,0.999988065682117
0,0,0.0026875108822739147
0,0,0.002871245203752712
1,1,0.9807830387234365
0,0,0.0016822384461323055
0,0,0.0018476625004949165
0,0,0.003556769395401816
0,0,0.0013853214973069967
0,0,0.07645284292245104
0,0,0.004744810656877057
1,1,0.9998884038526461
1,1,0.997337717800383
0,0,0.0024027218816607796
1,1,0.9992042630506991
0,0,0.012610923472396963
0,0,0.0017992498950893238
0,0,8.35332281998822e-05
0,0,0.001291137827788238
1,1,0.990048910449503
1,1,0.999422120677698
1,1,0.9999973825563394
0,0,0.000792829580480075
0,0,0.002952825330743526
1,1,0.9295686890440553
0,0,0.002679713801882024
0,0,0.0019732321815951496
1,1,0.9726475213502064
1,1,0.9998177939054389
0,0,9.634800894683703e-05
0,0,0.028002828355048786
0,0,0.0001177835328000712
0,0,0.0010247923745585166
1,1,0.9999663535653127
1,1,0.9998394209038177
0,0,0.0009675710942733541
1,1,0.9990925136719379
0,0,0.018913300351250984
0,0,0.20919488468812303
1,1,0.9982447962806927
1,1,0.9985228610572607
0,0,0.005951964742814243
1,1,0.9999368482312635
1,1,0.996694699539496
0,0,0.000219580058266173
0,0,0.0016107876666466027
1,1,0.9990892163225709
0,0,0.0007677417490688429
0,0,0.00010280649136094114
1,1,0.9999742776091282
1,1,0.999860166469404
0,0,0.014109696799094618
1,1,0.9994700514376853
0,0,0.19734336964694932
0,0,0.0033481479866716785
1,1,0.9672984820371292
1,1,0.999867940367329
0,0,0.001170806541063737
0,1,0.7562904307037497
0,0,0.0014998879973000675
0,0,8.055138856432859e-05
0,0,0.013099321652879794
1,1,0.999909635959806
1,1,0.9911055035574571
0,0,0.00013007076449645595
0,1,0.6570870394274644
1,1,0.9986392096219517
1,1,0.9954075110938722
1,1,0.999997151649196
1,1,0.9996209400780328
1,1,0.9999160162586196
0,0,0.056198788709132225
0,0,9.771521982392063e-05
1,1,0.9847269277332839
0,0,0.002632986173402085
0,0,0.004180972397143431
0,0,0.0060744027746102505
1,1,0.9994764857373937
1,1,0.9998393578098448
0,0,0.0016083604645234814
0,0,0.004666468805310385
1,1,0.9999350198183927
0,0,0.003259212548442573
0,0,0.004592155672220458
0,0,0.001349971659986665
0,0,0.0032080510432412356
0,0,0.0020628832962104344
1,1,0.9998821589138132
1,1,0.9998424400943435
1,1,0.9990052884550874
1,1,0.9997420010729774
1,1,0.9903188307961454
0,0,0.005014280261527383
0,0,0.001245399339859126
0,0,8.385401770862905e-05
0,0,0.0015741067957097592
0,0,0.0017559923278670578
1,1,0.9999393468745487
1,1,0.9529513415388241
0,0,0.00023896464643206875
0,0,0.02163599873072342
1,1,0.9877859594535411
0,0,0.0011538023114155492
1,1,0.9998577619174687
1,1,0.9996630798496202
1,1,0.9986245495420046
1,1,0.9898556815516077
1,1,0.9724954654790925
0,0,0.001561927063685778
0,0,0.0015627880613282435
0,0,0.0005118129632442919
1,1,0.9520985260822264
1,1,0.9998836783184046
0,0,0.0032476412244978755
1,1,0.9742123494130603
1,1,0.9999986578566121
0,0,0.0015323629952623257
0,0,0.011673863332874087
1,1,0.9992867291707095
1,1,0.9997393772234661
0,0,0.0048468914624398805
0,0,0.0001290758277739732
0,0,0.06713719904434626
0,0,0.00732988917711469
0,1,0.7656855294119036
1,1,0.9987201936736853
1,1,0.763840352047672
1,1,0.9943774449125716
0,0,0.0005186292001942816
0,0,9.894215849228894e-05
1,1,0.9432215787659665
1,1,0.9998464083600308
1,1,0.9999901598166311
0,1,0.717567010528027
0,0,0.0038818624330629035
1,1,0.9627222755519963
1,1,0.9438791570092413
0,0,0.0022565242596906715
0,0,0.0012171188986223355
0,0,0.0020745322943824143
0,0,0.0016084564460185152
0,0,0.0016855570050556229
1,1,0.9997523102321927
1,1,0.9999429846778011
1,1,0.9999705079632443
0,0,0.0014513686130353514
1,1,0.9999730702523847
0,0,0.028384685400135706
1,1,0.9999276324623404
1,1,0.9997750223296554
1,1,0.9997812956714309
1,1,0.9978372982128042
0,0,0.0021151847797124634
0,0,0.0009982346384869985
0,0,0.0010974605583464554
1,1,0.9999747743381036
0,0,0.0013079623539481173
1,1,0.9999102915105755
1,1,0.9999448151558129
1,1,0.9974469419998903
1,1,0.9958656639503338
1,0,0.0018507887480218887
1,1,0.9997882756812733
1,1,0.9536596379484092
0,0,0.00026850065780031023
1,1,0.9775699625386722
1,1,0.9997842847449192
0,0,0.0005773464564558055
1,1,0.9999941350915893
1,1,0.9999726330854118
1,1,0.976334143892402
1,1,0.9794065095401415
1,1,0.9989441213389249
0,1,0.9995146511578339
1,1,0.9999691382641969
1,1,0.9997684486707507
1,1,0.7255221244169066
1,1,0.9993716455048866
0,0,0.01347490908509824
0,0,0.11930770975528236
1,1,0.9974953797171183
1,1,0.9999736795105455
0,0,0.008025795749531854
1,1,0.9999424722324147
0,0,0.0011747854484341943
0,0,0.00018495968985143512
1,1,0.998825357791097
0,0,0.00022423174126792484
1,1,0.9999595846822079
1,1,0.9860116986426067
1,1,0.9951342763900787
0,0,0.0054054467731688895
0,0,0.00059202010013727
0,0,0.0007691769094404046
1,1,0.9999835015780839
1,1,0.9861514828121088
1,1,0.9999152818868733
0,0,0.00016300155159826884
0,0,0.0012981006800661895
0,0,0.0034463030076865835
0,0,0.0015504971336364349
1,1,0.9998679233872932
1,1,0.9999727437061888
0,0,0.002470513510254998
0,0,0.0015989279875116952
0,0,0.004371527300695074
1,1,0.999747240907153
1,1,0.9981691241617084
1,1,0.9991172198972255
0,0,0.0004138958499815257
0,0,0.0012208941925322158
1,1,0.9998163975839842
1,1,0.9998373191701813
0,0,0.002457146927874129
1,1,0.9949103078531512
0,0,0.0004287025580753961
1,1,0.9997811021828611
0,0,0.006787634500212274
1,1,0.9999952285727973
0,0,0.04588377416680938
0,0,0.0015218068250443307
0,0,0.0012000251702354759
1,1,0.8610434683706067
0,0,0.001990643335662552
1,1,0.9999484527841926
1,1,0.9962573588718282
0,0,0.14589516402699762
1,1,0.9435589685314747
0,0,0.0013754862330655393
1,1,0.9536603467782699
0,0,0.0015645660953185186
0,1,0.6998468298757052
1,1,0.9998065836702313
1,1,0.9999770924030236
1,0,0.38558819875988026
0,0,0.0011720329131378639
0,0,0.042843206517560926
1,1,0.9998320246826322
1,1,0.9955194698506844
1,1,0.9601388227070093
0,0,0.055288324870729114
1,1,0.9996722266242114
0,0,0.0014871818077312716
1,1,0.9667859751055501
1,1,0.9999519671461939
0,1,0.8183553951904081
0,0,0.0013281291326652021
1,1,0.9999984787732719
1,1,0.9558889455648978
1,1,0.999982687906606
1,1,0.999938360512616
1,1,0.9999545396715226
1,1,0.9999333810057931
1,1,0.9879146517408223
0,0,0.0013973334328866607
0,1,0.7736422142763304
0,0,0.002923371196724657
1,1,0.9998116847688989
1,1,0.999810444354455
1,1,0.9461392771005301
0,0,0.006186548244560573
0,0,0.0005593207355477878
1,1,0.9998735092809773
1,1,0.9996739407361354
0,0,0.000501495862684496
0,0,0.0010004174897485147
0,0,0.0012012909759432397
0,0,0.00027073030525003944
0,0,0.0013160568479027139
0,0,0.003178454789645433
0,1,0.7184219707051808
0,0,0.001613071472908751
0,0,0.0009798948376623256
1,1,0.9995300528975629
0,0,0.0028710802938935525
1,1,0.9999983835661922
1,1,0.9996213371280551
1,1,0.9999836773478359
1,1,0.8802616712752318
0,0,0.037252084825142175
0,0,0.0004812177643444443
1,1,0.8913970232326802
0,0,0.0037858016161658632
0,0,0.0017549600859107625
1,1,0.9999877010808149
1,1,0.9487395954597521
1,1,0.9998672241849492
1,1,0.9995887746266128
0,0,2.6252334965719738e-05
1,1,0.9997806881218095
1,1,0.9405163431007615
0,0,0.0021815080299054726
1,1,0.7766237299919428
0,0,0.0008469581009847069
1,1,0.9893097399185211
1,1,0.9990157332615641
0,0,0.0052745811498551105
1,1,0.996469454394329
0,0,0.0032632660873166738
1,1,0.9961377120903043
0,0,0.00014293077137372647
0,0,0.4711912181266918
1,1,0.9997896058610639
1,1,0.999943749724344
1,1,0.9999984692738187
0,0,0.0025755488124036725
0,1,0.8432583021433003
0,0,0.001322292189362136
0,0,0.21583844392065718
0,0,0.0036182941242777476
0,0,0.0009064815982551747
0,1,0.7196449713296531
1,1,0.9854210732794468
0,0,0.01408602905165783
1,1,0.9998585180509683
0,0,0.0008659184423858783
0,0,0.00011255720237153858
0,0,0.0013126209316980334
1,1,0.9995049324263214
1,1,0.7564887357724956
1,1,0.9814478669631934
0,0,0.00015014713747127386
0,0,0.0011992381168624792
0,0,0.00010352710121058802
1,1,0.9967218366220358
1,1,0.9849872547263274
0,0,0.0007668390544470382
1,1,0.9836014003862591
1,1,0.7891601114967398
0,0,0.04802826372105332
1,1,0.9994369401978652
1,1,0.896869986427213
0,0,0.001220215143590332
0,0,0.015461143557970607
1,1,0.9982408041762113
0,0,0.0012302156316366837
0,0,0.03411790954711158
0,0,0.0013255862535710204
0,0,0.012049997892441587
1,1,0.99992755801338
1,1,0.9992896539842665
1,1,0.9703939964982333
0,1,0.8027746384180419
0,0,0.017808513540409993
1,1,0.9979802441551132
1,1,0.875108187649866
0,0,0.0008176712682976732
1,1,0.9999956346539296
0,0,0.04906757523117616
0,0,0.09396319751052516
1,1,0.9999283974107767
0,0,0.01123340403158074
0,0,0.0057157287707165026
1,1,0.9999895922683613
0,0,0.003885965224575277
0,0,0.04097588160380755
0,0,0.0010265252068947953
1,1,0.9289621648742934
0,0,0.003990570672041281
0,0,0.003804932550923637
0,0,0.000985134972673094
1,1,0.9000436051719497
0,0,0.0024661102302049724
1,1,0.9999129851583411
0,0,0.002263541480464128
0,0,0.000909133682867776
0,0,0.006086590393566839
1,1,0.9999880656066082
0,0,0.0015709036698809556
0,0,0.0824122679099609
1,1,0.9999199087078701
1,1,0.9563055862195619
1,1,0.9998105791929567
1,1,0.9548135770140376
0,0,0.0009567774094638475
1,1,0.9171654300810225
1,1,0.9694496429482511
1,1,0.9999179237933182
1,1,0.9998136214971106
0,0,0.0030389117909536464
1,1,0.9987513387587755
0,0,0.09460932394171247
1,1,0.9999902803729298
0,0,0.016075636019929725
0,0,0.0013061034195965052
0,0,4.0699219914701613e-05
0,0,0.00016563069528240703
0,0,0.0013858606138171926
1,1,0.9978306930840989
1,1,0.983155592801283
1,1,0.9993685541701215
1,1,0.9997979070563636
0,0,0.001498028258554311
1,1,0.9169247731940711
0,0,0.0012178860435137777
0,0,0.00151825310344321
0,0,0.0040498007560777795
0,0,0.00014538628546761489
1,1,0.9998707515098263
1,1,0.9688805141729816
1,1,0.9998683162445653
0,0,0.0011473176763561672
0,0,0.001531530971595599
1,1,0.9623874161837199
1,1,0.9940614256675809
0,0,0.0010345278887282452
1,1,0.9995694052464037
1,1,0.999361019981393
0,0,0.004060428415190541
0,0,0.0010241871965756125
0,0,0.008779002594374394
0,0,0.000616850782214263
1,1,0.9965179368708079
0,0,0.035082343617984214
0,0,0.0029116385760527726
1,1,0.9994495351893087
1,1,0.9998709554318926
1,1,0.9999568060742051
1,1,0.9997515478689141
0,0,0.010492792989357291
0,0,0.00595687487883273
1,1,0.6980633335975
0,0,0.00021958479538073316
0,0,0.0008834081241906167
1,1,0.9997842010364442
1,1,0.9987846946119833
1,1,0.9998421932227883
1,1,0.9994466405520755
1,1,0.999247032471831
1,1,0.9999892875605805
1,1,0.998723331296633
1,1,0.9942702402803487
0,0,0.013127956718317166
0,0,0.0005667018106564846
1,1,0.9998630020007475
0,0,0.0018949382006139004
1,1,0.9995199531632031
1,1,0.9521205395393799
1,1,0.9997786924484937
1,1,0.6851265276969053
1,1,0.9994605716694737
0,0,9.496487458044558e-06
1,1,0.9999783728606694
0,0,0.0010802481459819579
0,0,0.006826669718058725
1,1,0.9999891347487005
1,1,0.989717773496256
0,0,0.00011780087759977648
0,0,0.0038818876175066063
1,1,0.9070123833129569
0,0,0.0023077466055317
0,0,0.002306448333273998
1,1,0.9999390446096461
1,1,0.9999185072819072
0,0,0.00047647541915554943
0,0,0.004333941845782594
1,1,0.9812926369126336
0,0,0.0061019324846022256
1,0,0.00019919589368215542
1,1,0.8620700933850269
1,1,0.9999572307569414
1,1,0.9997142202797836
1,1,0.9901241467441627
0,0,0.000983453631153956
1,1,0.9998886803043943
0,0,0.0011513358627933924
1,1,0.999889612643395
1,1,0.9999129855487402
1,1,0.9997611957849202
1,1,0.9996949586556481
1,1,0.9999740507071647
0,0,0.00019986287172350068
1,1,0.999979802179838
1,1,0.9927186797575391
1,1,0.9974253414061786
1,1,0.9999066581503674
0,0,0.0005488814758472626
1,1,0.9999394890596518
0,0,0.001757576656919815
0,0,0.0008381233290622542
0,0,0.0013152868998023896
0,0,0.002471683132832012
0,0,0.00512958204158817
0,0,0.00036181616195814996
0,0,0.009678232016810097
1,1,0.9998296582576289
1,1,0.998153533335605
0,0,0.0037424349107772984
0,0,0.0032058933052863366
1,1,0.9992804461760882
1,1,0.990057480284836
0,0,0.007418023149736945
1,1,0.9277390724196332
0,0,0.0017399371074063186
0,0,0.0017310795483532104
1,1,0.9999828793733749
0,0,0.002912797151812708
0,0,8.680876851604669e-05
1,1,0.9996980176636944
0,0,0.004408968093659618
1,1,0.9999755847644856
1,1,0.9998751099932899
0,0,0.00038342855759603223
0,0,0.00037631587812322247
1,1,0.9999904452388755
1,1,0.9946814291140407
0,0,0.003575274103909962
1,1,0.9998503805940923
0,0,0.0013594853245048313
0,0,0.080803352176498
1,1,0.9862921175778405
0,0,0.00044899758291602006
1,1,0.99998873096783
0,0,0.0015303055983370163
1,1,0.9999591523108636
1,1,0.9998560447984951
0,0,0.0005502026697666497
1,1,0.9999785396493712
0,0,0.0021205542945702135
0,0,0.0010698008938539979
1,1,0.9946367530720228
0,0,0.015582444821743802
0,0,0.025429690706288775
0,0,0.0001112555714443513
1,1,0.9998439195189106
0,0,0.0013241534494602013
1,1,0.9905316258830235
0,0,0.00038221592008568715
1,1,0.9598117625331927
0,0,0.003477059688680709
0,0,0.00048660351810054614
1,1,0.9914851066283868
0,0,0.006570721850057488
1,1,0.8924681904838374
0,0,0.0006121668817052213
1,1,0.7260088113158844
0,0,0.005615734737451889
1,1,0.9992425804706115
0,0,0.0006388651265437576
1,1,0.9999853216119213
1,1,0.999951423479667
0,0,0.00043928278023194284
1,1,0.9847875458959323
1,1,0.9896845847289343
0,0,0.0029579316757933623
0,0,0.0019752191542743982
0,0,0.0005389847065310349
1,1,0.9999901012444288
0,0,0.0006685907867832552
1,1,0.9995209356727126
0,0,0.0019214707709201738
1,1,0.9999004829762089
1,1,0.999322792631473
1,1,0.9998717592217106
0,0,0.015370194425560639
1,1,0.9999169577882899
0,0,0.0017263117975620786
1,1,0.9993575657044864
0,0,0.0007649463807131634
1,1,0.9948001201598214
1,1,0.9993716311150914
1,1,0.9997394404860176
1,1,0.996469490908624
0,0,0.0019502257979014405
1,1,0.9746296596746583
1,1,0.9215117352656895
1,1,0.9999247118691144
0,0,0.0015675749369308697
0,0,0.02049986285537141
1,1,0.9996523201940877
1,1,0.999929438493201
0,0,0.002507167845353209
0,0,0.08015073546748466
1,1,0.9998797227099017
0,0,0.0019776790440118814
0,0,0.00014447584352137138
1,1,0.9880497213132906
0,0,0.00014536839248344453
1,1,0.9999103114207532
0,0,0.0017517017503005231
1,1,0.9278841910852763
1,1,0.9998315792614042
0,0,0.001458930697511428
1,1,0.9999785214061181
1,1,0.5074598153809442
1,1,0.9893465298256344
0,0,0.0043359406643262936
1,1,0.9719053223449216
0,0,0.002927393170012526
0,0,0.00015952540581900775
0,0,0.003003388265342111
1,1,0.9999618076056267
1,1,0.9000006481630303
1,1,0.9999114524057228
0,0,0.0010486291278766061
0,0,0.016552354584640955
1,1,0.9872873831464984
1,1,0.9644498375219628
1,1,0.9995045839566504
0,0,0.000541111584150682
1,1,0.9995049062325295
1,1,0.9157877303176601
1,1,0.9950361407447365
1,1,0.9998572980810565
1,1,0.9997786076700651
1,1,0.9999109721687218
0,0,0.03756641092792994
1,1,0.9218849910952269
1,1,0.9999944209663543
0,0,0.0022567677968588543
0,0,0.00026350027542467694
1,0,0.017918842682448158
0,0,0.0032615883657674477
0,1,0.5633718563464967
0,0,0.0010071793850802225
1,1,0.9999535039630267
0,0,0.0017868535953286305
0,0,0.35233795428017983
1,1,0.9996558476875497
0,0,0.0024726200312483377
0,0,0.00024199792569441127
1,1,0.9971096971216514
0,0,0.0016632073295003756
0,0,0.002420531088201021
1,1,0.9999413367182634
1,1,0.8427566789829657
1,1,0.9906393252896617
0,0,0.00011125695086979683
1,1,0.9452993943844676
1,1,0.9985330399901142
0,0,0.0003533024080599392
1,1,0.9997806029654258
1,1,0.999926321492219
0,0,0.001841046083459874
1,1,0.9766066791951628
1,1,0.9999864657361726
0,0,0.00014538880223272164
0,0,0.0022138190183543555
1,1,0.8752733585630108
1,1,0.9969588966315166
0,0,0.0011062757211211418
1,1,0.9997391155257118
1,1,0.9997269290834703
1,1,0.9998638866253363
1,1,0.9239487716301099
1,1,0.9999143731958715
0,1,0.9404807419424172
0,0,0.0017581264496285152
1,1,0.9996286836180791
0,0,0.0003278638078495746
1,1,0.9999891170292985
1,1,0.9512048195021652
0,0,0.00012894536512497482
1,1,0.9999289847588283
0,0,0.004933778280891479
1,1,0.985076506552031
0,0,0.0039986355965906445
0,0,0.0005513898015981598
1,1,0.8394533183741326
1,1,0.9997868885286251
0,0,0.0198874095615309
1,1,0.9999308640881432
1,1,0.9999429936796368
0,0,0.01013183313360227
0,0,0.002045197375767433
0,0,0.0013538028627572017
0,0,6.891482658832304e-05
1,1,0.8821753809957716
1,1,0.9999628127867606
1,1,0.999963042891931
0,0,0.0002865583107698459
1,1,0.876355996439632
0,0,0.001107777264184772
1,1,0.9999900534278097
1,1,0.9996587468237236
1,1,0.953436506258348
0,0,0.002233711543703056
0,0,0.0015167178620281146
0,0,0.0006415800808910224
0,0,0.005291896680617002
1,1,0.9989837182520016
1,1,0.9122183406707497
1,1,0.9999705464832684
0,0,0.002093148204827718
1,1,0.8783390969499634
1,1,0.9364328757843172
1,1,0.9999449551012503
0,0,0.0007649136584542309
0,0,0.0011642136445785061
0,0,0.0017588822263447585
1,1,0.9998942572648848
0,0,0.0014835447940495545
1,1,0.999184977723563
1,1,0.9953064565685764
0,0,0.00195341061828251
1,1,0.9982431777253074
0,0,0.0008176919615591024
0,0,0.0033480904974306797
1,1,0.9914667037208181
0,0,4.987018982324478e-05
0,0,8.681262805787737e-05
0,0,0.014271336213723949
0,0,0.0005014885480621959
1,1,0.9999470926275248
0,0,0.0016427076223896875
1,1,0.9956997401665098
0,0,0.0029371790220190305
0,0,0.0005365759317543054
0,0,0.0022902808823424613
0,0,0.09561177444507701
1,1,0.9846321961223269
0,0,0.0007009960062083534
1,0,0.009723537781776832
1,1,0.999996615222508
0,0,0.0005249873884455519
0,0,0.001653653444653081
0,0,0.11910784547406182
1,1,0.9989273912676389
1,1,0.9999196705457649
1,1,0.9701160197150215
0,0,0.0012161714029103514
1,1,0.9999720962804161
0,0,0.012559423822333392
0,0,0.023995830823862165
1,1,0.9998504627005365
0,0,0.0005119401658756252
1,1,0.988275558885188
0,0,0.0009949326138287253
1,1,0.9554730935587262
1,1,0.9999721000890184
0,0,0.0015935260973481964
1,1,0.9996219080625531
1,1,0.9999487644611251
0,0,3.7289120347997527e-05
1,1,0.9898096351095721
0,0,0.001584642333180765
0,0,0.001664953463169936
0,0,0.015670257471012392
1,1,0.9435748778453141
1,1,0.9921381710161726
1,1,0.9999916854345282
0,0,0.0017393855874933105
0,0,0.00010371482946255053
0,1,0.9828044318591049
1,1,0.9998768802115646
0,0,0.0036971051592756656
0,0,0.25347647222252895
0,1,0.8994478530219497
0,0,0.00031965311194245795
1,1,0.8805430744377406
1,1,0.9996123328636863
1,1,0.9999965236271156
0,0,0.0005937900543611803
0,0,0.0001045791216681649
0,0,0.0029243977690024676
0,0,0.0036286055518016144
0,0,0.03750281884768144
1,1,0.6525772379194715
1,1,0.9998550707140157
0,0,9.5078991661517e-05
1,1,0.9936750133901829
1,1,0.9994298480639248
1,1,0.9997991527970512
1,1,0.9980011002779829
0,0,0.003235373294793987
0,0,0.009607674507387295
0,0,0.026988597611027187
0,0,0.001281067191302441
0,0,0.1525707791397984
1,1,0.9999926895287955
0,0,0.0007554245157411175
0,0,0.001564442830460619
0,0,0.0011576804372535436
1,1,0.9994653638027137
1,1,0.9999315423828904
1,1,0.9686937261477807
1,1,0.999622670114648
0,0,0.0005543022537872912
1,1,0.999990280265923
0,0,0.01482977488985863
1,1,0.9717213186855664
0,0,0.0013999885217809364
0,0,0.12094578700030927
0,0,0.0015508437953533547
1,1,0.9998420064804376
1,1,0.9999827536028981
0,0,0.0018101514479348072
0,0,0.003261655401738804
0,0,0.0012649697712931386
0,0,0.0006065593757856975
0,0,9.488664470960454e-05
1,1,0.8581041380189778
0,0,0.0006987227784415443
0,0,0.004259856954785484
1,1,0.9935178961113662
1,1,0.9999381799710292
0,0,0.001661491089365261
1,1,0.9341981282793039
1,1,0.7988479182467405
0,0,0.0002471298810948425
1,1,0.9996062417277165
1,0,0.35384506924577647
1,1,0.9999743617788067
1,1,0.9804235773689848
0,0,0.0013873712337472426
0,0,0.0014653259861614144
1,1,0.999760041832475
1,1,0.9982924037719774
0,0,0.0005676805171014827
0,0,0.006080293378796098
1,1,0.9999257605932852
0,0,0.00014447660508501092
1,1,0.9999753342359301
0,0,0.08275008918517049
0,1,0.7081765625118636
1,1,0.99939524886208
0,0,0.031143018460288968
1,1,0.9998942531268944
0,0,0.002111285414653823
0,0,0.001963710190766555
1,1,0.9359948351629775
1,1,0.9997657329868045
1,1,0.9884908697709769
0,0,0.29921704141229905
1,1,0.8091307631601006
0,0,0.002446192713254672
0,0,0.0018842326387247903
1,1,0.9809494258934751
0,0,0.0025983288948541543
0,0,0.00038671846941350463
0,0,0.0012580042366473125
1,1,0.9997071541593114
1,1,0.9776793147972067
1,1,0.9999322978030972
0,0,0.11984219566873415
1,1,0.999844899987504
1,1,0.9528094965674362
0,1,0.9469469332543622
1,1,0.9750334985126938
0,0,0.003610183970487688
0,0,0.004504640491548608
1,1,0.9999927048474002
1,1,0.9555754381220108
0,0,0.017520691385514334
1,1,0.9999312650091651
1,1,0.9996837867935102
1,1,0.9994646035892085
1,1,0.9867585949153462
0,0,0.012468997534763259
1,1,0.9965391521174718
1,1,0.999958717141506
0,0,0.011125941146572737
1,1,0.8921478722345707
1,1,0.9523570097307991
0,0,0.00011342136378529578
0,0,0.0011080072511497705
0,0,0.0014639112779074326
1,1,0.9999890655657336
1,1,0.9907632699220184
1,1,0.993904609734237
0,0,0.0017620978272154194
1,1,0.9877095336710696
0,0,0.0017114245821811165
1,1,0.9586525272772212
0,0,0.1313500371155057
1,1,0.9993337832969743
0,0,0.0013246187536833098
0,0,0.009311166308575217
1,1,0.9993716569522817
1,1,0.9902547650495269
0,0,0.0024944456904113545
0,0,0.0020331836551119717
0,0,0.0016150467556056668
1,1,0.9985008031860102
1,1,0.9867598856052665
0,0,0.0024671364505723103
1,1,0.9857193256717917
1,1,0.9999761373537924
0,0,0.0016920939334859357
1,1,0.9996796044200374
0,0,7.001783112373124e-05
0,0,0.0019704609367767294
0,0,0.0014622936034253365
0,0,0.0012332721120970785
0,0,0.0273137997452359
0,0,0.000633865236088061
0,0,0.0005475657611959437
1,1,0.9999307997081022
0,0,0.0004771571520098506
0,0,9.78188835643427e-05
1,1,0.999806216159419
0,0,0.0017888864701442663
1,1,0.9998419954306479
1,1,0.9998275849678119
0,0,0.0016251934501692173
1,1,0.9514842396265483
1,1,0.9961375786183676
0,0,0.0013721296687308562
0,0,0.0009744728121824565
0,0,0.009143971992173705
0,0,0.0005260838879279656
0,0,0.001516061250895174
1,1,0.9999170309605369
1,1,0.9998286287213421
0,0,0.40648034708001457
1,1,0.9946427346919386
0,0,0.022677467149008906
0,0,0.02857916930152714
0,0,0.0007155007494677084
1,1,0.9999990805098197
0,0,0.0017638979727362322
1,1,0.9999632819384814
0,0,0.007350348358804952
0,0,0.002015540786442457
0,0,0.0012957546213208046
1,1,0.999907820680743
0,0,0.001170074750487539
1,1,0.91198479253525
0,0,0.006459075801319403
1,1,0.999996523354277
1,1,0.9953243540828399
0,0,0.0025866918903858227
1,0,0.4222880894911022
0,0,0.00018792254051637635
1,1,0.9990457931178255
1,1,0.9937370461487275
0,0,0.028386834448821417
0,0,0.0015745706599471017
1,1,0.9999366483002764
1,1,0.9998870486239371
1,1,0.999256272955646
0,0,0.0016802633790537916
1,1,0.9998941488889735
0,0,0.11179221862058894
0,0,0.017356037579568374
1,1,0.9883593669267028
0,0,0.3731666246234896
1,1,0.9997142217571324
0,0,9.198413222483622e-05
1,1,0.9999594993151976
0,0,0.0005034481126245763
1,1,0.9998025426374658
0,0,0.004143828526501224
0,0,0.002362399324614401
0,0,0.001173215945038297
1,1,0.9999391766983826
0,0,0.0005249984463721448
0,0,0.0010586286884264379
1,1,0.888097050716117
0,0,0.0012535783442073675
1,1,0.9905540175688367
0,0,0.0038922528381790888
1,1,0.996694372705574
1,1,0.995319622522287
1,1,0.9967274242828137
0,0,0.020971476869215824
0,0,0.0019304632880295862
1,1,0.9999936607546616
1,1,0.9762722672826954
0,0,0.0033986742244403105
1,0,0.0004769016628692122
0,0,0.0024732065224886833
1,1,0.9999951860199655
0,0,0.0016674230621104332
0,0,0.0006225293959081099
0,0,0.00014173794889618365
0,0,0.002039213250276947
0,0,0.0003683336655806839
1,1,0.9999879817453426
0,0,0.0005643491224447086
1,1,0.9013566355503672
0,0,0.002764810802800951
1,1,0.9994193329644138
1,1,0.9991966119095508
0,0,0.001679479284623568
0,0,0.0006293505433905235
1,1,0.9987264579295979
0,0,0.0018444094837305933
0,1,0.8759489186714464
0,0,0.0013577685245247028
0,0,8.476421428090005e-05
1,1,0.9999468176240752
1,1,0.9998083707436336
1,1,0.9998777964041826
0,0,0.0044548654908742515
1,1,0.9708085568058846
1,1,0.9386400923624395
1,1,0.9999544420348185
1,1,0.9998922202122968
1,1,0.9998062213861668
0,0,0.00494429216653312
1,1,0.9987181747257329
0,0,0.00010678910395977122
1,1,0.9999985816928606
0,0,8.336536998301087e-05
0,0,0.003027841088359379
1,1,0.9995159898832268
0,0,0.0015157474248997597
0,0,0.0017310509550035906
0,0,0.1524289298577668
1,1,0.7280147465720165
1,1,0.9676947682917187
1,1,0.999875019163636
1,1,0.9964695856631627
1,1,0.9999916853043664
0,0,0.003622118716292371
0,0,0.0007569744602793297
1,1,0.9993302662013822
0,0,0.004877367878028043
1,1,0.9976492232296645
1,1,0.9979408587066394
0,0,0.0005056709994145823
0,0,0.012562505708441307
0,0,0.0005951073276004445
0,0,0.0014911340499785043
1,1,0.999997355952898
0,0,0.004001175668941378
1,1,0.9996948149358562
0,0,0.0014220571412803932
0,0,0.02838695173537946
0,0,0.015976980718959467
0,0,0.00014539201987511205
0,0,0.00200175382892308
1,1,0.9994442305222611
1,1,0.9957348615078615
1,1,0.9847044411544424
0,0,0.0008665997111802571
1,1,0.9999874272977035
0,0,0.0027683216552938147
1,1,0.9843950808295481
1,1,0.9994298484462657
1,1,0.9963948284826214
1,1,0.9771402238953079
1,1,0.985772260007902
1,1,0.9967956237343856
0,0,0.011040277869548995
1,1,0.9222854765741015
1,1,0.9963950350867636
1,1,0.9997666928049485
1,1,0.9962746265642939
0,0,0.008480135627947359
0,0,0.01313060375838823
1,1,0.9964695010711445
0,0,0.002907027507206966
1,1,0.9998462727932681
1,1,0.9969377179694421
0,0,0.00021413614670682504
1,1,0.9999443264384946
0,0,0.0020794912100439355
1,1,0.9999248853684859
1,1,0.9723172358688623
0,0,0.0012315420750179608
0,0,0.008449258412834986
1,1,0.999973522911956
0,0,8.768682499545856e-05
0,0,0.001190670271121947
1,1,0.9999810382045086
0,0,0.06605568364350276
0,0,0.00364806532282067
0,0,0.1756156730831174
1,1,0.963616106686166
0,0,0.008127673083845688
0,0,0.0027034542744983534
1,1,0.9998935187290285
0,1,0.8298215248012518
0,0,0.14179702843355435
1,1,0.9997595818031337
0,0,0.012725487120736276
0,0,0.016652116567619717
0,0,0.0027066657987412043
0,0,0.019876253808605825
1,0,0.17527340735080554
0,0,0.0014892959709013602
0,1,0.7038776522842034
1,1,0.9995785497521829
1,1,0.9994875009227993
0,0,0.0032519290237927696
1,1,0.9998294049826585
1,1,0.9999756081726058
1,1,0.999983682993514
0,0,0.00036445930888169656
0,0,0.013145623276982097
1,1,0.9159422497004507
1,1,0.995236780304219
0,0,0.013689842751023668
1,1,0.9992416478850432
1,1,0.9999342729264772
0,0,0.0013892286159436025
1,1,0.9998903754081424
1,1,0.9999354035312744
0,0,0.0012987399400283086
0,0,0.3007771364299773
1,1,0.9979251840905252
0,0,0.00767747357839291
0,0,7.418682204682281e-05
0,0,0.03144875108976275
1,0,0.4852077125364802
0,0,0.0019945628451492206
1,1,0.9999171148183856
0,0,0.001701682073754069
0,0,0.00010371782526882784
0,0,0.03887269912391928
1,1,0.9997071537675033
0,0,0.010224604364892644
0,0,0.0005340188228131902
0,0,0.2686784497890245
0,0,0.001616175145743647
1,1,0.9994956807182158
0,0,0.0019467775724007585
1,1,0.9998822758249835
1,1,0.9662483394531907
1,1,0.9942720982658485
1,1,0.999157873299227
1,1,0.9999801159039142
1,1,0.9999636306038985
0,0,0.0014674364440320695
0,0,9.189512715371083e-05
1,1,0.999928659026768
1,1,0.9998829117442951
0,0,0.20079848611012813
0,0,0.0029370016740409336
0,1,0.9310070735319192
1,1,0.999906975636292
0,0,0.0018724513653686557
0,1,0.6195810678258905
1,1,0.9997713654055463
0,0,0.004877377443542461
1,1,0.999671848567236
1,1,0.9998258369768241
0,0,0.003416762519407687
0,0,0.0014747033365548924
0,0,0.02838830312837388
0,0,8.947327133602731e-05
1,1,0.9998806353771831
0,0,0.08482331852364314
1,1,0.9999360152567707
1,1,0.9713515986571247
0,0,0.0094019998847636
0,0,0.004116777265344436
0,0,0.005273841964329863
1,1,0.9999694782663143
0,0,0.0005906824152193164
0,0,0.0012349593278538759
0,0,0.0006131570637073241
0,0,0.025134966432621926
1,1,0.9809704676333947
0,0,0.018144091376761463
1,1,0.9866457488898384
1,1,0.9991734101105072
1,1,0.9996478212915392
0,0,0.0016106273111466062
1,1,0.9993937064437415
0,0,0.002034075428173795
1,1,0.9993894005680958
1,1,0.9994495335900726
1,1,0.9999684365141894
1,1,0.9999358908576722
1,1,0.950252234139233
1,1,0.999913487329433
0,0,0.004365943672183053
0,0,0.44272455596704474
0,0,0.007962539582804776
1,1,0.9999813786231531
1,1,0.9996129556182363
0,0,0.001620923315831936
0,0,0.13426011066477042
1,1,0.9998949638654283
0,0,0.001432431406569667
1,0,0.0015113802254651347
0,0,0.009576247043431596
0,0,0.0037042288510214126
1,1,0.9994997635405284
1,1,0.9388100930671818
0,0,0.0017657177277132588
1,1,0.9234916330515863
1,1,0.9998742724989182
0,0,0.0017974366772316023
1,1,0.9904247358116247
0,0,0.004375928804000834
1,1,0.9946884491637482
1,1,0.9999743012588019
0,0,0.0018391328948857454
1,1,0.9999315431642987
1,1,0.9999652485548204
0,1,0.9534076675369287
1,1,0.8771772511313272
1,1,0.9999631309681439
0,0,0.0015237124101863387
1,1,0.952034946028617
0,0,0.0012795065660434319
0,0,0.0005698576722374132
1,1,0.9999914080525495
1,1,0.9934821108258679
0,0,0.001410054374245752
1,1,0.9967951194086383
0,1,0.9230594098691743
0,0,0.00010222271959993454
0,0,0.006054781125722109
0,0,0.008352861428588512
1,1,0.9998236644074219
1,1,0.9999153680664193
1,1,0.7917455254010868
0,0,0.0005609043294762144
0,0,0.003973021979091913
0,1,0.751089248647773
1,1,0.9993924208479207
1,1,0.9999888143680139
0,0,0.0012800448423329943
0,1,0.6942271867429363
1,1,0.9799274312893735
0,0,0.018590715741176253
1,1,0.9802939349805648
1,1,0.990863353685517
1,1,0.9999203471311013
1,1,0.9993608780619525
1,1,0.9961378669296514
1,1,0.9846961535899194
0,0,0.0017442597330634662
1,1,0.9929001990483308
0,0,6.867728079714822e-05
1,1,0.9728906323410845
1,1,0.9999877003542877
1,1,0.9939098700481855
0,0,0.007252224697874287
0,0,0.0027849391812580413
0,0,0.0016969257858324366
1,1,0.9989955401124349
1,1,0.8968499560855346
1,1,0.9943884722778731
0,0,0.010467294393507891
0,0,0.0015767805063045823
1,1,0.9999197089597618
1,1,0.8653245294974545
0,0,0.0042137780983598425
1,1,0.9995050883181692
1,0,0.44185750616680747
1,1,0.9910687924966902
1,1,0.9999254201615871
0,0,0.0018148760932580738
1,1,0.9934099774461597
0,0,0.0010355354892163339
1,1,0.9999878006686559
0,0,0.006602662377060626
0,0,6.212237842149466e-05
0,0,0.0019071181386885708
1,1,0.9986129225796395
0,0,7.110642040790489e-05
0,0,0.008175420970324122
1,1,0.9908547732778089
0,0,0.0014640538680793414
1,1,0.9967954612479583
1,1,0.9998981278072687
1,1,0.9992864822338341
1,1,0.9999612133138548
1,1,0.9639217930080566
0,0,0.3332070996078317
0,0,0.0020850243549047865
0,1,0.8737793552897316
0,0,0.0021617892091233817
0,0,0.00032061663280956616
0,0,8.890262189462157e-05
1,1,0.9997808559625836
1,1,0.999962319881471
1,1,0.9997107173006258
1,1,0.9999185544680411
0,0,0.0008509285307626379
1,1,0.9977769872843099
0,0,0.001592507810804159
1,1,0.9999626950654805
1,1,0.999688986646461
0,0,0.003457346954711395
0,0,0.0041483680493005146
0,0,0.0033062853619400074
1,1,0.933828558930414
0,0,0.0013645405525133788
1,1,0.9999253821287665
1,1,0.9999541168169975
0,0,0.0014623515693339795
1,1,0.9996648738974628
0,0,0.0015412036965422385
1,1,0.9999753628292545
0,0,0.0009143153670704552
1,1,0.9556316366907144
0,0,0.0023893840562907377
1,1,0.9999685945366263
1,1,0.9998344275246622
1,1,0.9556318876228663
0,0,0.004723308697425545
0,0,0.0789808389790403
1,1,0.9983385849185581
1,1,0.9971294182500176
0,0,0.0010197929026953937
1,1,0.9998024154195134
0,0,0.0030297239116806617
1,1,0.9998133053169842
1,1,0.9996729755752652
1,1,0.999926458391195
0,0,8.982033670190067e-05
0,0,0.0003371110739290473
0,0,0.0008865022606552212
0,0,0.0013820849025671462
0,0,0.15645039583736756
0,0,0.0010149388498687751
0,0,0.06929545133310046
1,1,0.9998957411008821
1,1,0.8990997068661727
1,1,0.99999698766022
0,0,0.02322603290159974
0,0,0.00028976134431505306
1,1,0.999865707568459
0,0,0.001366305932746854
1,1,0.9997684312899863
0,0,0.0006208709376116331
0,0,6.227265869410352e-05
0,0,0.10952893118873025
0,0,0.0008527835439400975
0,0,0.00013109019901884355
1,1,0.9550658672712402
0,0,0.00010678792305735624
1,1,0.9940943496587092
1,1,0.9917249941402305
0,0,0.0014353443369398509
0,0,0.001316738703283229
0,0,0.003412868831145086
0,0,0.0012951560676267406
1,1,0.9996388976548738
0,0,0.016781870522904564
1,1,0.9966777761600877
1,1,0.9996461256192153
1,1,0.9999925502864947
1,1,0.963921788437161
1,1,0.9994452627797735
0,0,0.0012355604361109932
1,1,0.9818232058922024
1,1,0.9723124658122869
1,1,0.9996953378044147
1,1,0.9996870018361068
1,1,0.841513570792937
1,1,0.9999897499958933
0,0,0.0016439943760823983
1,1,0.9999222420072439
0,0,0.012487470889312248
1,1,0.9810049496120068
0,0,0.007679479807651251
1,1,0.9999291335321782
1,1,0.9997887775685864
1,1,0.9980851680784152
0,0,0.037566978899147355
0,0,0.02723487091354441
1,1,0.9990153890841673
1,1,0.9999868468260498
1,1,0.9851710621845395
1,1,0.8958349835444019
1,1,0.9910204588368603
1,1,0.8995192682088722
1,1,0.5985507828102911
0,0,0.020278814055115935
1,1,0.9978111716280746
1,1,0.9999248755064299
0,0,0.0016463527802061699
1,1,0.9995538009803693
0,0,0.00010351136382068856
0,0,0.001126853065171809
1,1,0.9998858726350592
0,0,0.002847027351149955
1,1,0.9976513389858324
0,0,0.0008657632847870687
0,0,0.022989530669029635
0,1,0.943072261646271
0,0,0.0009644023524918086
1,1,0.9978382162583335
0,0,3.728905113903538e-05
1,1,0.9959326395912645
0,0,0.00020315257542029172
1,1,0.9999623220486455
1,1,0.9951797147065857
1,1,0.9999983937257746
0,0,0.0145287671387745
1,1,0.8679840709835033
1,1,0.9806147875327362
0,0,0.0014436308531521921
1,1,0.9997684998535856
0,0,0.0007525739411130416
1,1,0.9733059767241358
1,1,0.9982967044275375
0,0,0.0021680580929225924
1,1,0.9999086111931453
1,1,0.9990818043177676
1,1,0.9756908895528352
0,0,0.001763500294270509
1,1,0.9999805495659015
1,1,0.9928686890733468
1,1,0.9999965244623128
0,0,0.0009304895631816289
0,0,0.0013896460559350743
0,1,0.6371567976161533
1,1,0.9741611661328798
0,0,0.013474770427677286
1,1,0.9964694844861411
1,1,0.9999420154327425
0,1,0.9291784811124696
0,0,0.0029810132029651076
1,1,0.9883831978933707
1,1,0.9999495492824825
0,0,0.00013591059595288062
1,1,0.9413387816463115
0,0,0.0015855900495637153
0,0,0.00015681394198650706
1,0,0.0008391912747089462
1,1,0.9997803944039602
1,1,0.9999155362396448
1,1,0.9992992096907458
1,1,0.9994927808671021
1,1,0.9808751074911249
0,0,0.013474826627974447
0,0,0.0009762519815432849
1,1,0.9936005748184629
1,1,0.9997308877798103
0,0,0.0009107564496072299
1,1,0.9999742257198199
0,0,0.0008469494689881428
1,1,0.999974121938096
0,0,0.001190258465055186
0,0,0.0010418651057955946
0,1,0.8208277203376028
1,1,0.999946359249479
1,1,0.9998330639122218
1,1,0.9998488832161128
1,1,0.9993388986725232
1,1,0.9999020221588787
1,0,0.002098613773572257
1,1,0.9997014964704944
1,1,0.9947451512657374
0,0,0.00010137259840665407
1,1,0.6741210666183262
1,1,0.9999940830811612
1,1,0.9935308946731601
0,0,0.01347467488191089
1,1,0.9926013810444713
1,1,0.9978341401204955
1,1,0.999870403391636
0,0,0.045885217473803995
0,1,0.7348341095899728
1,1,0.9967703608985005
0,0,0.03887308392095899
0,0,0.0018683387552252844
0,0,0.004862161579600787
1,1,0.9981677222251648
0,0,0.0062207211212159455
0,0,0.000476171519782451
0,0,0.013838631082471015
0,0,0.0034091280545735076
1,1,0.9639214676397159
1,1,0.8633175393072255
0,0,0.005743439176724238
1,1,0.99998430720673
1,1,0.8094156064351775
0,0,0.0014114610781411133
0,0,0.00044233430789608543
0,0,0.15414699548542982
0,0,0.04037423287217464
0,0,0.01907954799771828
1,1,0.9999697607196772
1,1,0.9420318005645127
0,0,0.0007196816485611743
0,0,0.0031077436388039495
0,0,0.002219083243091796
0,0,0.010905696275789285
1,1,0.9067605923404648
1,1,0.9850877398888422
1,1,0.9983137392327516
1,1,0.9982736484697876
0,0,0.0033783754723067643
1,1,0.9999825151678606
1,1,0.9999867617393514
0,0,0.0005250029727171584
1,1,0.9849652322444681
1,1,0.9999855844717114
0,0,0.029738336070296703
1,1,0.5814647638212409
0,0,0.017366102682799433
1,1,0.9547059561693361
1,1,0.9996668826476864
1,1,0.9536628321582294
0,0,0.02746677198087213
1,1,0.9999945971514456
1,1,0.9763592304858854
1,1,0.9999785180736618
1,1,0.9996648748858904
0,0,0.001701158934717486
0,0,0.12278930658869629
0,0,0.014430593675076936
1,1,0.9997787233901041
1,1,0.9999428932005104
0,0,0.0014544137733546072
0,0,0.00012046216773738613
0,0,0.001296283425489542
1,1,0.9999919178164438
0,0,7.537679960063256e-05
1,1,0.9999913958350359
0,0,0.011297080169594081
1,1,0.9999388415775743
0,0,0.003884868645916015
0,0,0.0014842551342431748
0,0,0.0006742623195586324
0,0,0.0014355337243000769
1,1,0.9926576167919482
0,0,0.3328802424671999
0,0,3.806527284555494e-05
1,1,0.8054185064098739
0,0,0.007503109133264258
1,1,0.9999805580690486
1,1,0.9730935070356908
0,0,0.0039804883948405196
1,1,0.9695539297632139
1,1,0.7034041534292116
1,1,0.9991386391053779
0,0,0.0016421219739548984
1,1,0.99990072675876
1,1,0.9999298103429002
0,0,0.0011258404845525037
0,0,0.005272410022763775
1,1,0.9887384121801277
0,0,0.0015542541447044784
1,1,0.9999484300168351
1,1,0.9997253822581279
1,1,0.9999064343360691
0,0,0.000984440212381939
1,1,0.9994935350949242
0,0,0.004036150109210971
0,0,5.519498411915811e-05
0,0,0.0004761667506656868
0,0,0.0016195386597203966
1,1,0.9998805906677012
0,0,0.001377466643639435
1,1,0.9999460730012049
0,0,0.0023836907029652077
0,0,0.006263016518765835
0,0,0.08105364758470592
0,0,0.004022974998048877
1,1,0.9139125388056768
1,1,0.9999016640324346
1,1,0.9997370454920802
1,0,0.32456058122205195
1,1,0.9999521260971835
0,0,0.3461553761947029
0,0,0.0033769024669615443
0,0,0.000795573838973014
1,1,0.9997633630506346
0,1,0.9673768379914018
1,1,0.9994298419820227
1,1,0.7472875311141808
1,1,0.9998193525144299
0,0,0.040289061147856756
0,0,0.001408096269999534
0,0,0.042968434019900574
0,0,0.005293596586456556
1,1,0.9987818655975544
1,1,0.999368983693278
0,0,0.014429571982546796
1,1,0.9999867328121995
1,1,0.9981963600582753
0,0,0.04231169854229381
1,1,0.9999360647708362
1,1,0.9997566602811007
1,1,0.9999874398020817
1,1,0.8667585791279274
0,1,0.8684250988716866
0,0,0.0011063118851415985
1,1,0.9999377773737308
1,1,0.9997400030528668
0,0,8.430974278539684e-05
0,0,0.00021957852006104425
0,0,0.001097449915818382
0,0,0.0011995618034663887
0,0,0.011101096334807305
0,0,6.747206102319741e-07
1,1,0.9997429394336933
0,0,0.41662034389201885
1,1,0.9998660482577306
0,0,0.0011451904516077158
0,0,0.0012439118812770465
0,0,0.0036162562591898935
1,1,0.9938321675315587
0,0,0.0016320659643958208
0,0,0.0010428060770359324
0,0,0.0020895175620149167
1,1,0.9811855510954158
0,0,4.28424256644634e-05
1,1,0.8808903706950701
0,0,0.0007962124171821711
0,0,0.0013552404751945742
1,1,0.9999417709877566
1,1,0.8728676553634072
0,0,0.005726316011522808
0,0,0.13264678174518357
1,1,0.9993441010447178
1,1,0.9997469905031718
1,1,0.9996644545653246
0,0,0.0004808032187207051
1,1,0.9999709915116004
0,0,0.014313639054995646
0,0,0.001539500259874144
0,0,0.003182171708011947
0,0,0.08491774872402057
0,0,0.08769358557782564
0,0,0.001396225807455595
0,0,0.09021112518132117
1,1,0.9999163006216867
1,1,0.9999795557695556
1,1,0.9465331093411854
1,1,0.9717228572987203
0,0,0.002794515695994444
0,0,0.002124342798150254
0,0,0.0005548029367665447
1,1,0.9999043570186439
1,1,0.9854211603895529
1,1,0.9999069472974396
0,0,0.0014353803771208415
0,0,0.00011418533675201305
1,1,0.9998358429153199
0,0,0.0068606069245119635
1,1,0.9913792189362458
0,0,0.0024649116366753715
1,1,0.9791094016731887
1,1,0.924077988565199
1,1,0.997845196940139
1,1,0.9646976920586766
0,0,0.001785254758561689
1,1,0.9404178841635646
1,1,0.8988254956091325
1,1,0.9999020682998746
1,1,0.9999679932516892
1,1,0.8824163762024577
0,0,0.00020221970917207
0,0,0.0006907293258273236
0,0,0.016536249075632434
1,1,0.9999972103932372
0,0,0.0001067934448769693
1,1,0.9986839463332658
1,1,0.9994991069265439
1,1,0.999530052753278
0,0,0.016477998500180713
0,0,0.0014319822255509436
0,0,0.004845984367167076
1,1,0.999351755625906
0,0,0.013130628308575166
1,1,0.9993036896918454
0,0,0.0005051319266079803
0,0,0.003385530730415192
0,0,0.013734151163561201
0,0,0.0007891821117949838
1,1,0.9999867609024036
1,1,0.9810852968577246
1,1,0.9999785955465585
1,1,0.9999518231154866
0,0,0.0003644456786622541
1,1,0.9397080653894591
0,1,0.6019509881475879
1,1,0.9365514039551354
0,1,0.6957055618736516
0,0,0.006501527231267729
0,0,0.0006696945553960448
0,1,0.5021674547157994
0,0,0.0004685352180595272
0,0,0.0003618154260316615
1,1,0.987790962489205
0,0,0.004862138288202749
1,1,0.9738444199681203
0,0,0.0008171959956454485
0,0,0.0013041476957008156
1,1,0.9995460499033963
0,0,0.0017292547558384556
0,0,0.0006229938829650014
0,0,0.003998189143324103
1,1,0.9998876413854895
0,0,0.0011377841054465347
1,1,0.999491005958071
1,1,0.9999217364827011
1,1,0.9941794567393427
1,1,0.9999972369631526
0,1,0.8474168138631039
0,0,0.1589151080795282
0,0,0.00039829945569414986
1,1,0.9947441803411426
0,0,0.001095229862770579
1,1,0.9815362717367241
1,1,0.9998342446425826
0,0,0.001860952655636896
1,1,0.548060669430407
0,1,0.7896185299125773
1,1,0.5895874495232141
0,0,0.0016974917666278597
1,1,0.999935965314866
0,0,7.543000495362208e-05
1,1,0.9814518078408151
1,1,0.9892211042303238
0,0,0.01732713380925138
1,1,0.9870167254307297
0,0,0.018474641097247006
0,0,0.0002575074801487914
1,1,0.9999726341047466
1,1,0.9999835337021009
0,0,0.0032242325470667136
0,0,0.09110076200477928
0,0,0.001878575509255305
0,1,0.7719843313786423
1,1,0.9941065906006906
0,0,0.0017108913878947484
0,1,0.9083320470449255
1,1,0.6659919888890179
1,1,0.9984075083577663
1,1,0.9846012245665731
1,1,0.9960524969849056
0,0,0.00023207796129649455
0,0,0.001496068215461024
0,1,0.8280210745259948
1,1,0.9998970734121148
0,0,0.0006142162380488856
1,1,0.9993662194084698
1,1,0.9998337454601647
0,0,0.013680063353373784
1,1,0.9995164778874073
0,0,0.006127735828709375
1,1,0.9959224101810595
1,1,0.9995324058289937
1,1,0.9999775522755824
1,1,0.9999770974699375
0,0,0.1941124077332299
1,1,0.9992571239759434
1,1,0.9998279977695212
1,1,0.9998832062110049
0,0,0.000471938554963831
0,0,0.011975322323800814
0,0,0.002258518549201224
0,0,0.0052842964423973435
0,0,4.931896418558723e-05
0,0,0.05671089019109886
1,1,0.9997434535125954
0,0,0.001454442543423425
0,0,0.0010408660885910474
0,0,0.0007351287226176375
0,0,0.00018942914295052703
1,1,0.9999029111221376
1,1,0.8916034267161643
1,1,0.9999320523360175
0,0,0.0016440006392676129
0,0,0.000185008795385392
0,0,0.0014514294462735205
1,1,0.9999430147187609
0,0,0.05959326941149696
1,1,0.992576401806804
1,1,0.9991884504380814
1,1,0.9999636031506612
1,1,0.9992461356625998
1,1,0.9997513672423461
1,1,0.9999309468637888
0,0,0.0009592285195836797
1,1,0.9989535938071942
1,1,0.9999197078493731
1,1,0.9797314276513325
1,1,0.9999294809982521
0,0,0.0014601300491776145
0,0,0.00010677566872844068
1,1,0.8804807353215852
0,0,0.001324128617355118
1,1,0.9998781847711661
1,1,0.9826038449575817
0,0,0.00223022680591724
1,1,0.9999595605193724
0,0,0.000665051286113834
0,0,0.00025607093932235
0,0,0.0015470630826295822
1,1,0.9866455634721892
1,1,0.9993885370595478
1,1,0.9996962645274788
0,0,0.0013451143296088815
0,0,0.002406364568580402
0,0,0.008194238361446785
0,0,0.002965836231442429
1,1,0.9999902798904404
1,1,0.9999458657509138
0,0,0.0015426095699310513
0,0,0.0005902171897309632
0,0,0.001432841121472024
1,1,0.9999482048705974
1,1,0.9994892402792658
0,0,0.0005965363401185773
1,1,0.9694121516368193
0,0,0.0001178043364308495
0,0,0.4042163763896018
0,0,0.0020541595889926475
0,0,0.0006287048797394586
0,0,0.0017205209187636224
0,0,0.0011649051300776957
1,1,0.830854335470705
1,1,0.9999817005244275
1,1,0.9999703898094763
0,0,0.0015260893532291668
0,0,0.002188450127990743
1,0,0.06847438633875917
0,0,0.0069416017073672875
0,0,0.0011845350883118691
1,1,0.9871630628144991
1,1,0.9877360439664948
1,1,0.9988232160419895
0,0,0.005639273669188372
1,1,0.9741607395136727
0,0,0.0016901276835779204
1,1,0.9999736746664334
0,0,0.009511675223237166
0,0,0.028204462930980705
1,1,0.9992677052448382
1,1,0.9999959730781358
1,1,0.999892058888605
0,0,0.0015527647565424629
1,1,0.9999769152398855
0,0,0.0013600839893928322
1,1,0.9994418889666167
0,0,0.004335967891545497
1,1,0.5618781484245456
1,1,0.9998672482276368
0,0,0.0015006220660835384
1,1,0.9999530554259702
1,1,0.8981272599058524
1,1,0.8243356701971133
0,0,0.21081166825774347
1,1,0.9992213695050746
1,1,0.9999853600531761
1,1,0.9948010728136162
1,1,0.9998693769446884
1,1,0.9999410319319675
1,1,0.9994452624335074
1,1,0.89049358553859
1,1,0.9999976055716359
1,1,0.99979904166682
0,0,0.002835617026964731
1,1,0.9908631259031713
0,0,0.10786648569266831
0,0,0.1721248018104854
1,1,0.9171911502497567
0,0,0.002581654332284777
0,0,0.0001453848482857068
1,1,0.9999309166965824
0,0,0.0022468523193655576
0,0,0.001937378414795124
1,1,0.9995522886923771
0,0,0.003163300644840285
0,0,0.04138874121859624
0,0,0.0015216857442331686
0,0,0.01079115826432396
1,1,0.9999644782459608
0,0,0.0009021589690518933
0,0,0.0002191467060578411
0,0,0.002849858869107745
0,0,0.0013462711866434442
0,0,0.0003833697996755356
0,0,0.0030301371389304796
0,0,0.06406134326987785
1,1,0.9227157327423245
0,0,0.0012331325528789944
1,1,0.9998882892773862
1,1,0.994633349698861
1,1,0.9997914438411589
1,1,0.9675378272024667
0,0,0.0035504168372560204
1,1,0.9583821876551493
0,0,0.000768258411719174
0,0,0.0015112040542343223
1,1,0.9999773510369024
1,1,0.9990621335094282
1,0,0.1788178989194635
1,1,0.9999727428959692
1,1,0.999214724839762
0,0,0.017708172737061253
1,1,0.8233362562279662
0,0,0.0014818892183262298
1,1,0.9354335687700459
1,1,0.9999779704204877
0,0,0.0024842406504297977
0,0,0.0037877391837643566
1,1,0.7850582281739653
1,1,0.9873370972984207
1,1,0.971538288756576
0,0,0.0011767982788461878
0,0,0.00954086745514575
1,1,0.9999280065218431
1,1,0.9999198617090808
0,0,0.002839387350667567
0,0,0.008076030547683074
1,1,0.9998102388743955
0,0,0.00012659487224289464
0,0,0.002132881694519956
0,0,0.0012497175708766509
1,1,0.9999727427495428
1,1,0.9997478270807627
0,0,0.43256929560679785
1,1,0.9383609972149741
1,1,0.9991409881698147
0,0,0.1023164799737502
1,1,0.9998399173368634
1,1,0.9994702619612287
0,0,0.3178353521055376
1,1,0.9998015583790573
0,0,0.03933938717874182
1,1,0.9997806764045378
1,1,0.8794772264956747
0,0,0.013473886466612333
0,0,0.0013500315745531824
1,1,0.9999285026544293
0,0,0.0016258642329811026
0,0,0.006668763280633832
1,1,0.7433588120728
1,1,0.9705054254820628
0,0,0.0027187030387399677
0,0,0.0009377506075279177
0,0,0.1872369654389665
1,1,0.9982615456890984
1,1,0.9997002877996253
1,1,0.9999663523245557
1,1,0.9958615156555413
1,1,0.9999979464166565
0,0,0.0012931613902450987
0,0,0.005762287435944692
1,1,0.99979764263252
1,1,0.930363806014314
1,1,0.9997476661258639
1,1,0.9900210030369342
1,1,0.9997142226714212
1,1,0.9556318895625822
0,0,0.0001832679982506061
0,0,0.0008659179787330059
0,0,0.0011661509595569486
1,0,0.34868774789841983
1,1,0.9999789422358841
1,1,0.9998660136924608
1,0,0.21346592720270358
0,0,0.002650903312997594
1,1,0.8931035586755562
1,1,0.9995659626001878
1,1,0.9874485278055546
1,1,0.9911493195594051
1,1,0.9218517425577811
1,1,0.9967909011188153
0,0,0.005479738321326193
1,1,0.9745255289685392
1,1,0.9999096005198469
1,1,0.9287505062081205
1,1,0.9789001475103782
1,1,0.9896453669399599
1,1,0.9807795247372368
0,0,0.05635439202926818
1,1,0.987224625273402
1,1,0.9947869074356597
1,1,0.9998052372579882
0,0,0.00010250528420826576
1,1,0.999948319656376
1,1,0.9997872149349605
0,0,0.0006177517143746611
1,1,0.9996735760041036
0,0,0.0003183334281480808
0,0,0.0019178687951331194
0,0,0.003427162767110001
1,1,0.9999495391388541
1,1,0.9637533435659567
1,1,0.9999975505544919
1,1,0.9969982124791877
0,0,0.0019340959246279034
0,0,0.0016329603640024765
0,0,0.0028635969667069523
1,1,0.9992104986797402
0,0,0.013474813760383425
0,0,0.055295804309428785
0,0,0.002192887234284333
1,1,0.9996410957145682
0,0,0.0004773574500520384
1,1,0.9766962557618922
0,0,0.0035597053525418744
0,0,0.003926659503348676
1,1,0.9927187706784594
0,0,0.0001849597108001469
0,0,0.0009196417404867385
1,1,0.9986775345248419
0,0,0.001360163829384522
0,0,0.0016247867791756064
0,0,0.0006036308804785058
1,1,0.9999135751526651
0,0,0.36320718429188514
1,1,0.8932347465195064
0,0,0.0006836397184994416
0,0,0.0012899451588205407
0,0,0.012335217350606891
0,1,0.5121438340658965
1,1,0.9999639310063563
0,0,0.012191630436522338
0,0,0.012663758236154182
1,1,0.9999979827659091
0,0,0.0024326376973154806
0,0,0.0011063088957516318
1,1,0.9999151172202768
0,0,0.09366148667309235
0,0,0.2739375460442598
0,0,0.0016329250619371348
1,1,0.9998521068970274
1,1,0.9997699329244338
1,1,0.9845293810187673
0,0,0.013685778905336872
0,0,0.0019771867508915795
1,1,0.9854687855505924
1,1,0.9999954328132221
1,1,0.9991400528402683
1,1,0.9995987549338169
0,0,0.00038670170895115585
1,1,0.9977168330319122
1,1,0.9982192639928564
0,0,0.003242591049806319
1,1,0.9999820235840539
0,0,0.001252858774908361
0,0,0.0008334272332456075
1,1,0.9639216403499467
1,1,0.9983448449118303
1,1,0.9996947962790159
1,1,0.9992922696287709
0,0,0.016577156660631375
1,1,0.9998959695006684
0,0,0.0001720460880562263
1,1,0.999393157165472
1,1,0.9990876436069306
1,1,0.9963949983790417
0,0,0.0007892048510611483
1,1,0.8977738691054498
1,1,0.9998882876201854
0,0,0.0013399501077999746
0,0,0.00010370315198338865
1,1,0.9999867626549146
0,0,0.001353853258619768
1,1,0.9998765540319359
1,1,0.9594466979870218
0,0,0.0002251360327090327
1,1,0.999994007111667
0,0,0.0024775650735971637
0,0,0.01501293495235167
0,0,0.006631285713542673
1,1,0.9998920043419913
0,0,0.015402383087225318
1,1,0.9999243608226671
0,0,8.44715753875427e-05
1,0,0.2911099656694981
1,1,0.9963948371559236
1,1,0.999553789435226
1,1,0.9118987806380341
0,0,0.0013916831928308527
1,0,0.0021366042684742978
0,0,0.00761277406461705
0,0,0.005484134172190088
0,0,0.0003478438586285928
1,1,0.9998959940306889
0,0,0.002508549976793805
0,0,0.0032349716747852534
1,1,0.999992961072943
0,0,0.0025196877778067774
0,0,0.0015870257935129105
1,1,0.976571144277605
1,1,0.9865713207810834
0,0,0.006235794001726916
0,0,0.0012029475183575808
1,1,0.9995516872640193
0,0,0.009927098753824562
1,1,0.9999430081624588
0,0,0.002346769295945574
1,1,0.999966176345758
1,1,0.9998776327670084
0,0,0.003097752179010944
0,0,0.00023084237060523572
0,0,0.0015373206205509457
0,0,0.0014385705895796873
0,0,0.00020865311747617887
1,1,0.9561008066661013
1,1,0.9271099918719131
1,0,0.4269392964670721
1,1,0.950893272681993
1,1,0.9964694745994801
1,1,0.9999946234617914
0,1,0.9267193725413543
0,0,0.002470462840861403
1,1,0.9998249532871122
0,0,0.001635740634059215
1,1,0.9959585609934634
0,0,0.00014536369131850014
0,0,0.002191974142792494
1,1,0.9996932289325283
0,0,0.0015450429203427269
1,1,0.999082689392963
1,1,0.9333920465920897
0,0,0.005007976611917225
1,1,0.8762988224681967
0,0,0.0018896470881881507
0,0,0.015932297151412984
0,0,9.197827075497941e-05
1,1,0.9172629957428758
1,1,0.9999167937419271
0,0,4.099543367348866e-05
1,1,0.7805754895359119
1,0,0.3234422983743476
0,0,0.002183352522541809
1,1,0.999904354288542
1,1,0.9751344377569462
0,0,0.0029532832501642
1,1,0.9999299207166843
1,1,0.9998939352429018
1,1,0.8844343800540506
1,1,0.9996774608296464
0,0,0.002165342377950958
1,1,0.9999302917292573
0,0,0.0004931349381132889
1,1,0.9997518278001294
1,1,0.9996524259165919
0,0,0.001257802616108896
0,0,0.0022316439140938104
0,0,0.0017507652026805315
1,1,0.999722960726994
1,1,0.9982432774883309
1,1,0.999206892012371
1,1,0.9985798519350607
0,0,0.0016123280404998425
0,0,0.0013216070654290834
1,1,0.9991198077915884
1,1,0.7643957951441919
1,1,0.894925186076432
0,0,0.0015730756075653504
0,0,0.00022754401555123414
0,0,0.0006935386667206722
0,0,0.00010678055670763705
0,0,5.612827138273852e-05
1,0,0.0019078427285689123
0,0,0.0036848458539370348
0,0,0.025842783334550225
0,0,0.0013633596959262734
0,0,0.0017627284577761643
0,0,0.003998215887683728
0,0,0.002244789705440259
0,0,0.0006742651506328189
0,0,0.49019003231813973
0,0,0.0022857384261340936
0,0,0.0011318572089457843
1,1,0.9999465758534534
1,1,0.9989807309353727
1,1,0.9897483876897482
1,1,0.9997139592285057
1,1,0.9999323050231207
1,1,0.9998188462979014
0,0,0.00022911431872178235
1,1,0.918538754826807
0,0,0.0023099206193485594
0,0,0.0013151919700648735
1,1,0.9999866275311248
1,1,0.9999584258417324
1,1,0.9999758218508017
0,0,0.011546328691907873
1,1,0.976996290216592
1,1,0.9999800310141262
0,0,0.03538074920788995
0,0,0.0017298890217099048
1,1,0.9473749064781403
1,1,0.9994021920607138
1,1,0.9996274090339089
1,1,0.8600273893282312
0,0,0.001047158322659131
0,0,0.030472635477911337
1,1,0.9999670023874956
0,0,0.08862237349083009
0,1,0.6388637997929836
0,0,0.000835073456322264
1,1,0.9053370855916806
1,1,0.999826281734654
1,1,0.9999121617990635
0,0,0.002925701334751229
0,0,0.00043692623524968407
0,0,0.015714569881851704
1,1,0.9930498402340437
0,0,0.016535491985979613
1,1,0.9999488357348975
1,1,0.8998869386243927
1,1,0.8609336582000356
0,0,0.0020402677065829732
0,0,0.0013045547880750738
1,1,0.9998391464724441
1,1,0.9990685944769594
1,1,0.9999429350179466
1,1,0.8236818120400814
1,1,0.9971655889281509
1,1,0.9952260679219479
1,1,0.9999958800860949
0,0,0.0005289311922818449
0,0,0.00019638730028967465
0,0,0.005374093062736734
1,1,0.9999743921222713
0,0,0.0012790553864304938
1,1,0.9977795133075942
0,0,0.4472688738986468
1,1,0.9999742255714209
1,1,0.9625158684023364
1,1,0.9999860370170457
1,1,0.9866739911896406
0,0,0.0024915814116681385
1,1,0.9130713735580307
0,0,0.0014222534907024915
0,0,0.0026056982020836407
1,1,0.996092143170622
0,0,0.0003914767592473108
1,1,0.9857193735108991
0,0,0.0029371048487459414
0,0,0.0013402067837567685
0,0,0.0397643190055497
1,1,0.9963949706856322
1,1,0.9891360963197419
1,1,0.9915997367918814
0,1,0.9936401828223739
0,0,0.0008344966594539583
0,0,0.001189978299835498
1,1,0.9998667305487062
1,1,0.9515927476445354
1,1,0.9590287355328602
0,0,0.00028401660437600497
1,1,0.9999486427088039
1,1,0.9999358789480106
0,0,0.0011972470368768605
0,0,0.20015126780805748
0,0,0.1350766096966039
1,1,0.9992734227879141
0,0,0.0013759051202774054
0,0,0.012989079706725686
1,1,0.999362065403178
0,0,0.00025265846205404976
0,0,0.005274685442530597
1,1,0.9843585762841867
0,0,0.002131696942484936
1,1,0.9997757121895429
0,0,0.002180559979953419
0,0,0.001807861164395628
0,0,0.0007091541507890481
0,0,0.0010737297201360377
0,0,0.00026409868357349874
1,1,0.9993614011548648
1,1,0.9999445519408926
1,1,0.9948210760531645
0,0,0.000677511515069321
0,0,0.0012413528985485988
0,0,0.01349537452937074
0,0,0.0039502910150136464
1,1,0.9979825095567846
1,1,0.9945265039434632
0,0,0.0015209008189316065
0,0,0.004804919884439698
1,1,0.9749705993357478
0,0,0.0015984578700330612
0,0,0.006080343069489125
1,1,0.9997412093921246
1,1,0.9949750022437464
0,0,0.00031328578278554136
0,0,0.041214872939525894
0,0,0.0007421403267149462
1,1,0.9999980908601473
1,1,0.999779781251248
1,1,0.9157249266708366
0,0,0.016320410747735433
0,0,0.0007154837442922207
1,1,0.9997412096164487
0,0,0.0005405618402117901
1,1,0.9999510199435052
0,0,0.0031659876361437556
1,1,0.9999772593270183
1,1,0.9999575127504183
1,1,0.947760261446673
1,1,0.6227745941785042
1,1,0.9998938007441533
1,1,0.9993992095110252
0,0,0.002369762054273162
1,1,0.998338709083993
0,0,0.0025327037912769848
0,0,0.01833074494553738
0,0,5.613186260420388e-05
1,1,0.9991132905009031
0,0,0.00018327609717489195
1,1,0.7840257211605292
1,1,0.9999356458202728
1,1,0.879263846941441
1,1,0.9997120842229248
1,1,0.9915501905780214
0,0,8.60234419918533e-05
1,1,0.9947277194840066
0,0,0.0020328932856074166
0,0,8.488255717843305e-05
1,1,0.9999144631075182
0,0,0.31368760453078554
1,1,0.9998494618973847
1,1,0.999693698869151
1,1,0.9501298218084698
1,1,0.9997678792351425
1,1,0.9997551326996473
0,0,0.0005726693378672097
1,1,0.9992243949489514
0,0,0.0002914863722368012
1,1,0.999777193343058
1,1,0.9466712133773981
0,0,0.012955063399132619
1,1,0.9996488899346182
1,1,0.9998564586685825
0,0,0.0013267698117073205
1,1,0.9999490992955624
0,0,0.004194169956732863
0,0,0.002530070511520069
1,1,0.9124160845414587
1,1,0.999943874352967
1,1,0.9999975797866013
0,0,6.867540619670345e-05
0,0,0.0008253030338085128
0,0,0.004082487024804342
1,1,0.9862589015377721
0,0,0.0165286270911748
0,0,0.0013617661763765665
1,1,0.999914096844516
0,0,0.001326766910747064
1,1,0.9999436199203903
1,1,0.9837059748227704
0,0,0.0014654018389993484
1,1,0.9866457098910122
1,1,0.9999769776586076
0,0,0.00048661325227494914
1,1,0.9979314348321225
1,1,0.999742762395321
0,0,0.0015083423916801664
1,1,0.8880231558137239
1,1,0.999419926561339
1,1,0.8104716555841752
1,1,0.9981418662972995
1,1,0.9984008576782338
1,1,0.9613314158834356
1,1,0.9372828615899278
0,0,0.002000286687697832
0,0,0.0018245197945365949
0,0,0.0005002837797650686
0,0,0.00014093563581025155
1,1,0.9056487603047126
0,0,0.0012205193979395804
1,1,0.9998937674944318
0,0,0.0002792043129811205
1,1,0.9728716646696474
1,1,0.9975909471292841
0,0,0.17592216493864907
1,1,0.990346554043778
1,1,0.9795590144616817
1,1,0.9996797796868393
0,0,0.0012494061844604038
0,0,0.0013262533894695216
1,1,0.9999468037915544
0,0,0.0017189394869281571
1,1,0.9786959089672531
1,1,0.9998957153813862
0,0,0.001588825326431575
1,1,0.9966947504357935
1,1,0.9935160814238313
1,1,0.9240818885095456
0,0,0.0035041895130807988
1,1,0.9956780379343877
1,1,0.9999372201149045
1,1,0.9530734939730923
0,0,0.0025983066958713747
0,0,0.0002258353632899021
0,0,0.0004771403674864346
0,0,0.002140756871442819
0,0,0.0392469076749314
0,0,0.01446027529447346
0,0,0.0029369390496633346
1,1,0.9996243002858898
0,0,0.0017273890207244811
1,1,0.9987634003719587
0,0,0.00412241976799323
0,0,0.011494064658327455
0,0,0.047252086115913236
1,1,0.9899815040218943
1,1,0.9999853019137181
1,1,0.9996550522777637
0,0,0.00030482780217963454
1,1,0.9984246582522722
0,0,0.006267810327799587
1,1,0.9994796424935699
0,0,0.0012675686311521936
1,1,0.9993716564215036
0,0,0.017814754188734648
1,1,0.9999430745401582
0,0,0.003486405169828561
0,0,0.013324557058182158
1,1,0.9972930481618162
1,1,0.9997858317085613
0,0,0.001195496640295736
1,1,0.9986535189943717
0,0,0.002275172398672928
1,1,0.9998521777686137
0,0,0.005531503408772761
0,0,0.0013514973343971722
1,1,0.9997183748522304
1,0,0.49513273807448993
1,1,0.9683926190027862
1,1,0.8909418114047771
0,0,0.0016625503593147729
1,1,0.9653295510006127
0,0,0.0014728378264434086
0,0,0.0001724863380352822
0,0,0.0017707274072255848
0,0,0.001432594849763519
0,0,0.003510572955780314
0,0,0.027085712517188183
0,0,0.0161065305581933
1,1,0.9999984941329599
0,0,0.0023186394052479298
1,1,0.9992132126429837
0,0,0.002425298489942481
0,0,0.0005919386693700237
0,0,0.0009107518837803048
0,0,0.002621806716696335
0,0,0.0012803234562266438
0,0,0.001032856139676246
0,0,0.0011063256122387315
0,1,0.6725153497841205
0,0,0.0013037850902609036
1,1,0.996704987053107
1,1,0.9997101430749287
0,0,0.0022786713935778577
1,1,0.9999301069398397
0,0,0.0063330133033178354
0,0,0.005176872612721127
0,0,0.0017314519248531066
0,0,0.0013127085344703836
0,0,0.0005270092661044356
0,0,0.012367079911636793
0,0,0.010115984166589341
0,0,0.002499876928141056
1,1,0.9983503228345482
0,0,0.012874871946700936
1,1,0.9999960324639547
0,0,0.0015967677456693008
1,1,0.9966251387309119
0,0,0.0020162211345259675
0,0,0.19205946537255145
1,1,0.9999930564274927
1,1,0.9999735390175943
1,1,0.991539300731668
1,1,0.9635701470410941
0,0,0.0012083993403781384
0,0,0.11858622121301915
1,1,0.8412871222116526
0,0,0.0017635460763606415
0,0,0.0018176107936836935
0,0,0.0012390329125284132
1,1,0.9999321442891331
0,0,0.001321039116897776
1,1,0.9999771100964826
1,1,0.9992582808585365
0,0,0.005886182615685461
0,0,0.015409605969408395
1,1,0.9999226636347011
0,0,0.0017779415403911987
1,1,0.9996414536690704
0,0,6.212032895694871e-05
1,1,0.9999892875640966
0,0,0.0005179004733588735
1,1,0.9638870269596769
0,0,0.004311279760493265
0,0,0.0012281471730037285
0,0,0.0018438571188653496
1,1,0.9999171148192885
0,0,0.0015662579777656548
1,1,0.9984236150308269
1,1,0.9999578459222849
0,0,0.00032785490775427657
1,1,0.9971556646074319
1,1,0.9961844359501153
1,1,0.9999580146128877
0,0,0.0027234258065699166
0,0,0.0013515064678412136
1,1,0.9998871329525495
1,1,0.9998328196991728
0,0,0.0007809015330341492
1,1,0.9997573963562105
1,1,0.9999482813353532
1,1,0.9985246798414493
1,1,0.9779285144333043
1,1,0.921130157102106
0,0,0.0025394397993540587
0,0,0.00046233565332391317
0,0,0.001435344258879682
1,1,0.9999908358704453
1,1,0.9993179144889712
0,0,0.0009323933878970273
1,1,0.9999350553081123
0,0,0.05722082164994418
1,1,0.9999390403549269
0,0,0.31244871504809896
0,0,0.0014425366553045603
0,0,0.0015953292051336227
0,0,0.0012252724645834326
1,1,0.9999405607913476
1,1,0.9973992975346476
1,1,0.913982152922568
0,0,0.0023343506951043727
0,0,0.000771175456653179
0,0,0.0007003777414247153
1,1,0.999963307694053
1,1,0.9997583012870662
1,1,0.9997810490019231
1,1,0.9555873111397045
0,1,0.7604262431653686
1,1,0.9998073783592422
0,0,0.00048079892739292396
1,1,0.9997672214943777
1,1,0.9631213737398933
1,1,0.9999626957266524
1,1,0.9415687278232512
1,1,0.9995049559916195
1,1,0.7453794275061489
1,1,0.8630965548979015
0,0,0.0014899101501932596
0,0,9.198188972420136e-05
1,1,0.99962925147659
0,0,0.0006775125465571375
1,1,0.999761995391514
0,0,0.0017713580848222883
1,1,0.9598145657093022
1,1,0.992616454610607
0,0,0.0001885313434352864
0,0,0.0022924355549837944
0,0,0.0044744480084521155
0,0,0.004767298051321314
1,1,0.9999720816605242
0,0,0.00010541757082741905
1,1,0.9999255817815151
0,0,0.0024587800755828536
0,0,0.005479747015729895
0,0,0.0016854259864130976
1,1,0.9999634911334996
1,1,0.9997670603310399
1,1,0.9604875468354318
1,1,0.999954182987549
0,1,0.9063204136336853
0,0,0.0234045951340929
1,1,0.63457975779364
0,0,0.0012774884783975605
1,1,0.9951582175625094
0,0,0.0003278695124152581
0,0,0.00046212178523267675
0,0,0.0013135831229517305
0,0,0.001835489322208156
1,1,0.9586018623339188
0,1,0.7208771274474147
1,1,0.9999709915578153
1,1,0.9929579448483552
0,0,0.0017294395245109051
1,1,0.9999322296467128
0,0,0.0012537932917313164
1,1,0.989896223513925
0,0,0.012647124680380841
1,1,0.9998381487324669
1,1,0.9997905600301289
1,1,0.9928119770983198
1,1,0.9982617739312772
1,1,0.9984236973618285
0,0,0.10265395025982932
1,1,0.9994251188822713
1,1,0.9204025520106308
0,0,0.11225921688803082
0,0,0.0008214978906146784
1,1,0.9998384166652808
0,0,0.002510987334553164
1,1,0.9989153468276332
0,0,0.000431464608512987
0,0,0.023133946591880953
1,1,0.9997630224052519
1,1,0.9997451492517693
0,0,0.40156863273858906
0,0,0.06836124679831083
0,0,0.0008663410811979868
0,0,0.0009744746615379842
0,0,0.0008801887787455459
0,0,0.001373742092692801
1,1,0.9554455460164097
1,1,0.9999844897177844
1,1,0.9994780122054858
1,1,0.9999101013272196
0,0,0.0019984566780493025
1,1,0.9887076789698163
0,0,0.007539875864524299
1,1,0.892055305017947
1,1,0.9999884775257879
1,1,0.9999556595157146
0,0,0.015608402518151022
0,0,0.010467274273696205
1,1,0.9994447950214712
0,0,0.003057358160568527
0,0,0.23329255838208068
0,0,0.012049174129540933
0,0,0.0020483072907351713
0,0,0.011654870291825799
0,0,0.0006855729763635274
0,0,0.0005137310667637503
0,0,0.002900264260161954
1,1,0.9999066856776475
1,1,0.9819484411127053
0,0,0.0007823505567085158
1,1,0.9986386892828197
0,0,0.06723702785304442
0,0,0.006167965161937769
0,0,0.36586440155224753
0,0,0.027495358598759893
1,1,0.9998825279475885
1,1,0.9164290245178304
0,0,0.0001048687100239741
1,1,0.9999751661022931
1,1,0.999955888565309
0,0,0.00018743822040907825
0,0,0.000219738063626959
1,1,0.9999685909413247
1,1,0.9997573843776398
0,0,0.002547245301007787
0,0,0.0003841890175212346
1,1,0.9931753844897064
1,1,0.9998473764699691
0,0,0.0012349413983005657
0,0,0.0013003327811702827
0,0,0.02844024959509961
1,1,0.9999877002982696
1,1,0.9999254160341896
0,0,0.0017025621578002895
1,1,0.9992042547760287
0,0,0.006031081830095283
0,0,0.003028025039982587
0,0,0.273924681945204
0,0,0.07885603561735267
1,1,0.9765294575381043
0,0,0.0008815083403484
1,1,0.9999705013558189
0,0,0.187747573489663
0,1,0.5183180744397323
1,1,0.9998897723491881
0,0,0.0009109564731007739
0,0,8.73419065109953e-05
0,0,0.0016974626245549569
1,1,0.999991826092752
0,0,0.009530793742992287
1,1,0.9999584258176419
0,0,0.0004576257896723614
0,0,0.0018528315715557523
1,1,0.9850856455081307
1,0,0.34105277083001323
1,1,0.9954892501048922
1,1,0.9999119733156057
0,0,0.26521879225748035
1,1,0.9988203109109739
1,1,0.9983194692492008
0,0,0.0055939873553624226
1,1,0.9997873287599418
1,1,0.7528164361969345
0,0,0.0007414023086709762
1,1,0.9998363527021313
0,0,0.002078528927400952
1,1,0.8366426407357632
0,0,8.67877135175316e-05
1,1,0.9964246092374641
0,0,0.002996557822128103
1,1,0.9899950447073186
0,0,0.0021085301086261566
0,1,0.8713618585654948
0,0,0.0005666997895986586
0,0,0.0014817935884916887
1,1,0.9996635937073763
1,1,0.9767731642866998
0,0,0.0012138328009432726
0,0,0.005726601250154448
1,1,0.9999805842421551
1,1,0.9999871198217417
0,0,0.0011633019574286887
0,0,0.004071389838606491
1,1,0.9999399195678799
1,1,0.9986819700068695
0,0,0.0011673919356491166
1,1,0.9999286515942359
0,0,0.008569264806036765
0,0,0.19427800954974062
1,1,0.9994708993374684
0,0,0.0009044145571975405
1,1,0.9999490068575461
0,0,0.0018618107270972615
0,0,0.0015609667336788028
0,0,0.0008826042084378495
1,1,0.8774378767260511
0,0,0.00014488421033510333
1,1,0.9995525996542424
0,0,7.153162681058815e-05
0,0,0.0029093126398525124
1,1,0.9983956321441968
0,0,0.0008236690480346259
1,1,0.9993804779420044
1,1,0.9999559429078021
0,0,0.0013388141364826652
1,1,0.9664711572075209
1,1,0.9135113129642981
0,0,0.0011038437720747054
0,0,0.00967824460743099
1,1,0.999794773199049
0,0,0.0014204710347387624
1,1,0.9999626948819821
1,1,0.9801804634902433
0,0,0.455829291895381
1,1,0.9999186833938338
0,0,0.0009101734228649529
0,0,0.00423188645824864
1,1,0.9999304577940444
1,1,0.999981153215255
0,1,0.6910804383161618
1,1,0.7290719856815205
1,1,0.9708506417707846
0,0,0.0032148874790317193
0,0,0.0006299116826880924
1,1,0.9999723966736583
0,0,0.00302691475577899
0,0,0.0007659504685155848
0,0,0.0017685893266318792
1,1,0.9209153114905534
0,0,0.00022787419449741623
1,1,0.9087116639648397
0,0,0.0012960737732769369
1,1,0.9996714845695039
1,1,0.9999848145936635
0,0,0.0010460652647870594
1,1,0.9997806941707283
1,1,0.9990980777542546
0,0,0.00016734144237635974
1,1,0.9997804027774917
0,0,0.0006212590915725578
0,0,0.0013557580558217382
1,1,0.513939411323872
0,0,0.00022706564501420644
1,1,0.9991614109722449
1,1,0.8909443547622227
1,1,0.9962116094478874
0,0,0.00013016016499607744
0,0,0.002773264387527526
1,1,0.908110702256631
1,1,0.9997917062900737
0,0,0.006387708942338383
1,1,0.9999984008810267
1,1,0.9894834064116231
0,0,0.0004682941030049701
1,1,0.9999320503387599
1,1,0.9999771151831305
0,0,0.0058364119783400085
0,0,0.0014534179159301857
0,0,0.018564314935775553
0,0,9.164282280750694e-05
1,1,0.9999738585322986
0,0,0.014647837365284988
1,1,0.9998303224899195
0,0,0.005277955896045224
1,1,0.9686937234390931
0,0,0.0012449174788703755
0,0,0.0007649481543125507
1,1,0.9999266558517774
0,0,0.00014114485409918434
1,1,0.9999831149891523
1,1,0.9919967772008741
1,1,0.9999719397864075
1,1,0.999863946165393
0,0,0.0028817861304528823
1,1,0.999979802471908
0,0,0.00014447629227698074
0,0,0.0025463816271089493
1,1,0.9924423632660074
0,0,0.003030164898330454
0,0,0.39836519613376214
0,0,0.1281163978387726
1,1,0.9996890188448717
1,1,0.9982709487157488
1,1,0.8507498247922162
0,0,0.0008701531978082092
0,0,7.872924734114015e-05
0,0,5.519519256789193e-05
0,0,0.0020491705653711252
0,0,0.0018483299841281812
1,1,0.9963549968858347
1,1,0.9998974425607494
0,0,0.0008360406881924072
1,1,0.9974447364491381
0,1,0.9871755686815569
0,0,0.009690378297059045
1,1,0.9999733339642923
0,0,0.013624828429457165
1,1,0.9999558741918579
0,0,0.0022738073908099435
0,0,0.008038913566145315
1,1,0.9967050178865919
1,1,0.9852202225345554
1,1,0.6031844805897301
0,0,0.0009768946221131725
0,0,0.0003895782599900446
0,0,0.0014046843362641537
0,0,5.738215314888492e-05
0,0,0.00032992000088903015
1,1,0.9999197058700965
1,1,0.9294090839238539
0,1,0.7321421945942356
0,0,0.0011905170176046375
1,1,0.9751348657222643
1,1,0.999280930558736
0,0,0.001091820200342742
0,0,7.608895477856355e-05
0,0,0.2155245496872964
1,0,0.007747957619392657
0,0,0.002072422778419639
0,0,0.005884048763833291
0,0,0.0007430421462195376
0,0,0.0038890457434085815
1,1,0.6893706872315808
1,1,0.937833271348159
1,1,0.9882528058202811
0,0,0.007722805668040628
0,0,0.0030255685773212596
0,0,0.0006528359735363123
1,1,0.9999496290322542
1,1,0.9994298478044791
0,0,0.0016536738970111366
1,1,0.9961984150181524
0,0,0.015402273326850182
0,0,8.458287761386511e-05
1,1,0.9998819564736962
0,0,0.010309024638548108
1,0,0.002246222670100249
1,1,0.9822763748045918
0,0,0.0005475465659719822
0,0,0.0017493378098647713
1,1,0.9999766195829922
1,1,0.9898348392497663
1,1,0.999573138686958
0,0,0.0013467821578161273
0,0,0.001705161675559966
1,1,0.9969547062737025
0,0,0.001125169206808765
0,0,0.0005035409736655752
0,0,0.0014164237691408803
0,0,0.0318812899996705
1,1,0.999378097238105
1,1,0.9997898820140496
0,0,0.0005403264838788104
1,1,0.9182213170989567
1,1,0.9999900792456979
0,0,0.005128936215184076
1,1,0.9517018058446197
1,1,0.9973587670900561
0,0,0.026265531864062636
0,0,0.10240245163496953
0,0,0.0005929229630019174
1,1,0.9999452848340612
0,0,0.0008171929627882642
1,1,0.9999805116676127
0,0,0.00011125498602575564
0,0,0.0012913682610279074
0,0,0.004439676941916688
1,1,0.999474395061823
0,0,0.001368945572530163
1,1,0.9967231757741815
0,0,0.0009594438738681709
1,1,0.9783442344552095
1,1,0.9764651975190068
0,0,0.0022638190434868203
1,1,0.9999313418297763
1,1,0.999790732552205
1,1,0.9998826314989095
1,1,0.9992606809785843
1,1,0.9998037071176621
1,1,0.9742007433411403
0,0,0.0005639585459079664
0,0,0.00021247938633092212
1,1,0.9565723966199453
0,0,0.00021958000247037957
1,1,0.9929906863973852
1,1,0.9997965894083217
0,0,0.004635670922929707
1,1,0.9999690668919916
0,0,0.0016658905717661548
1,1,0.8219529416683972
0,0,0.0022216575850190377
1,1,0.9999645411483543
1,1,0.9997478553310132
0,0,0.0010698009287749897
1,1,0.9999915110493173
0,0,0.002191367190210224
1,1,0.9999237605580953
0,0,0.17953656828189915
0,0,0.008030328359566257
0,0,0.005884088160966024
0,1,0.9999157383202637
0,0,0.001996771574838425
0,0,0.0016171622216674762
1,1,0.9977554851378375
1,1,0.8668636015684366
0,0,6.043445001858908e-05
1,1,0.9353801092331538
1,1,0.9850930890991557
0,0,0.022836535741296623
0,0,0.0013790070507166468
0,0,0.010437889581794662
0,0,0.001670983656579736
1,1,0.9782816390973165
0,0,0.011810468606422932
0,0,0.0026048930287988123
1,1,0.9999854272674296
1,1,0.8503341780386388
0,0,0.002784309159197474
1,1,0.7522777170967269
1,1,0.9999897824750035
1,1,0.9414056754503505
1,1,0.9937959199692238
1,1,0.8982408840460333
1,1,0.9995429112198969
0,0,0.002645508208489263
0,0,0.0017402988526312349
1,1,0.9998181686633206
1,1,0.9414176952176458
0,0,0.0012924541552781653
1,1,0.9997107105698388
0,0,0.0011687363878547983
1,1,0.9999379155856613
1,1,0.9999624402357835
1,1,0.9999160855913437
0,1,0.7784838009670055
0,0,0.017549600873460434
0,0,0.013795454771338079
0,0,0.18440898710147882
0,0,0.00028079684595824566
1,1,0.9994627171741912
0,0,0.001191782022091488
0,0,0.0021330777222967633
1,1,0.9992958388994091
0,0,0.0017771510117358296
0,1,0.9636795517420029
1,1,0.9947346973658968
0,0,0.003464070264317101
1,1,0.9392502204396017
0,0,0.003344073683860652
1,1,0.9999868467141657
1,1,0.9997477414940145
0,0,0.001271973969157943
1,1,0.9990758794192027
0,0,0.0013005736743165119
0,0,0.001535863299988058
1,1,0.9999575775545252
0,0,0.0026432987652185037
0,0,0.001005361084377092
0,0,0.4494722100972022
1,1,0.9998573496374459
1,1,0.9830632500780001
1,1,0.9999994016143551
0,0,0.00010108975982080364
0,0,0.002134613766436211
1,1,0.9992573278103507
0,0,0.005397184707088941
1,1,0.9996512178119932
0,0,0.0020474249395782615
1,1,0.9999092598891844
1,1,0.9809200602920536
0,0,0.0017638972400851212
1,1,0.99395684728923
0,0,0.0020911919943437003
0,0,0.0149690954535153
0,0,0.002400160851865997
0,0,0.0013871757166283463
1,1,0.9999568062616396
0,0,0.007699940621318468
1,1,0.9999719510999998
0,0,0.0921201242806723
1,1,0.9722051396703817
0,0,0.24737731766396112
0,0,0.00020627143940397797
0,0,0.014924514609651498
0,0,0.000848580678257511
1,1,0.9999493839914729
1,1,0.9943576927694722
1,1,0.839094418671627
1,1,0.990167717241563
1,0,0.4910660335113055
1,1,0.9999854087686643
0,0,0.0036166923536647072
0,0,0.0034708864747940668
0,0,0.0013556740908430948
0,0,0.0013391194605857676
1,1,0.9998885737531272
1,1,0.9969495144090923
1,1,0.999287991245352
0,0,0.0005289578705331827
0,0,0.005241900452532324
0,0,7.938576154549668e-05
0,0,0.003927716103799738
1,1,0.972735885951306
1,1,0.9972965756118867
1,1,0.9999673259315286
1,1,0.9860931777462043
0,0,0.0005337980693323935
0,0,0.040607514216436026
0,0,0.0015318501927173867
1,1,0.999805564418758
1,1,0.9295683457854916
0,0,0.001097465470072318
1,1,0.9902673591312231
0,0,0.3626597571550953
0,0,0.0007907633314214667
1,1,0.9997949408303757
0,0,0.001349877424140181
1,1,0.9999895925042863
0,0,0.0003846104900811892
1,1,0.9991059311542814
0,0,0.10321685078823609
1,1,0.8059950966197708
1,1,0.9997787240219318
1,1,0.999302142328978
0,0,0.00010646886254211537
1,1,0.9659430358901588
1,1,0.9998408016358123
0,0,0.004110602268276333
0,0,0.00037689225890081857
1,1,0.9998834534372807
1,1,0.9998599312926587
1,1,0.9999744495514759
1,1,0.8812743467848114
0,0,0.002074530088998838
0,0,0.00158561421539897
1,1,0.9994702560695163
1,1,0.9998055930625696
1,1,0.9852828131368168
1,1,0.9998900579723732
1,1,0.9910593968327849
1,1,0.9999435383308263
0,0,0.006192696662110008
1,1,0.9998768811617339
1,1,0.9989863818009179
1,1,0.9997270209779247
0,0,0.009576247332700417
1,1,0.9371836336832052
1,1,0.9912684782230118
0,0,0.0016168463242862208
1,1,0.999890616876145
1,1,0.9999734199562318
0,0,0.011233955729577904
1,1,0.9821027871403183
1,1,0.998157968353761
1,1,0.9998102399572799
1,1,0.9955314159522123
0,0,0.0020401156108157143
1,1,0.9998000581899804
1,1,0.999950270479134
1,1,0.9997864335115823
1,1,0.999918504345896
1,1,0.9943076450060693
1,1,0.9980199764479308
1,1,0.9995635467792024
0,0,0.0015540676755043433
0,0,0.0007153350904261831
0,0,0.0008171950078162438
0,0,0.00031021679220681896
0,0,8.482589849809856e-05
1,1,0.9998457776076173
1,1,0.9999400128379509
1,1,0.9999816483672586
0,0,0.013756024454235686
1,1,0.974809991026798
1,1,0.9144525698028866
1,1,0.939478476278439
1,1,0.9945693489367798
1,1,0.9983137392657575
0,0,0.00227364507419611
0,0,0.027525742600017084
1,1,0.9947097660539995
0,0,0.002079345967633459
0,0,0.001802917968249757
1,0,0.10510483522224559
1,1,0.9813471217553864
1,1,0.9999565954016683
1,1,0.9931647799704182
1,1,0.5652918638663275
1,1,0.9999535482764893
0,0,0.0020717793973598015
0,0,0.00037382677348583426
0,0,0.0025110134883172463
0,0,0.0009107534616640721
0,0,0.00011778671129152991
1,1,0.9980618579328758
1,1,0.9995740568268494
0,0,0.06657354062461053
1,1,0.999913084162289
0,0,0.0004917152488794737
0,0,0.0011293358565879934
1,1,0.9118111117350584
0,0,0.019368932418340427
0,0,0.023860325524654547
1,1,0.975414515596493
1,1,0.9974256895699563
0,0,0.008538231482890683
1,1,0.9999269959412104
0,1,0.6187961181228375
1,1,0.9920835159727945
1,1,0.9943699055720393
1,1,0.9998927681878446
0,0,0.0015881140294411473
0,0,0.00938171195026653
1,1,0.6643919370036784
1,1,0.7905529236207652
0,0,0.0018303975286140847
1,1,0.9340428585062387
0,0,0.011002604629710916
1,1,0.9998993453490773
1,1,0.9993225422803883
1,1,0.9992120762466802
1,1,0.9999719514568581
1,1,0.9996130455086675
1,1,0.9999684317799409
1,1,0.9969548986226877
1,1,0.8462005378617778
1,1,0.9999147531710397
0,0,0.0012004380044429446
0,0,0.0067374396209304785
1,1,0.9999813417166173
1,1,0.9941943401403754
1,1,0.9997778104229257
1,1,0.9992515043357159
0,0,0.0018107219784681517
0,0,0.0006122360654866606
1,1,0.9993261946754871
0,0,0.002723431463055825
0,0,0.00038346509686624727
1,1,0.9849244253740713
1,1,0.9953050934870237
0,1,0.951104205562527
1,1,0.9727423462967939
0,1,0.934832003988327
1,1,0.9999864240829149
1,1,0.9459012361487253
1,1,0.9944412814972156
1,1,0.9712486551088069
0,0,0.007904976386882942
0,0,0.004329298884671957
1,1,0.999946128116323
0,0,0.0018006125951958495
0,0,0.0012276489100749416
0,0,0.0015358489772033846
0,0,0.00031178192296479575
0,0,0.001913407585034163
0,0,0.05923189129149941
1,1,0.999740325556875
1,1,0.9999513862623708
1,1,0.9998173504736204
1,1,0.9999379441458445
1,1,0.9994427080337317
0,0,0.0017368891953741868
1,1,0.9999771913299508
1,1,0.9997350960936016
1,1,0.9997637473853067
0,0,0.0028647933280933706
0,0,0.0054364740794037416
1,1,0.9999753966807068
0,0,0.0019909918921120627
0,0,0.0029002153964798345
1,1,0.999986761895428
0,0,0.001209932299650618
0,0,0.01821206540341432
0,0,0.08410247953392533
0,0,0.00048079706004739575
0,0,0.07001376811998546
0,1,0.9231039520255017
0,0,0.008341343262751755
1,1,0.9994402181845389
1,1,0.9999792290298284
0,0,0.001958016319712377
1,1,0.9830647493880031
0,0,0.0018486126077936445
0,0,0.002375603759434876
0,0,0.001394195447385973
0,0,0.0037529104262357125
0,0,0.0014236465878593417
0,0,0.001961863662328837
0,0,0.0018214565109163294
1,1,0.9995238597014636
1,1,0.9528830675652619
0,0,0.35351585642726513
0,0,0.0040992827837073136
1,1,0.9639215558763333
1,1,0.9998716265464527
0,0,0.00014213271895575891
0,0,0.00012836956825408596
1,1,0.9716171205391104
0,1,0.9127173712465828
1,1,0.9573616914572788
0,0,0.003436576017516681
0,1,0.6170566771367456
1,1,0.9960706658626413
1,1,0.5941647732602554
1,1,0.9991992516441299
1,1,0.9976134712009208
1,1,0.9905897324397854
0,0,0.36412977895506493
1,1,0.9999613676147857
0,0,0.0021835385766240797
1,1,0.9999005354000741
1,1,0.9986386991389085
1,1,0.9998793374265846
0,0,0.0021587673927265876
0,0,0.0007391911111033516
1,1,0.9997301575846083
1,1,0.9970399467106461
0,0,0.0015008206015813869
1,1,0.9991808247488163
0,0,0.0016083624853038133
1,1,0.999889044890516
0,0,0.001379294345764828
0,0,0.007971984777154316
1,1,0.9994388070638291
0,0,0.31391920768299764
1,1,0.9997129421568545
1,1,0.99993523673127
1,1,0.9999121618061431
1,1,0.9996909296900796
0,0,0.000835038623503591
0,0,0.0003336273808201745
1,1,0.9903329469851823
0,0,0.0017140737387438037
0,0,5.334600925025337e-05
1,1,0.9951800241305595
1,1,0.9768387532139207
0,0,0.3424688090711994
0,0,0.0011654800243113333
1,1,0.9686225656526931
0,0,0.0015910790258037014
1,1,0.9999698721727986
0,0,0.00070511261075683
0,0,0.0005908409134729359
1,1,0.999747666151144
0,0,0.0018505347239827644
0,0,0.0015780491414700908
0,0,0.00016456867668031513
1,1,0.9998971455632258
0,0,0.1732625177522434
0,1,0.7768531445528708
0,0,0.002515110119190854
0,0,0.0008535026148598187
1,1,0.9998867919511362
0,0,0.0013859523585300834
1,1,0.9958027160859811
0,0,6.867116554581334e-05
0,0,0.0013584558343193514
0,0,0.19906327599924914
0,0,0.022173666258599085
0,0,0.006605216703899981
1,1,0.9990522900761537
1,1,0.95978598683024
1,1,0.9997244382874955
1,1,0.9993667679884659
0,1,0.7679342482172515
0,0,0.01297619708662967
1,1,0.9913057991961014
1,1,0.9999961216323063
1,1,0.9962813419220398
0,0,9.488691092768788e-05
1,1,0.9999753841774616
1,1,0.9999312699779279
1,1,0.9998526819985181
0,0,0.000622593559390463
0,0,0.00819755604730903
1,1,0.9998993740811305
0,0,0.0018222005390501565
1,1,0.9998931099874461
0,0,0.00033804777392781117
1,1,0.9994305348588159
0,0,0.007067347735389399
1,1,0.9984822784360724
0,0,0.001105390255759231
0,0,0.0005303437635410749
1,1,0.9985901319003084
0,0,0.0011795036155264748
1,1,0.9196938567640152
0,0,0.004456613779444885
1,1,0.9999183177818648
0,0,0.0010706377385972569
1,1,0.9997667591207657
1,1,0.9796211545265711
1,1,0.9603437426384163
0,0,0.0011939744440745915
0,0,0.002325565021156335
0,0,0.007028571328532207
1,1,0.975231032398796
0,0,0.015099216776237979
1,1,0.9849937554581647
1,1,0.9475245680789042
1,1,0.9963949378090514
1,1,0.9810141268011257
1,1,0.8895676447326301
1,1,0.9994356931409777
1,1,0.9990621344790093
1,1,0.9998463152413192
0,0,0.007970057814455556
0,0,0.006440528688947882
0,0,0.0020010897641386406
1,1,0.9999505851233862
0,0,0.0008701401231471701
1,1,0.998284671143859
0,0,0.0005908619857723788
0,0,0.00010457611647669543
1,1,0.9998658512463389
0,0,0.000817173827882958
1,1,0.9904549240507208
1,1,0.99989132520791
0,0,0.0001832887274259892
1,1,0.9659629297511542
1,1,0.5653561920014943
1,1,0.9999317378255812
1,1,0.9991032267459824
1,1,0.9804434991150172
0,0,0.002307786289624153
0,0,0.0020719785210146905
1,1,0.9995976760694747
0,0,0.0012805854730685068
0,0,0.005350812109267239
1,1,0.9870182691125482
1,1,0.9997788064551755
1,1,0.9999726490458591
1,1,0.9998102398896341
1,1,0.9997333342872361
0,0,0.00017597466121617488
0,0,0.0009391226363245421
1,1,0.9581324151572507
1,1,0.9706597690849131
0,0,0.015241267442347172
1,1,0.999960329595733
0,0,0.004622266552050273
0,0,0.0007051303602246588
0,0,0.00038706767148848867
1,1,0.9999689332664152
0,0,0.2902769609179897
1,1,0.9999957011563798
0,0,0.0020379356796651807
0,0,0.0022825076702336082
1,1,0.7949176804831363
0,0,0.003286270255560392
1,1,0.9728888701394243
0,0,0.2668460218961395
0,0,0.0012663554479010973
0,0,0.002169695348329685
0,0,0.0005526542093155169
1,1,0.995500310860952
1,1,0.9985192489861877
0,0,0.028440223149459775
1,1,0.9992831904273946
0,0,0.001284075324822466
0,0,0.0023980408307418886
0,0,0.0027662261116591365
1,1,0.9994450981615741
0,0,0.0013541584869480028
1,1,0.9964435599200553
0,0,0.0022212346073967994
0,0,0.0025935413414283964
0,0,0.0029233503330088687
0,0,5.870404102845416e-06
0,0,0.002450560499094018
1,0,0.07009827940952633
1,1,0.9161307632121284
0,0,0.001291068397467234
1,1,0.9915487030971204
1,1,0.9481748971448869
1,1,0.999732600862708
1,1,0.9992071604485696
0,0,0.000443991049946895
0,0,0.0006270786125150518
1,1,0.9998347047562763
1,1,0.9718102755786345
1,1,0.9998325951237912
1,1,0.9999280039756175
1,1,0.9999050340925961
1,1,0.8755492141327387
0,0,0.004371857827349007
0,1,0.9877935516240507
0,0,0.005000446988818972
1,1,0.9680461471585619
0,0,0.029584854523884974
0,0,0.000730183517406596
1,1,0.9999623309116169
1,1,0.9999371744934615
0,0,0.0016619544498491993
0,0,0.0005239498873344586
1,1,0.9997325505947756
0,0,0.0029525282093095075
0,0,0.007252197694648762
0,0,0.00023559123289339985
0,0,0.0027509113192860247
0,0,0.008378467639488104
1,1,0.9999316244762668
1,1,0.9999086284907389
0,0,0.00927442701954516
1,1,0.9648135612791163
0,0,0.001196355436181362
0,0,0.00067377593025322
0,0,0.012014430306429855
1,1,0.9996312088972934
1,1,0.9993669855636205
1,1,0.9999494577499025
0,0,0.0016416127823518085
1,1,0.9995859409328332
0,1,0.9951078880450887
1,0,0.002751701139473874
1,1,0.9676405766989323
1,1,0.9420696986943118
0,0,0.3555923366964918
0,0,0.011165030092610419
0,0,0.0016401836289725137
0,0,0.0018916785005269085
1,1,0.9856718059871533
1,1,0.9999936960862263
1,1,0.9974331305850846
1,1,0.9998025429736414
1,1,0.9994298568605958
0,1,0.7967992482365925
0,0,0.0006648733303317764
0,0,0.10688991242800887
1,1,0.999753488711443
0,0,0.003823181894440086
0,0,0.0009299421470669448
0,0,9.885419895880806e-05
0,0,0.0150876396214793
1,1,0.9999877009365437
0,0,0.008795873452308811
1,1,0.9997765914284829
1,1,0.9772769234762277
0,0,0.36917438213950265
0,0,0.0013763447553134989
1,1,0.9679900658334084
1,1,0.9639216682804925
0,0,0.01521912111597234
0,0,0.00014538815936726324
1,1,0.9999626775883592
0,0,0.0008485529364438057
1,1,0.9998070572075942
1,1,0.9998950778369724
1,1,0.9975908494193957
1,1,0.9988321668119575
1,1,0.9891183806087478
0,0,0.005593861887372699
0,0,0.015236287219009378
1,1,0.9998320425896203
1,1,0.9914559818319701
0,0,0.001758849361129397
1,1,0.9759724265586568
1,1,0.93517567224054
1,1,0.972859316190115
0,0,0.001236156735223067
1,1,0.9999890300279654
1,1,0.965742678032393
1,1,0.9999737385576666
0,0,0.004098236358262074
1,1,0.9999727429275186
0,0,0.0009164145756735409
0,1,0.8442541529498016
0,1,0.8054657493327932
1,1,0.9997794644522672
0,0,0.000883678271281475
1,1,0.9944418284537879
1,1,0.9998933446963484
1,1,0.9859602546803764
1,1,0.996790894640351
0,0,0.11057511650442686
1,1,0.9997230240721459
1,1,0.9871350193129667
0,0,0.001776572161215149
0,0,0.009191755271938315
1,1,0.9976492539992735
0,1,0.82158492644244
1,1,0.9999900735908037
0,0,9.197675313709039e-05
0,0,0.0020692388791673406
1,1,0.9988686015454593
1,1,0.9997540747090503
1,1,0.9999605456885037
1,1,0.8961717907747392
1,0,0.19198565321588765
1,1,0.9946744928313234
0,0,0.005506017824895912
1,1,0.998370993505148
0,0,0.002890367860495124
1,1,0.9984363860814311
0,0,0.001312708843868163
0,0,0.02578442114673628
0,0,0.005027088915423767
0,1,0.9137828437097704
0,0,0.07952770347168524
0,0,0.003758489630868981
1,1,0.9964694609650394
1,1,0.9999727426490745
0,0,0.0019589127818077515
0,0,0.18705104215610396
1,1,0.9877670900250498
0,0,0.0007174033752813873
0,0,0.0015467906301361032
0,0,0.0010470885866934593
0,0,0.0016157770578255923
0,0,0.07180647179513093
1,1,0.9967955861775833
0,0,0.0009708416052008878
1,0,0.00236108338194505
1,1,0.9792465206362211
0,0,0.0010460532906367533
0,0,0.0013598818432887583
1,1,0.9995987690185145
1,1,0.9972922605510058
1,1,0.9996833643418536
0,0,0.21233200868591795
0,0,0.003503689325486777
1,1,0.9999511653302043
1,1,0.9995662349039495
1,1,0.9999978989382916
1,1,0.9999067388062732
1,1,0.9998534178755168
0,0,0.0012965134562137079
0,0,0.04951266812769083
0,0,0.00831224442317077
0,1,0.6458875535385952
0,0,0.010225574068504856
0,0,0.06669477151774658
0,0,0.0015552317153130224
0,0,0.014756720789452976
0,0,8.890865845220908e-05
1,1,0.999980024285212
0,0,0.0005589090988422134
1,1,0.999883168779053
0,0,0.0011638887729966542
0,0,0.0007637076760088485
1,1,0.9997849222058761
0,0,0.024440842632837984
1,1,0.5754373355359118
1,1,0.9990854440248141
1,1,0.9951742324465446
1,1,0.9999850258263799
1,1,0.9997059955350306
1,1,0.9999942567295439
1,1,0.9095045128405029
0,0,0.001944656255504689
0,0,0.000814765888281912
1,1,0.8003220484552488
0,0,0.003036718997348481
1,1,0.9993937723437917
1,1,0.9886560795070386
0,0,0.0004947723074582791
1,1,0.9999695776754803
0,0,0.0007333440408284046
0,0,0.00010457733776904669
1,1,0.6854570635551853
1,1,0.8894046858329209
0,0,0.0016291494154641378
0,0,0.000103523772657595
1,1,0.9999306595578026
1,1,0.9994842700720526
0,0,0.00025935236958302675
0,0,0.008004253527089965
1,1,0.9124378341078923
0,0,0.00041076052955928437
1,1,0.9701543537097514
1,1,0.9997837389502993
0,0,4.195604877840353e-05
1,1,0.9940543111215129
1,0,0.2230948787592361
0,0,0.0020856887690383734
1,1,0.9999438755113539
0,0,0.013474507345403095
1,1,0.8459409639475243
1,1,0.9638345134034665
0,0,0.003927843807445427
1,1,0.9999886102841358
0,0,0.001529484205034717
0,0,0.017880989336656508
0,0,0.3493855249112477
0,0,0.000715180513887592
0,0,0.0014101992014935087
0,0,0.03924679067504153
0,0,0.0012644949470095805
0,0,0.0011767904531057977
1,1,0.9967241541004673
0,0,9.844996481844895e-05
0,0,0.0006089639924511838
0,0,0.010431894990575862
1,1,0.8772189770194236
1,1,0.9789408601681481
0,0,0.00083001904351422
1,1,0.972666563707886
1,1,0.9999933894118656
1,1,0.994942752230336
1,1,0.9997533592998589
0,0,0.0044608170070192885
0,0,0.009113832625240062
0,0,0.0004062981458318057
0,0,0.001998456217486387
0,0,0.2399386881721573
1,1,0.99993378246676
1,1,0.999900927735727
1,1,0.999990306611474
1,1,0.9920966325364197
1,0,0.22350193769185986
1,1,0.9998864735735677
1,1,0.9885169169468634
1,1,0.9918331518812593
1,1,0.9968633995785281
1,0,0.00632696570520498
0,0,0.0021543945471200823
0,0,0.0014129819139841848
1,1,0.9999647136128784
1,1,0.999888835588177
1,1,0.9882174576874331
1,0,0.15181198731552575
0,0,0.001879459159022606
0,0,0.04854066154495117
1,1,0.9992772898922518
1,1,0.5021669157985751
1,1,0.9999174392385005
0,0,0.004454836905268309
0,0,0.00020628600582674972
1,1,0.9934696545752323
0,0,0.0011479751700068082
0,0,0.005034298702383628
0,0,0.0016988014865338236
1,1,0.9999554738906054
0,0,0.001385002726795693
1,1,0.999987819265398
1,1,0.9999786880959352
0,0,0.0016252043430560453
1,1,0.9998866480889661
1,1,0.9999980108219979
1,1,0.9998695685349487
0,0,0.0011113757277647837
1,1,0.9937829704959342
1,1,0.996065823114899
0,0,0.006453063890733719
0,0,0.3185648516568773
0,0,0.0005286846662887146
1,1,0.9946887274528916
0,0,0.0015216734301832747
0,0,0.00117985550682711
0,0,0.0012391638918971281
0,0,0.0035457380250033398
1,1,0.9998009450898696
1,1,0.999941897677897
0,0,0.0009594439323361313
0,0,0.0032805219867685833
1,1,0.9932840649665389
1,1,0.9999587274558178
0,0,7.15714762228031e-05
1,1,0.9868910098594827
0,0,0.0004873914983424921
0,0,0.003554620895098439
1,1,0.9372350002325821
1,1,0.9576428308088013
0,0,0.010224772155093795
1,1,0.9999930564376074
1,1,0.9999677233102476
0,0,0.0032149326005924744
1,1,0.9854211936999046
1,1,0.9915184032618806
1,1,0.942333678483027
1,1,0.9998687318930668
0,0,0.034747495333767406
1,1,0.87940891018046
0,0,0.021830199149974392
0,0,0.002890755524884781
0,0,0.001353652311258485
0,0,0.001492301150042828
0,0,0.001022227811950609
0,0,0.0003555612889276443
0,0,0.00013859898519695869
0,0,0.006746116181162669
0,0,0.0012927661542411883
1,1,0.9218856483165981
1,1,0.9999296744762565
0,0,0.005565275119003889
1,1,0.9999902795109128
0,0,0.034539940310868225
0,0,0.00826716625347195
1,1,0.999516494922784
0,0,0.12557187226688085
1,1,0.9997416263325821
1,1,0.99997560783533
0,0,0.0020715752099783554
1,1,0.998493471715843
1,1,0.9995920006337562
1,1,0.9974333581285872
1,1,0.9999963590904306
1,1,0.9993756573077931
1,1,0.9998860091499222
0,0,0.0004478036064231911
0,0,0.0016974113518847126
1,1,0.9997513944341925
1,1,0.9639216005753991
0,0,0.0013042775730626262
0,0,0.015582405121968856
1,1,0.9693638653318537
0,0,0.04052583390738148
0,1,0.8666838830401719
1,1,0.9999863331077424
1,1,0.9407511138632916
1,1,0.9993938501637725
1,1,0.9980137477911947
1,1,0.9988965643430713
1,1,0.7958757069555554
1,1,0.9997498180721813
0,0,0.0017212093803128886
0,0,0.0026192170898774792
1,1,0.9755808014889895
0,0,0.0004707803155846899
0,0,0.001858517006121292
0,0,0.002383091844295359
0,0,0.01692891273984593
0,0,0.0015260883806132624
1,1,0.9998499350746267
1,1,0.9642392064517731
1,1,0.9982921658155923
1,1,0.9943510953772112
0,0,0.0054672518656985365
0,0,0.0018232629426821751
0,0,0.038323872303954884
1,1,0.9999775685738579
0,0,0.0008659216464978765
0,0,0.002393515784431817
0,0,0.18188353589631537
0,0,0.1536176256079889
1,1,0.9999070977181697
0,0,0.0011582677678822395
1,1,0.9998704330572514
1,1,0.9999090939515729
1,1,0.9999177640723712
1,1,0.9996376796166532
0,0,0.0018420775595338619
0,0,0.002991661340370983
1,1,0.9997743890549431
0,0,0.002975403426897084
0,0,0.2325620942947747
1,1,0.9999649171811827
1,1,0.92866462845022
1,1,0.9999590150883448
1,1,0.9996813275764453
1,1,0.9993201235036889
0,0,0.0013151815689392385
1,1,0.9778775708219517
1,1,0.9999917083813822
1,1,0.9999007268921831
1,1,0.9938746541508325
1,1,0.9999476718810727
0,0,0.0010865410247219674
0,1,0.8611885903571456
1,1,0.9868673859061731
0,0,0.0028676006534065954
1,1,0.9728951082723343
1,1,0.9932207769688484
0,0,0.013756047536897933
0,0,0.08551957765236719
0,0,8.936330761839001e-05
1,1,0.9579912720452703
1,1,0.8011537404888229
0,0,0.0023343714120191094
1,1,0.9998761419739792
0,0,0.0015708940412126628
0,0,0.001619872664407944
1,1,0.9999713452744702
1,1,0.9992438141697554
1,1,0.9998837191616379
0,0,0.03854090102545338
1,1,0.999993682671083
1,1,0.9999864205406495
1,1,0.9713303929210503
0,0,0.00200989403755678
0,0,0.010984094011845911
1,1,0.9997395472814767
0,0,0.0018124460490282317
1,1,0.9994356910797125
1,1,0.9997836456948225
1,1,0.9986166863766893
1,1,0.8959680622301064
0,0,0.0015604486080137083
0,0,0.0014184336792828834
1,1,0.9999098836249151
1,1,0.9701982118534068
0,0,0.00420915438074806
0,0,0.0015129711497686345
1,1,0.9538774871559447
0,0,0.0019704588203894517
1,1,0.974544404529956
1,1,0.9998736878485152
1,1,0.9955314254206038
1,1,0.9553824278213616
1,1,0.9999969876580305
1,1,0.9996286842795228
0,0,0.0647611656776086
0,0,0.0017124904677042082
1,1,0.9994869278446203
0,0,0.0008539167805165128
0,0,0.013390852343890685
1,1,0.9829270169779564
0,0,0.1780526210588591
1,1,0.9993888609268028
0,0,0.0018195675622975755
0,0,8.358790699956005e-05
1,1,0.9998913247856759
0,0,0.0001283702632905531
0,0,0.002589551528788246
1,1,0.9989500736868813
1,1,0.9998660130380347
0,0,0.00020669673830216062
0,0,0.0007306276443173549
1,1,0.9651005436709101
0,0,0.0014119370661866421
1,1,0.9984848213052936
0,0,0.004560354627424487
1,1,0.9999592620002293
1,1,0.9897854996936285
0,0,0.0013125741413831347
0,0,0.0006340385036501215
1,1,0.9999961711096743
1,1,0.9993410502510456
1,1,0.9532076211360035
1,1,0.9865785580676631
0,0,0.002890539435234929
1,1,0.9999167944835365
1,1,0.9999387423370208
0,0,0.002592736063436238
1,1,0.9999685909925732
0,0,0.0011200307404155283
1,1,0.9967954640592762
1,1,0.9522897981505845
0,0,0.14403829455231387
1,1,0.9580092213073421
1,1,0.9685044502759085
0,0,0.0018500058818380243
0,0,0.0015552905004693708
1,1,0.9756825701255673
1,1,0.9999511318793749
1,1,0.9991498250199197
0,0,0.06779556410894126
0,0,0.0026750760042178346
0,0,0.002295898560063031
0,0,0.002335095358885803
0,0,8.681262541041118e-05
0,0,0.05046077829506552
0,0,3.723538280321932e-05
1,1,0.9997838357344849
0,0,0.005744270932328723
1,1,0.999986652418655
0,0,0.03565645605185975
0,0,0.0010145183874332052
1,1,0.9999853869892559
0,0,0.01585454679047999
0,0,0.005472600155176139
1,1,0.9999908360795375
0,0,0.009523484137168104
1,1,0.7417595227757262
0,0,0.0034776229395535683
1,1,0.9999246831367676
1,1,0.9999824165354169
1,1,0.9964693471280585
0,0,0.0026201131877027412
0,0,0.0010725743718085607
0,0,0.0004773358505769051
0,0,0.001365963751625497
1,1,0.9985463428998866
0,0,0.00017661547513926629
0,0,0.0028293848469584477
0,0,0.0013139039251828725
0,0,0.0035544964322448396
0,0,0.008963340114912186
0,0,0.0004669481116309432
1,1,0.9999769684550422
1,1,0.9997361188806071
1,1,0.9992814177148599
1,1,0.6681321348039808
0,0,0.0024719600404964222
1,1,0.9999758829355109
1,1,0.9991261632373858
1,1,0.9999711789520128
1,1,0.9854211651779856
0,0,0.0012537720285898816
1,1,0.9999426169675877
1,1,0.9539297406372429
1,1,0.9999871197546895
0,0,0.02318174257209572
1,1,0.7794224617078417
0,0,0.0005475488791958275
0,0,0.07142981553036733
0,0,0.0006975267763521951
0,0,0.0158546532068858
0,0,0.0005745752219690979
0,0,0.008175388614848969
0,0,0.0030993274964579974
1,1,0.9999731169286947
1,1,0.997925840152966
0,0,0.02696478968201959
1,1,0.9999509382634014
0,0,8.359178434586929e-05
0,0,0.008799242906768201
0,0,0.0007320749681169545
1,1,0.9966294330530799
1,1,0.9487913689712604
0,0,0.00010677413072739655
0,0,9.48871624713923e-05
1,1,0.9994211349835732
0,0,0.003366049574089136
0,0,0.00020865059950441367
0,0,0.0006329691790448748
0,1,0.6433248389707923
0,0,0.020614343695978327
1,1,0.999870717826136
1,1,0.9999767616739902
0,0,0.0014986996486634507
1,1,0.9999034554074694
0,0,0.00303340826111188
0,0,0.0029738391132827892
0,0,0.0007131545240705462
0,0,0.0007839092513274704
1,1,0.9491786096663185
0,0,0.002120510352731611
1,1,0.9934218632550587
0,0,0.0009377484719930275
0,0,0.0032520018790657555
1,1,0.991329051761705
1,1,0.9999365988356604
0,0,0.029738330790198657
1,1,0.981347123589742
0,0,8.68023595847282e-05
1,1,0.994930473237189
1,1,0.9998473889676429
1,1,0.9999940070889853
1,1,0.5156731344260544
0,0,0.0020092899038360395
0,0,0.005342213228379446
1,1,0.9999390194044694
1,1,0.9999521238872842
1,1,0.9992958165550163
0,0,0.0016851873437020376
1,1,0.9999815106627128
1,1,0.9978353061437694
0,0,0.0013079622828064518
1,1,0.9996846431109885
1,1,0.9999861576348031
0,0,0.0026430646595483396
0,0,0.005416088538936811
1,1,0.9996733454048741
1,1,0.9997684242166329
0,0,0.028578955524466116
1,1,0.9936378797724584
0,0,0.007513540002103598
0,0,0.0006939130489655556
1,1,0.9999956014592821
0,0,0.0010176800539278448
0,0,0.013589316066059806
1,1,0.9309156862668366
1,1,0.9990091092355532
1,1,0.9987101678837219
1,1,0.9999903659523519
1,1,0.9999521244749586
1,1,0.9999468169102183
1,1,0.9994537444466448
1,1,0.9999304605670095
0,0,0.0017715347523760928
1,1,0.9987514001910809
0,0,0.049342836362720154
1,1,0.9997168744501649
0,0,0.006599374720802832
1,1,0.9988518872150801
0,0,0.0024150017362232013
1,1,0.9797305384652061
0,0,0.0020700048618339365
0,0,0.002890394077375881
0,0,0.001544095714011725
0,0,0.0016199753245761154
0,0,0.00010352389006955851
0,0,0.006602484025203932
1,1,0.9997208819114949
1,1,0.9794066129722888
0,0,0.00015937013981095227
1,1,0.9871360083505849
0,0,0.003978140781209049
1,1,0.9999399538867845
1,1,0.9981142562898347
0,0,0.0006891603595902789
1,1,0.9996039313380938
0,0,0.00011236724585082828
1,1,0.9999264813752949
1,1,0.9997164329387977
1,1,0.9996298702662004
1,1,0.999971506882852
1,1,0.9996481302199045
0,0,0.060860810107358575
0,0,0.0008703029433053155
1,1,0.9994038074922255
0,0,9.172336257728896e-05
0,0,0.0007155018802875194
0,0,0.0016866427525617073
0,0,0.001236199522275081
0,0,0.0001453838073800857
0,0,0.0016230035684418709
1,1,0.995782705910306
0,0,0.022073853012295967
1,1,0.9999289853878693
0,0,0.005113420402833381
1,1,0.9967955191856613
1,1,0.9996707841794535
0,0,0.00040719445934931747
1,1,0.9999926941882982
0,0,0.058582887696313715
1,1,0.9998913247868596
0,0,0.1282155089804257
1,1,0.9991247670362787
1,1,0.9967955600972435
0,0,0.3149023589880094
0,0,0.0007525617897860297
1,1,0.9300082739302249
0,0,0.0005099373816540249
0,0,0.0007831503338197015
1,0,0.28806978313954434
0,0,0.0013417553203057017
0,0,0.0036221141745656827
1,1,0.9983389090896496
1,1,0.999671537888868
1,1,0.9999878181795924
0,0,0.0005596136404762166
1,1,0.969277440518491
1,1,0.9997873262924474
0,0,0.023893584850289334
0,0,0.0015191618808726
0,0,0.006720833342627876
1,1,0.9998807349194017
0,0,0.003868662299566846
0,0,0.08897451391457081
0,0,0.0016616295262821845
0,0,0.0009895821084854814
0,0,0.000531856729529838
0,0,0.001845869300271568
1,1,0.9994451068251754
1,1,0.9939564193581972
1,1,0.9999365514105468
1,1,0.9997246581658006
1,1,0.9969332350795852
0,0,0.0008821419852845434
1,1,0.9900565798522999
1,1,0.9998573565482441
1,1,0.9895568275817528
0,0,0.0011790285744221602
0,0,0.0025267415031695246
0,0,0.045885814265263336
0,0,0.002078345000212704
1,1,0.9967908979597234
0,1,0.8941431968659117
0,0,0.000557194598609686
0,0,0.011673863182066443
1,1,0.9518501798141502
1,1,0.9995324065233899
0,0,0.0010522169516947262
1,1,0.9680000732720399
1,1,0.94953639645158
1,1,0.9998585178965727
1,1,0.9999963915019742
0,0,0.0003734919555884857
1,1,0.9999406805763428
0,0,0.0007635096230845549
1,1,0.99973174527032
1,1,0.9998866770986164
1,1,0.8782567932566205
0,0,0.0005517533701773444
1,1,0.9715242323306399
0,0,0.0009190408487187817
0,0,8.936245092205027e-05
1,1,0.9999611735044495
0,0,8.353149915624704e-05
0,0,0.0021062139708669827
0,0,0.001345112770820716
1,1,0.9866457543435416
0,0,0.24242357150113095
0,0,0.00038336961600852836
0,0,0.0011354633309642909
1,1,0.9991300296406149
1,1,0.9995338640972591
1,1,0.9988074941790421
1,1,0.9843013506329941
1,1,0.999262014020909
1,1,0.8168153090408666
1,1,0.9999461316970008
1,1,0.625585817264023
0,0,0.16258369451043714
1,1,0.999360953529352
0,0,0.01513875753641764
1,1,0.9964891323397214
0,0,0.05070826620471022
1,1,0.9804999109620257
0,0,0.0002443010639496757
0,0,0.0001310899306093347
0,0,0.3728562325847124
0,0,0.024596264961798484
1,1,0.9999605456575911
0,0,5.304451572186364e-05
1,1,0.9992958649899649
1,1,0.9577392412408148
1,1,0.9997656079927533
1,1,0.7867107892538744
1,1,0.9998476637708588
0,0,0.0014414205151944569
1,1,0.9675373155489013
1,1,0.9997718641357681
1,1,0.9713605380091391
0,0,0.001017679971981804
0,0,0.0005236000569019381
1,1,0.8294178330960154
0,0,0.01228532940958541
1,1,0.9967050090722844
1,1,0.9999178048068863
0,0,0.0010557867146643671
0,0,0.00048661407344257105
0,0,9.488074421609664e-05
0,0,0.0007649441862384014
0,0,0.0005140054972516697
1,1,0.9951862396769283
0,0,0.0015536303584718204
1,1,0.9995406413176721
1,1,0.9999946418718921
1,1,0.9990925127232007
1,1,0.9997278593110783
0,0,0.015138895947206313
1,1,0.9997978352750461
0,0,6.316564336672305e-05
0,0,0.3419008786787585
0,0,0.0009876567025072604
0,0,0.012689343856712224
0,0,3.380570517595411e-05
1,1,0.706393470835205
0,0,0.006572177688510352
1,1,0.9682091757121314
0,0,0.12242136594528352
1,1,0.9998690705116492
0,0,0.05861576699181941
0,1,0.7574039273620825
1,1,0.999973671973291
1,1,0.9385403553400101
0,0,0.006611079569965383
1,1,0.9544313881677948
0,0,0.0008177104844267688
0,0,0.003048491692959172
1,1,0.990641708949975
0,0,8.734452233800824e-05
0,0,0.0013298960178412995
0,0,0.0014449140032205719
0,0,0.0031874037873149356
0,0,0.0002934770388494664
1,1,0.9999710142424684
1,1,0.9999979464052859
0,0,0.0014789604421658559
0,0,0.0007222358667291617
1,1,0.9981374584298817
0,0,0.0004964662436739092
0,0,0.002888616907824201
0,0,0.0009949304146056712
1,1,0.9980450861519634
0,0,0.0016935027242187036
0,0,0.00623771445931319
0,0,0.010812768186833495
0,1,0.9616251770195509
1,1,0.9999360152456201
0,0,0.22499603016859165
1,1,0.7434544034478852
1,1,0.9512396801223084
1,1,0.9884883764517258
1,1,0.9999695074985376
1,1,0.9380758634468555
1,1,0.999924247819865
0,0,0.0025072045433919463
0,0,0.0007888892410196799
0,0,0.0013640782327747473
0,0,0.001634903529397267
1,1,0.9999294810438756
1,1,0.8082906934307827
0,0,0.00028402037716763345
1,1,0.9994469657803761
0,0,0.0017021584625320596
0,0,0.0005410987367221972
1,1,0.9995288433420079
0,0,0.0015338541234853687
1,1,0.9999625009453663
1,1,0.9995066694464037
0,0,0.0018484327425066637
1,1,0.9995662193910688
0,0,8.457813716696586e-05
0,0,0.0018051496797660072
1,1,0.9999767617032674
1,1,0.9999380606778606
1,1,0.9914013610106797
0,0,0.0006571807413033102
0,0,0.0011654848292659216
0,0,0.1507831768981574
1,1,0.9972774954440632
0,0,0.0013165337483127127
0,0,6.853023773026785e-05
0,0,0.0010299187786987477
0,0,0.0008621636708995793
0,1,0.6990742771810864
0,0,0.0001366589913299163
0,0,0.00027442612082735835
1,1,0.9999430750676459
0,0,0.0038037531586219858
0,0,0.0014385492334828601
1,1,0.9996620613861882
0,0,0.0005034546837073929
0,0,0.0010852764636683243
1,1,0.9999641440961211
1,1,0.9999904455390415
0,0,0.29209417826147327
1,1,0.9991885679022849
0,0,0.0011066871431491183
0,0,0.44926382874061854
0,0,0.0019358660989772496
0,0,0.002530071741196951
0,0,0.001670629861492031
1,1,0.996795605904701
0,0,0.04716838310172246
1,1,0.9999495200115095
1,1,0.9998996961849848
1,1,0.9488139826487922
0,1,0.7171586113655312
1,1,0.9782542864704101
0,0,0.01653552825134385
0,0,0.003998661119125294
0,0,0.026152063810687087
0,0,0.0019377592999132178
1,1,0.9999319818877437
1,1,0.938320944769036
1,1,0.9997325495200937
0,0,0.0007063361190529928
0,0,0.0006484046314346948
1,1,0.9997009925779322
0,0,0.005064010585632821
0,0,0.0009069156502723007
0,0,0.00719632596040259
0,0,0.0008657638312721888
0,0,8.681061506132123e-05
1,1,0.9829454177936598
0,0,0.0024535009129180224
0,0,0.0010938177922984631
0,0,0.002221657382195819
0,0,0.007503217946226827
1,1,0.9998763868723696
1,1,0.7473553178339678
0,0,0.0283848638206008
1,1,0.9999872015646696
1,1,0.9828323495207629
1,1,0.8938863097370655
0,0,0.0008677491578772706
0,0,0.0002190011501728265
1,1,0.9987901285440419
1,1,0.9999040546880776
0,0,0.0027230585920815942
1,1,0.9999555545006584
1,1,0.9997229627631334
1,1,0.9997475502588881
0,0,0.004082258628839408
1,1,0.9610522924514202
0,0,0.017309805751889052
1,1,0.8894043579038317
1,1,0.9901744010267426
0,0,0.006782946668387693
1,1,0.9991260922480437
1,1,0.9879890930007035
1,1,0.9998687925592608
0,0,0.00014410730214799153
1,1,0.9999284042102538
1,1,0.9999875069554384
0,0,0.0010256178527305244
1,1,0.9997877436125682
1,1,0.996488059377285
1,1,0.9999875070446965
1,1,0.9993119381481763
0,0,0.0015721423861091855
1,1,0.9994531060765705
1,1,0.9999937200939361
1,1,0.5158858505760032
1,1,0.9983817782478884
1,1,0.9998910362205923
1,1,0.9951580785337598
0,0,0.08241231359761363
0,0,0.0013607108476063683
0,0,0.0015223736019732191
1,1,0.9930705161852189
1,1,0.9972266388645654
0,0,0.011419841213251921
0,0,0.0014236466343142858
1,1,0.9986166863887268
1,1,0.9925763927105299
1,1,0.9999488609226747
0,0,0.0024813352248931613
1,1,0.9299493467383814
0,0,0.0022467274433067646
1,1,0.9995013316487267
0,1,0.7844485731139994
0,0,0.004367246836968459
1,1,0.9982967924583718
0,0,0.003340724579688141
1,1,0.9817177804246543
0,1,0.7716553776362173
0,0,0.0007931234772384746
1,1,0.9990070967586715
1,1,0.7931489313773581
1,1,0.9996903503382297
1,1,0.999786945125825
0,0,0.0030213355196994284
0,0,0.00040892646785280564
0,0,0.001288710533517384
1,1,0.808226780486396
0,0,0.01983403749136951
0,0,0.0006826235003856261
0,0,0.0015880053949133
1,1,0.985719396009536
1,1,0.9998250866671697
1,1,0.9999035021023507
0,0,0.005486910782014708
1,1,0.999997087602827
0,0,0.0012190532679899786
1,1,0.9993367871801124
1,1,0.9998556253508882
1,1,0.9996306589477423
1,1,0.908921038375888
0,0,0.0013182782989854323
1,1,0.9999111547249643
1,1,0.9998687768482263
0,0,0.10829024162867949
1,1,0.7053774805538507
0,1,0.7714956538574116
0,0,0.0038045839270219456
0,0,0.00010457230120691348
1,1,0.8354675179722243
0,0,0.0024157454034505516
0,0,0.0022412752999202016
0,0,0.0019948965240876985
0,1,0.9260579573355386
1,1,0.9997151134735713
0,0,0.004414888262541645
0,0,0.034790854091642676
0,0,0.004143794847418477
1,1,0.9999775873790648
1,1,0.9463409626970244
0,0,0.0016659105592868007
0,0,0.09765314271409377
1,1,0.9997424206914584
0,0,0.0006982447532435632
0,0,0.0017551479625393177
0,0,0.00045641876795564503
1,1,0.999989140816323
0,0,0.0019645313718689886
1,1,0.9965529800111228
0,0,0.0011593493094185189
0,0,0.00543617300170055
0,0,0.005128890257847461
0,0,0.46460580390641343
1,1,0.9940435365777043
0,0,0.002233711305794986
0,0,0.011649780030333436
0,0,0.00210568260193994
1,1,0.9996084640901011
1,1,0.9998031236493982
1,1,0.9374861489978733
0,0,0.004687255440776484
1,1,0.9997539950762823
1,1,0.9999643897224882
0,0,0.005518059994398264
0,0,0.001744703540588119
0,0,0.0009949707715187779
1,1,0.9999901000636596
0,0,0.0012475307200265622
0,0,0.0008174630012709384
0,0,0.007729995524976918
1,1,0.9998986203504209
1,1,0.9998531370502693
0,0,0.006602489026192226
1,1,0.9050613026156591
0,0,0.0017403432240528486
0,0,0.00306369836603609
1,1,0.97425545607574
0,0,0.0007935393337279697
1,1,0.9813447637611358
1,1,0.9999340233812758
1,1,0.9998803871991832
1,1,0.9997787247663712
0,0,0.0011055781291078738
1,1,0.9889665161454944
1,1,0.999767269162954
0,0,0.0004854289360727077
1,1,0.7889728657203341
1,1,0.9992958669132116
1,1,0.9998000697336523
0,1,0.9453072598454716
0,0,0.01901354603637432
0,0,0.003251940195873091
1,1,0.9999881660861859
1,1,0.9985463447550345
0,0,0.01777715636356618
1,1,0.9999405935192552
1,1,0.9999838514862387
0,0,0.002996541352903504
1,1,0.8034039234537514
0,0,0.0006424194729161247
1,1,0.9999685609395501
0,0,0.001420086632874358
0,0,0.01576501559581216
0,0,0.0013002354211577246
1,1,0.9606340934550702
0,0,0.0004744861971480397
0,0,0.0018967076584078956
1,1,0.999416309509376
0,0,0.0012081014181766561
1,1,0.9916660714886675
0,0,0.004617372192905678
0,0,4.4837132710570755e-05
0,0,0.1697571671809358
0,0,0.0012689227002935213
1,1,0.972146871876807
0,0,0.0009965863957109924
1,1,0.9997008406246807
0,0,0.001277792950031756
1,1,0.9999528032579112
0,0,0.009204719086566674
0,0,0.005311659473740501
1,1,0.9998586779904766
1,1,0.9999974258540907
0,0,0.0011240602238013321
1,1,0.9996167649770146
0,0,0.054292501868114025
1,1,0.9984148290434154
0,0,0.001375767937030927
1,1,0.9993556203530853
1,1,0.9988934995856107
0,0,0.001306304694305622
0,0,0.008344497149996964
0,0,0.012569019080287364
1,1,0.999961172083984
1,1,0.9938729548572719
0,0,0.0011383125683543803
0,0,0.004029334535665849
0,0,0.003695926109121044
0,0,0.006097540583883414
1,1,0.9999929380106379
1,1,0.9999384382090103
0,0,0.008412254180445285
0,0,0.0004150991036442412
1,1,0.999981378632713
1,1,0.9999418003198901
1,1,0.9807599291215072
0,0,0.002235027357038026
0,0,0.0005399338428602408
1,1,0.9999770557973197
0,0,0.08981955406045554
0,0,9.488053409378043e-05
0,1,0.5007866523989555
0,0,0.0002807939089333005
0,0,0.2725804363342598
0,0,0.0012125455387083487
1,1,0.9906876232686684
0,0,0.2726825276872177
0,0,0.000551197373257646
1,1,0.9999866509823921
0,0,0.013213296907120068
0,0,0.0011442120081879413
1,1,0.9967955086689024
0,0,0.004408973219206072
1,1,0.9998844939962332
1,1,0.9997717072530515
1,1,0.9939394792236166
0,0,0.0023831344762337793
1,1,0.9999526204929883
0,0,0.0005963276657370916
1,1,0.9999770770834628
1,1,0.9998900557699135
0,0,0.013322986479255757
1,1,0.9793284120639295
0,0,0.0018946238662564978
1,1,0.9999684427688429
0,0,0.0014766166094395594
1,1,0.728763560365281
1,1,0.9935006159632157
0,0,0.0060035356064069255
0,0,0.28365817218881445
1,1,0.9999771070511566
0,0,0.009523541474355144
1,1,0.8889845832343456
1,1,0.5690986147690228
0,0,0.005129646715688467
1,1,0.9996302260209592
0,0,0.0021708550879206787
0,0,0.0014811305779025108
1,1,0.9999766824184678
1,1,0.9993648300227205
0,0,0.08048825885030303
0,0,0.16284350848946869
0,0,0.001005224062617606
1,1,0.9992147246164036
1,1,0.9999834230650264
1,1,0.8845048645503805
0,0,0.006542032762840212
0,0,0.013748993921852545
1,1,0.9997762118380243
1,1,0.9780549668104596
0,0,0.004080663783447288
0,0,0.022736025409851885
0,0,0.0007349754344547295
0,0,0.0009947677549378062
0,0,0.0006109182022274204
1,1,0.9992665965938666
0,0,0.01956938159277012
1,1,0.9991055442268105
0,0,0.00033087846920775034
1,1,0.9922768947553643
0,0,0.00045269223577356184
0,0,0.0006142267769835756
1,1,0.9999901001075983
0,1,0.878347449722886
1,1,0.9999371744903137
0,0,0.003874366724887745
1,1,0.9957387845440121
0,0,0.002415005716241432
0,0,0.030760933965442078
0,0,0.07880893602771596
1,1,0.7998956630675045
1,1,0.9527275651638248
0,1,0.9568776078032745
0,0,0.001258796434569324
1,1,0.9877709287386216
1,1,0.9999118611356195
1,1,0.9999508185256343
1,1,0.9999728569377008
0,0,0.1498820438851735
0,0,0.0012974483790404408
1,1,0.9967977664663241
1,1,0.999364870341496
1,1,0.999449438897838
1,0,0.4803225468513779
0,0,0.01149406137456394
0,0,0.0017142691245184592
1,1,0.999657269921264
1,1,0.9967909350416897
0,0,0.08479911265332135
1,1,0.9727630448561602
1,1,0.9998843778621427
0,1,0.6809040893045206
0,0,0.0321115335709495
1,1,0.9999629932238477
0,0,0.0007533698597451844
1,1,0.9997258602691038
0,0,0.0027135407772460943
0,0,0.010454591514315449
0,0,0.0011642254857743566
0,0,0.01230778775819518
0,0,0.00011043433879809724
0,0,0.0064081142336557
1,1,0.9991056043733193
1,1,0.9988854721819967
0,0,0.0015303548255346643
1,1,0.9720383518542582
0,0,0.0015717254942217264
1,1,0.9997480323400929
1,1,0.9999796614519706
0,0,0.22028407665368796
1,1,0.9986516629396791
1,1,0.9998295995368787
0,0,0.0006374673790355315
0,0,0.006458200480790593
0,0,0.0012605822991565822
1,1,0.9999943581513416
0,0,0.003580530491985409
0,0,0.0025820513731181095
1,1,0.9948955528727469
1,1,0.9999532822119569
0,0,0.002132905229089657
1,1,0.9718502263749577
0,0,0.012803894539874383
1,1,0.9440803653964864
1,1,0.9999886099841689
1,1,0.9980361455356661
0,0,0.0005906011061882146
0,0,0.018416317083913277
0,0,0.10413314837697622
1,1,0.9994997636153214
1,1,0.6780840276162118
1,1,0.8170270324112381
0,0,0.00024199992397971876
1,1,0.9998250842301395
0,0,9.197677016707653e-05
0,0,0.07783155436905291
0,0,0.0885077783564054
1,1,0.952809498983611
0,0,0.0029089633437592343
0,0,0.00038518120376893696
1,1,0.9962815603912788
0,0,0.0027816606837836586
1,1,0.99985082388852
0,0,0.001693414132896491
1,1,0.9999037427440931
1,1,0.9141848148481445
0,0,0.001604962559664213
1,1,0.9999133529230569
1,1,0.8627011602955692
0,0,0.001532222547415615
0,0,0.017312453706323807
0,0,0.0013581975546551532
0,0,0.0018727420802458605
1,1,0.9205642817893225
0,0,0.4108703454057474
1,1,0.9808154906101001
0,0,0.006168011269097485
0,0,0.002108460165910801
1,1,0.9999839834152148
1,1,0.9994030284978382
1,1,0.9998716843047284
1,1,0.9991302732015791
0,0,0.0016406600391770435
0,0,0.001707879082836659
1,1,0.9390605974955807
1,1,0.9998742906526005
0,0,0.005492628329738476
1,1,0.9998381445409149
1,1,0.9962813522743827
0,0,0.005987973024275404
1,1,0.9873875411765669
1,1,0.9997513440171147
1,1,0.9999945367480656
1,1,0.9999917379351273
0,0,0.00013654406082884402
0,0,0.48708422466596196
1,1,0.9999671963833554
0,0,0.00031765888704231147
1,1,0.9999119624336389
0,0,0.0015507147396725922
0,0,0.0121283629112048
0,0,0.0030400309017909184
1,1,0.9854343398845271
1,1,0.6656886599499663
1,1,0.9956293932640926
1,1,0.9997265041855163
0,0,0.003236118771014462
1,1,0.9676633924236059
1,1,0.9999686803474173
0,0,0.0005285496131011509
1,1,0.9998327824830894
0,0,0.0022993192373766194
0,0,0.00033362831106578184
1,1,0.9906127909210068
1,1,0.9955025240376991
1,1,0.6372919188913695
1,1,0.999917063837436
0,0,0.002121836401721431
1,1,0.9930451651797318
1,1,0.9999363575827028
0,0,0.011984791517775963
0,0,0.000817688804051224
0,0,0.0010470571586838238
0,0,0.02901500694306546
0,0,0.0068731886007064175
0,0,0.0020093861411869776
0,0,0.001807677831474444
1,1,0.9999815877461106
0,0,0.0026610532662416347
1,1,0.9351753302788525
1,1,0.9999439967044783
0,0,0.0016081598609166174
1,1,0.9998941479989616
0,0,0.0006817399146899871
1,1,0.9999495563992661
1,1,0.9999929148541786
0,0,0.0011383659700298645
0,0,0.0014306436320356167
0,0,0.11397901799250179
1,1,0.9941368014786499
1,1,0.9948536145364166
1,1,0.8362525515524026
0,0,0.0023892047271925334
0,0,0.0017584637559506732
0,0,0.00016234907167077812
1,1,0.9896382045540865
1,1,0.9999471876316667
0,0,0.002304426466544088
1,1,0.8986808158204731
0,0,0.0016760443516086005
1,1,0.9998324786609133
1,1,0.9992485222207839
1,1,0.9981223046808753
0,0,0.0011473053042945667
0,0,0.0005084358387314754
1,1,0.9998922589075806
1,1,0.994569389083641
1,1,0.977043885964643
1,1,0.99532433783118
0,0,0.0005526510281001724
0,0,0.013474490993424865
1,1,0.9997736761591373
0,0,0.001137482755196527
1,1,0.998032753863958
0,0,0.001537103715142144
0,0,0.00014536849159140484
1,0,0.25962368607682973
1,1,0.9998192668311389
0,0,0.002182602514848851
1,1,0.5137199029595206
0,0,0.0012856697523992125
0,0,2.00691103170248e-05
0,0,0.004997689259625425
1,1,0.9993611519950213
0,0,0.0006317192404213814
0,0,0.0009448957676715588
0,0,0.15349825776623122
1,1,0.9961572966868231
0,0,0.0014683839591648812
1,1,0.9998943795153454
1,1,0.9999973825550451
1,1,0.9999950814793992
0,0,9.488662900110744e-05
1,1,0.99997311834327
0,0,0.0012879417681029585
0,0,0.00010679207938000264
0,0,0.004897471901039383
1,1,0.9865298842362612
0,0,0.04796093311079023
0,0,0.0009599504531291057
1,1,0.8335101840817484
0,0,0.0011240624301050491
0,0,0.14181465686852357
0,0,6.895940941423236e-05
1,1,0.763796211970254
0,0,5.098542327779188e-05
1,1,0.9999866619726919
1,1,0.9578099798012806
0,1,0.7565485416491892
0,0,0.011799760027470053
1,1,0.9999913693107315
0,0,0.0006609145181731636
1,1,0.9996589478197869
1,1,0.9999702037178897
0,0,0.004335341111533083
1,1,0.9998247542461789
1,1,0.9999637477615737
1,1,0.9998670799621807
0,0,0.002664641145221527
1,1,0.9969592564205254
1,1,0.9999645350144657
0,0,0.13867529255766217
0,1,0.9783058769989859
1,1,0.9999787979589924
1,1,0.9850088821251614
1,1,0.9679498717789892
1,1,0.9999877454482278
0,0,0.00010679113726706025
0,0,0.011995030712744749
0,0,0.00125800430233801
1,1,0.9633084969074497
1,1,0.9999885103353787
1,1,0.9999360667233798
1,1,0.9998912696929694
1,1,0.9994876820941992
0,0,0.0373026902439128
1,1,0.9997091504058925
1,1,0.9996559832933866
1,1,0.9998435199662227
1,1,0.9981750236837202
0,0,0.0016180785515224733
1,1,0.9999965242331774
0,0,0.006302322896246214
1,1,0.9971382935042767
1,1,0.999913965300796
1,1,0.9861398751112511
0,0,0.0007407793613357529
1,1,0.9910304114334001
1,1,0.9997172366294497
1,1,0.8061686122640088
0,0,0.0026071699999919637
0,0,0.0005643944082336495
1,1,0.999994006433047
0,0,0.001892427477434743
1,1,0.9725085120250517
0,0,0.00011175128095290926
0,0,0.001660924062221178
0,0,0.004912744417533884
0,0,0.00024712512992589703
0,0,0.001983198267990783
1,1,0.9999135769212879
0,0,0.0012074487660088814
0,0,0.2703935490897167
1,1,0.9978480478470194
1,1,0.9984823242359108
0,0,0.0001815693920459479
1,1,0.9760887054980378
0,0,0.0026055755628893247
1,1,0.9994891182222689
1,1,0.9997510720512165
0,0,0.000700983803017178
0,0,8.136139468922103e-05
1,1,0.8355015399960598
0,0,0.0013595039639730249
1,1,0.9997949236991673
0,1,0.9633457936296914
1,1,0.9999720983289273
1,1,0.9998346026436947
0,0,0.0013442767802155184
1,1,0.9997357144344593
0,0,0.0014273360657022143
1,1,0.9986065498875067
1,1,0.8364133302822365
1,1,0.9999866524148266
0,0,0.0016363362172805368
1,1,0.9966249467351167
0,0,0.00017418250212054826
0,0,0.14855525081706908
1,1,0.9999885097872102
1,1,0.9960760098219421
0,0,0.0009064699084333492
1,1,0.9839228590091158
0,0,0.00471907812427971
1,1,0.9994298330303611
1,1,0.9998056658778277
1,1,0.9999890301385478
0,0,0.0011333660759592942
0,0,0.0006830265057909962
1,1,0.995199835284478
1,1,0.7831417243002009
0,0,0.014749846874745261
1,1,0.9998714054463027
0,0,0.002475640622872467
1,1,0.9999982903494519
1,1,0.63809711570333
1,1,0.9987019756697519
0,0,0.001404852782057753
1,1,0.9656555796891018
1,1,0.9981233984093009
0,1,0.6394655701467435
0,0,0.00034544874978590956
0,0,0.002182602576526284
0,0,0.0028685322228817044
0,0,0.0014589707351669548
1,1,0.9996980711974315
1,1,0.9964689021633083
1,1,0.9997305451152892
0,0,0.0005908269191588537
0,0,0.002109873250075454
0,0,9.48864363655386e-05
0,0,0.0013359144240957241
1,1,0.8988061098709194
1,1,0.9999691390646511
1,1,0.9999834654990363
0,0,0.0007320794383369457
0,0,0.001588839174849035
1,1,0.9856601650868074
1,1,0.9997695923259688
0,0,0.0026735881291001778
1,1,0.999934323326346
0,0,0.0045603546373139065
0,0,0.0013018500226702815
0,0,0.0012475597938627723
0,0,0.005112415202843778
1,1,0.9997506803451154
1,1,0.8926687332890986
0,0,0.002243209623693103
0,1,0.8934375375172144
0,0,0.0014119381380703886
0,0,0.012152880678762105
1,1,0.9999343248852346
1,1,0.9803195113222433
1,1,0.9977574007466047
1,1,0.9983193977820375
0,0,0.0007436454732932384
1,1,0.90042463665815
1,1,0.9952246744093572
1,1,0.9116387289285208
0,0,0.0026862096006106087
0,0,0.04795153921278737
0,0,0.0029803157754926426
0,0,0.0010397745573149197
0,0,0.026927075620666686
1,1,0.9999789858640982
1,1,0.9998781917384271
0,0,0.003293460135043592
0,0,0.19293447540645273
0,0,0.0012438178142364354
1,1,0.9999326602275119
0,0,0.00024507056752230374
0,0,0.005235888356572522
1,1,0.9999943303751629
1,1,0.9980452439872437
1,1,0.9997708783467583
1,1,0.9992380032282101
1,1,0.9999454445155065
1,1,0.9996881159868086
0,0,0.0018940817572290142
0,0,0.0012076142620776357
0,0,0.017808609679374223
0,0,0.02697144746719167
1,1,0.9999248748650428
1,1,0.9951562939196692
1,1,0.9998735090357598
1,1,0.9999403994678794
1,1,0.7554102024838641
1,1,0.999677051249125
1,1,0.998130432254521
0,0,0.0003191089142220569
0,0,0.0026289066369793485
1,1,0.999860176693018
1,1,0.999989918231534
1,1,0.9857604026782327
1,1,0.9558143722461891
1,1,0.9999981102927648
1,1,0.9997471596024826
1,1,0.9999638524940373
1,1,0.9995365678700681
0,0,0.0005249914429789056
0,0,0.0012035386346250026
0,0,0.0003371069025242783
1,1,0.9994031352403436
1,1,0.9341545882877572
0,0,0.0029318605242198157
0,0,0.0015172429087289053
0,0,0.10597605930809806
1,1,0.966759159021206
1,1,0.9960011494130128
0,0,0.0018364325532082822
0,0,0.0011453538022731012
1,1,0.9999812191672823
1,1,0.9999564376410698
1,1,0.999996987696118
0,0,0.0014703554195422091
0,0,0.0012490980374449522
1,1,0.9556329663386041
0,0,0.0030720977683092875
1,1,0.9588114197010369
0,0,0.001369850487437688
1,1,0.6319070660694363
1,1,0.9539999279381938
1,1,0.999762125522355
1,1,0.999868148945516
0,0,0.00019412508169358553
0,0,0.0004290088809819851
0,0,0.0025280318983966206
1,1,0.9996125580460902
0,0,0.0003911667414489974
1,1,0.9998720069250437
1,1,0.999917752042143
1,1,0.999949040480853
0,0,0.0021535279557567304
0,0,0.04466621412417026
1,1,0.6961094479371946
0,0,0.0049126672814425116
0,0,0.0022677788980203072
0,0,0.0002729369027997949
1,1,0.9991349300323485
0,0,0.0012505406461511155
0,0,0.0009655205605013976
1,1,0.9998570600463116
0,0,0.004080850156204094
0,0,0.054881908042716865
0,0,0.0005761409341550004
1,1,0.9999135747933385
0,0,0.0014339881449670548
1,1,0.999987560566172
1,1,0.9999028602862228
0,0,0.0030850994395058124
1,1,0.9998227316191511
1,1,0.9999083405111577
1,1,0.9999439285532482
0,0,0.0011485065448279337
1,1,0.998350326769263
0,0,0.08472309086182532
0,0,0.0019486078798644031
0,0,0.00020441388319606259
0,0,0.0005137823966183449
0,0,0.0887799995388743
0,0,0.001206084661118889
0,0,0.009557145371436437
0,0,0.004196535401006931
1,1,0.9998160324065881
0,0,0.0008141021577307242
0,0,0.4177211366574219
1,1,0.9997478551765165
1,1,0.8927745173231371
1,1,0.9812926656132196
1,1,0.9989867692507316
0,0,0.0008174671347947948
1,1,0.8046179985722031
0,0,0.005176514996814725
1,1,0.872253993122744
0,0,0.011657422304591335
1,1,0.999996279886109
0,0,0.07001906180958582
1,1,0.9733803495031199
0,0,0.0021819216704932593
0,0,0.002217466684059761
1,1,0.9686970875888352
1,1,0.9996675286228776
1,1,0.9993445354919892
1,1,0.8968263163837119
1,1,0.9997369689896123
1,1,0.9654710734504477
1,1,0.9999280041497007
1,1,0.9999248689626036
0,0,7.471362968439739e-05
0,0,0.004126028730370262
1,1,0.9996588990506261
1,1,0.7229220655098573
0,0,0.00024632894155792216
1,1,0.9921788076815458
0,0,0.0017287850494981034
0,0,0.09596036711830526
0,0,9.415902563790338e-05
1,1,0.9977783613758631
1,1,0.9596606451635722
1,1,0.8158058766013593
0,0,0.01003888806266568
0,0,0.0004984084896011584
1,1,0.9999386132558743
0,0,0.0010881392317347778
0,0,0.0014836140055825022
0,0,0.0015544823392591774
1,1,0.9945791657770792
0,0,0.004649034348007489
1,1,0.9997471667754485
1,1,0.9283414851325568
1,1,0.9998487867743591
1,1,0.9999091461874992
1,1,0.9902354756305709
0,0,0.0036437252939361515
1,1,0.9998078970223833
1,1,0.997704226691815
0,0,0.001074705119231223
1,1,0.9999153536752
1,1,0.9973506069267785
0,0,0.0010971671191125842
1,1,0.9640010526191173
1,1,0.9999904530051658
0,0,0.0013600176577267858
0,0,0.00047711864727327286
0,0,0.0028098044806705506
1,1,0.9999222637564205
1,1,0.9994635759219532
0,0,0.0011364158761273302
1,1,0.9999402851758583
0,0,0.0019320611649504657
1,1,0.9997890261773892
0,0,0.0012267740736609922
0,1,0.6136010518461484
0,0,0.0005447593670466084
0,0,0.003349101310242054
0,1,0.5100870763237476
0,0,0.0024995172101612796
0,0,0.00346517068452022
0,0,0.007393145387112325
0,0,0.0006207912724142496
1,1,0.9993003032460759
1,1,0.996297873248685
0,0,0.2471126130430726
0,0,0.00400358567166571
0,0,0.005026999525372016
1,1,0.9999749782726142
0,0,0.0021118518796403077
0,0,0.035083377669559435
0,0,0.0003526723236065296
1,1,0.8303530002203549
1,1,0.999808232560808
0,0,0.0005399979469045404
0,0,0.00046234318508077144
1,1,0.9971913378181464
1,1,0.992492824559393
0,0,0.003179113044201456
0,0,0.00011780134255765826
0,0,0.0032518831313201424
1,1,0.9999641759722118
1,1,0.9998300811589577
1,1,0.9999394890366281
0,1,0.9041825657837076
0,0,0.012872718023916358
1,1,0.9322054600135996
1,1,0.9457068132823329
1,1,0.999640754386958
0,0,0.0005955768694206943
1,1,0.9946745507686156
0,0,0.0018660989057272973
0,0,0.0017539202803543525
1,1,0.9996131617062469
0,0,0.0006717969972089859
1,1,0.9997157486108654
0,0,0.000157679655705448
1,1,0.9872124954295235
1,1,0.8976980808206888
1,1,0.9999986957985963
0,0,6.853070210076824e-05
1,1,0.9123359094958711
1,1,0.9974257160186681
0,0,0.0015386639103371735
1,1,0.9999312673788312
1,1,0.8934806766571768
0,0,0.0012332622793827376
1,1,0.996586242835305
0,0,0.008725494558170366
0,1,0.6527412101977722
1,1,0.9619427896759457
0,0,0.0006293613454951938
0,0,0.0021565600328905393
1,1,0.9997242447778896
1,1,0.9999964782530537
0,0,0.005977360900274049
0,0,0.002438927497207143
0,0,0.32946990306098906
1,1,0.999847306578596
1,1,0.7026594041318708
0,0,0.0024995172427507814
0,0,0.14868459356124317
0,0,0.0020927301648311315
1,1,0.9999467525034359
0,0,0.0008328853200738427
1,1,0.999765558236154
1,1,0.999000535011275
0,0,0.007375043518824472
1,1,0.9982838502491099
1,1,0.9747800626560522
1,1,0.9999264439373998
0,0,0.0004931349391870522
1,1,0.985421194075467
0,0,8.680283014898996e-05
0,0,0.004367416966172186
0,0,0.13582158278919848
1,1,0.9997684279235591
0,0,0.00398064496314089
1,1,0.9942317642734658
1,1,0.9993820640119937
0,0,0.0008350688309279696
0,0,0.001720507617989533
0,0,0.003804927323930092
0,0,0.014430520967622512
0,0,0.0014222021006785829
1,1,0.9998964648861346
1,1,0.9999179258115948
0,0,0.00031906548800679133
0,0,0.0005367499447216603
1,1,0.999687959625394
1,1,0.999947188379118
0,0,0.05111106728174874
1,1,0.9999363679292773
1,1,0.9994353757090999
1,0,0.14161235147717555
0,0,6.22572092116668e-05
1,1,0.9998068554833258
1,1,0.9999713502466838
1,1,0.9992554664806876
0,0,0.0009143978918887863
1,1,0.6876991567484445
0,0,0.0016845116682271731
0,0,0.0017678151652463735
0,0,0.35686887263879313
0,0,0.0016470666170157035
1,1,0.9971995244865944
1,1,0.999967742594508
0,0,0.0013598861064528158
0,0,0.0021557106323459863
0,0,0.0006532113312010724
1,1,0.9755129106658911
1,1,0.9998458194750077
1,1,0.9999410042068627
1,1,0.9999757725673797
0,0,0.0020849287914825355
0,0,0.000748150080672861
0,0,0.00034360538016435884
0,0,0.00010351892701213277
0,0,0.001692260337761671
1,1,0.9999748632714964
0,0,0.03540555330204904
0,0,0.009353695751487449
1,1,0.9998814137386511
1,1,0.9999097018782492
1,1,0.9998052048097026
1,1,0.9422881949420621
0,0,0.004612217441531725
1,1,0.9999241702198675
0,0,8.42382762610088e-05
1,1,0.9751907859138167
1,1,0.9998847042806661
1,1,0.8997724378664244
1,1,0.9999563017014125
1,1,0.9999970991102279
0,0,4.602169474379018e-05
1,1,0.840616822592314
1,1,0.8930206431453476
0,0,0.002202940352564071
0,0,0.0015237233785044008
0,0,0.014428863769312211
0,0,3.582997899007757e-05
0,0,0.10901221629115175
1,1,0.9999924068339642
1,1,0.9965390952959853
1,1,0.9854053482339477
1,1,0.9999519332839037
0,0,0.0016847099054980758
0,0,0.06068925676223445
0,0,0.029014118449020184
0,0,0.0004614909053774173
1,1,0.9999825317475081
1,1,0.9986551175781707
1,1,0.9999323571843602
1,1,0.9854212330400322
0,0,0.00028080601049703996
1,1,0.996394969277089
1,1,0.9999988161363516
1,1,0.9855515309286143
1,1,0.9997684226006238
1,1,0.9999761885672109
1,1,0.9987020026647869
1,1,0.889772399530469
0,0,0.010224366514899724
1,1,0.8801260906829405
1,1,0.9997318994012329
0,0,0.002579126460541952
0,0,0.0013282225105878563
0,1,0.9989142973224517
0,0,0.0006055229046677639
1,1,0.9999231516981968
0,0,0.002420523713189179
0,0,0.015854659155438586
0,0,0.1761137472221399
1,1,0.9999922972275992
0,0,0.0007080652703363394
0,0,0.001379832244755928
0,0,0.0014888788030584757
0,0,0.003575257017077021
1,0,0.2181701606495872
0,0,0.0012642176796446253
0,0,0.015140054417708717
0,0,0.11813444747045683
1,1,0.9999227733779702
0,0,0.0011375990342175598
0,0,0.002799730314539045
1,1,0.9997477383541392
0,0,0.005670068319160222
0,0,0.014569048134739717
1,1,0.9999908262113393
1,1,0.999963356994553
1,1,0.9980254327378784
0,0,0.02418439567929586
0,0,0.04926472597338299
0,0,0.017729950065047278
1,1,0.9736778369715074
0,0,0.0010874517296356305
0,0,0.002773273750077196
0,1,0.7723938651761285
0,0,0.0005400015576427
1,1,0.9998238679113726
1,1,0.9965060099623256
1,1,0.9999793085613949
1,1,0.9993359467201282
0,0,0.007190260985932741
0,0,0.05153448776028221
0,0,0.10589623349086826
1,1,0.9997003492714285
1,1,0.9545994583687955
0,0,0.002838415865143682
1,1,0.9997559954581356
1,1,0.9999659295469786
1,1,0.9991126880169968
0,0,0.0009740327578871843
0,0,0.0033009183933731413
0,0,6.16825763924603e-05
1,1,0.9999450908606363
1,1,0.9999613662380874
0,0,0.24223148697381314
1,1,0.7950072748506892
1,1,0.9760662429556696
1,1,0.9990883394465453
0,0,0.0062915018367032186
0,0,0.003304502039292148
1,1,0.9639216412843323
1,1,0.9989206562712442
1,1,0.9999538521621366
1,1,0.9981693496767703
0,0,0.001302097630243126
0,0,0.0005394595736515455
0,0,0.0003725586883440181
0,0,0.16030411032706132
0,0,0.0006775163283647837
1,1,0.9999897682444917
1,1,0.9999585320289175
1,1,0.9405010186752522
0,0,0.0008562074482526404
1,1,0.9989447045887766
1,1,0.996937707122055
0,0,9.163438526036092e-05
0,0,0.0009599599729079098
1,1,0.9974864684805697
0,0,0.0005117668564845246
0,0,0.04906828413345532
1,1,0.9969377802973919
1,1,0.9969094446586535
0,0,0.0010869487338893938
1,1,0.9996999912836382
1,1,0.9984353130127549
0,0,0.0006626342157502608
0,0,0.0004501738888486138
1,1,0.9999343220789796
1,1,0.9999000585150042
1,1,0.884013324191153
0,0,0.002014067416682651
1,1,0.7793253376463765
0,0,0.0015637088254782715
0,0,0.22481022972375653
1,1,0.9999506791426909
1,1,0.9997649432409111
0,0,0.00020440982026839424
0,0,0.0006142247577091577
1,1,0.9999694882174119
0,0,0.10765497787925339
0,0,6.450385501922867e-05
0,0,0.0013610136865799354
1,1,0.9999985639325747
0,0,5.731280163383441e-05
1,1,0.9671470791487894
0,0,0.00018328096380705778
0,1,0.8170522774310707
1,1,0.999968450181094
0,0,0.002835182151273162
1,1,0.9999780044379747
1,1,0.9956780196974454
1,1,0.9944374071436475
1,1,0.9990401633041293
0,0,0.020446141982490368
1,1,0.9994717586124072
0,0,0.00985386418869293
0,0,9.19876106935234e-05
0,0,0.0025396593562775666
1,1,0.9957314712993366
0,0,0.001783001378357493
0,0,0.0007063337751427533
0,0,0.007278214692377492
0,0,0.007960387383480923
0,0,0.0015222707947751615
0,0,0.0012793389144770241
0,0,5.169464231625534e-05
0,0,0.0011267234122003319
0,0,0.0008703044720094375
0,0,0.0012115987611534915
0,0,0.1688143761168585
1,1,0.9523689314810715
0,0,0.04802826840245622
0,0,0.0002822813477707682
0,0,0.0014165240082467613
1,1,0.9955106485873356
0,0,0.002038851743267547
0,0,0.02924917859975053
0,0,0.0002615987739279319
0,0,0.0020450010676356335
0,0,0.002751827692810951
0,0,0.001276481534394165
0,0,0.00015955075068227058
0,0,0.0012762929923338837
1,1,0.9999581184770118
0,0,0.0023464065935378084
1,1,0.9780296059481457
1,1,0.9984373553336799
0,0,0.0012349889276808406
0,0,0.0024915961496580533
1,1,0.9994524936678935
0,0,0.0015455095964578343
1,1,0.9990022629556006
0,0,0.005743588050629127
0,0,0.0012941216743968134
0,0,0.004524946279336776
1,1,0.9998558509813813
1,1,0.9992554029722971
0,0,0.011491009124324927
1,1,0.9966948448723911
0,0,0.0008947167778809111
1,1,0.9998447624209017
0,0,0.24275366171265617
0,0,0.00021597608835113407
1,1,0.9810062522864271
1,1,0.9693860949678843
1,1,0.9940014662903793
0,1,0.9733542216828999
1,1,0.9999292723911173
1,1,0.994913075097762
1,1,0.9999491813415419
0,0,0.0010373737257053143
1,1,0.99998989422005
1,1,0.9992754905187541
0,0,0.005013822641700762
1,1,0.9998508136330845
1,1,0.9808499360174089
1,1,0.9998956433159595
0,0,0.0012149531574959208
1,1,0.8602093931552138
0,0,0.001447560112981801
1,0,0.00533703115057166
1,1,0.9961123832087186
0,0,0.0335387364441848
1,1,0.9795873983494883
1,1,0.9999014194479707
0,0,0.000980005978205433
0,0,0.0016346542315266556
0,0,0.01717186615554175
0,0,0.0019014675186978603
0,0,0.008140506356163599
1,1,0.9997726926926449
1,1,0.9978101963782697
0,0,0.12396516884777362
1,1,0.8837022038212131
0,0,0.0007770580787413986
1,1,0.9997922727953431
0,0,0.010135256663040456
0,0,0.0004527093679783655
1,1,0.9999678080208595
0,0,0.03298413149241113
1,1,0.9995687623558687
0,0,0.0014196157757927108
1,1,0.9944243911443447
1,1,0.9985199163991121
1,1,0.9875364789617362
0,0,0.0015627168222813574
1,1,0.9999754066026455
0,0,0.0053422823751103545
0,0,0.0009965131662997648
1,1,0.9998023607621068
0,0,0.08015038522774268
0,0,0.08092134211978876
1,1,0.9998305087945437
0,0,0.0023756311180859334
1,1,0.9718986119143647
1,1,0.9999807540347229
1,1,0.9998984994071589
0,0,0.0010686650939540092
1,1,0.9999169607944779
1,1,0.9970037025164049
0,0,0.018036748626907025
1,1,0.9998871611948118
0,0,0.00562854322392484
0,0,0.004838780924610699
1,1,0.9996061665321225
0,0,0.001322293363097918
1,1,0.9996167204104699
1,1,0.9993923565107347
1,1,0.9845553202649852
1,1,0.8384894269900377
1,1,0.9998454917734045
0,0,8.736566682645494e-05
0,0,0.006948293828163428
1,1,0.9270666382822792
1,1,0.9629300491590576
0,0,0.006937105682284925
0,0,0.0001720115503166254
1,1,0.993349419852087
1,1,0.9994531060527554
1,1,0.9999915106221675
1,1,0.9998595017571177
1,1,0.9997781227582971
0,0,0.0008146405201106387
1,1,0.9998140708840761
1,1,0.9998017178659334
1,1,0.9999984941334618
1,1,0.996821965335185
0,0,0.04217994623040251
1,1,0.972734899472643
1,1,0.9999238643167069
1,1,0.9993610844133098
1,1,0.999952197337679
1,1,0.9395024336227515
1,1,0.999948629886394
1,1,0.9999037570937184
1,1,0.9999989166619373
0,0,0.0028903676156351397
1,1,0.9981584631843513
0,0,0.004912609010395707
1,1,0.9557973105618705
1,1,0.9999736292099105
1,1,0.9998666854407858
1,1,0.9440695677897928
0,0,0.001315304046509502
0,0,0.02538473083675675
1,1,0.9998357055249601
0,1,0.888311250681236
0,0,4.032790267005037e-05
1,1,0.9303523991746924
0,0,0.001468828405108418
1,1,0.9997444645780719
0,0,0.0018182649588526353
1,1,0.9996351227965952
0,0,0.000223201657022323
1,0,0.0012002393187502168
1,1,0.9997686355652267
0,0,0.0060167750756363915
1,1,0.9996421877404638
1,1,0.9988414276007461
1,1,0.9945300310205721
0,0,0.0299577865205936
1,1,0.8542769582612454
0,0,0.04088610853322329
0,0,0.004163418291717806
1,1,0.9998373100658688
1,1,0.9964644304311342
0,0,0.001561333970607512
1,1,0.9993886062465182
0,0,0.017664386179672854
0,1,0.5882948991646753
0,0,0.06844237031037918
1,1,0.9998280062219886
0,0,0.00013303297627047011
0,0,0.001024180894738182
0,0,0.0013261487022996363
1,1,0.9991055556254121
1,1,0.9986433798440423
1,1,0.9426668658197247
0,0,0.0023635007109687766
1,1,0.9998034166938876
0,0,0.0022213315051842273
1,1,0.9936716099384867
0,0,0.004151486579661667
1,1,0.9998483506702847
1,1,0.9603637926726929
1,1,0.9569443361795638
1,1,0.9852203412689446
1,1,0.9999813071876736
0,0,0.0009813655349696865
1,0,0.003608778180782833
1,1,0.9999850303763513
1,1,0.9999732018144933
1,1,0.674147145725792
1,1,0.9637136058948796
0,0,0.0015261943371569914
1,1,0.9999946963903816
1,0,0.01133210862300721
1,1,0.9997814128664043
0,0,0.00631586778259188
1,1,0.9732628316751882
1,1,0.882731401015871
1,1,0.9999706373692141
1,1,0.9997460785079181
0,0,0.0023363640387858075
0,0,0.01603345542378607
1,1,0.9999572323606368
1,1,0.9999968201765191
1,1,0.9999756090686084
0,0,0.002144258017764368
1,1,0.9762215367170928
0,0,0.13639649528512338
0,0,0.00015014706355886154
0,0,0.0010241880917591054
0,0,0.44909166444923904
1,1,0.9582999240454376
0,0,0.000489908784597466
0,0,0.003630219994318874
0,0,0.0011251804708058146
1,1,0.9847928839797715
1,1,0.9991261113662708
1,1,0.9392684930244232
1,1,0.9726911313892508
1,1,0.7103665644687647
1,1,0.9995865567486192
0,0,0.0015663190778083262
0,0,0.0017878339298245812
1,1,0.9999824899481996
0,0,0.0028632796680928465
1,1,0.9999785180738021
1,1,0.9925847150040032
1,1,0.9536625519857158
1,1,0.9997764247606018
1,1,0.9823763050589479
0,0,0.00014536949312387857
0,0,0.0001772746775874578
0,0,0.044057942489442184
0,0,0.09640856917489381
1,1,0.9919127760016828
0,0,0.00484319841130966
1,1,0.9999790501914189
1,1,0.9926209777762816
1,1,0.9992523461213034
0,0,0.0050707360970976695
1,1,0.999943399641843
0,0,3.5831492855089344e-05
0,0,0.027756181535754747
1,1,0.999969838930014
0,0,0.0008340993685870436
0,0,0.0014047252833723335
1,1,0.999819758868531
1,1,0.8888983297456707
1,1,0.7309821377439435
0,0,0.0021656440227986362
1,1,0.9997395528499017
0,0,0.0011066790089206747
0,0,0.001242088127877228
1,1,0.971376581860962
1,1,0.9998501143795147
0,0,0.00207345866902006
0,0,0.008690733161924773
0,0,0.004418352066500017
0,0,0.00010351365445646853
0,0,0.001435884482625399
1,1,0.9290938608269034
1,1,0.9998335404512908
1,1,0.95607968084285
1,1,0.981919668275888
0,1,0.685842217464492
1,1,0.999890594493242
0,0,0.00362866138362449
1,1,0.9813580159761929
1,1,0.9994687440071147
0,0,0.0006826352403733327
0,0,0.0008587594640295292
1,1,0.999923277628102
1,1,0.9933151935317486
1,1,0.9940055732118368
0,0,0.14348547318001134
1,1,0.9998908789247792
0,0,0.001346782292596644
1,1,0.9994250993498243
1,1,0.8790033023422832
1,1,0.9997244410151424
1,1,0.9906775409290771
0,0,0.0025723115193594976
1,1,0.9993840280381867
1,1,0.9999859464335116
1,1,0.990612756516024
1,1,0.9057883587785779
0,0,0.010097200124523368
0,0,0.0032362200225414064
0,0,0.002614718694622272
1,1,0.99999660684616
0,1,0.9655962680867847
0,0,0.0009043192674661527
0,0,0.00025081080737148176
0,0,0.008122610364386764
1,1,0.9999835210559547
1,1,0.9998585179874844
1,1,0.9973244860088123
1,1,0.9744277027357037
1,1,0.9999857130738867
1,1,0.8981316602492713
1,1,0.9871615146422659
1,1,0.9999785374908653
0,0,0.004572038836331684
1,1,0.9632892235922093
0,0,0.15508610530483807
0,0,0.0018391923634236934
1,1,0.999962100812958
1,1,0.9998610665355188
1,1,0.9998081336450634
1,1,0.9686844037139832
0,0,0.00010298321029128706
1,1,0.9627906218296113
1,1,0.9998629555412823
0,0,0.0014771346252098452
0,0,0.001098203281199129
0,0,0.004846247513280045
1,1,0.9998956627268736
0,0,0.0013702824650725439
1,1,0.9981248256704893
0,0,0.0014819600914665958
0,1,0.7515718436911525
1,1,0.9999746927136186
1,1,0.9998647600599548
0,0,0.002072871142603417
1,1,0.9025171884221425
0,0,0.0005353409169293527
0,0,0.0035877757676353295
1,1,0.9999810839585938
1,1,0.9906721038251769
0,0,0.0004232612491978497
0,0,9.771710975179577e-05
0,0,5.5196698864843584e-05
1,1,0.9927672740459569
1,1,0.9999784811036123
0,0,0.001996850280853302
1,1,0.9998942126738783
0,0,0.0023105500391168133
0,0,0.11835135276929115
0,0,0.0010968361346635304
0,0,8.678873899633996e-05
1,1,0.998112074583862
1,1,0.9318639248873566
0,0,0.0005684214420081243
1,1,0.9999983973094082
1,1,0.9999756982843871
1,1,0.999680345923879
1,1,0.9999530368373125
0,0,0.004681281636360714
0,0,0.0011667310000929001
0,0,0.001466112753626131
0,0,0.0060729854116847205
1,1,0.9997387023408664
1,1,0.9998921279927988
0,0,0.001249398334569881
1,1,0.9999529525352279
1,1,0.999980801506964
0,0,0.0025267651439444274
0,0,0.0021721523021443405
0,0,0.0009702086656295504
0,0,0.001439146064579839
1,1,0.9999851951924468
0,0,0.0002442433084307968
1,1,0.9924898455632523
1,1,0.999996524242121
0,0,0.003057354353588361
0,0,0.00010679392369676329
1,1,0.9982606625090965
1,1,0.9456949458743861
1,1,0.515567174539115
1,1,0.9995366242335911
0,0,6.192944023406103e-05
0,0,0.003063697793808195
0,0,0.001671165988878865
1,1,0.9963582737039629
1,1,0.9999412355638669
1,1,0.7823956780253218
0,0,0.002111335720120821
0,0,0.0008404104144429679
0,0,0.00270345328774242
0,0,0.015733439183888913
1,1,0.9979699939821461
0,0,0.0014601324313641586
0,0,0.004367395923850731
0,0,5.1608051677421766e-05
1,1,0.9999385121629778
1,1,0.9084322167775171
0,0,0.0008678376824560879
0,1,0.9997446134931952
0,0,0.000312568640061186
1,1,0.9963949214906377
1,1,0.9895583922776217
1,1,0.999986762759891
1,1,0.999985345234212
0,0,0.18167504345205132
0,0,0.09331969682584443
1,1,0.9978293399305357
0,0,0.0002586270983866581
1,0,0.3282593114306533
0,0,0.07536153218221088
0,0,0.0013431298036400707
1,1,0.9996286833172754
0,0,0.010071809349578216
1,1,0.9999343786314921
0,0,0.005251790746643842
1,1,0.9996072719071786
0,0,0.002286098873356698
0,0,0.0010745786838777408
0,0,0.001942486192343746
0,0,0.10803419200234499
0,0,0.0014240061435961
0,0,0.0007411855109959577
1,1,0.9997891337086144
1,1,0.9999672880684144
1,1,0.9947041022628095
0,0,0.0011370707943843593
1,1,0.9843700687831427
0,0,0.008650643501584301
0,0,0.004110376705181436
0,0,0.004367294281765543
0,0,0.3640271185138722
1,1,0.9813532659736091
1,1,0.9983556436052705
1,1,0.9823220149178625
0,0,0.0023739863927602807
1,1,0.9992612085231457
1,1,0.9999887977922807
1,1,0.9998932336276014
0,0,0.10779073278281696
1,1,0.999470277704821
0,0,0.07626047968581175
1,1,0.999399253459425
0,0,0.000391477122127266
0,0,0.0014038831085386525
0,0,0.13175740681769288
0,0,0.0035481541028320115
0,0,0.07724400668195612
1,1,0.7049829958105521
0,0,0.3087998528913779
0,0,0.0005340026606149617
0,0,0.0012206570307696164
1,1,0.9965360153817081
1,1,0.9960611175127843
0,0,0.03651573731410097
1,1,0.9999659297120929
0,0,0.030316696199286005
0,0,0.0009323497774031775
1,1,0.976172068694945
1,1,0.9999877002987518
1,1,0.8873335541975425
1,1,0.9854212406868812
1,1,0.9992267270052656
0,0,0.047341006611452234
1,1,0.9841063190535899
0,0,0.00017816604678416983
1,1,0.9684501185107325
1,1,0.9110523884641594
1,1,0.9090247363853033
0,0,0.003926660679195936
1,1,0.9999792152341948
1,1,0.9991514080023165
1,1,0.9020649341144921
1,1,0.999943576838839
0,0,0.002169119997575824
1,1,0.9760190773758424
0,0,0.12361538853295581
1,1,0.9999464261233395
1,1,0.9826182338384335
1,1,0.9999981387715636
0,1,0.5092455056916703
0,0,0.0031585075534924577
1,1,0.7570661630277389
1,1,0.9964695688920673
1,1,0.9999623250673902
0,0,0.0010910184054705992
0,0,9.198772544248481e-05
1,1,0.9594318989535332
1,1,0.998117531030898
0,0,0.0019699394424819304
1,1,0.9417309649807021
1,1,0.9999142648210907
0,0,0.0018924111717338616
1,1,0.8864046517843649
0,0,0.05028214206229242
0,0,0.0011851534194692926
1,1,0.9936029829516855
0,0,0.0041610266134314445
1,0,0.1334421276080482
1,1,0.9998221315962286
1,1,0.9999983403017357
0,0,0.001488916040193144
0,0,9.688303268493186e-05
1,1,0.857751257472837
0,0,0.00010022743812779933
1,1,0.9998922202418784
1,1,0.514253079194553
0,0,0.01110109815236663
0,0,0.0002338012093751047
0,0,0.002456202467689346
0,0,0.0007868880542165589
0,0,0.0027563909119813685
0,0,0.09198023608451739
0,0,0.01194752315023984
0,0,0.043637045072214976
1,1,0.9983503405072042
1,1,0.9990892162611187
1,1,0.9993853186014333
1,1,0.9997213527968914
0,0,0.010534458462347903
0,0,0.02154618425478186
1,1,0.9997397492501254
1,1,0.9996230347124196
1,1,0.9846300820964757
0,0,0.0013110250309813951
0,0,0.20728952828434205
0,0,0.0010857009921579628
1,1,0.9985028908479182
1,1,0.9980701112843181
1,1,0.9985458004061345
0,0,0.002075395520639013
1,1,0.9999590257854344
1,1,0.9912709768371814
1,1,0.9998712833562774
1,1,0.9998537891957902
1,0,0.3019804319451916
1,0,0.0754496776527953
1,0,0.00016840382183532475
1,1,0.999574139823629
0,0,0.0018856159971361358
1,1,0.9147889653156668
0,0,0.0007649435634707623
0,0,0.02072872654335757
1,1,0.910713660141718
1,1,0.9999895927062885
0,0,7.82307000608019e-05
0,0,0.0005337854078505864
0,0,0.044446948094823954
0,0,0.00014092931656840322
1,1,0.9299506843236515
1,1,0.999977003373419
1,1,0.9911783035935742
1,1,0.9999960324655135
0,0,0.20942084093312283
1,1,0.9997142225264266
0,0,0.002768701350720115
0,0,0.0011479854159784446
0,0,0.08128748477432521
0,0,0.0010364202890980857
0,0,0.0009246696226270558
1,1,0.999977747179676
1,1,0.9998639794530232
0,0,9.18449949972036e-05
1,1,0.9998943795089035
0,0,0.2300404113921137
0,0,0.0031874516160723524
1,1,0.999763058108138
0,0,0.004374835870453392
1,1,0.9739434252699245
0,1,0.7754353121718057
1,1,0.9997088681085702
0,0,0.0027184076157407925
1,1,0.9941747463391719
0,0,0.0025647903280839562
0,0,0.0021718771712600253
0,0,0.0011434901701121978
0,0,0.0025593342513264747
0,1,0.7626644189674754
1,1,0.994045351867817
0,0,0.0001426617078668464
0,0,0.002936620511597526
0,0,0.01704969511801016
0,0,0.00016156711713181536
0,0,0.0011653203289219293
0,0,0.000910753087015543
0,0,0.0022434143592466008
0,0,8.63311061974436e-05
1,1,0.9928772147283489
1,1,0.9999877632761259
1,1,0.9996670408298538
0,0,0.0005067494127478842
1,1,0.9999706393902498
1,1,0.999911885635851
1,1,0.9498067967049418
0,0,0.0013541636501755668
0,0,0.00076463377157586
0,0,0.0003850600067743393
1,1,0.9999754482224995
1,1,0.999913680870542
0,0,0.000793515068830995
1,1,0.9999217327878938
1,1,0.9986656116894045
1,1,0.9999605475273953
0,0,0.002016234001536476
1,1,0.9992711814559345
1,1,0.9998841369935183
0,0,0.0035315944892804207
0,0,0.06162663909656137
0,0,0.0011367007863809162
1,1,0.9992035670482085
1,1,0.9990409810951357
0,0,0.00177390613185451
1,1,0.9999738533670025
0,0,0.0002945421917541196
1,1,0.9999059094129039
0,0,0.002647599934984713
1,1,0.8737829321664183
0,0,0.000608974843051143
1,1,0.9998614967103447
1,1,0.9872261552057261
0,0,0.0012813765439998366
0,0,0.0007032461269442767
1,1,0.9999926942092431
1,1,0.9999626953079496
0,0,0.0006517110068762492
1,1,0.9994031786119695
1,1,0.9960529156480024
0,1,0.71667281418368
0,0,0.006265693380258717
1,1,0.9955658793802414
1,1,0.9666814196409718
0,0,0.00013303446523185068
1,1,0.9761483791281804
0,0,0.004566574221905254
0,0,0.003998508555146378
0,0,0.014391584330559013
1,1,0.9997472597639911
1,0,0.1280867555027833
1,1,0.9819540141275946
0,0,0.0021870296515228357
1,1,0.9997244439518086
0,0,0.0017503562359359797
0,0,0.001333600239143917
1,1,0.8883253315118279
0,0,6.747399874038468e-07
1,1,0.9999494344655617
1,1,0.9873065697841773
0,0,8.936309842358548e-05
1,1,0.9481211845832183
1,1,0.9890628877182861
1,1,0.9763079840163985
1,1,0.9999457130675004
0,0,4.195388195572992e-05
0,0,0.0021356419356045983
1,1,0.7362606892072556
0,0,0.0016878430672719956
0,0,1.1747237410557176e-05
0,0,0.0015939550675023722
0,0,0.3952485981021843
1,1,0.9997538064154045
1,1,0.992868689119621
1,1,0.53845517693789
1,1,0.9559052303056591
0,1,0.7378559078620116
0,0,0.011236480720866885
0,0,0.0019372836842452576
1,1,0.9135273579010098
1,1,0.999943131735087
0,0,0.0016732145710164014
1,1,0.9998739761825641
1,1,0.9981000226576989
1,1,0.9941438772836835
0,0,0.00015583968526681918
0,0,0.0004769283260978005
1,1,0.9950101354681026
0,0,0.00020893876192066508
0,0,9.688564116285082e-05
1,1,0.9998233031806353
1,1,0.9998469284705044
0,0,0.01463892881512718
0,0,0.00010299176455672795
0,0,0.0002358669371080398
0,0,0.0003895619404099355
1,1,0.9994964412726537
0,0,0.017137718147683355
0,0,0.0010913718999126338
1,0,0.001355589054819464
1,1,0.9999616565727929
1,1,0.9998921402514915
1,1,0.997646591499119
1,1,0.9998519829671751
1,1,0.9996140452488627
1,1,0.9274742883065177
0,0,0.08569518344940785
1,1,0.9992757717819845
0,0,0.0026155754323654475
1,1,0.9998638054192849
0,0,0.0010199448474270643
0,0,8.885632212397492e-05
1,1,0.9999960115086286
0,0,0.0012451302775374853
1,1,0.7848288824155774
1,1,0.9995373258716103
1,1,0.9998730102924035
0,0,0.005096455258483194
1,1,0.9555273507198835
1,1,0.9828646733917633
0,0,0.01704761079344299
0,0,0.0015987722476648472
1,1,0.9987609303426761
0,0,0.001696892261973212
1,1,0.9991981158858241
0,0,0.0019070395155413547
1,1,0.9976389015071786
0,0,0.001147727981859499
1,1,0.9990205744859529
0,0,0.00010370660987118535
0,0,0.009771135934669009
1,1,0.9981201043965604
0,0,0.0002967908742619745
0,0,0.0016648938714778128
1,1,0.9997253863866321
0,0,0.0015783117847402114
0,0,0.0023694688342576977
1,1,0.9997345273452217
1,1,0.8154647110960141
0,0,0.0014161165041061915
1,1,0.8828905248714297
1,1,0.8844797342723348
0,0,0.004661453698147667
1,1,0.9952705070392053
1,1,0.9981263451615426
0,0,0.004474145542414621
1,1,0.998921094498518
1,1,0.9997864339682087
1,1,0.999955555080368
0,0,0.0006244026068367366
1,1,0.9957451023559556
0,0,0.0026101083106816695
1,1,0.9710747322073465
1,1,0.9997287111560886
0,0,0.14654100431492445
0,0,0.02830719895484925
0,0,0.0014426999278970554
0,0,0.008545958539198407
0,0,0.004688618018008593
0,0,0.001834541629478872
0,0,0.001859397570106237
1,1,0.9997244990813126
1,1,0.9529381763640168
0,0,0.0018835500084607968
0,0,0.0009200297596873409
1,1,0.999929811420818
1,1,0.9999940069862683
1,1,0.9999843172965421
1,1,0.9995050871582782
0,0,0.0001453833732229917
1,1,0.9999504151874105
1,1,0.7211867814664188
1,1,0.9999702088224527
0,0,0.0013617763612265683
0,0,0.00845149283157179
1,1,0.9999958295233076
1,1,0.9999626953028298
0,0,0.0015558830912316102
0,0,6.341885093699625e-05
1,1,0.9135307629829358
0,0,0.004863107783864247
1,1,0.9745731444729898
1,1,0.9997353314770788
0,0,0.010357621381141475
1,1,0.9963586175564403
0,0,0.0993717741092583
0,1,0.9253680335222421
0,0,0.0016291887160475725
1,1,0.9999770925662558
0,0,0.003042019837989819
1,1,0.9999960363273681
1,1,0.9998526568659146
0,0,0.001685863860950603
1,1,0.9976204724873489
1,1,0.9964272482720513
1,1,0.9497400050603723
1,1,0.9999792785804846
1,1,0.9999503547494168
0,0,0.009860453508650321
1,1,0.999936820220513
0,0,0.0007569520233563643
1,1,0.9856432175230867
1,0,0.1348399138156728
0,0,0.0354731055071156
0,0,0.0014934180192063017
0,0,0.0006775128017252419
1,1,0.9999921965162384
1,1,0.999929953304203
1,1,0.9911981884030673
0,0,0.0010471221793021482
0,0,0.0027057832288196644
0,0,0.03174176358320832
0,0,0.0007063300729797865
1,1,0.9992010117867589
1,1,0.9999569730518256
0,0,0.01787982926312204
1,1,0.9999745511517946
0,0,0.0010006388631578916
1,1,0.9996516952250685
1,1,0.9854687836892179
0,0,0.02056227161103993
0,0,0.02638853809340006
0,0,0.0024205285053662245
0,0,0.0013308104182064538
1,1,0.999971003797649
0,0,0.0013200599509874144
1,1,0.9999337483777953
0,0,0.002942662896728132
1,1,0.99901492240307
0,0,0.0016764487521457375
0,0,0.0014169117859146253
1,1,0.9816067098974671
1,1,0.9999747761769544
1,1,0.9999743010851228
0,0,0.006040577064053941
0,0,0.0028318848982266964
1,1,0.9992010084088319
1,1,0.5137543700957115
1,1,0.9939669324994258
1,1,0.9994983072925159
1,1,0.9996410257271519
1,1,0.930245878917781
0,0,0.0007329093196745879
0,0,0.0007407793538103283
0,0,0.0011961450984515468
1,1,0.9999384138781645
0,0,0.004408948853788164
1,1,0.9998402885642351
1,1,0.9975905891289404
0,0,0.017584260151741467
1,1,0.9857193507362325
0,0,0.000655508472670631
1,1,0.9273468852222138
1,1,0.9537432956385165
1,1,0.8305869688474233
0,0,0.0006929699248164359
1,0,0.15079616552997313
0,0,0.005670646626998212
1,1,0.999931267654372
0,0,0.000837186035323414
1,1,0.8706663174982359
0,0,0.0015536376262850874
1,1,0.9991377862262298
0,0,0.0009043220840739424
0,0,0.001259707055668197
1,1,0.8026976671114896
1,1,0.9994550511321927
1,1,0.9986595098704976
1,1,0.9801187540660338
1,1,0.982045734557867
1,1,0.9999575450835073
0,0,0.0005416314144584279
1,1,0.9998066379556328
0,0,0.0014654023501886114
0,0,0.0005117616021561168
1,1,0.9992730328890111
1,1,0.9295684270361695
1,1,0.9262049767811744
1,1,0.9993495079132669
0,0,0.001840025567792159
1,1,0.9999278130308327
0,0,0.002975323344728672
0,1,0.9998264593822032
0,0,0.0012963254081482952
0,0,0.0005593159975229936
0,0,0.009862635293298585
0,0,0.0068366700468928555
1,1,0.9999901222246933
1,1,0.9396378434266112
1,1,0.9995033904844983
0,0,0.17154985936179332
1,1,0.9999548755459031
1,1,0.7881445893949066
0,0,0.00835134154168388
1,1,0.8283858278549658
0,1,0.9004271393251272
1,1,0.9988969034202031
0,0,0.00014253120152368673
1,1,0.9926545408458595
0,0,0.006585882754083482
0,0,0.09603057538911097
1,1,0.999955558768369
0,0,0.0014372291733729
0,1,0.9101948189378084
0,0,0.0025367389838308694
1,1,0.9999165933149969
1,1,0.8570697354735922
0,0,0.01141761222768016
1,1,0.9776915790854085
0,0,0.0020321305476576528
0,0,0.0032238557752201484
0,0,0.09089787614267537
0,0,0.0006036418240458969
0,0,0.0009628683232833017
1,1,0.9993467676861016
1,1,0.9721142902161048
0,0,0.015810863778084498
0,0,0.004945318795899938
1,1,0.9999395854119649
1,1,0.9716171188569521
0,0,0.00259826949474484
0,0,0.0017863714294762292
0,0,0.019971633039284818
1,1,0.9999991153323636
1,1,0.9999429912463806
0,0,0.0003436157894859218
0,0,0.004308045552555949
1,1,0.9999908361635167
0,0,0.0004046234859192639
0,0,0.044056742732355124
0,0,0.001293696559343878
1,1,0.9997229711132801
1,1,0.9998324786477774
1,1,0.9968414579777569
1,1,0.9994979046063265
1,1,0.7080765271801727
1,1,0.9999750638138322
1,1,0.9992691591223839
0,0,0.0015359059951942412
0,0,0.0006119698612087804
0,0,0.0011192706440630482
1,1,0.9891742933899039
0,1,0.5946576639422356
1,1,0.9999091732220771
0,0,0.001904981242731582
0,0,0.2995796672176575
1,1,0.9999146028982674
1,1,0.9769879463834094
0,0,0.002974000542284479
0,0,0.00039154908442360145
0,0,0.0007905719236711371
1,1,0.7110230082789957
0,0,6.85267332078745e-05
0,0,0.0012555671342415861
0,0,0.0021107370534085342
1,1,0.9999599632204799
0,0,0.003523286149205684
0,0,0.001094939484254073
1,1,0.9999907127857649
0,0,0.001019796786567717
0,0,6.867645050520579e-05
0,0,0.021315142297364364
0,0,0.0010460619305263812
0,0,0.03538095300141972
0,0,0.0023837469309130996
0,0,0.00683667636301576
0,0,0.01377736711565668
1,1,0.9548282230151146
0,0,0.00278312902654903
1,1,0.8497903147494178
1,1,0.8766758856876796
1,1,0.9922079440376267
1,1,0.9999676160859933
0,0,0.004059920556386908
1,1,0.9996258264252837
1,1,0.999981629862395
1,1,0.9989294974061059
0,0,0.001494083074051463
1,1,0.9915130362513823
1,1,0.9953243318293051
0,0,0.0013947304347799074
0,0,0.0027264749379346032
0,0,0.002204316367248015
0,0,0.008650885435008093
1,1,0.9946195211503086
0,0,0.0013582277817351352
0,0,0.0016388867687138677
0,0,0.40261939651429524
0,0,0.011656381494153443
1,1,0.999137777901097
1,1,0.9724445813147579
0,0,0.0009486346856126994
0,0,0.0633692273173329
1,1,0.9784816882805977
0,0,0.007612767678853226
0,0,0.01080966670065865
1,1,0.9938728928119976
1,1,0.9999796597849703
1,1,0.9999017948584512
1,1,0.9971836266099758
0,0,0.2053408461154071
1,1,0.7659236273056075
0,0,0.0015367523232151373
1,1,0.9992773528837046
0,0,8.476335138684646e-05
1,1,0.999824797329266
0,0,0.00157233756074572
1,1,0.99965162163554
1,1,0.9998722832339165
1,1,0.9999400342229092
0,0,0.005029997366109098
0,1,0.9791815623146908
0,0,0.010815927887388293
0,0,0.0012992726862289907
0,0,9.536591273552084e-05
1,1,0.9999801374926973
1,1,0.9993689801685542
0,0,0.001827539586152744
0,0,0.0002972264826013503
0,0,0.019863356681276194
0,0,0.017756923757929168
0,0,0.004787497548411332
0,0,0.008299000538030258
1,1,0.999821791156989
0,0,0.001129830661202716
0,0,0.3992905194633211
1,1,0.914293806412844
1,1,0.9998401867031383
1,1,0.9930458006677093
0,0,0.04156504918548794
0,0,0.00621924581675342
1,1,0.9998058518980416
0,0,0.00021900058017156632
0,0,0.00010679116029638856
1,1,0.6545506095194378
1,1,0.9941681724640224
0,0,0.00115954982099508
0,0,0.03624733397580746
0,0,3.806610461729229e-05
0,0,0.030316825160011166
0,0,0.014309207516921899
0,0,0.003349083933644148
0,0,0.00032363949689580843
1,1,0.9992663430977157
0,0,0.005337113059832336
0,0,0.006594728742407399
0,0,0.0016421764287125097
1,1,0.9998476745421591
1,1,0.9972210595642114
1,1,0.9998882877156551
1,1,0.9998652937000673
0,0,0.0010764583248680073
1,1,0.9999890653872143
1,1,0.999691906070446
1,1,0.9999902798104124
1,1,0.999957137221968
0,0,0.0005123433660787599
0,1,0.8600308985239137
0,0,0.0029269716407898452
0,0,0.002345129667982201
0,0,0.004786196256494077
0,0,0.00010679028247152867
1,1,0.9999984294208952
0,0,0.0008109475995615442
1,1,0.9826858807249169
1,1,0.9997620399855949
1,1,0.9846961548921435
1,1,0.9999505217386125
0,0,0.001098489624649961
1,1,0.9989323113821919
0,0,0.009060633334762301
0,0,0.0005035768739178797
1,1,0.9910721719803892
1,1,0.9830073097637829
0,0,0.0024660324811400583
0,0,0.0005759920414293409
0,0,0.000557656943641972
0,0,0.02060175158944169
1,1,0.9998715404624381
0,0,0.0012497223220686254
0,0,0.0008659243850806375
1,1,0.9997504334511257
0,0,0.0022434504377276698
0,0,0.0014530526322847662
0,0,0.17666867768527136
0,0,0.21389641227036005
0,0,0.0014654017732153447
1,1,0.9999263541358016
0,0,0.10207905084168782
0,1,0.5398298776859121
1,1,0.9990038994851538
1,1,0.9949699230222493
0,0,6.830530665959453e-05
1,1,0.9999877849682453
0,0,0.0002471257201839692
1,1,0.9945706831196877
0,0,0.0019066251824514547
0,0,0.0016109311554762355
0,0,0.0006131569141937808
1,1,0.99987022514022
1,1,0.9102488997686622
1,1,0.9997841619086627
1,1,0.9999911852153708
1,1,0.9997684285763714
0,0,0.003116097297411611
1,1,0.9996489905016539
1,1,0.9999501306110287
0,0,0.0001569686497141555
1,1,0.9178756784378119
1,1,0.9969284822533165
1,1,0.9999096668110468
0,0,0.001654827214246463
0,0,0.00023380467275139837
0,0,0.00021588249234949196
1,1,0.999909796018811
0,0,0.0016312991315491343
0,0,0.000919636891301029
0,0,0.002937373590330013
0,0,0.004842261932641321
1,1,0.8874430316310282
0,0,0.001345049351645031
1,1,0.9508879178987847
0,0,0.001211681217645415
0,0,0.0010370194279825337
1,1,0.999936077683633
0,0,0.007375138133758574
0,0,0.0003988277206892432
1,1,0.9998688799649612
1,1,0.9967788430776393
1,1,0.8605676887667268
1,1,0.9999888239986153
1,1,0.9998682204403142
0,0,0.00023137107216093905
1,1,0.9956635166037938
0,0,0.0029810073842030525
0,0,0.0018320523383667838
0,0,0.0016618989326986108
0,0,0.0006208710768394716
0,0,0.017588266013496823
0,0,0.0014350023633623557
1,1,0.9957610010080158
0,0,0.0015614529857697651
1,1,0.9995831277994972
0,0,0.0022063861326085217
0,0,0.023134211425326616
0,0,0.0037674071776628995
1,1,0.9999472955885697
0,0,0.006972054335625084
1,1,0.9952073818521158
1,1,0.9999866164776833
0,0,0.0002492950502837261
1,1,0.9954715944939876
0,0,0.014036260814653038
1,1,0.9998515247895952
1,1,0.9998946565290042
0,0,0.0014972287362070244
0,0,0.002029100957380158
1,1,0.7792653609912858
1,1,0.9611842665694484
0,0,0.003586822700562176
0,1,0.8238752439723793
0,0,7.502966690022615e-05
1,1,0.9999548662424411
0,0,0.0006806514042350604
1,1,0.9997643834310694
1,1,0.9997245299607463
1,1,0.9970621808672081
1,0,0.0015964455623568225
0,0,0.017880982335595385
0,0,0.0051898285753318495
0,0,0.1136292366008652
1,1,0.9999905658265228
0,0,0.001523831077247222
1,1,0.9994956655943348
1,1,0.9999381682135076
0,0,0.016762054149455113
0,0,0.0005643224451104917
0,0,0.003116072265421049
0,0,0.0035854777005571528
0,0,0.0035766405460976765
0,0,0.00042740233072689787
0,0,5.60461820853568e-05
0,0,0.0017427162230553013
1,1,0.9998716266331366
1,1,0.685820360773634
1,1,0.999505086703876
0,0,0.01081277690137154
1,1,0.9086628249144154
1,1,0.9996766992576306
1,1,0.999633634733659
0,0,0.003272641409082889
1,1,0.9999820224462114
0,0,0.06483603839356476
1,1,0.988311414759878
0,0,0.001831633745805581
1,1,0.9896417322431106
1,1,0.9802212379335555
1,1,0.655172795079478
0,0,0.00022787357559919363
1,1,0.9999517495271057
0,1,0.5690384217161057
0,0,0.0013799849573279568
1,1,0.7639673105454158
0,0,0.001634884016877669
1,1,0.9543301707824119
0,0,0.0012680114521315354
0,0,0.007920269942010293
1,1,0.9999894072166542
1,1,0.9992342271765623
1,1,0.999648066528875
0,0,0.0007725298819772548
1,1,0.9901391011478827
1,1,0.9999514221440753
0,0,0.0024560649491399207
0,0,0.0008708637765508647
0,0,0.001211543206775083
0,0,0.1095347715273253
1,1,0.9898871946444433
1,1,0.9978819840789382
0,0,0.0072642520607699105
1,1,0.983040601320957
0,0,0.002699093201787376
0,0,0.0007000471462579733
1,1,0.9363010696421199
0,0,0.0006006700061803747
1,1,0.93172936523166
1,1,0.9999736757154446
1,1,0.9993918957892681
0,0,0.0018655317876211332
0,0,0.002473188376229523
1,1,0.9999878405407031
1,1,0.9999949240350131
0,0,7.478205338867562e-05
0,0,0.014969890675909587
0,0,0.017748611643737065
0,0,0.04048730450732185
1,1,0.9999862278763962
1,1,0.9998457988913121
1,1,0.9992436353249651
1,1,0.9985716330468511
1,0,0.19430651564530907
0,0,0.0009152966125509825
0,0,0.007311700405426983
0,0,0.0011196591363446585
0,0,0.009751498264964452
0,0,0.003994794973051066
1,1,0.9801532164335317
1,1,0.9999662120788259
0,0,0.002083963381916964
1,1,0.9998932579575941
1,1,0.8283330930637928
0,0,0.0003792304278880456
1,0,0.46168716628782536
0,0,0.00024044161915453687
1,1,0.9999734885144329
0,0,0.07235084340798226
1,1,0.9838008733776576
0,0,0.0018255159158277537
1,1,0.9913237181461785
1,1,0.7097163706610895
0,0,0.005416364233178787
0,0,0.0036588700075875524
0,0,0.36457342306575835
1,1,0.9944423937417234
0,0,0.010240765902094686
1,1,0.9998910742230813
1,1,0.9997651825319537
1,1,0.9998616692347346
0,0,0.000848905832644833
0,0,0.0014320720503177718
0,0,0.0002278768363729619
0,0,7.940004291110939e-05
1,1,0.919751556610949
1,1,0.999672960347595
0,0,0.015701857544008383
1,1,0.9997641740518508
1,1,0.9907329060490858
0,0,0.013100988455307199
0,0,0.0001453894087878603
1,1,0.9999556133520149
0,0,0.0011298258856889325
0,0,0.00015503290014163342
1,1,0.9999515265890457
1,1,0.9940199824297081
1,1,0.99974050821695
1,1,0.9835843553519317
0,0,0.0002691744274110998
0,0,0.0011727720313830321
0,0,0.011493989610536388
0,0,0.0028840760951622498
1,1,0.9998496896838226
1,1,0.9994983534456213
0,0,0.0006992928104961885
0,0,0.0016102850210845704
0,0,0.002513308808505499
0,0,0.0256238191246966
0,0,0.01272972283790652
0,0,0.006722974165490765
0,0,0.0018478798191456833
1,1,0.998661329674839
0,0,0.003924328766336981
1,1,0.999969507468956
0,0,0.19471753162329392
0,0,0.0005446791162234476
0,0,0.0024846917471883817
0,0,0.001845989164201192
0,0,0.16352180493163967
0,0,0.001489386250802755
1,1,0.9998988327023336
1,1,0.995831444629083
0,0,0.08084065275845592
1,1,0.9837597543263662
1,1,0.9973734662469299
0,0,0.001365963397995055
1,1,0.9359967075882581
0,0,0.005220475252698091
0,0,0.004969960064381566
1,1,0.9964217618358198
0,0,0.0011465457055351267
0,0,0.0015159750561033127
1,1,0.9940384639530945
1,1,0.8828762346337038
1,1,0.9992654655803656
1,1,0.6253924751777645
0,0,0.0013308018471518226
0,0,0.00133361527378448
1,1,0.9072483071222999
0,0,0.0014054590966635647
0,0,0.0011654848495542998
0,1,0.8825067933465022
0,0,0.0009649813615395427
0,0,0.01403626762827629
1,1,0.9999418683704487
0,0,0.001440000887471492
0,0,0.002723439466569497
1,1,0.980747859868788
1,1,0.9998199345344766
0,0,0.0013086138082373073
0,0,0.00538137053091475
0,0,0.0019111084190684994
1,1,0.9999428937336863
0,0,0.002132507427523309
1,1,0.9998614183952054
0,0,0.005316918472888687
1,1,0.9999704639604196
1,1,0.9966249668276986
1,1,0.9995785142530533
1,1,0.8679927898672862
0,0,0.05070919634130413
0,0,0.0006422020842991914
0,0,0.0013633599539706756
1,1,0.9301969456957979
1,1,0.9992958132299703
0,0,7.608866090963462e-05
1,1,0.9997499667251012
0,0,0.00014538712413817096
1,1,0.9699547726972059
0,0,0.004560333147658119
0,0,0.0018229559215428607
0,0,9.48282770116804e-05
1,1,0.9998488307930252
1,1,0.9784923322833701
1,1,0.9998534193092992
1,1,0.9999964970655162
0,0,0.0016757406158558585
1,1,0.9995859412264717
1,1,0.999992757230681
0,0,0.0015709965243367431
0,0,2.570760352037772e-05
1,1,0.9333655384883891
1,1,0.9996656385632141
1,1,0.592710034606422
1,1,0.9999723238265327
1,1,0.9991578772634431
0,0,0.0018089912732649723
0,0,0.0013818633127169536
1,1,0.9615331124428317
1,1,0.9987133431254089
0,0,0.0029789157599061167
0,0,0.007605960404253505
0,0,0.0030388752446891985
1,1,0.9999224221833485
1,1,0.999959053679614
1,1,0.9997861171531331
1,1,0.9999839814599946
0,0,0.0020066610419685574
0,0,0.0018822841893466084
1,1,0.9893236359856727
0,0,0.0006237738029492843
0,0,0.002245225948588268
1,1,0.999897495186754
1,1,0.9679997848123116
1,1,0.9999596731164344
1,1,0.9999366398083085
0,0,0.004379039823708515
1,1,0.9968948899890117
0,1,0.7548154737118065
0,0,0.0017291411619083893
1,1,0.9998950815801493
0,0,0.028988178277473457
0,0,0.0008425018950422376
0,0,0.00163409457143989
1,1,0.8696322767298249
0,0,0.001476463045756127
0,0,0.0006726366885877131
0,0,0.0401296066427955
1,1,0.9998862862620366
0,0,0.002686209530576407
1,1,0.9084153332766669
0,0,0.00010456047564331465
0,0,0.07244757233558119
0,0,0.00123600672068005
1,1,0.9992988478797393
0,0,0.002243377428004056
1,1,0.9983147159756915
1,1,0.9999761420009096
1,1,0.9999611716305026
1,1,0.9997656079514027
1,1,0.9990228301356907
0,0,0.0005850558253600135
1,1,0.9999520820341129
1,1,0.9999724069981528
1,1,0.959504291633312
1,0,0.3819133084268894
0,0,0.0019301426906425624
1,1,0.9963053852256766
1,1,0.9999892875608605
1,1,0.9999772425300942
0,0,0.0013501571402788825
0,0,0.00014537091685495892
0,0,0.0005667685785617963
1,1,0.9826861026398211
1,0,0.0021825968215549306
0,0,8.246993097714154e-05
0,0,0.0013594903016680515
1,1,0.9994210911713935
0,0,0.0019476358106359016
0,0,0.020601965349788583
0,0,5.731278477926539e-05
1,1,0.8379882338841186
0,0,0.002337458791303187
0,0,0.001346781899975179
0,0,0.0001941251792238687
1,1,0.8371115766919784
0,0,0.006178550206793553
1,1,0.9936937244185264
0,0,0.0016453251717697794
1,1,0.9993618607238373
0,0,0.003058332784601545
0,0,0.0015938071841033411
0,0,6.748511950046751e-05
0,0,0.0002445725624378994
0,0,0.007873441356807866
0,0,0.008183981655612361
1,1,0.9999188698318535
0,0,8.423687221121478e-05
0,0,0.0005664401757863402
0,0,0.0013588976686785916
0,0,0.0020185647121578635
0,0,0.0006340700119738702
1,1,0.9998098373228163
1,1,0.9742600375679744
0,0,0.0020628898708159116
1,1,0.9226564629843714
0,0,0.18680287810162666
0,0,0.00038670409688249907
0,0,0.0014356462957974317
0,0,0.003057297422869014
0,0,0.003981600606047287
0,0,0.0012235993288750525
0,0,0.0011023144341980383
1,1,0.9998876329496841
0,0,0.0001329938523910169
0,0,0.009863598537004066
1,1,0.9983249586851295
0,0,0.0012556615721292682
0,0,0.0056237595162357
0,0,0.0010797128991387945
1,1,0.9994052736320902
1,1,0.999870404120317
0,0,0.07544997753202648
0,0,0.004844947678956878
0,0,0.001809022117646281
1,1,0.999946969150699
0,0,0.0013258281240550057
0,0,0.0016977249111475002
1,1,0.9998056140490784
0,0,0.0007705056632379872
0,0,0.018901423880334587
0,0,0.009119375071380926
0,0,0.002540256764029965
1,1,0.9999215051512234
1,1,0.9969731102119189
1,1,0.9997970892461491
0,0,0.0009596962883519864
1,1,0.9999702561913262
0,0,0.0014154710192582957
1,1,0.9381504550269915
1,1,0.9999952079282899
1,1,0.9994395563657924
0,0,0.0026580426079429267
0,0,0.0005299541924679982
0,0,0.003975967001713772
1,1,0.9999789534425346
0,0,0.01593227290103005
0,0,0.0006471260575155663
1,1,0.7870207778669375
0,0,0.002144056386992294
1,1,0.9986027903665654
1,1,0.7497665352398216
1,1,0.9996430516601194
1,1,0.6151000915736451
1,1,0.9999471905780222
0,0,0.0008659193810009894
1,1,0.9988771399237044
1,1,0.9996559189879209
1,1,0.9990621336992622
1,1,0.9999005903772309
1,1,0.9998594800430314
0,0,0.06027564453797883
1,1,0.9946924294100827
1,1,0.9836244024345261
1,1,0.9987901514554711
1,1,0.999651691506922
0,0,0.0006183031912153561
0,0,0.08763000661736088
1,1,0.9284100158960295
0,0,0.0005134395630389535
0,0,0.0005342046365203288
1,1,0.9997755027168237
0,0,0.0014607239787169934
0,0,0.0019172372610580396
1,1,0.9848097406897832
1,1,0.9998832425733238
1,1,0.9989666435098
0,0,0.0007997974733934104
0,0,0.0031109009206056262
0,0,0.017748917111917215
0,0,0.015598377180322311
0,0,0.4341574267064586
0,0,0.003513362282871176
0,0,0.00014092296476543592
0,0,0.0006839581441218383
0,0,0.014352067128657789
0,0,0.012145688030927058
0,0,0.0029750127752586042
0,0,0.0005760308751656477
0,0,0.002243224170073424
0,0,0.0005289478851783839
1,1,0.9999933812336766
0,0,0.0016614972866771755
0,0,0.02672140115455165
1,1,0.9544403475746792
1,1,0.9992542377923808
0,0,0.0016296534494669832
1,1,0.9986657015464939
1,1,0.8893705066642082
0,0,0.0027062258461381474
1,1,0.9993575627976339
1,1,0.9003957930580835
0,0,0.009683844057626267
0,0,0.02299256258073397
1,1,0.9997169322395808
1,1,0.9899748273759715
1,1,0.9998241688405544
1,1,0.9999067282850654
1,1,0.9999697882175733
1,1,0.9785476201685955
0,0,0.0014148408411453189
0,0,6.448409538928958e-05
0,0,0.00045269245395134747
0,0,0.0004759304943040406
0,0,0.00269899368027577
0,0,0.021118978042056476
0,0,0.0008794797317087212
1,1,0.9991378031189713
0,0,0.00341814865271592
1,1,0.995766595893069
1,1,0.9997764061767558
1,1,0.9999877013896343
1,1,0.9999969297490645
1,1,0.999763708627819
0,0,0.00601159003216444
0,0,0.036716748127792576
1,1,0.9991086035539932
0,0,0.002484385202073713
0,0,0.0006830264522605941
0,0,0.0013912142657703153
0,0,0.0010451404743730683
0,0,0.002107353963635425
1,1,0.9999244513401327
0,0,0.22521053858369727
1,1,0.9995945420020227
0,0,0.0009320193749354401
1,1,0.974662551393761
0,0,0.002392042397913131
1,1,0.9971867477635376
0,0,0.002888591654482906
1,1,0.9916684576871739
0,0,0.49367086452458503
1,1,0.9998528309716724
0,0,0.1002464442327138
1,1,0.8161265150170831
1,1,0.9983386467892523
1,1,0.9117581137258309
0,0,0.0013020924998282865
0,0,0.0005735967354146199
0,0,0.0821441832174205
0,0,0.0037585704657660973
1,1,0.9999836712609547
0,0,0.007503160289545983
0,0,0.00927371651190831
0,0,0.0008659212224235492
0,0,0.0006775077740954578
0,0,0.0005616433063077657
0,1,0.6027539997593573
0,0,0.0004931240069610547
0,0,0.12051580908572491
1,1,0.9998328640867958
0,0,0.002094407591158714
0,0,0.0018664133530489817
1,1,0.9998792207197977
1,1,0.9999726407242596
0,0,0.004065004104615491
1,0,0.009308461737656685
1,1,0.881773159249258
0,0,0.002473585770747385
0,0,0.001614008712573352
1,1,0.9053200173626919
1,1,0.9992527639188832
1,1,0.9616125939823924
0,0,0.0012555225060367826
0,0,0.001577238461381192
1,1,0.999944832383562
0,0,0.0020653368589575987
0,0,0.049584005839189656
0,0,0.0001178038718032929
0,0,0.0009202324533055591
1,1,0.9939769204614807
0,0,0.0029315763801075127
1,1,0.9999910670520972
0,1,0.8385262662725395
1,1,0.9998832059049548
1,1,0.9987488266000183
1,1,0.9998561856666507
1,1,0.9554806308065953
0,0,0.0009064748520093826
0,0,0.0028963931037404743
1,1,0.9936887623264471
0,0,0.005495264642068389
1,1,0.9994997636494504
1,1,0.9999397383615193
0,0,0.0020388747642613196
1,1,0.9982084185157037
0,0,0.004546463520651547
0,0,0.0650880654644299
0,0,0.0014588130377586538
1,0,0.17476527178402826
1,1,0.9990928951942611
0,0,0.0012602921131670377
0,0,0.0005015427645556943
0,0,0.0028087118887204186
0,0,0.01280129328920326
0,0,0.0250134309570767
0,0,0.0002042281668070371
0,0,6.191412389709573e-05
0,0,0.001606075985216732
1,1,0.999924170248389
1,1,0.9444868064643733
0,0,0.00013543931738507035
1,1,0.9989433788761279
1,1,0.9718301988764276
0,0,0.0024995383372989856
0,0,0.0012661903127597887
1,1,0.9999732020201589
1,1,0.9998942133170152
0,0,0.0014694172223356772
0,0,0.0005760105481091748
0,0,0.0014681629312534973
1,1,0.9994802117043942
1,1,0.9999721001049423
1,1,0.9999359754149861
0,0,0.0261565271494004
0,0,0.00522687598226688
1,1,0.9999521240677671
0,0,0.012961029354424367
1,0,0.4826289479159186
0,0,0.001599193522998195
1,1,0.9997620416542523
0,0,0.0030160931662945936
1,1,0.7274583260896106
1,1,0.9999892876568677
0,0,0.001660575764854734
1,1,0.9721896116259036
1,1,0.9388649663907882
1,1,0.999928424793182
0,0,0.0007359930696656737
0,0,0.006676333187732595
1,1,0.9983177969876793
1,1,0.999576915931174
0,0,8.855844752618839e-05
0,0,0.0012910936667354632
1,0,0.3468070956955915
1,1,0.999827490761441
0,0,0.05757612532119734
1,1,0.9994545399982565
1,1,0.9369256877373461
0,0,0.0012401143309757616
1,1,0.9632219754266639
1,1,0.9999743290500025
1,1,0.9997498264086347
1,1,0.9998710556647302
0,0,0.0028334936198711413
1,1,0.9999656059935036
0,0,0.0029395889589576905
1,1,0.8186387100075206
1,1,0.9999439386515899
1,1,0.9991973284702902
0,0,0.018622315219377163
1,1,0.9994872917309335
0,1,0.6871511856396325
0,0,0.156540880712183
0,0,0.006651054854368448
1,1,0.9993549102832803
1,1,0.999705793123536
0,0,0.003610124460915939
0,1,0.9330313200846618
1,1,0.999938861779738
1,1,0.968380013720366
0,0,6.328951126816555e-05
1,1,0.9886799618066572
0,0,0.010130159740221082
1,1,0.9684831656571172
1,1,0.9999638971638767
0,0,0.0012915478803670675
0,0,0.0022909670973372924
0,0,0.003586811237199678
0,0,0.01645568505768603
1,1,0.9997462432959705
1,1,0.9999812191971627
1,1,0.9996729399524488
1,1,0.999656028859443
0,0,0.0008177230614674325
1,1,0.9999316243464853
0,0,0.0016407064750805968
0,0,0.33716735672950177
0,0,0.00012836937112427224
0,0,0.00010456914655993241
0,0,0.09815275123231489
0,0,0.0019331850296630956
1,1,0.9999965352149213
0,0,0.0005948715811412908
0,1,0.9262913608032298
1,1,0.9957620581370431
0,0,0.0007522013242975388
0,0,0.00201639156403888
1,1,0.9995123578644437
0,0,0.0008349105472321805
0,0,0.0018245727237592969
0,0,0.00582512735224074
1,1,0.9998163974341536
0,0,0.0013517232300885946
0,0,0.03540556059325659
1,1,0.9977574013364242
1,1,0.9998876231648395
1,1,0.9987198040891709
1,1,0.9999861743433013
1,1,0.9937165895867278
0,0,0.0001453700775390493
0,0,0.01919383285480819
1,1,0.9998932569691789
0,0,0.003923309006708249
1,1,0.9973735070583019
1,1,0.8402418946693043
0,0,0.0015954053210188524
1,1,0.9998692348440729
0,0,0.001014143485296706
0,0,0.0005549731507877384
1,1,0.9999140357636948
0,1,0.8656043988368968
1,1,0.9942510192203923
0,0,0.0019783443137106472
1,1,0.9993303734438358
1,1,0.9936649983378838
1,1,0.9996754078295884
1,1,0.9999725707291467
1,1,0.9997604699244813
0,0,0.0001718898854726626
0,0,0.00012942867700382557
0,0,0.0007588040302757423
1,1,0.96318530979369
1,1,0.9935724814752114
0,0,0.010602180375369261
0,0,0.001301849963190183
0,0,0.007330219928404275
0,0,0.0012556591715952136
1,1,0.9993968188518516
1,1,0.9984261492808064
0,0,0.0019787197557281115
0,0,0.022989378982568743
1,1,0.9058958941771853
0,0,0.0008055107824693546
1,1,0.6050332812932202
1,1,0.9911509768497713
0,0,0.003503412928260907
1,1,0.6782053525611006
1,1,0.999733886256311
0,0,0.1306527674945212
0,0,0.0001663830347969552
0,0,0.02447572476192185
0,1,0.9227057458957888
0,0,0.0011873242864316477
0,0,0.005630922847620002
1,1,0.9596962978502634
0,0,0.033344701203527866
0,0,0.003304197034110394
1,1,0.9635701096381457
1,1,0.9999867620241639
0,0,0.007972413789870412
1,1,0.9999100990623271
1,1,0.9720105097332984
0,1,0.9955605334536494
1,1,0.999394390182875
0,0,0.0013171189586155447
0,0,0.0014693993683131648
1,1,0.9999960895521997
1,1,0.9991056443004733
1,1,0.9999972942675674
1,1,0.9978228427304574
0,0,7.201163359441347e-05
1,1,0.9995103369157902
1,1,0.981202783560192
0,0,0.00021739310667918813
1,1,0.9995785546642135
1,1,0.9982753429490531
0,0,0.001781383497139509
0,0,0.11977488395084658
1,1,0.9883754875557007
1,1,0.9999973827247882
0,0,0.443865997106078
0,0,0.008418427361591008
0,0,0.011701790361555013
1,1,0.9999153693529612
1,1,0.9999697538332951
0,0,0.0010471642621022184
0,0,0.003956830518418165
0,0,0.003225082804255275
0,0,0.005397162663381487
0,0,0.009212834512422382
0,0,0.005012167037465491
1,1,0.9977091542273657
0,0,0.0006178596612811334
0,0,0.0015854710200886265
0,0,0.012015076461323876
0,1,0.9094768710200173
1,1,0.9879275179951863
0,0,0.19177019214834468
1,1,0.9025864392224693
0,0,0.0029450310004553995
1,1,0.9896249083945701
1,1,0.9999388066836641
1,1,0.9996870743675347
0,0,0.011127230907963255
1,1,0.999916016163245
1,1,0.6716411776612418
1,1,0.9999689333164734
0,0,0.0010115356790165629
0,0,0.0025881122703196066
0,0,0.0014589297887925106
1,1,0.9967672707712198
1,1,0.9999320486930742
1,1,0.9997852856363815
0,0,0.2394088727115817
0,0,0.00646638519864432
0,0,0.0066765091097056835
1,1,0.9717375090802318
1,1,0.9626677538108017
0,0,0.0006202204857261132
0,0,0.006456715491591938
1,1,0.7087731260810681
0,0,0.009872440790533695
1,1,0.9827370981441097
1,1,0.9903691939013337
1,1,0.9924821191575641
0,0,0.00030218170088894535
1,1,0.9948185932971907
0,0,2.5707559353088776e-05
1,1,0.9845859859039121
0,0,0.0011388909752029638
0,0,0.0011053878511348742
1,1,0.9983386590465286
0,0,0.0025607954752733864
1,1,0.9948943292785656
0,0,0.0006483916370179844
1,1,0.9952073769061536
1,1,0.9986063862789701
0,0,0.005759442560427542
0,0,0.002147987748417232
1,1,0.9995050867760775
1,1,0.999788381581394
0,0,0.005561833232160157
0,0,0.0012960444985068414
0,0,0.00026409767680721734
1,1,0.9967955780292395
1,1,0.998920656482637
1,1,0.9999619047731502
0,0,0.00199185776135632
1,1,0.9999279887234911
0,0,0.000605125279178829
0,0,0.0034167473669836396
1,1,0.9999926980460276
0,0,0.0010282133801883578
0,0,0.001544935455895222
1,1,0.9868463367992542
1,1,0.9996383304686858
1,1,0.9999306658197504
0,0,0.01367359749936704
0,0,0.4884227704323791
0,0,0.10914341711148899
0,0,0.00416101417113839
1,1,0.9992757762148086
1,1,0.9436570494437229
0,0,0.002667099648437899
1,1,0.9997626102435977
1,1,0.9987176949314414
1,1,0.9996215829207185
0,1,0.9021570157950268
1,1,0.9999863330114863
1,1,0.9999642770941866
0,0,0.0006238460622330906
0,0,0.002275689480556488
1,1,0.9999753871652686
0,1,0.8322607659421549
1,1,0.9998764855856974
1,1,0.8941184636927123
0,0,0.012504755464761999
0,0,0.0012206077069386216
0,0,0.010165656870237173
1,1,0.9919881889827142
0,0,0.001550432105396169
1,1,0.9998436750793349
0,0,0.0071215148499141085
1,1,0.9953026248929733
1,1,0.9664915849627734
1,1,0.8727955398767535
1,1,0.9998571579503241
0,0,0.0012495647766449915
0,0,0.0027582285707582867
1,1,0.9997819079227107
1,1,0.9993716559960601
1,1,0.9998448575923947
1,1,0.9992187488983154
0,0,0.009547369758262413
0,0,0.0010939089525777742
1,1,0.9944509184718456
1,1,0.925070793764911
1,1,0.905711561925028
0,0,0.0010177863056146986
1,1,0.9993467673300935
1,1,0.9975908231221464
1,1,0.9994473546682531
1,1,0.9998274945750979
1,1,0.9857031484673325
1,1,0.7889611547577209
0,0,0.00197801214492257
0,0,0.001255563846737466
0,0,0.0014953497620387932
1,1,0.9174715570192228
1,1,0.9999979619784325
0,0,0.0015446455349131685
0,0,0.018966319186851734
0,0,0.0004946348663331155
0,0,0.0012774946126607668
0,0,0.0018331443761154414
1,1,0.9948537023970301
1,1,0.9999892968244309
0,0,0.0004095734640151577
1,1,0.9998406131367815
0,0,0.0003364263119660349
0,0,0.04906810197696679
0,0,0.00950263387167593
1,1,0.9992845078526233
1,1,0.9999844038141834
0,0,0.0013545366470685363
1,1,0.9999141914424031
0,0,0.0006717987434665267
0,0,0.005492633950488052
0,0,0.001383913963188874
0,0,0.03258190239334913
0,0,3.806495340382244e-05
1,1,0.976449182218624
1,1,0.9716656676707355
0,0,0.02488675783947357
1,1,0.9999679605006861
1,1,0.9995855411745861
1,1,0.9999443626913043
1,1,0.9987058058326044
1,1,0.9942702546271588
1,1,0.9999623228188327
1,1,0.9997787269851582
1,1,0.9998457955375668
0,0,0.0009935841424840203
1,1,0.9990766463212151
1,1,0.9815857141430794
0,0,0.26010411002862194
1,1,0.9747141286366191
1,1,0.992605693906307
0,0,0.0011312201634373082
1,1,0.9983310754062317
0,0,0.0014742466590696968
1,1,0.9983575332652412
0,0,0.00345063666000702
0,0,0.008451755335465124
0,0,0.0011569054517525813
1,1,0.9997796931927041
0,0,9.198450330866164e-05
1,1,0.9997611953235821
1,1,0.8966223018664268
1,1,0.9069380111564864
0,0,0.005874885088213598
1,1,0.9628270018255956
1,1,0.7153890444607253
0,0,0.0013090303128405107
0,0,0.4747836648650005
1,1,0.9999715009135016
0,0,0.0071962568082593005
1,1,0.8145897504321353
1,1,0.7692685872305544
1,1,0.9993716602486588
1,1,0.9999685924978509
1,1,0.9991508850068115
0,0,0.0015206959020607246
1,1,0.8803506988668313
0,0,0.0001832809075192932
1,1,0.9991884964883017
0,0,0.006041090763792382
1,1,0.9997014874082454
1,1,0.9981343574888246
0,0,0.0012497225278150419
0,0,0.034197348777679784
1,1,0.9892002396849429
1,1,0.9951091396124501
1,1,0.9999923852874388
0,0,0.00976538056832064
1,1,0.9999885098744766
0,0,0.004707013880067061
0,0,0.0026313813096592504
0,0,0.0009751865125948119
0,0,0.0008360441809841184
1,1,0.9999894969955475
1,1,0.999197426927925
1,1,0.9964864545570369
1,0,0.28270957766706356
0,0,0.006368622880688806
1,1,0.9990928739284648
1,1,0.9999377417914922
1,1,0.9999213237648432
1,1,0.99988647747193
1,0,0.012378118888215989
0,0,0.03494875729511377
0,0,0.05801464521779887
0,0,0.0007524153060357665
0,0,0.0021962360499422143
1,1,0.9853179057597791
1,1,0.9845495547400156
0,0,0.005390038391510834
1,1,0.9162012894155537
0,0,0.00034757127092481147
0,0,0.0022571209819689996
0,0,0.001668362824859439
1,0,0.00330429430141657
0,0,0.016948600923284058
1,1,0.9939134057790571
1,1,0.9990134527529465
1,1,0.999850317272742
1,1,0.9993161439094168
1,1,0.9955446447073675
1,1,0.9921693975171665
1,1,0.9997700597290197
1,1,0.9998222985179259
0,0,0.0026372884299320086
1,1,0.9999291430822005
1,1,0.9871605814007189
1,1,0.9999394895705646
1,1,0.9538193599000692
0,0,0.14249852396535914
1,1,0.9999097328608244
0,0,0.0026961977907329327
1,1,0.9993270561343611
0,1,0.6803396400923749
1,1,0.999705021317628
1,1,0.9991661932489696
0,0,0.0058783879454640375
1,1,0.9998617139862336
1,1,0.9993846856743525
0,0,0.0018590050799785868
0,0,0.0005596154064190054
0,0,0.0017236442610346408
1,1,0.9999977979449834
1,1,0.999997925916101
1,1,0.9999514240249479
0,0,0.0007011261825893416
0,0,0.004866257747908313
1,1,0.9129846828344026
1,1,0.9998511902425471
0,0,0.001701797779132563
0,0,0.0014041912447723388
1,1,0.9996886402952198
0,0,0.002096608467992924
0,1,0.8770695965238566
1,1,0.9999987295237521
1,1,0.9976512713378387
0,0,0.0006262667167450205
1,1,0.6205729730873769
1,1,0.9957975233901325
0,0,0.0010276643141083357
1,1,0.9815455138646794
0,0,0.006913083470740818
1,1,0.9819592511728337
0,0,0.32166185101270905
1,1,0.9777453572437989
0,0,0.001370602218698549
1,1,0.9500833219026793
0,0,0.0015601907211755916
1,1,0.9745517680491579
1,1,0.9998173502176836
1,1,0.9601790733597547
0,0,0.0008968808222458894
1,1,0.9124273757884183
0,0,0.00020591493953025405
0,0,0.013473694702798225
0,0,0.004956964546963003
0,0,0.0014038777547760244
0,0,0.0006678240877230236
0,0,0.0011881084550674997
1,1,0.999798205989628
0,0,0.03280117112435446
0,0,0.0010837693544689165
1,1,0.9992298267083158
0,0,0.00091851747652212
0,0,9.198048765476876e-05
0,0,0.002124543973376641
0,0,0.0013492908071672668
0,0,0.0017584666686225852
1,1,0.6869292410322613
1,1,0.9999520654828452
0,0,0.0022200261456859355
1,1,0.9997269302887736
1,1,0.9997244408050936
1,1,0.9926479929490908
0,0,0.012032078251067568
1,1,0.9998735164486376
0,0,0.051392980629829395
0,0,0.00014537160692994352
0,0,0.0015159860017848962
0,0,0.0015670636662853223
1,1,0.9996127042434281
0,0,0.0019573159245652384
0,0,0.0017009153126714578
0,0,0.006615651679010445
1,1,0.9745281870920487
0,1,0.5346757803737218
0,0,0.002229736760302399
0,0,0.0019225959099242983
0,0,0.0030404312377883473
0,0,0.000487537312340863
0,1,0.8304785124996398
0,0,0.10521572130298168
0,0,0.01339115543365805
0,0,0.0013687556060245256
0,0,0.00014467283598364547
1,1,0.9997983489037849
0,0,0.0018239326657098528
1,1,0.9998922201176834
0,0,0.0014156339386953221
0,0,0.004591936196057541
1,1,0.999914476334404
0,0,0.000500443925518721
0,0,0.30602579420229936
0,0,0.001484294107135071
0,0,0.0069805105694429
1,1,0.9997395131624945
1,1,0.9999034678477633
1,1,0.8985754680616747
1,1,0.9997585868787108
1,1,0.994501844095427
0,0,0.0023365659064888476
1,1,0.9998452241683895
1,1,0.9989960348539854
0,0,0.0023007976149932376
0,0,0.0006937774165659992
1,1,0.9999732976817567
1,1,0.9735301846450202
0,0,0.0207146154902087
0,0,0.003003392218419094
1,1,0.955446318771702
0,0,0.002760561480125033
1,1,0.9960524946607502
1,1,0.9911621664450092
1,1,0.8909761170959223
1,1,0.8057806576640628
1,1,0.999806208764618
1,1,0.9990881013363229
1,1,0.9357045835032779
1,1,0.9999331139877926
0,0,0.0014823787655212273
0,0,0.00023782083099773384
0,0,0.004473387070812604
1,1,0.9999958231876345
1,1,0.9311646704209063
1,1,0.9998204293756819
0,0,0.4454645913179756
0,0,0.0003642362440609456
0,0,0.015140244131728499
0,0,0.013228115588570103
0,0,0.0017676707387766935
1,1,0.9999323369253861
1,1,0.9992244130838019
0,0,0.0012116074802009324
1,1,0.9997980867029632
0,0,0.0009549692476567753
0,0,0.0052285386454544195
1,1,0.9999626953112001
1,1,0.9660180321401053
0,0,0.0031355417568226253
1,1,0.9999946943613025
1,1,0.9969376579170454
0,0,0.005506001251832995
1,1,0.9839493392050419
1,1,0.9920780774561097
0,0,0.0031862077300137234
0,0,0.00014708820997162288
1,1,0.7503348461124887
0,0,0.0026693839661548775
0,0,0.0024719244317958668
1,1,0.9982910645754496
0,0,0.001932393017106035
0,0,0.004170967754622732
0,0,0.02327140773104381
0,0,0.0004623429367496378
0,0,0.00020086587399070812
0,0,0.009212171347144684
1,1,0.9880755275342217
1,1,0.9999650410915123
1,1,0.9994625858767398
1,1,0.9999729104340044
1,1,0.9991956128993533
0,0,0.4994619126916574
0,0,0.007135635495995846
1,1,0.9829179511722906
1,1,0.9474424791159335
1,1,0.999209234303193
1,1,0.9999129847838621
1,1,0.9999232872842074
0,0,0.0004154564018139839
1,1,0.9809880133485751
1,1,0.8282421995603471
0,0,0.001655012382180736
1,1,0.9992503191299786
0,0,0.014501874605037463
1,1,0.952661262824409
0,0,0.0007368933821289307
0,0,0.012662035455487433
1,0,0.08580995573279937
1,1,0.9998922199167959
1,1,0.9716630349816442
0,0,0.002316425614958816
1,1,0.9999119040727472
1,1,0.8805521309077653
0,0,0.0037647151744829074
1,1,0.9998630070493371
0,0,0.0021855856995700172
1,1,0.9953082184135379
1,1,0.9937829692666253
0,0,0.0026599467712623334
0,0,0.0020592930965208853
1,1,0.9998160114420899
0,0,0.0014542997314289671
0,0,6.515593668046147e-05
0,0,0.01763714721163984
0,0,0.31892292354910023
0,0,0.0011155483502094119
1,1,0.9992873673613738
0,0,0.0905565494989925
0,0,0.0031668684296784692
0,0,0.001354359284642216
1,1,0.9997071559850494
1,1,0.8579680792585016
0,0,0.0004771730731300239
0,0,0.0010544519056745851
1,1,0.9999479516249835
0,0,0.00032042798472457524
0,0,0.00060900132247276
1,1,0.9246695365223394
1,1,0.7435410014132023
0,0,0.0014161199872857258
1,1,0.9946542015819348
0,0,0.00022252655694065198
1,1,0.999922134457512
1,1,0.9234866418237581
0,0,8.104648060056757e-05
0,0,0.002095307497324177
0,0,0.001720511711385791
0,0,0.0005907166626120005
1,1,0.9665586117939672
1,1,0.9955106385700803
0,0,0.00254501189808432
1,1,0.9999836779665028
0,0,0.0002467293512979982
1,1,0.9993886043976091
1,1,0.9999902797160061
0,1,0.8702406409849484
0,0,0.004888366237771873
1,1,0.9545436893408575
0,0,0.006047954219796856
0,0,0.00010352446450311924
1,1,0.9324748448183763
0,0,0.002625242418613847
0,0,9.352312732727336e-05
1,1,0.9909646111799134
1,1,0.9997475848543661
1,1,0.9999524189827642
1,0,0.047982404191192304
0,0,0.00197405163914865
0,0,8.165061538767844e-05
1,1,0.9999963913676835
0,0,0.0017576577659225501
0,0,0.00022322746324704006
1,1,0.999875754211354
0,0,0.0013241273337343215
0,0,0.06480748053188995
0,0,0.0010957326435188253
0,0,0.0013633595683871047
1,1,0.9988579814789436
1,1,0.9997713289045687
0,0,0.03200138047762059
0,0,0.0025280767962725863
1,1,0.9916815225827798
1,1,0.9999275770221292
1,1,0.9902173287515925
1,0,0.208577633772634
0,0,0.002746782719293935
1,1,0.9827475536668524
0,0,0.29037293092285804
1,1,0.999983019211358
0,1,0.7041658365030634
0,0,0.004308253678225878
1,1,0.9869329745133452
1,1,0.9999269323371645
0,0,0.00911368307173732
0,0,0.0010640957666873327
0,0,0.258980614050941
1,1,0.9992582790818973
1,1,0.9446488863249851
1,1,0.9604941044928175
0,0,0.004171453816443824
1,1,0.999928985138966
0,0,0.0003723800733263255
0,1,0.9396350059580425
0,0,0.0015723302238328032
1,1,0.9481459011388468
1,1,0.857090532835363
1,1,0.9772042701771878
1,0,0.370039147755227
1,1,0.9999566666562882
0,0,0.17268730858380008
0,0,0.0026991054910121552
1,1,0.9999945369562646
0,0,0.006303475209702899
1,1,0.998944684981561
1,1,0.9999708984917185
1,0,0.3787018138641082
0,0,0.0018627435026984823
0,0,0.0053168364763408835
0,0,0.006956770232088616
1,1,0.6541139030042271
0,0,0.0008001554091806178
0,0,0.0005684243552282787
0,0,0.0007516060867655866
0,0,0.0007770887198157621
0,0,0.002340543921068076
0,0,0.013693437457399451
1,1,0.9999948961335305
1,1,0.9999907163408642
1,1,0.6094044410891953
0,0,0.004128511039512784
1,1,0.9999658201912767
0,0,0.04492743949666407
0,0,0.0013578560199679578
1,1,0.9997226998609574
1,1,0.9794525584943633
0,0,0.0012822496111429124
0,0,0.00011032509401629612
0,0,0.0029994208561404854
1,1,0.9496102316525308
0,0,0.0006014891720599087
0,0,0.003666237621667191
0,1,0.8527751402164061
1,1,0.999962892300658
0,0,0.009125632091700812
0,0,0.016577685543840055
1,1,0.9999888392409453
0,0,0.0005857399701778298
0,0,0.0021202845764837597
1,1,0.9999961732896615
0,0,0.0014514396461909344
1,1,0.9955723333288865
1,0,0.006871166120234161
0,0,0.0020486025940262857
0,0,0.0044182917556861954
1,1,0.9657902724329733
1,1,0.9655418753159817
0,0,0.002610098302791175
0,0,0.001400783389002386
1,1,0.9999437361148865
1,1,0.9974864741264098
0,0,0.0002995383605844437
0,0,0.008248332210297872
0,0,0.0028222390431873598
0,0,0.001316778449226567
0,0,0.0024205258786979423
0,0,0.0013126365396284988
0,0,0.0010992961128336552
0,0,0.000985197548779602
1,1,0.9960544271406
1,1,0.9873565995620653
0,0,0.002999239673882325
0,0,0.007146887195027422
1,1,0.979044090736397
0,0,0.0024420474258641726
1,1,0.9943884640238726
0,0,0.022521915710543256
0,0,0.001218171952842023
1,1,0.999779510645764
0,0,0.001070581807983197
1,1,0.9998314217347996
0,0,0.01043997111374113
1,1,0.8979596182125275
0,0,0.004599587536570296
1,1,0.9295682683857016
1,1,0.9989116870493556
1,1,0.994168573457953
0,0,0.000218998627868868
0,0,0.003446403371988867
0,0,0.0001724845721461985
1,1,0.915034997260595
0,0,0.014977727684870271
1,1,0.8868550091347206
0,0,0.00043927258058991235
1,1,0.9997732165453009
1,1,0.9999104531378885
0,0,0.0005093246159315468
1,1,0.9850489915915026
0,0,0.002146240425437774
1,1,0.9999789526798271
0,0,8.681387325844513e-05
0,0,0.0023165159165781496
0,0,0.0029560240267148545
1,1,0.9999153665293771
0,0,0.0007717081720241897
0,0,0.0008857032509249385
0,0,0.003630244434660474
1,1,0.999906656158835
1,1,0.9995029049300916
1,1,0.9999985254470183
0,0,0.002550098292070587
1,1,0.9997315148607856
0,0,0.002628748617841036
0,0,0.003189930558152436
1,0,0.25856801444321903
1,1,0.975507453666647
1,1,0.7643622143066727
0,0,0.0012483879475297258
1,1,0.9994081430347335
0,0,9.885257708844681e-05
0,0,0.003931104062553022
1,1,0.9999867627198366
1,1,0.9998654464709141
0,0,0.0009200296715800218
1,1,0.999742419988565
1,1,0.9997839075203965
0,0,0.0008281601622951727
1,1,0.9920363109056352
0,0,0.0004648592285788722
0,0,0.0006453317690446502
1,1,0.8853201047379885
1,1,0.9998522915772706
1,1,0.9917174062039402
0,0,0.0007063998107014706
0,0,0.014326809772669428
0,0,0.0030015315045299616
1,1,0.9999984586637533
1,1,0.999099026066423
0,0,0.001672302261719385
0,0,0.0015608487879334141
1,1,0.9999159473665579
1,1,0.9999740589200977
1,1,0.9999122142668346
1,1,0.8936540313061432
1,1,0.9946921650799535
1,1,0.7242995182550465
1,1,0.9997514349311075
0,0,0.001308314177755396
1,1,0.9999727421385536
1,1,0.9997606525538613
1,1,0.9950039494760478
1,1,0.9999961351012533
0,0,0.0015536194458396866
1,1,0.9999451130330499
0,0,8.246892844003075e-05
1,1,0.9996465902272408
0,0,0.0007117881932320043
0,0,0.0006929095875851138
1,1,0.9919539823620384
0,0,0.015833852197501316
1,1,0.9626565856684594
0,0,0.003942404317546643
0,0,0.017723843896133955
1,1,0.6912117771840663
1,1,0.9908632446599427
0,0,0.005082447524550901
0,0,0.00989999686187974
0,0,0.0008334338790366587
1,1,0.9994274701611301
0,0,0.0012197363317117576
0,0,0.004335960806495678
0,0,0.00019412425198346
0,0,0.030107264973505438
1,1,0.9999121408340533
0,0,0.0012337310112636728
1,0,0.3644962140476763
0,0,0.001005629066925088
0,0,0.22144750514408204
0,0,0.0006520346710091909
0,0,0.0012089769180836619
0,0,0.0005895471329886079
0,0,0.03538086754827333
0,0,0.2727131809386817
0,0,0.0075033169726834055
1,1,0.9999910427484456
0,0,0.006634696846224464
1,1,0.9997395466429438
1,1,0.9997677030880683
0,1,0.7271480945590575
0,0,0.0001448331684220162
0,0,0.00025080636891615973
0,0,0.009771135892512188
0,0,0.005220102825371501
1,1,0.9999591673161549
1,1,0.9997754920951197
0,0,0.013474095318199718
0,0,0.0002471244209004347
1,1,0.9824002123529366
1,1,0.9999656807390042
1,1,0.9999657706173499
0,0,0.000541980976565896
1,1,0.9997313005610651
0,0,0.002218580543419806
0,0,0.001578095849206406
0,0,0.0014041762674876636
0,0,0.0006002174301520988
0,0,0.4252890026907167
1,1,0.9996228357443478
1,1,0.999819559070818
0,0,0.000946157967547351
0,0,9.885420003547005e-05
0,0,0.0027869350421450938
0,0,0.00031910888155911013
1,1,0.9990928691622993
1,1,0.9998834590948209
1,1,0.9998206001055425
0,0,0.0006945567921492178
1,1,0.9999918884012425
1,1,0.9998551992025149
0,0,0.007592002801217296
0,0,0.0011055405505157815
0,0,0.036516031656284004
0,0,0.009381709520711025
0,0,0.0007063345034814025
0,0,0.0019918484476680372
0,0,7.880516740595672e-05
1,1,0.9951399104220817
1,1,0.9998052380789695
0,0,0.0012349458005022082
0,0,0.2974547054038146
0,0,0.004335967684636797
0,0,0.0031287210980287445
0,0,0.0018362900620208975
1,1,0.9999776296473852
1,1,0.9485510575609314
0,0,0.0014709008021434136
0,0,0.0022940031799169496
1,1,0.9997889824260255
1,1,0.9999957597027361
1,1,0.9914038876411727
0,0,0.0066765568930854755
0,0,0.006676327928925984
1,1,0.9999839817427992
1,1,0.9998742734334255
1,1,0.9997991560829126
1,1,0.9996729754271299
1,1,0.9999910034723084
0,0,0.0019347963077372033
0,0,0.018346952842335524
1,1,0.9893289770598598
1,1,0.9999885090183203
1,1,0.9993923299564462
0,0,0.0015627225270401959
0,1,0.8420326273811345
0,1,0.601343817776748
0,0,0.07545854226624743
1,1,0.9981000609455811
1,1,0.995376444478058
1,1,0.9885743116005618
1,1,0.9998409380115201
0,0,0.0004689594890995959
1,1,0.999963502247315
1,1,0.999997367919509
0,0,0.0015569592435159235
1,1,0.9998009321426209
0,0,0.0047845949707395075
1,1,0.9996994434129449
0,0,0.00047852935831097843
0,0,6.515272273785274e-05
1,1,0.9955936333737215
1,1,0.9947845695269133
0,0,8.436878556942952e-05
1,1,0.9364693549228804
0,0,7.940084048724608e-05
0,0,0.0008174811227374993
1,1,0.9994195033713604
0,0,0.063519100665846
0,0,0.001206029131623368
0,0,0.0014315827198852682
0,0,0.00016560758860333116
0,0,0.025801884011153204
1,1,0.9999934631849161
0,0,0.00011841996259509094
1,1,0.9812929128776514
0,0,0.005190170670578566
0,0,0.0043671987832943696
0,0,0.028384690687245775
1,1,0.9996484123054123
1,1,0.9992207648000355
1,1,0.9999467506868711
0,0,0.005884051439856658
0,0,0.002334354219503694
0,0,0.0011728422399854177
0,1,0.9574172873347047
1,1,0.9999867618951107
1,1,0.9999982281207173
0,0,0.0021016851458098918
1,1,0.9999698385639317
0,0,0.0005257459607036119
0,0,0.0006473944412951864
1,1,0.9999531194616644
1,1,0.9997002683096575
0,0,0.07952765600198923
0,0,0.30758716134226977
1,1,0.9993923181392428
0,0,0.0025471690331820415
1,1,0.8185068317083906
1,1,0.9998456436284633
1,1,0.9999061544448967
1,1,0.9740513092444012
0,0,0.0015558743644940663
0,0,0.011900315742482709
1,1,0.9998663585393771
1,1,0.9998298860080487
1,1,0.9999288151138739
0,0,0.0027234341788832384
1,1,0.9996507793429336
0,0,0.001749369522883435
1,1,0.989115347538631
0,0,0.0013473984379070321
0,0,0.00043144853454739183
1,1,0.9999199344408372
0,0,0.0016934935055015754
1,1,0.6013144664890419
1,1,0.9987019944158144
0,0,0.011166386577492395
1,1,0.9999685096897518
1,1,0.9999883602945014
0,1,0.6689210388919762
1,1,0.9999668129874343
0,0,0.0013053916540258545
1,1,0.9999642795702972
0,0,0.0005609041210506655
1,1,0.8336300460525782
0,0,0.0022033147068241453
1,1,0.9604538655731885
1,1,0.9935092754695932
0,0,0.005230461580119575
0,0,0.0003743383156013562
0,0,9.198701357376403e-05
0,0,0.0002617009780194241
1,1,0.9999829999141244
0,0,0.0012138349490583551
0,0,0.009979261515619925
0,0,0.00018183602506866752
1,1,0.9985087928723562
0,1,0.9811614294782504
1,1,0.9964526916386444
1,1,0.9999040728486966
1,1,0.9991833907643264
0,0,0.002454861208043334
1,1,0.9999754049772763
1,1,0.9885952014885178
0,0,0.37228880522426533
1,1,0.9999854090970258
0,0,0.0018906150903695075
0,0,0.0009956085586405115
0,0,0.13978387704109166
0,0,0.0005643618613611066
1,1,0.9427069427427591
1,1,0.9990654620578918
0,0,0.0012984804838754832
1,1,0.9999841926951585
1,1,0.9958089799731115
1,1,0.9999811532352088
0,0,1.1844026361107108e-05
0,0,0.0013465666560609451
1,1,0.9969568281332964
0,0,8.447157501953145e-05
0,0,0.0028552859907595863
0,0,0.0016361245527662686
0,0,0.0020890857850363407
0,0,0.0019401857940275738
0,0,0.0009635410884050613
1,1,0.799105418742638
0,0,0.0026203672396458047
0,0,0.0014731082347063068
1,1,0.9998910348531224
1,1,0.9561427457997592
0,0,0.0010961447237218434
1,1,0.9996539198693709
0,0,0.0018828033835320043
0,0,0.006544712962732393
0,0,0.00035871386401807327
0,0,0.0008315198537301596
1,1,0.9537491023374225
0,0,0.0010471674023713163
1,1,0.5835609508766749
0,0,0.08873610974608248
0,0,0.0010561707568265669
1,1,0.999889375421478
0,0,0.049871689950469665
1,1,0.9997645847647193
1,1,0.9999860163031788
0,0,0.05508725337482709
0,0,0.2532132149192559
0,0,0.006527678260284237
1,1,0.9999792297040514
0,0,0.0013728062438418246
0,0,0.016260306312041926
1,1,0.9998695254144798
1,1,0.9999981993672198
1,1,0.9760698801467567
1,1,0.9999154777336137
1,1,0.99985277059943
0,0,0.3306192206114435
1,1,0.9942229159180647
1,1,0.9982466746353915
0,0,0.0015840478477276284
0,0,0.01513897897911986
1,1,0.999753842083281
1,1,0.9997294599768366
0,0,0.004099283604889805
1,1,0.9998972129955805
1,1,0.9981580307058711
1,1,0.9990736675323943
1,1,0.9998741332333213
1,1,0.8672535082242653
1,1,0.9894767838018943
1,1,0.9841335739805221
0,0,0.00023210373482432947
1,1,0.9890138729151251
1,1,0.9592348978751974
1,1,0.999732527163552
1,0,0.0032666629103990054
1,1,0.9992960750193556
1,1,0.9910688480696872
0,0,0.02174300950233475
1,1,0.996558214657419
0,0,0.001539498190418896
0,0,0.0014953181825772082
1,1,0.9948382642440412
0,0,0.00022422990904054962
1,1,0.9881390459600427
1,1,0.8797776494133135
1,1,0.984175831972511
0,0,9.436150494377169e-05
0,0,0.003667563179362197
1,1,0.9913441573145961
1,1,0.9960838125394486
1,1,0.97926325810741
0,0,7.142664397201592e-05
0,0,0.025381618018839452
1,1,0.9976039720566043
0,0,0.004569084017851519
0,0,0.0030033833924969244
0,0,0.011255008536321921
1,1,0.9333497064179054
1,1,0.9866386233374315
1,1,0.9775986707532582
0,0,0.005734005167141022
0,0,8.936192631882521e-05
1,1,0.9394211194771548
1,1,0.9996718395217166
0,0,0.0038877552018678034
1,1,0.9994946445567111
0,1,0.9430473648376674
0,0,0.29748391898569
1,1,0.9995723585975407
0,0,0.013227713402107936
0,0,0.00017597037375270683
0,0,0.034843143570482155
1,1,0.991817639097287
0,0,0.0022878768680983743
1,1,0.9997268860756816
0,0,0.12298379112395678
0,0,0.00012263920503725897
1,1,0.9997496435485758
1,1,0.9672059032251148
0,0,0.002621257996598952
0,0,0.001330809170328502
1,1,0.9999392041487117
0,0,0.009316378256627797
0,0,0.0008708652209405638
1,1,0.9999258327667463
0,0,0.0017099560203144677
1,1,0.9980895956928368
1,1,0.9999785214038254
1,1,0.97470147146212
0,0,4.284284147448847e-05
0,1,0.9649987092355083
1,1,0.9639364250521726
0,0,0.0010303180674299456
1,1,0.9830068093766575
1,1,0.9998597851128507
0,1,0.8490314382525829
1,1,0.9993790199108147
1,1,0.9660335984932154
1,1,0.9999480156257249
0,0,0.003135541804488102
1,1,0.9174888760711739
1,1,0.9999531607001164
1,1,0.9997411473456563
0,0,0.001540631596862857
0,0,0.000345205364568709
0,0,0.0012801066677462153
0,0,0.0019734516434549085
1,1,0.9994916741578725
0,0,0.05956803516939121
0,0,0.0022432070601551037
1,1,0.9999726387718731
0,0,0.000861992646508856
1,1,0.9964020297425374
0,0,6.504524509501857e-05
0,0,0.029920807454610957
0,0,0.06475926749239953
0,0,0.020640896039781826
1,1,0.9977070884596673
0,0,5.738883431571313e-05
1,1,0.9936478927697429
0,0,0.0006260718369389294
0,0,0.003554437879029578
0,0,0.011359062253552576
1,1,0.996786065295134
1,1,0.9999009058432756
1,1,0.9460644587058371
1,1,0.9998786329754362
1,1,0.9960070060578996
0,0,0.11791932014688816
0,0,0.07497666633625583
0,0,0.0019050490668142232
1,1,0.9993643829665111
1,1,0.9985817775795244
0,0,0.0036411611469391444
0,0,0.0012332620351982505
1,1,0.9802564425434366
1,1,0.9995653086294408
0,0,0.006298993112336519
0,0,0.0006341880155562212
0,0,0.0078068735712320675
1,1,0.9881615295643041
0,0,0.0020362147522846844
1,1,0.9998635281556868
0,0,0.032415797110876665
1,1,0.9998978669329015
0,0,0.0005338098008998071
1,1,0.8349323274470204
0,0,0.0012114750273855062
1,1,0.9999852654468077
1,1,0.9057090896007629
0,1,0.8324893559734841
0,0,0.0012483459939285953
1,1,0.9998812140522862
1,1,0.9999067265495429
1,1,0.9981249212552963
0,0,0.0007733480233712257
1,1,0.999997875681741
1,1,0.999988188440742
1,1,0.6370143646597778
0,0,0.0009831244193653952
0,0,0.0023956054655797673
1,1,0.9966949230041614
1,1,0.9999485002855062
1,1,0.9999656441564341
1,1,0.9967208716110751
1,1,0.999542910839024
1,1,0.9392029218605815
1,1,0.9999861539824471
1,1,0.9703616473387454
0,0,0.004436577544590158
1,1,0.9983386377585315
0,0,0.2997483694479285
0,0,0.000281886137966727
0,0,0.0030028431164348716
0,0,0.03419699972015079
1,1,0.9995945854640795
0,1,0.5094835992405526
1,1,0.7843291946441482
0,0,5.089597964106394e-06
0,0,0.08361721465508722
1,1,0.8451615273054328
1,1,0.999945480734752
1,1,0.956633204100322
1,1,0.9928806060788357
1,1,0.9999436530507028
0,0,0.0024661279048031337
0,1,0.6500802000738249
1,1,0.9139980371709615
0,0,0.002445767474982273
1,1,0.9994625853423819
0,0,0.0022938058470028362
1,1,0.9977848951090942
1,1,0.9946812714322398
0,0,0.0009797536070096761
1,1,0.8761863214808318
0,0,0.000770046478661854
1,1,0.9999945819375508
0,0,0.0012785106343752967
1,1,0.767447427754132
1,1,0.9994375950516354
1,1,0.9752707806873235
0,0,0.0025982873782431533
1,1,0.9999921962018556
1,1,0.9958615640888084
0,0,0.003071519708697479
1,1,0.9999766823510442
0,0,9.549866051410305e-05
1,1,0.9999674678703331
0,0,0.0009885003640153242
1,1,0.757025851218011
1,1,0.9999356486301565
1,1,0.9998958254946918
1,1,0.5866086374292123
0,0,0.0001501337651495019
1,1,0.9891602224781868
0,0,0.017601762342152133
1,1,0.9999334028675663
1,1,0.8540496130640765
0,0,0.001444744536650902
1,1,0.9994964252938436
0,0,0.00663469624319776
1,1,0.9964381782713984
1,1,0.8805864462745451
1,1,0.936915284115073
0,0,0.004735954253207661
1,1,0.9999117581989379
1,1,0.9999276001022248
1,1,0.9995551297311702
0,0,0.003665543057282651
1,1,0.9941412802141718
1,1,0.987187275014124
1,1,0.9997785811379775
0,0,0.006416218325209135
0,0,0.0005137308419277632
1,1,0.9999977582529217
1,1,0.997861878584802
0,0,0.000653213036289401
1,1,0.9999219374077195
0,0,0.0006212874200137472
0,0,0.42212890908846346
0,0,0.0054165517013431185
1,1,0.9878319471697531
1,1,0.9946269152567433
0,0,0.0029993535976398124
0,0,0.15895912292833
0,0,0.0005006682909399461
0,0,0.00018328845036684347
0,0,0.0008556267842167272
0,0,0.002711414411534785
0,0,0.4095619838998797
1,1,0.9999927891114015
0,0,0.019797611550064556
0,0,7.056384763165357e-05
0,0,0.0001005364866166894
0,0,0.0010873268996151734
0,0,0.002668242231224652
1,0,0.084325449773536
0,0,0.001253839484877289
1,1,0.924757860039161
1,1,0.998855454641484
0,0,0.0027820342968126167
0,0,0.2642968181513687
0,0,0.005035818559263164
1,1,0.9997487208753736
0,1,0.535572405330927
0,1,0.5209965678948246
0,0,0.0027638529882891894
0,0,0.0003229739296506932
1,1,0.9994718710183773
0,0,0.0016718427295705693
1,1,0.9974257272450715
0,0,0.00054577228806262
0,0,0.0005836117986772595
1,1,0.9951851806626917
1,1,0.9999092585174189
1,1,0.8102442815190779
1,1,0.9951182000303974
0,0,0.00200802132626387
0,0,0.0012130528495166652
0,0,6.450388312172801e-05
0,0,0.0009844401759596094
1,1,0.9999074441463249
1,1,0.989956542600527
1,1,0.9997107175167224
0,0,0.0011481410922451398
0,0,7.436298631202816e-07
1,1,0.9997709451752873
0,0,7.156664222631644e-05
0,0,8.136130298364412e-05
1,1,0.999921599823106
1,1,0.9771370528819919
0,0,0.00036072812154372684
0,0,0.0065861173067164975
0,1,0.8278958631144325
1,1,0.9540495699274465
0,0,0.0019011175022179466
0,0,0.016122168894095266
1,1,0.9998743348266552
0,0,0.0007568421574691575
1,1,0.9971001029513133
0,0,0.0005337978969309104
0,0,0.0013839094341273632
1,1,0.9997584385351509
0,0,0.00033804746546538543
0,0,0.0012494986207048618
0,0,0.0019957066291594375
1,1,0.9998328639005263
0,0,0.0013752875705891493
1,1,0.9981677721305009
0,0,0.0029466938126429935
1,1,0.9999904529986977
1,1,0.8872774253567853
0,0,0.0013714996003784128
0,0,0.0023740502557380743
1,1,0.9997326126974255
0,0,0.1218724360453948
0,0,0.2096887526201672
1,1,0.9994772999623284
0,0,0.007982435068798904
1,1,0.9121999899494432
1,1,0.9252001530866436
0,0,0.007427700635652492
0,0,0.0002952232170247191
0,0,0.0022487044234591053
0,0,0.0014873489381113793
0,0,0.0412621060573441
0,0,7.004765583150429e-05
1,1,0.991776585448263
0,0,0.001076017187987812
0,0,0.0023630861185029925
1,1,0.9999944494856153
0,0,0.0017593630523694776
1,1,0.9906126641182754
1,1,0.6850095538375628
1,1,0.999201315209461
1,1,0.9726222351539602
1,1,0.9999605060525706
0,0,8.734448295352167e-05
1,1,0.9999883297576617
0,0,0.001519017306137063
1,1,0.9976706366884075
0,0,0.07755071704932943
0,0,0.0024355394975122823
1,1,0.9997214384451463
1,1,0.9992874235548097
1,1,0.9995146165550018
0,0,0.006440565087212572
0,0,0.009677675555875063
1,1,0.9377244048198932
1,1,0.9991858215888426
1,1,0.9999579122458973
0,0,0.007732501885504034
0,0,0.0023151568564089065
0,0,0.002648754516868702
1,1,0.9587645199959055
0,0,0.00024291758784989075
1,1,0.9999176015230835
0,1,0.5581437666329653
0,0,0.0009707720586987329
1,1,0.9587098555123439
0,0,0.003575273325234964
1,1,0.9998896126060447
0,1,0.8877057275765675
1,1,0.9996130753541471
1,1,0.9239769256957293
1,1,0.9995138175562042
1,1,0.9999910259936157
1,1,0.9993767055108604
1,1,0.9998744535031627
0,0,0.0015437559621722021
1,1,0.9999939137232234
0,0,0.17134619320324124
0,0,0.03468896870440582
1,1,0.9998581982699533
0,0,0.48708398718669055
0,0,0.0005013130782532282
0,0,0.0007733482001318549
1,1,0.9999315189503526
1,1,0.9908569290926051
0,0,0.004184245891617331
0,0,0.0001645685082072269
1,1,0.9995376068200443
0,0,0.009020388210034976
0,0,0.00010517084985438576
1,1,0.9999996384502371
0,0,0.0030531255047735882
1,1,0.9998140781388538
0,0,0.0018125415402082759
1,1,0.9889054424406829
1,1,0.9998023669125896
0,0,0.008929350036819142
0,0,0.0004621503112443047
1,1,0.9688922751740795
1,0,0.36369937694300736
1,1,0.943017938811735
0,0,0.0014662890408499523
0,0,0.0018021337205371892
0,0,0.00080549543051489
1,1,0.9994983620531401
0,0,0.0020792610125439
1,1,0.99719921461122
1,1,0.9998443311938121
1,1,0.9986819700250308
0,0,8.446998657521645e-05
0,0,0.0006350884812127307
0,0,0.0013702820208935833
1,1,0.9997700565244858
1,1,0.955745362312726
1,1,0.9997238404559499
0,0,0.0018422981594921996
0,0,0.0020785302122069372
1,1,0.8400790019003295
0,0,0.0035546715909524533
1,1,0.9993886037533516
0,0,9.488012687116735e-05
0,0,0.006180545875847011
0,0,0.17973759238656575
1,1,0.9998524819477779
0,0,9.366571335565637e-05
1,1,0.999979117096994
1,1,0.9980548703909552
0,0,0.023362858497873135
0,0,0.006659896775697026
1,1,0.9967908973836536
0,0,0.0004113971321795246
1,1,0.9996525731393017
0,0,0.0007888849719775687
0,0,0.0020463802110638938
1,1,0.9998932526046932
1,1,0.9996933560528224
1,1,0.9992411132683511
0,0,0.00023207816499860897
1,1,0.929568621581033
0,0,0.00010778754799466999
0,0,0.008878805730369727
1,1,0.9998482275592886
0,0,0.0015774418386231505
0,0,0.0013277260524125097
0,0,0.0026580417647712384
0,0,0.0031977544181354327
0,0,0.0019331874759844104
1,1,0.9965180628359529
0,0,0.002246817366524462
1,1,0.9974331304623781
0,0,0.006081568211830168
0,0,0.004120804176955399
1,1,0.9276925955173789
1,1,0.6824265583548079
1,1,0.9999897683270373
0,0,0.0008753989680718714
1,1,0.9947451834961238
0,0,0.012000196319114602
0,0,0.0011605653415016678
0,0,0.009015462216720943
1,1,0.9727367175798532
1,1,0.9786762298586015
1,0,0.005900426685043387
0,0,0.017948784939191633
1,1,0.7554444022866088
0,0,6.602792286161637e-05
1,1,0.9997855532033436
0,0,0.0037218436582742453
0,0,0.013747918089174244
0,0,0.10793560409374478
1,1,0.9998225070511952
1,1,0.8225078520866542
0,0,0.0007649603054591317
1,1,0.9887838296448077
1,1,0.9514777157061696
0,0,0.004637664142383473
0,0,0.0002171701244401742
0,0,0.0024473457170885496
1,1,0.9999537745807728
1,1,0.9995594481115455
1,1,0.9998882876527927
0,0,0.0012134856663122324
1,1,0.9995946170866653
0,0,0.001645672447097563
1,1,0.999849934961004
0,0,0.0007172789383657726
0,0,0.002239395987837104
1,1,0.9997003650160123
1,1,0.9916949797106113
0,0,0.0014694215268528342
0,0,0.0015166969213320813
1,1,0.9998993449797798
0,0,9.198270734631726e-05
0,0,0.0006036484382079377
1,1,0.9156327562988622
0,0,0.001728551566978408
0,0,0.32566485859461836
0,0,0.00194378706146169
0,0,0.0004657698026462438
0,0,0.0020632582873433432
1,1,0.97189079705609
1,1,0.9999659585680731
0,0,0.0007619741902063648
1,1,0.9998587675380656
1,1,0.999897903982022
1,1,0.9996947974510709
1,1,0.8474349830448872
0,0,0.00026350000684728387
1,1,0.9996648772478384
1,1,0.973553117056817
1,1,0.9998852287894123
0,0,0.0018904509755225162
1,1,0.999105578659684
1,1,0.9899836120276124
1,1,0.993933884312216
0,0,0.0006482939871079854
1,1,0.9996196878154341
0,0,0.0032426655827659085
0,0,0.011892850219138572
0,0,0.012469080898148412
0,0,0.0014609779073400425
0,0,0.007270262785262363
0,0,0.002598288067013408
0,0,0.02507546205799932
1,1,0.9918219856659265
0,0,0.0013929868575734482
1,1,0.9999118486201998
1,0,0.47462344286039204
1,1,0.999765023104136
0,0,0.002950130538018634
0,0,0.0029158975039968007
1,1,0.999654897969152
0,0,0.023087938067937335
1,1,0.9999731181634703
1,1,0.9997386452648714
0,0,0.0023343662708247893
1,1,0.9998315793093384
0,0,0.002060843501570594
1,1,0.9997908802285395
0,0,0.008679223062302687
0,0,0.001884316780450287
0,0,0.0037592345757283324
1,1,0.9960308421541236
0,0,0.0011455200322093284
1,1,0.9997864345189502
0,1,0.7686112246371188
0,0,0.0007306025841714537
1,1,0.9999405696773129
1,1,0.9997007133900037
1,1,0.9997342857588244
1,1,0.9999567112386151
0,0,0.002706296350739917
1,1,0.9449421074791013
1,1,0.9957201767805813
1,1,0.9999883819347081
1,1,0.9987972950479875
1,1,0.7515660987434574
0,0,0.0014953818257782427
0,0,0.005942007005515854
0,0,0.0012515855216254093
1,1,0.9549533670343181
0,0,4.28403341695062e-05
1,1,0.9999484301109755
0,0,0.0011853080085860905
0,1,0.8984916307594908
1,1,0.9585289494750353
0,0,0.10321815418495289
1,1,0.9985346701870765
1,1,0.9999968573551076
0,0,0.0014185985762099232
1,1,0.9999581606124016
0,0,0.19481216597904608
1,1,0.9938104025037585
1,1,0.9999500176349352
0,0,0.0015042184627089988
0,0,0.001777939774756162
0,0,0.0034063588143916418
0,0,0.0013627413453021924
0,0,0.0012426718048197832
1,1,0.999960207010385
1,1,0.9997183018142998
1,1,0.9998766911381591
1,1,0.9996836650022756
1,1,0.9449741294039609
1,1,0.9994204283175794
0,0,0.0002119567933577514
0,0,0.006164007328783365
1,1,0.9800314077938378
0,0,0.0006187119630688822
1,1,0.9998961055129637
1,1,0.9999064485813585
0,0,0.013748952919912353
0,0,0.00783612117465013
1,0,0.4386065401244502
1,1,0.9999786881740871
0,0,0.0006693416884152707
0,0,0.0002886583171979889
0,0,0.0013122614444878754
0,0,0.0005905627416088695
1,1,0.9018750111566018
1,1,0.9671042377576996
0,0,0.0017250729837609696
0,0,0.02238104064845448
0,0,0.001212816510878078
0,1,0.921628613752648
0,0,0.0035080790449572596
1,1,0.9888876066190547
0,0,0.0034634420810110843
1,1,0.9999611728071361
1,1,0.9982694868497292
1,1,0.9999886352977073
1,1,0.8378712269458857
1,1,0.9999907773865045
0,0,0.0006121595825128347
0,0,0.08071206061752444
1,1,0.9999940065487822
0,0,0.0024996465304447046
1,1,0.9999448762474301
0,0,0.0009599514724554807
0,0,0.0018481910733895877
1,1,0.999619692646261
0,0,0.006048036492362318
0,0,0.0012628299592630772
1,1,0.9854210639424649
0,0,0.008117304745959696
1,1,0.9996929426902534
0,0,0.0013246367922694615
1,1,0.9449984063337323
1,1,0.9943884892234561
0,0,0.009381711383370196
1,1,0.9751325502819285
0,0,0.0017772242713582755
1,1,0.9957968812566548
0,0,0.0024444009102796917
0,0,0.00047383306196035894
1,1,0.9909713207991468
0,0,0.0011859945099852377
1,1,0.9999985345419165
0,0,0.0004744953526093939
1,1,0.9997593936828035
0,0,0.004167958027843947
0,0,0.00227684924388131
0,0,0.0013928208193776507
1,1,0.9376787131518247
0,0,0.0006693921512707797
0,0,9.198783872215873e-05
1,1,0.9999756101652935
0,0,0.023207866145835785
1,1,0.9987321952003142
0,0,0.0016459176581039448
1,1,0.9998335055057803
1,1,0.9996483994348564
1,1,0.9738359135654695
0,0,0.003364255050928388
1,1,0.9772475800380532
1,1,0.8272280365240942
0,0,0.0016106009832492591
0,0,0.0004351341150988723
1,1,0.9905753242146348
1,1,0.999968202224474
0,0,0.003646231101162108
1,1,0.8976884243071771
0,0,0.0007407855531736336
0,0,0.003295139379988747
1,1,0.999292910588435
1,1,0.9501579497680879
0,1,0.9364122548058781
0,0,0.011557670135870867
1,1,0.9998315795532883
1,1,0.9960611177606488
0,0,0.0008360759750343169
1,1,0.9998967314917101
1,1,0.7922765792921131
0,0,0.27866445016224484
1,1,0.9999441174885626
1,1,0.9993787439078567
0,0,0.0018148036088088697
1,1,0.9999636029979794
0,0,0.49259356817551864
0,0,0.001990139022083013
1,1,0.9999826525411211
1,1,0.9939115352618307
1,1,0.999585894937466
1,0,0.32479315622792204
1,1,0.999073741725142
1,1,0.9999541801013904
0,0,0.00232724315731092
1,1,0.8265042104493326
0,0,0.0013400098813669099
1,1,0.6119190988234117
0,0,0.002420534323323847
1,1,0.9939282679761987
0,0,0.007563949281196902
0,0,0.001172135176434993
0,0,0.0001832768817247994
1,1,0.9993886020535201
1,1,0.999726948595328
0,0,0.0009807182655822806
1,1,0.9999612133232617
1,1,0.9999791303420985
0,0,0.0034770205301603123
0,0,0.0013012738424260338
1,1,0.9808335372646294
1,1,0.9995844986038162
0,0,0.0005411558287008934
0,0,0.0016179203869475345
1,1,0.9947702076592693
1,1,0.9999466807806067
1,1,0.9787895238886991
1,1,0.9967956323952114
0,0,9.876433679890375e-05
1,1,0.999970209776353
1,1,0.9998708717051694
0,0,0.0019528561879135456
0,0,0.007647662149538524
0,0,0.001685838748328658
0,0,0.37186445969936477
1,1,0.9999945366357449
0,0,0.0007681966398709464
0,0,0.0022923414186626486
1,1,0.9999175330975342
1,1,0.9993610448922071
0,0,0.00010733210725743078
1,1,0.9991161440474393
0,0,0.0031942330700483663
0,0,0.21278296395312352
0,0,0.06725272745366395
1,1,0.9189894738004251
0,0,0.0009596964220281662
0,0,0.016393989776922708
1,1,0.9983972662234821
1,1,0.9132591414096647
0,0,0.0011588885806692688
1,1,0.9999275772018199
1,1,0.8868311669297344
0,0,0.0038955896297256615
0,0,0.0010762412180637519
1,1,0.9932098854585124
1,1,0.9473749157824422
1,1,0.9998123410304602
1,1,0.9999817011574138
1,1,0.9854211555072274
1,1,0.8882285933439438
0,0,0.0021207540380233586
1,1,0.9985463447539803
0,0,0.0006776722554849361
0,0,0.002916451545052613
1,1,0.9998001037495234
1,1,0.8563216037474466
1,1,0.9998000569610359
0,0,0.008053571590253614
0,1,0.8878765777765424
0,0,0.00033228171576830983
0,0,0.005235908863792595
1,1,0.9999932484919684
1,1,0.9982966966571901
1,1,0.9976480713734314
1,1,0.9999000581890333
1,1,0.988705126791706
0,0,0.0033869449420749617
1,1,0.5014285742230431
1,1,0.9996480722861492
1,1,0.9999681311537754
1,1,0.9218842508784323
1,1,0.9971992358498108
0,0,0.25181352108520044
1,1,0.9998206918478753
0,0,0.03222324122683189
1,1,0.9996509880633843
1,1,0.9999283973197913
0,0,0.1481958220560342
0,0,0.001302614208619777
0,1,0.8764801642711433
1,1,0.9998885737113802
1,1,0.6715333694133965
0,0,0.002124906490012099
0,0,7.880440854300808e-05
0,0,0.008264062252377649
0,0,0.0004775523706292821
0,0,0.006498096448640169
0,0,0.0007310976966427499
0,0,0.0014771518287550471
1,1,0.9969377528967489
1,1,0.9998011389917324
1,1,0.9998487859717972
1,1,0.9999962680158145
0,0,0.0008171695487978436
0,0,0.00020440985499519773
1,1,0.9946743987424713
1,1,0.9999866483392541
1,1,0.9994138954775178
1,1,0.9985318656526403
0,0,0.0018671205039852967
1,1,0.9999217355016755
0,0,0.003482943565822673
1,1,0.9997878066241461
1,1,0.9999981905612907
1,1,0.9996892064737366
1,1,0.9999681599419786
0,0,0.0005250032893608191
1,1,0.9991377713725551
1,1,0.9999481323172831
0,0,0.0017009303733175477
1,1,0.6187163203747688
1,1,0.9999266997939514
1,1,0.9998815708671019
1,1,0.8942572528815608
1,1,0.9992958249081864
1,1,0.9999984625132008
1,1,0.9956081949713059
1,1,0.9999600596401489
1,0,0.004241043928170611
0,0,0.001995200944517739
1,1,0.9921119711375854
1,1,0.9923576387586565
1,1,0.9986698725050632
0,0,0.0003436053262877358
1,1,0.9999681742688152
0,0,0.0013282300334277971
0,0,6.963177934978668e-05
1,1,0.9990796873099583
1,1,0.999590394899599
1,1,0.9999658210048706
0,1,0.9680609105943471
1,1,0.9999885102371024
0,0,0.00011780090864823144
0,0,0.0006597365914461181
1,1,0.9999816595821707
0,0,0.00018832831111864672
0,0,0.0015437596815859767
0,0,0.0011371289443412064
0,0,0.002175663812192896
1,1,0.9756278190968967
0,0,0.003664644160191058
1,1,0.9941804616767752
1,1,0.9947407364169344
1,1,0.9066558838316606
0,0,8.111514723597139e-05
0,0,0.00726447412260667
1,1,0.9994180912546412
1,1,0.9999963915085591
1,1,0.9964946210945512
0,0,0.005434959238169399
0,0,0.0006794106259523147
1,1,0.9997635215395526
1,1,0.9985553921677732
0,0,0.0018464615500243763
0,0,0.0015627756542595146
0,0,0.003872924560394582
0,0,0.0019887312880153
1,1,0.9988054599644323
0,0,0.12703542984098518
0,0,0.037092097863550166
0,0,0.0022205078753390517
1,1,0.9998315655757899
1,1,0.9999317658858147
1,1,0.9869777632711195
0,0,0.0025031700790506743
1,1,0.8896376899508175
1,1,0.9996783228985696
0,0,0.0012572914220080245
1,1,0.9999982281048215
0,0,0.0013688503626292376
1,1,0.9999518390794303
1,1,0.9993802235261761
0,0,0.004324778849086061
1,1,0.9994670352303074
1,1,0.9631855842812042
1,1,0.9997538421395739
1,1,0.9999877012815097
0,1,0.9129331964373307
0,0,0.001111375418204608
1,1,0.9998717871737136
1,1,0.8639310907876996
1,1,0.8739066407636236
1,1,0.5991044424751581
1,1,0.9998482275573051
1,1,0.9999347728009721
1,1,0.9998924591619571
1,1,0.9999590150912911
0,0,0.004970086942428045
0,0,0.0073235407424941815
1,1,0.994674334610316
1,1,0.999761920344793
1,1,0.9999946943992174
1,1,0.9999044169412168
0,0,0.056447578917363135
1,1,0.9998964771386398
1,1,0.9999551692020529
0,0,0.0006260857537570151
1,1,0.8718994188173498
1,1,0.6841767420271271
1,1,0.9890299575148959
0,0,0.0018902881766762285
1,1,0.7148205723209943
0,0,0.0009555291158348338
0,0,0.0011525666786076842
1,1,0.9999476020371274
0,0,0.007000640461515065
0,0,0.0013272987536857895
0,0,0.0012517553914997862
0,1,0.9210350290620665
0,0,0.0005492804861996066
0,0,0.0007407849742488444
1,1,0.9997303697815996
1,1,0.9999924118047231
1,1,0.9999763559222486
0,0,0.0012138353610743051
1,1,0.9282724090881849
0,0,0.0010906031694553865
0,0,4.1610472614373645e-05
0,0,0.00295139211986553
0,0,0.14472724983597351
0,0,0.0016979122462006876
0,0,0.0027580555365188577
0,0,0.009015531109878063
0,0,0.00018327776940395564
1,0,0.2562537130943585
1,1,0.9999957441833006
1,1,0.9979241339725045
1,1,0.9984658836458334
1,1,0.9966293798920918
0,0,8.561831724833129e-05
1,1,0.9976512730836399
0,0,0.0026288801447990084
0,0,0.0004318219904424322
1,1,0.9995859498332592
0,0,0.0018214773647110822
1,1,0.9367713269627826
0,0,0.003913026505120086
0,0,0.0025866692641151492
0,0,0.0008708558014903751
0,0,0.001505900491881922
1,1,0.9904299316519439
1,1,0.9999626950694626
1,1,0.999353116284093
0,0,0.00011924925249029614
0,0,0.19744571163458094
0,0,0.41085110813829256
0,0,0.006595829052976265
0,0,0.00014214832881515136
1,1,0.9999067457868073
1,1,0.999292468543406
0,0,7.880803045988823e-05
0,0,0.007665537343440388
0,0,0.001078265468581015
0,0,0.02049339016510314
1,1,0.999962500929655
0,0,0.0026904538281450332
1,1,0.9999710142437944
1,1,0.9979266993540502
1,1,0.9997588400630313
1,1,0.7576027813682228
0,1,0.5652926467081041
0,0,0.0012940290962224449
0,0,0.30333646642880163
1,1,0.9990297028528266
1,1,0.9999343229642422
1,1,0.9947844641145133
0,0,0.01004835684124997
1,1,0.9536628324470333
0,0,0.003994106488627453
0,0,0.3019531297521523
0,0,0.007797370382047965
1,1,0.9995058088968337
0,0,8.440031752460981e-05
0,0,0.0006280031284878583
1,1,0.9999631329057739
0,0,0.00018717324350917984
0,0,0.00010487408494612701
0,0,0.0026474424053605223
0,0,0.0012671706238693286
0,0,0.001210127208579579
0,0,0.001201924652937057
0,0,0.0037352822969354245
0,0,0.017584219269074098
1,1,0.9998789903337522
1,1,0.9999872902923087
0,0,0.0075032422809173825
0,0,0.0012580045952090737
0,0,0.0014756481037959475
0,0,0.17709162891971103
1,1,0.9999982279939622
0,0,0.001726770868830357
0,0,0.00015273319449710302
1,1,0.9997635251214994
1,1,0.9999482893733973
1,1,0.9998112658749556
0,0,0.0036056684072082244
0,0,0.014154435590967619
1,1,0.9979356277261431
0,0,0.0019227813801580376
1,1,0.9994702651788819
1,1,0.9997758251876663
1,1,0.9965323213643529
1,1,0.9716217255874439
0,1,0.8782432417015209
0,0,6.96314824073468e-05
1,1,0.9945924817006186
0,0,0.0033892089016587562
1,1,0.9999866510966681
1,1,0.9999946416860337
0,0,0.0015887446842759037
0,0,0.000586736133100049
1,1,0.9993539983873888
0,0,0.0006297186263449932
0,0,0.07932760434575502
1,1,0.9524943457176211
0,0,0.0003663249209222449
1,1,0.9876967822374557
0,0,0.3356821103391026
0,0,0.0003983082350978141
0,0,0.0004478033753239605
0,0,0.0007292576267450922
1,1,0.9969377824898763
0,0,0.0014250235709812372
0,0,0.006239365959444202
1,1,0.9981677720069907
0,0,0.009491591572995645
1,1,0.963185307295999
1,1,0.9999713940502607
0,0,0.00025237003642411944
0,0,0.005602299741983111
1,1,0.9968413032751218
0,0,0.0024769100597812235
0,0,0.001844269532420355
1,1,0.998340127882013
1,1,0.9968634263322879
1,1,0.9993905782047948
1,1,0.999687202157005
0,0,0.00010679447461413922
0,0,4.284294491431428e-05
0,0,0.0020034733675537513
1,1,0.999947173697317
0,0,0.00023782474601256493
1,1,0.9999285886476444
1,1,0.9821028030311802
0,0,0.00043691370989107597
1,1,0.9995662365864985
0,0,0.001991942579377877
1,1,0.9955353872228976
0,0,0.007043030613432203
0,0,0.09402978005424548
0,0,0.0017100020957350802
0,0,0.008307331253526224
0,0,0.0010093332737889636
1,1,0.9999334051401783
0,0,0.00030297040146524403
0,0,0.0008974557998859225
1,1,0.9999730616176696
1,1,0.9792304211826656
0,0,0.050708442240446926
0,0,0.0015554094887530099
0,0,0.0026164819367969056
1,1,0.8915435514591263
1,1,0.9999854101270291
1,1,0.9989405899308169
1,1,0.9849715633915118
0,0,0.00026850025528314333
0,0,7.140039845361286e-05
0,0,0.0012255638372991153
1,1,0.9574823850462256
0,0,0.0002808330926543229
0,0,6.03304762001102e-05
0,0,0.001662559968782521
1,1,0.9999757167961121
0,0,0.19077067012564158
0,0,0.003225408599164669
0,0,5.985761252642445e-05
0,0,0.008533271820308736
1,1,0.9871023233719215
1,1,0.9992309125443793
1,1,0.9990522924213447
0,0,0.03756651854593541
0,0,0.0002457025084620225
0,0,0.00014537397693709632
1,1,0.9897471068582205
1,1,0.9954827140800785
1,1,0.9997039155459071
1,1,0.9990574879036346
1,1,0.8705490603077222
0,0,0.002880788215112195
0,0,0.0010622114505295817
0,0,0.0004497727171706156
0,0,0.0022918489623756444
0,0,0.25128036554675975
1,1,0.9359061982634105
0,0,0.005793048561812854
1,1,0.9056535183945662
0,0,0.013624831210796806
1,1,0.9987687216713325
0,0,0.0016628233548588473
1,1,0.9999849751923083
1,1,0.999807599434459
1,1,0.8963243030479336
0,0,0.000476779454848236
0,0,0.0015627401331787668
0,0,0.0005986847376543364
1,1,0.7597813785154987
1,1,0.9998342446786865
1,1,0.5233334118664794
1,1,0.9996683847258709
0,0,0.0014245468274820337
0,0,0.0015341170973602353
0,0,0.0006780152453274656
0,0,9.507280432197716e-05
0,0,0.014510628152465564
0,0,0.0011350932912964947
0,0,0.000404628230750609
1,1,0.9386282848445017
0,0,0.018728109549341624
0,0,0.00040719727850947415
0,0,0.014820974569467776
0,0,0.002370443202165481
0,0,0.066005722008298
1,1,0.9662398491489288
0,0,0.0016050486231331067
0,0,0.0007063359540102944
1,1,0.9458370398267408
1,1,0.9999877011982474
1,1,0.9997761961114163
0,0,0.15962395009767247
0,0,0.005603705585956987
1,1,0.9999624400373402
0,0,0.001528037663879578
0,0,0.33487012388428217
0,0,0.021600085199629793
0,0,0.002014082962960561
1,1,0.9999972369606266
1,1,0.9999979999115349
0,0,0.0014801428553951363
0,0,0.005659502548570843
1,1,0.8999085191941251
1,1,0.9960938510133115
1,1,0.9249709024395502
0,0,0.012094259226941061
1,1,0.9995123651537113
1,1,0.9999485049989109
1,1,0.9983385098092209
0,0,0.0018077911223662907
1,1,0.9999100862662249
0,0,0.0016792415766164973
1,1,0.9852804435427843
0,0,0.02076040295610787
1,1,0.9911790052064595
1,1,0.9999816758822659
0,0,0.04427910775832778
0,0,0.002246852210294789
1,1,0.9968411021145038
0,0,0.0003590307438383587
0,0,0.0066406114701943065
1,1,0.9960495755146036
1,0,0.47691379881561446
0,0,0.0011519186384239433
1,1,0.9998905514401106
1,1,0.8975440429099985
1,1,0.9992504842467785
0,0,0.00020033594008515352
1,1,0.9999278047211211
1,1,0.9974447423180318
0,0,0.0012090216430220215
0,0,0.002147849271170338
1,1,0.9631851945392462
0,0,0.0012619216572559249
0,0,7.357071952154037e-05
0,1,0.5680422809995448
0,0,0.0014618798823446944
1,1,0.9999785881364815
0,0,0.0006002882722985275
0,0,0.0021899849791615967
1,1,0.9899625198956353
1,1,0.9999845112109609
1,1,0.9994702770431604
0,0,0.00015436281712342013
0,0,0.0010866260301929523
0,0,0.17852267550940787
1,1,0.9998784024470464
1,1,0.9999888239848838
1,1,0.9940677228979097
0,0,0.00011780143467701487
1,1,0.9999180391953574
1,1,0.9958721739184019
0,1,0.8400959616841482
0,0,0.002523909985973211
1,1,0.8853226444587776
0,0,0.11879224549965511
0,0,0.002002371327074201
1,1,0.9998574093797807
1,1,0.9998899906759134
0,0,0.0024568631621036115
0,0,0.0027114500275179135
1,1,0.9997651379507078
1,1,0.9994251172075509
0,0,0.0005264338507084097
0,0,0.0037950484574637397
1,1,0.9363526095742715
1,1,0.9999154430375062
1,1,0.9524325350742668
1,1,0.9999981968049055
1,1,0.999182262257808
1,1,0.9995861634154648
0,0,0.10057994113766837
1,1,0.9999780252698623
1,1,0.9998044359418555
0,0,0.0013111256540637088
1,1,0.9997312389744906
1,1,0.9539604845664126
0,0,0.0012453911682697011
1,1,0.9997076876627619
1,1,0.9999710992197227
0,0,0.003358192587069188
0,0,0.002964316450947815
0,0,0.2813602072520411
0,0,0.0007063290996467909
1,1,0.9967956802589581
1,1,0.9765793535380525
1,1,0.9833187421004445
1,1,0.9999866165173155
1,1,0.9998769239959362
0,0,0.001008016995752605
1,1,0.9999486295347906
1,1,0.9999122109743497
1,1,0.9923994349386356
0,0,0.005103273022660972
0,0,0.0019539372116928193
1,1,0.9448058454504968
0,0,0.0014018375135558027
1,0,0.23079842398053813
0,0,0.001285473597460148
0,1,0.6093185931112781
0,0,0.0016943955330998475
0,0,0.0008509306811333855
1,1,0.9997244381242562
0,0,0.0035703674848816375
0,1,0.9854211058910267
1,1,0.999895177226706
0,0,0.0012937104218695382
1,1,0.9991400399161384
0,0,0.0017047641145174865
1,1,0.9996976392428394
0,0,0.00871169022191781
1,0,0.02995883449428137
1,1,0.9997799215837839
1,1,0.9998276010467053
1,1,0.9880770237897859
0,0,0.0011777708506536203
0,0,0.001916381706727965
0,0,0.0011836496079171857
0,0,0.0015470174273891754
0,0,0.012662589644197217
1,1,0.9998436041513143
1,1,0.7446872871110111
0,0,0.01775262699561306
1,1,0.9997756964623322
0,0,0.0017832710387733924
0,0,0.0002840215050148405
0,0,0.0009183169786155775
0,0,0.0024755686185189726
1,1,0.9993467802671421
1,0,0.1026841192009434
0,0,8.936331209557957e-05
0,0,0.020922962792836806
1,1,0.9997762058478009
0,0,0.005980061173259112
0,0,0.0013165903727322468
0,0,0.008307319085357848
1,1,0.9999907228402067
1,1,0.999749499451444
1,1,0.999799185758642
0,0,0.0007831795863510728
0,0,7.940042111594098e-05
0,0,0.0005137699497516018
1,1,0.9981196903310581
1,0,0.46229404043692
1,1,0.9982780732870369
0,0,0.0019729636925503525
1,1,0.9806450221924733
0,0,0.002132070476802118
1,1,0.9999550496766408
0,0,0.001427657586098112
0,0,0.0016966410819124708
1,1,0.9506276110948726
0,0,0.0005117579394612736
0,0,0.03887306571606709
1,1,0.9868474004248042
0,0,0.00012585740669828225
0,0,0.00167588153072791
1,1,0.777458804484502
1,1,0.7132864431929475
0,0,0.0014358060162674667
0,0,0.013485803421082526
0,0,0.0014586128991189303
1,1,0.9993043645700534
1,1,0.9998900588113558
0,0,0.25844494965013237
0,0,0.00011419907950491411
0,0,0.0030433260055285523
1,1,0.9765881283318564
0,0,0.00017613953778681079
1,1,0.9919003013181898
1,1,0.999333907805744
0,0,0.0001262686470842169
0,0,0.0032086728897813563
0,0,0.0036644960178055645
0,0,0.0005014593561521495
1,1,0.9999877732252686
1,1,0.9577090604924032
1,1,0.9999971512900919
1,1,0.9999109403844667
0,0,0.0006727391296723539
1,1,0.9999482891672928
0,0,0.0021185003910969636
0,0,0.005260842586945408
0,0,0.007633129955047003
1,1,0.9994286902254905
1,1,0.9997597576831311
1,1,0.9999664958785613
0,0,0.000974466786955564
0,0,0.00142012404707951
1,1,0.9700468111357734
0,0,0.0008225472956354769
0,0,0.0013993131557802473
0,0,0.0019527109494585414
1,1,0.9745256456617527
1,1,0.983404368192271
0,0,0.0018762592163751764
1,1,0.9866457452731708
1,1,0.9999579152756162
0,0,0.003980660493051441
1,1,0.9295683184958939
0,0,0.005597331454176467
1,1,0.9997637083497424
1,1,0.9898128396978082
1,1,0.9760645801586806
1,1,0.9999967479511856
0,1,0.7019705703696526
1,1,0.9999275867945925
1,1,0.9413353170755935
1,1,0.9996039968438144
0,0,0.001408312017642554
1,1,0.9998510519989979
0,0,0.0011777549825431899
0,0,0.0012801065841920132
0,0,0.0047448286600646535
0,0,0.00020438752747130035
0,0,0.00033798144052032817
1,1,0.9716172204671487
0,0,0.00029722452404870223
0,0,0.0014315953102760181
1,1,0.9999726340592603
1,1,0.9654281439742122
1,1,0.9991707332693984
0,0,0.007659384990773309
1,1,0.9994962151415661
0,0,0.0008485686127136541
1,1,0.9366927642950755
0,0,0.10696224983923001
1,1,0.99992075491744
0,0,0.0010470712315586532
0,0,0.0014620175210256427
1,1,0.9999432042662371
0,1,0.7715449437441286
1,1,0.9997244385473585
1,1,0.9986143462782563
1,1,0.9999530671498768
0,0,0.001555672235950253
1,0,0.15751140303116493
0,0,0.00035338764831072903
0,0,0.001464315378066044
0,0,0.0012122506118605754
0,0,0.00010071578752337495
1,1,0.9982272671827969
0,0,0.0023087558458747236
0,0,0.015970381827644733
0,0,0.0012696069297060146
0,0,7.580938461952651e-05
0,0,0.0012341503410365526
1,1,0.9998864712631228
0,0,0.00300338309242907
0,0,0.018694721604601904
0,0,0.20046929133388547
0,0,0.00011151169036235016
0,0,0.0029253657344651893
1,1,0.9992013217953382
1,1,0.9996879693310494
0,0,0.1017571467190942
1,1,0.7945179637906449
1,1,0.9993550262737112
1,1,0.9859806904480674
1,1,0.99626781029156
0,0,0.0011581994244111026
0,0,0.001328161121743263
0,0,0.0008179318397784357
0,0,0.00040596276409631156
0,0,0.0016614187568319517
1,1,0.9785659236379555
1,1,0.999852583737588
1,1,0.9999248837294383
1,1,0.9967231577087309
1,1,0.9742192216596085
0,0,0.00011696552601623193
0,0,0.010472977050324503
1,1,0.999943863941317
0,0,0.04328750864193031
1,1,0.9967955610505573
1,1,0.9998381226941184
0,0,0.002082085892013197
1,1,0.9998744877734044
1,1,0.9921659531887289
1,1,0.9732883643020628
0,0,0.00283165559896985
1,1,0.9994251155303226
1,1,0.9998271128604068
0,0,0.003638659797415766
0,0,0.00047448624157464634
1,1,0.9999852063441262
1,1,0.9993043624029634
1,1,0.9997640853902436
1,1,0.9651781017468932
1,1,0.9963948358881881
0,0,0.01903131292319296
1,1,0.958283318085669
1,1,0.9994298481781305
0,0,0.015583780492019304
0,0,0.010135725305052593
0,0,0.006941452046618146
0,0,0.016127323919374256
0,0,0.001212580701057918
1,1,0.9952073963955704
0,0,0.0006213764512294446
0,0,0.0001774515570149825
0,0,0.00015952534559082212
1,1,0.9887104364502627
0,0,0.0014687161436032368
1,1,0.9998629905142616
0,0,0.00042720894397101685
0,0,0.003769344406684303
0,0,0.0015913554319842108
1,1,0.9972076355561065
0,0,5.144713267884431e-05
0,0,0.020544793588476464
0,1,0.7148643189173663
0,0,0.0006649426177427108
0,0,0.003049143119176691
0,0,0.001509543073217427
1,1,0.9998347160577932
1,1,0.9997357220257614
0,0,0.001099196331476189
1,1,0.9997832557228203
1,1,0.91975269386648
0,0,0.05572921186826871
0,0,0.0001421323590040788
1,1,0.9859545948647278
1,1,0.9674795474663943
1,1,0.998167772050817
0,0,0.004943645698885065
0,0,0.00030779066643073634
0,0,0.04558844638695195
1,1,0.9999987901916058
0,0,0.019718373192407792
1,1,0.9999666644948363
1,1,0.9999833085936368
0,0,0.002295962220001848
1,1,0.9621154979280113
0,0,0.03805819121292721
0,0,0.0011765695453672433
0,0,0.001514928027234701
1,1,0.9994983608155978
0,0,0.00010410036436592324
1,1,0.9645681098808169
1,1,0.9686212907483239
0,0,0.002417365546891619
1,1,0.8846539353948949
1,1,0.8794187594242422
0,0,0.005030654872094664
0,0,0.0027032701883543263
1,1,0.9994356923374415
0,0,0.0022324530540935895
0,0,0.001629085634642047
1,1,0.9707059091240378
0,0,0.0028709147718643815
0,0,0.0004769436105211985
0,0,0.00014855524263986637
1,1,0.9998735132458535
1,1,0.9777990079279865
0,0,0.17947477251420965
1,1,0.9587952594874404
0,0,0.005094663303943633
0,0,0.00019851192911830712
0,0,0.0029803720325179777
1,1,0.7124065589182336
1,1,0.9996597805329457
0,0,0.0006162330084944862
1,1,0.9948763057728434
0,0,0.0012275929009463369
0,0,0.004465189309333228
0,0,0.002418366039935371
0,0,0.0019479180405030298
0,0,0.004589390694647529
0,1,0.8886293246816418
1,1,0.9985231196875041
0,0,0.00848697241062976
1,1,0.9998582071384952
1,1,0.9983147402367032
1,1,0.9507662249552006
1,1,0.9371832549155181
1,1,0.9997357102064087
1,1,0.9999758827727836
0,0,0.003378323802219083
1,1,0.874637724343634
1,1,0.985719360191608
0,0,0.07919439356974911
0,0,0.0016906528273811512
1,1,0.9997858337109321
1,1,0.7408630588557181
1,1,0.9999364221146493
1,1,0.8867761062337393
0,0,0.004140174446937696
1,1,0.9999913692776528
0,0,0.0016247873163199756
1,1,0.9999831523647393
0,0,0.0035959750302796702
1,1,0.9998883250518396
1,1,0.9998395254944815
1,1,0.9485688776144333
0,0,0.2208188853387539
1,1,0.9984733683370252
1,1,0.9957244886609677
1,1,0.9996966512233312
1,1,0.9999061536954101
1,1,0.9889808365027245
1,1,0.9999900895509127
1,1,0.9999338858161309
0,0,0.07028187044908217
0,0,0.0003409475623484463
0,0,0.002105463433069311
0,0,0.0012122719801483878
0,0,0.0013184754449839207
1,1,0.7199717182600883
1,1,0.9998241704697458
1,1,0.9907337922290811
0,0,0.0016850964029821618
0,0,0.005324874759664315
1,1,0.9954104036815637
0,0,0.012374914496196113
1,0,0.49842752733510043
0,0,0.0015901128439712211
1,1,0.9732138081113898
0,0,0.0001344486267487222
1,1,0.9999174639295558
1,1,0.9991377919063915
1,1,0.9993787870872555
1,1,0.9999144981682697
0,0,7.608533301575497e-05
1,1,0.9999774355894452
0,0,0.007177553665070442
0,0,0.0015232470702092069
0,0,0.03193344097499719
0,0,0.005404770696029793
0,0,0.0007444582070672751
0,0,0.00710219633101535
0,0,0.1816696331724526
1,1,0.9996529559485894
1,1,0.9968633999395452
0,0,2.6708597524771403e-06
0,0,0.0015455114935706213
0,0,0.0014482209130285662
0,0,0.0033899600927138457
1,1,0.999918032490311
1,1,0.9996152800774705
1,1,0.9946566917225966
1,1,0.9999379441844157
0,0,0.007191325076573478
0,0,0.01512785178604292
0,0,0.0016847147269791244
0,0,0.0030905850876965673
1,1,0.9525744865252312
1,1,0.999769349257688
1,1,0.9410582171423449
1,0,0.1305896942423143
1,1,0.9710639078213761
0,0,0.0018916505938886023
1,1,0.999997455965999
0,0,0.001802031207129766
0,0,0.0021681790724846265
1,1,0.9999896276910252
1,1,0.9999893144391494
1,1,0.9998707491279566
1,1,0.9997185085765544
1,1,0.9988000544996717
0,0,0.036515742985806204
0,0,0.0004033018129497212
0,0,0.006599390873593022
0,0,0.018376372515596033
0,0,0.0014979201434387804
0,0,0.028578898754055115
1,1,0.999301812552012
0,0,0.002236207616882923
1,1,0.9998607238048997
1,1,0.9999430419202193
1,1,0.9999684498746527
1,1,0.9996572703626239
0,0,0.018346369733463607
0,0,0.0018155276167149592
0,0,0.00015096756577247225
0,0,0.033688616816588746
1,1,0.9999858836499937
0,0,0.00017248689995271908
1,1,0.9803575246893849
0,0,0.0013391365761249241
0,0,7.082768027212196e-05
1,1,0.9820438636133086
1,1,0.9915283540099069
1,1,0.9998467825265621
0,0,0.008809297869748186
1,1,0.9994298511288512
0,0,0.1280672294252145
1,1,0.9931094384105895
0,1,0.8747733116061099
1,1,0.9547616010847294
1,1,0.9999843140620428
0,0,7.008771189563845e-05
0,0,0.00396338122559786
0,0,0.0005644432726615344
1,0,0.017099966601656358
1,1,0.999827999735382
1,1,0.8865709098201493
1,1,0.9998441688024083
1,1,0.9988221327070282
1,1,0.9997310926296107
0,0,0.0014477707894710108
1,1,0.9998716267198203
0,0,0.003094200002221688
0,0,0.001601989746120858
1,1,0.99986885492902
1,1,0.999986962526339
1,0,0.06315015016895988
0,0,0.0013345342175548193
1,1,0.936172024423811
0,0,6.573022362246588e-05
0,0,0.12137464673987336
1,1,0.9998487878452402
1,1,0.942268319055099
1,1,0.9988405586990928
0,0,0.00701277424480746
0,0,0.0018465657905108518
1,1,0.9997844820080568
0,0,0.008091096307767921
0,0,0.0010242247275613265
0,0,0.0006818739129631937
1,1,0.9995445154691948
0,0,0.008608530415864554
0,0,0.0024992801681923953
1,1,0.9999394892219596
1,1,0.9211893467465512
0,0,0.00031318126885695514
0,0,0.0017755336502474843
1,1,0.9999211376790046
1,1,0.9999827954215695
1,1,0.9936241782615006
1,1,0.9991132793680528
0,0,0.0013704155775744054
1,1,0.8916974202176748
0,0,0.1810346367581765
0,0,0.006235791826652012
1,1,0.9999243046038726
0,0,0.0013246018964997467
0,0,0.001350900632826804
0,0,0.018539666077216913
0,0,0.050281782530053346
1,1,0.9981637428463822
1,1,0.7490607778574879
0,0,0.00098002693011569
0,0,0.002394665269189015
0,0,0.0025260041750566078
1,1,0.9999720940090967
1,1,0.9998860377345622
0,0,0.0016783377228975756
1,1,0.9656429028310382
0,0,0.001339901350615716
1,1,0.9790125011564533
1,1,0.9998707012069405
0,0,0.001237343872240819
0,1,0.9672100114730501
0,0,0.0018843314363546468
1,1,0.9999213552237822
1,1,0.9998499614408686
0,0,0.0017987614873276282
0,0,7.201163265321794e-05
1,1,0.877252790127908
1,1,0.9999719513510089
0,0,0.02958485352318434
1,1,0.9998730314917802
0,0,0.00864653443328508
1,1,0.9999936825872019
1,1,0.9355667076546685
1,1,0.9998859215276307
0,0,3.80683445651305e-05
0,0,0.0014385495026085877
1,1,0.9999737567956916
1,1,0.9706126870722535
0,0,0.0014945714973791764
1,1,0.68585247427666
0,0,0.001746386288821492
0,1,0.9605901468241004
0,0,0.0320378237593757
0,0,0.002586142014275027
1,1,0.9991627923032795
0,0,0.001982192304848706
1,1,0.9992808904634021
0,0,4.284482354944238e-05
1,1,0.9999731402228463
1,1,0.9999399659428412
0,0,0.0011485340240977339
1,1,0.9993444834589328
1,1,0.9963948465256749
1,1,0.9999119052337981
1,1,0.9999981044139107
0,0,0.015746761336083964
1,1,0.9998266963713198
1,1,0.9996154256353912
1,1,0.9994138274235397
0,0,0.14449782571613215
0,0,0.003927706507009371
0,0,0.0034167481607039296
0,0,0.040129706109038314
0,0,0.0026512598514032933
0,0,0.0018341699083306905
0,0,0.001418993282649153
0,0,0.03639211220748914
0,0,0.003481214859879575
1,1,0.6352730090233348
1,1,0.9998882886618295
0,0,0.005657038337154655
0,0,0.06394204159095243
1,1,0.9999922239285391
1,1,0.9999721215592385
1,1,0.8347790081487234
0,0,0.0011081334269825132
0,0,0.0006263645655386205
0,0,0.008795873199065486
0,0,0.014430456811856006
1,1,0.9898643755968303
1,1,0.9867387674294271
0,0,0.040130204087146175
0,0,6.723136490744385e-06
1,1,0.9902459235595226
1,1,0.993358184053268
1,1,0.9999850303763622
0,0,0.05683930597464762
1,1,0.999753806395565
1,1,0.9995014305352087
0,0,0.0037042228051238357
1,1,0.8024595793642126
0,0,0.00010374907488981784
1,1,0.9999467419059567
0,0,0.0009736167489261644
0,0,0.002653243954915865
1,1,0.999989758281403
1,1,0.9990457429609726
0,0,0.002636038053287362
1,1,0.9998610662868624
0,0,0.009316376406817975
0,0,0.002178343704492267
0,0,0.003064008079222072
1,1,0.9999718120159349
1,1,0.9982789029640162
0,0,0.0008289505439576757
0,0,0.002264519923103734
1,1,0.9999546435058678
1,0,0.28438379314601847
0,0,0.0014758306078225911
0,0,0.00975650732070068
0,1,0.6333759325515932
1,1,0.9997328045971108
1,1,0.9840490044922543
1,1,0.9960612664223727
0,0,0.009511887812714535
1,1,0.9756799916704284
1,1,0.9993952088766893
1,1,0.9999750784978643
0,1,0.95701332702885
1,1,0.9085962486141742
0,0,0.013099649944050218
0,0,0.0006227139013471353
0,0,0.001533802789959914
0,0,0.007818404877580436
0,0,0.012094472068379348
1,1,0.9980753581388813
0,0,0.000699280806414946
1,1,0.9997243096020663
1,1,0.9441630308283722
1,1,0.8275854434483603
0,0,0.11401381920034372
0,0,0.0012865466441606525
0,0,0.00020462956507100977
0,0,6.846338594537853e-05
1,1,0.9105323772038209
0,0,0.0043218878253521165
1,1,0.9999996545327244
1,1,0.9900841220940381
1,1,0.9997813604184124
1,1,0.999900731614202
0,0,0.00021775486305892984
1,1,0.9997185666029883
0,0,0.0031753945852488062
1,1,0.9999913680914064
1,1,0.999937188001756
0,0,0.000833284403823603
1,1,0.9536614934086783
1,1,0.9999768689269928
1,1,0.9999902799699664
0,0,0.0008819315953595358
0,0,0.00017204621871478787
1,1,0.9997198222929924
0,0,0.002978933199385478
1,1,0.9993239592320157
0,0,0.0007635112934309263
0,0,0.0018446847086638547
0,0,0.0017348138714654074
0,0,0.003687565693320219
0,0,0.0008277771167498203
1,1,0.9998566466607034
0,0,0.007084660977599231
0,0,0.003277724362239036
1,1,0.9997762168141604
1,1,0.9758981064135523
0,0,0.0020274332590783125
0,0,0.0006391106557557117
0,0,0.1110715276525601
0,0,0.001973462264338299
0,0,0.0012777923217264472
1,1,0.982196272388734
0,0,0.028384813252337333
0,0,0.0019572248672243774
0,0,0.00441835405973195
1,1,0.9998083777223354
1,1,0.9997163119035346
1,1,0.9999468548108579
1,1,0.9999278054215276
1,1,0.999821878000738
1,1,0.9776139387850801
0,0,0.007821970001372773
0,0,0.0014685062308744002
0,0,0.06478657876855415
1,1,0.9985392752832223
1,1,0.9999847178307641
0,0,8.653284043657216e-05
1,1,0.9998823090280081
0,0,0.0016044648258160732
1,1,0.9997389337516946
0,0,0.008418453651280536
0,0,0.00259828046232243
1,1,0.9999420161310748
0,0,0.0020667436462960057
0,0,0.002815104775746936
1,1,0.9996414552051855
0,0,0.009469312186931523
0,0,0.0014140747431370744
1,1,0.8109674271208218
0,0,0.0028416208684695957
0,0,0.0028030089500200445
1,1,0.9998373184177928
0,0,0.012610266071591885
1,1,0.9999873039542132
1,1,0.9998230245117014
1,1,0.9999325183915576
0,0,0.0013658785739393137
0,0,0.025141941894790312
1,1,0.999552288744047
0,0,0.00301307439519193
1,1,0.9953902626814688
1,1,0.9967364782441099
1,1,0.9999956041717923
1,1,0.9997111377359262
0,0,0.014004332563782017
1,1,0.9769337991313328
1,1,0.8329488866287407
1,1,0.9999964782701368
0,0,0.0014489564098857867
0,0,8.6802130732337e-05
0,0,0.0009946346569105011
0,0,0.0004812853228699713
0,0,0.027841975145165485
1,1,0.9997573666631919
1,1,0.998972799433424
0,0,0.0001385818292476169
0,0,0.03480095700570873
1,1,0.9998504772506032
1,1,0.6688860120809549
1,1,0.9999243616964232
0,0,0.0018846164099654299
0,0,0.000708522626327811
1,1,0.9619476386407243
1,1,0.9999571470653478
1,1,0.9999855714442668
0,0,0.0029369686796528256
1,1,0.9905453005885747
1,1,0.9947844344672473
0,0,0.0001223910221229528
0,0,0.40607655668127146
1,1,0.9994291381204934
1,1,0.9999735226970632
0,0,0.0001716995503555578
0,0,0.004882963989088958
0,0,0.002579328122316725
0,0,0.0006770508531609788
0,0,0.0009377476909830744
1,1,0.9893048887412293
1,1,0.9831973307278159
0,1,0.521619655428044
0,0,0.0002674402744068302
1,1,0.9999482689884728
1,1,0.9999463714937392
1,1,0.9916532240698519
0,0,0.001382021408399938
1,1,0.9556326978011925
1,1,0.9570218949630223
0,0,0.008796082260219978
0,0,0.006267266599434206
0,0,0.0025878407225798927
1,1,0.9999753720419602
0,0,0.0019260527697993791
1,1,0.9998938134145543
1,1,0.9999394895924455
1,1,0.9896522238875701
1,1,0.999967965594055
0,0,0.0151422807371709
1,1,0.9854211286961388
1,1,0.9738451961376373
1,1,0.9998616414807457
1,1,0.9985971711460021
0,0,0.0010737360056263263
1,1,0.9205233466610288
0,0,0.0017247005596762225
0,0,0.004771736697545749
1,1,0.9765495379939637
0,0,0.0013059536515952828
1,1,0.9999906008084859
1,1,0.6923093033750902
1,1,0.9993043658926163
1,1,0.9999686839510181
0,0,0.0011324819418096098
1,1,0.9998538106690599
1,1,0.9998966508800754
0,0,0.0025878421358319042
1,1,0.9351757350155078
1,1,0.9998954424281585
0,0,0.00047669628271485893
0,0,0.0017733818244730563
1,1,0.9902774261786295
1,1,0.8884582512516231
0,0,0.00438666040261089
0,0,0.0020153174534333677
1,1,0.9946746204371679
0,0,0.00044916610602646216
1,1,0.9993527995333666
0,0,0.0014311883236951342
0,0,0.0012473210285315543
1,1,0.990685270081141
1,1,0.9122855496881178
1,1,0.9948364247211126
0,0,0.0021312764667671858
1,1,0.9999984663917937
1,1,0.9999715066529836
1,0,0.3049728161008327
0,0,0.00018915571570487827
1,1,0.9999773394815349
0,0,0.0011873875797334
0,0,0.00025628530787993176
0,0,0.020600859809181922
0,0,0.00010352822463359074
1,1,0.9833518237147328
1,1,0.9999423714478052
1,1,0.9314878814745463
0,0,0.01309808126995369
0,0,0.03405378790016005
1,1,0.9997980114164462
0,0,0.0021114779117073594
0,0,0.024355194451320228
1,1,0.9999717476299889
1,1,0.9593775880730148
0,0,0.09557774885776275
1,1,0.995169236875998
1,1,0.9994308823224698
1,1,0.9998804765012754
1,1,0.9997609536492088
0,0,0.01758198884295905
0,0,0.0022179635445243157
0,0,0.0023883100132704943
0,0,0.0018077445860093311
1,1,0.9996630797579037
0,0,0.0020151741549562724
1,1,0.9989774826275554
1,1,0.9862264948987364
1,1,0.9999211645473878
1,1,0.9993648788261238
1,1,0.999957809888239
1,1,0.999985456996808
1,1,0.9999221033283056
0,0,0.0001699215704786702
1,1,0.9950039926153125
1,1,0.9998769012640981
0,0,0.1255709524395275
0,0,0.008030345851986432
1,1,0.9844747664565376
1,1,0.9999866521704198
0,0,0.0016755346999825233
1,1,0.9999685869776355
0,0,0.0014620589130662008
0,0,0.02370615180818108
1,1,0.999922254692104
0,0,0.002635899236512142
0,0,0.0013204102985327722
1,1,0.976129565995545
0,0,0.012221643621547991
0,0,0.0996764872090748
1,1,0.9998540339834698
0,0,0.006101494169235414
0,0,7.053575972250428e-05
0,1,0.5846762486092368
0,0,0.003149850514922079
0,0,0.005139996550019336
1,1,0.9980553375260299
0,0,0.0014907041130040688
0,0,0.00014215757526635605
0,0,0.001053603338580938
1,1,0.9892710990456512
0,0,0.0005403398278930833
1,1,0.9967950613314986
1,1,0.9983147644265078
1,1,0.9997941625317955
0,0,0.000994937563000567
0,0,0.0027875538133052425
0,0,0.002598274366917995
0,0,9.506748389230673e-05
1,1,0.910098228327716
0,0,0.0008041679288053616
0,0,0.0021743437246983656
0,0,0.0013572207967859522
1,1,0.99990202213839
1,1,0.999873269968603
0,0,0.022092280385001734
1,1,0.9983023721178329
0,0,0.0019130153583456209
0,0,0.00018327335194197068
1,1,0.9998178068967063
1,1,0.9999993459339486
0,0,0.0020985781823825325
1,1,0.9999936960892111
0,0,0.060050054238092454
1,1,0.9369404328521016
1,1,0.9991197564693924
0,0,0.25633574258595804
0,0,0.0016847174007328467
1,1,0.9999986278191246
1,1,0.9996445129097609
1,1,0.9526024297498368
1,1,0.9987232395969106
0,0,0.018564148891061154
0,0,0.0005863374601803927
0,0,0.0015583654926640748
1,1,0.9999350199389933
0,0,0.0015264817058579514
0,0,0.0009101705722011429
0,0,0.001408536199557665
0,0,0.19596229016022668
1,1,0.999973573697395
0,0,0.0009196059553251962
0,0,0.04119552385264759
0,0,0.0010748352291322476
0,0,0.0041706380167109355
0,0,0.0011466686715299334
0,0,0.003980534838976878
0,0,0.0021247938146665077
1,1,0.9964916936436397
1,1,0.9999313939597568
1,1,0.9997524756862101
1,1,0.9820435678867946
0,0,0.013574867183417638
1,1,0.9792873456924366
0,0,0.0003895633585364491
1,1,0.5618158818500184
0,0,0.0014694617763411205
1,1,0.9442664307373552
1,1,0.9301417257490172
1,1,0.9896387069887977
0,0,0.003414317714478315
0,0,0.001365938212998436
0,0,0.0013267688716607992
1,1,0.9969371218442772
0,0,0.0012525580118834018
0,0,0.0014466087596640067
0,0,0.0022635713940132424
0,0,0.0044089834033784765
1,1,0.9489074627750529
1,1,0.99998248173135
1,1,0.9993894497814427
1,1,0.9999605569739416
0,0,0.0010998934157916234
0,0,0.025801431705259746
1,1,0.9797688354522326
0,0,0.002094819466774258
1,1,0.9885541379184369
0,0,0.00056639833884289
0,0,0.0013080205447971514
1,1,0.9992554615568107
0,0,0.001821295913829063
0,0,0.012609713275657049
0,0,0.002213538316693221
1,1,0.9967231309412284
0,0,0.005529096528224855
0,0,0.0013839141077016043
1,1,0.9999836379082249
1,1,0.9960658879127753
1,1,0.9897495986100978
1,1,0.9996570195237173
0,0,0.0023830292390758056
0,0,0.09277742070390697
0,0,0.001663064667996462
0,0,0.0029234441415367657
1,1,0.9794751690517381
0,0,0.0029234311365486407
0,0,5.73127792859254e-05
0,0,0.0018333093244034416
1,1,0.9998565267566751
0,0,0.03725297914272939
1,1,0.9992580163112007
0,0,0.0016340943700434603
1,1,0.9983993510387444
1,1,0.9998767595597412
0,0,0.036720860510557174
0,0,0.007032931979876363
1,1,0.9999393393324966
0,0,0.0005445304156560088
0,0,0.002120554649526959
1,1,0.9997498833851293
0,1,0.7018545906337231
0,0,0.00015952545712880677
0,0,0.000603629799318606
0,0,0.0008665926786405744
0,0,0.001351697663936487
0,1,0.8645554044529936
0,0,0.000117790963724857
0,0,0.0012070128764326358
1,1,0.9647844855493432
0,0,0.003429510109492193
1,1,0.896296753981888
1,1,0.9998315800687004
0,0,0.0010727390668134567
0,0,0.002342786640146267
1,1,0.9969346545240352
1,1,0.9999820114455732
0,0,0.0005673928144719149
0,0,9.488443279967519e-05
1,1,0.9997403717161158
1,1,0.9993407953962136
1,1,0.9997244385359557
1,1,0.9999966162476545
1,1,0.9999677801154472
0,0,0.0006939359506354878
1,1,0.9999804896762228
1,1,0.9999143679034564
0,0,0.013145559623365834
0,0,0.013573922916773354
1,1,0.9997760462471762
1,1,0.9975289342526958
1,1,0.9999337449984205
0,0,0.0024149923678984256
0,0,0.0013728532733388694
0,0,0.023847960631648926
0,0,0.0017086007062167385
1,1,0.9998185689811959
0,0,0.003107697244219538
0,0,0.0026569927384434405
1,1,0.9998705604591895
1,1,0.9423888758647353
0,0,0.00031833715171245426
1,1,0.9997967320984623
1,1,0.9834800599805801
0,0,0.0191939828742215
0,0,0.00040235513210969283
1,1,0.8624305340938401
0,0,0.0008788132233815471
1,1,0.9999893921306336
1,1,0.9987176847807525
1,1,0.9878724087364013
1,1,0.937055904666783
0,0,5.7049950992092355e-05
0,0,0.00041450094377631057
0,0,0.023038534712688418
0,0,0.007901654389877538
1,1,0.9996937886820041
0,0,0.004126712225912455
0,0,0.0035267605514999385
1,1,0.9450211606040929
1,1,0.9993177166877586
0,0,0.0006652384199819896
1,1,0.9999912657630884
1,1,0.9999003052341403
1,1,0.9446959216571444
1,1,0.9129359261656863
1,1,0.9834667372161279
1,1,0.9999904529851166
0,0,0.0007277163364305185
1,1,0.9997854463277825
0,0,0.0042860120045526955
1,1,0.9997797812469313
0,0,0.0005882877278906171
1,1,0.999902328699479
1,1,0.999773609205995
0,0,0.004299641374185573
1,1,0.9617623724741499
0,0,0.0007050906789687576
1,1,0.999944435733806
0,0,5.318507635132619e-05
1,1,0.9998945871798394
1,1,0.9971664083319219
0,0,0.0015373208646557806
0,0,0.0013209263424894143
0,0,0.014809004493152098
0,1,0.592186343415975
0,0,0.0043441045222524545
1,1,0.999995514237833
1,1,0.9998817927016004
0,0,0.0036446957212919566
1,1,0.9881691218993713
0,0,0.000536719394707119
1,0,0.22857724814736094
1,0,0.33556332383839094
0,0,0.011760079378929235
0,0,0.0005811459007466472
1,1,0.9998824912733739
0,0,0.0015286612069219877
1,1,0.9997288674136764
0,0,0.001818654682458363
0,0,0.00016562588982335015
1,1,0.9897580244345425
0,0,0.0006945566888265067
1,1,0.9993756486944279
0,0,0.00025638963012510773
0,0,0.17892942780851442
0,0,0.0005444550320242282
1,1,0.7574898300106998
0,1,0.9663523759421226
1,1,0.9942317835344112
1,1,0.994246507754952
0,0,0.24580160935653086
0,0,0.001477034024980569
1,1,0.9999867610459634
0,0,0.04408422220105154
0,0,0.014147430365317877
0,0,0.00177658836303117
0,0,0.08336356535673842
0,0,2.303995318425993e-05
0,0,0.001325623130308592
0,0,0.0002390888211395395
0,0,0.00020439753862856925
0,0,3.806487360599899e-05
0,0,0.0036863672405334233
0,0,0.0011093009336768512
1,1,0.9997511152981042
0,0,0.001168300685943216
0,0,0.0021673418113756643
1,1,0.9579348336334347
1,1,0.998691052333275
0,0,0.002108548092256811
0,0,0.0006225209874466674
1,1,0.999158714896486
0,0,0.009273728768025005
0,0,0.0011638524891383543
0,0,0.014431567039573144
1,1,0.9998804301221902
0,1,0.6202786547477502
1,1,0.9999965590553407
1,1,0.9998585180910309
0,0,0.00010678829903727954
0,0,0.015087429590210687
0,0,8.49036056755586e-05
0,0,0.0005659864727086309
0,0,0.00519560648667888
1,1,0.9998315665964255
0,0,0.008622390501447039
0,0,0.0018180010331775485
0,0,0.0001759704918041199
1,1,0.9995345617873629
0,0,0.026684740547941448
0,0,0.014449324360376862
0,0,0.0027747362824888052
1,1,0.9999410924305686
1,1,0.7807029714248941
0,0,0.00014538572304908848
0,0,0.001341284237130542
0,0,0.0003378862808573964
1,1,0.9999809549030222
0,0,0.0015553266937076917
0,0,0.005008884876203931
1,1,0.9999122989903534
0,0,0.0005101796681213496
0,0,7.343176325478989e-05
0,0,0.4413013247995179
0,0,0.00429821698114369
1,1,0.9999736795610407
0,0,0.013468479993706945
0,0,0.001251759519475328
1,1,0.9999050138289416
1,1,0.9999217349960701
0,0,0.008995843919939656
1,1,0.9997202311033331
0,0,0.0011112632703629728
0,0,0.0011196542131136002
1,1,0.929336451774554
0,0,0.0012439212610390045
1,1,0.9999763875236913
1,1,0.8794892407444147
1,1,0.9998869396579954
0,0,0.0005526357980692458
0,0,9.487478939213552e-05
1,1,0.9554934888359359
0,0,0.0042028034830710916
0,0,0.011126007978028872
0,0,0.04507917684631888
0,0,0.03139042172355686
0,0,0.0018514176289564344
0,0,0.0009396922600700194
1,1,0.9994719775792643
1,0,0.36840917393122014
1,1,0.9998143762608552
1,1,0.9999984941129858
0,1,0.8823343780114192
1,1,0.9993599340706114
1,1,0.9994310686420587
1,1,0.9998002878954665
1,1,0.9999076680063063
0,0,0.001018804037449707
0,0,0.0020867457801376768
0,0,0.0016083620830132381
1,1,0.9999315349923227
0,0,0.0013169510226506832
1,1,0.9691994333819011
1,1,0.9999578255353478
0,0,0.0015784394181934983
1,1,0.9996624264501908
0,0,0.0012675369580346534
0,0,0.0014478966203045427
1,1,0.9965528271559488
1,1,0.9998761476476455
0,0,0.0006276358614154033
1,1,0.9999730076975786
1,1,0.9999198515216262
0,0,0.0003429964417174247
1,1,0.9990889241300132
0,0,0.0011176171012618973
0,0,0.005376850253634813
1,1,0.9998753192917172
1,1,0.9997718728528319
0,0,0.001970776694140939
0,0,0.004017613601783851
0,0,0.023626184786303406
1,1,0.9963584715060179
1,1,0.999946240157565
1,1,0.9996867811020976
0,1,0.703466526875233
1,1,0.9979947370170691
0,0,0.001826471426790019
1,1,0.9994031142007528
1,1,0.9995344147627078
1,1,0.9990719401906154
1,1,0.9998315788288965
1,1,0.8215248104954767
1,1,0.7575057931804616
1,1,0.9999327910438114
1,1,0.9204959242485345
0,0,0.0035444345936335407
0,0,9.48890992631224e-05
1,1,0.9996332262894446
1,1,0.9029247402084394
0,0,0.0012952453978014064
1,1,0.9998610673528037
0,0,0.002803214299740605
0,0,0.0001310854741067514
0,0,0.004376071032494519
1,1,0.9692126674685837
0,0,0.00018853451166906494
1,1,0.9504770391266318
1,1,0.8797405216479532
1,1,0.9978289361282097
1,1,0.9999502048523812
0,0,0.0007647312660826933
0,0,0.002443071426101177
0,0,0.0007774116601260306
0,0,0.0015341413622122406
0,0,0.001327595094510389
1,1,0.9998299948125925
0,1,0.7420361284713397
1,1,0.9994945616145019
1,1,0.9975455041257111
0,0,0.00046233617078430406
0,0,7.92355616808837e-05
0,0,0.0011581992530366294
1,1,0.9993474604365992
1,1,0.9714585000751104
0,0,0.002362397798009049
0,0,0.01907958461076061
1,1,0.9962574071995998
1,1,0.9896634775954035
0,0,0.002451165727767116
1,1,0.9964597835698645
1,1,0.9710278052012796
0,0,0.00010679067621629826
1,1,0.9981304374160079
1,1,0.9996349527437857
1,1,0.9996893270469154
1,1,0.999441648582805
1,1,0.9967955611062254
1,1,0.9999600389350485
0,0,0.0017790946689642685
0,0,0.00198802074203224
0,0,0.07386900271151571
0,0,0.0018661381833216025
0,0,0.01104147892135689
0,0,0.0014935621369938708
1,1,0.9999023302390398
1,1,0.9999948959223263
1,1,0.9999433972447791
1,1,0.9967909384098002
0,0,0.0013726268161455347
1,1,0.9999620620315696
0,1,0.5731011442111258
0,0,0.0021535438240431323
0,0,0.012704649367116789
0,0,0.05905978117157386
0,0,0.07248299936936857
1,1,0.8917616039159206
0,0,0.008680866207355134
0,0,0.0017837029338115084
0,0,3.386173062215735e-05
0,0,8.720320069613641e-05
0,0,0.0042889456326676125
0,0,0.0005198621385277917
1,1,0.9998967552645804
0,0,0.10160943719419123
1,1,0.9992586411038328
1,1,0.836956951073131
0,0,0.19244665808151049
0,0,0.00177389975140201
0,0,0.0018736247766661183
0,0,0.0021528747523525825
0,0,0.0019733157507693857
1,1,0.9999972077289409
1,1,0.9998885733368704
0,0,0.0008876840047541222
1,1,0.9994298495386666
1,1,0.9999957282201163
0,0,0.00011780426586413833
1,1,0.9836917452500155
1,1,0.9999962944798487
0,0,0.014086230495221608
0,0,0.008711694642989754
1,1,0.9997292317223839
0,0,0.0012138349252882085
0,1,0.8849265482520668
0,0,0.007971988590397721
1,1,0.998408403740495
0,0,0.001843983985306083
0,0,0.253475739142971
1,1,0.9999743612034192
1,1,0.9997657050474166
0,0,0.02116682069283374
1,1,0.9840656547641413
0,0,0.008468988253618146
1,1,0.9999841568522737
0,0,0.0037044031892080526
1,1,0.9970841097679798
0,0,0.0020628897631823646
0,0,7.628955032715067e-05
0,0,0.0007883594998217319
0,0,0.0009032178201695485
0,0,0.0018057036137378239
0,0,0.004511504672078603
0,0,0.0012751162481353777
1,1,0.90783313136976
1,1,0.9998912712968586
0,0,0.0013534815849174859
1,1,0.9993506582134427
1,1,0.9858596908947731
1,1,0.9999738661077352
0,0,0.0015748438250390384
0,0,0.0012115437006133861
0,0,0.0021107550625484557
1,1,0.9487801295750214
1,1,0.9676620055220353
1,1,0.9981200826378722
0,0,0.003128735708692073
1,1,0.9999946943578967
0,0,0.0012819150123275108
1,1,0.9999279437850681
1,1,0.9993716557648704
0,1,0.5816638158779401
1,1,0.9707248915831457
1,1,0.9999952297453908
1,1,0.9999985909828497
0,0,0.00047456101844444446
0,0,0.0039275583018746184
1,1,0.9732868949061432
1,1,0.9993355033991147
1,1,0.91786161483715
0,0,0.0001724857349184474
1,1,0.9998476467005448
1,1,0.8576242694806405
1,1,0.9867142517567146
0,0,0.0019222088693283971
0,0,0.0076550097152321035
0,0,0.03323689269325975
1,1,0.9982735202424899
0,0,0.0010807860699504654
0,0,0.0018386356984622532
1,1,0.9999135889946084
1,1,0.9999521261467957
0,0,0.000998235153365253
0,0,0.2890582336940655
1,1,0.9998759047386743
1,1,0.9962573316230366
1,1,0.9999706544174278
0,0,0.006167655319654277
0,0,0.00017190649966243604
0,1,0.7046474131279901
0,0,0.003687574457416716
0,0,0.0018762723410031606
0,0,0.004059583150017747
1,0,0.17786213162887446
0,0,0.0034812531787940344
1,1,0.9999449079731626
1,1,0.9536603459118146
1,1,0.9989720831618758
0,0,0.0014236809820622554
0,0,0.0019832355165022297
0,0,0.004970009610753206
0,0,0.11237773975648233
1,0,0.41687155712904767
0,0,0.0015766026020344196
0,0,0.003980345034669281
1,1,0.9986656846593185
1,1,0.9998812375007039
0,0,0.0010746706881183394
0,0,0.003934396912851609
1,1,0.9738851741855882
0,0,0.0001092359006601525
0,0,0.006177857189825105
1,1,0.9998146979328147
1,1,0.9994884663543387
0,0,0.0029234311301985665
1,1,0.9996803485049355
0,0,0.011168765510101328
1,1,0.9991497800619805
1,1,0.9990675026448296
0,0,0.0006775148696229075
1,1,0.9998922196932913
0,0,0.0015396383496874588
0,0,0.0014771392939703198
0,0,0.000548017371941023
1,1,0.999809300132003
1,1,0.9999153665301146
0,0,0.0001543628405472506
0,0,0.002684080768460644
1,1,0.8016537960979843
0,0,0.0006941989062083884
1,1,0.9940402326158667
1,1,0.994388472387278
1,1,0.9999763563736549
1,1,0.9999171383025556
1,1,0.9804770498567233
1,1,0.9996710354545233
0,1,0.7514848329994538
1,0,0.2841392280065645
1,1,0.6897679577231779
1,1,0.9414197485835902
0,0,0.0029321530452232356
1,1,0.8977746906302533
1,1,0.9859268077238261
1,1,0.9997887023665654
1,1,0.9401551210228863
1,1,0.9967955242097559
0,0,0.018410642314250363
1,1,0.9613398843884228
1,1,0.9953243267297333
1,1,0.9999036600426725
0,0,0.0015910830229405933
1,1,0.998928282283566
1,1,0.9992582718219059
1,1,0.8939364469045616
1,1,0.9883357092826058
0,0,0.012000419059185316
1,1,0.9998186481529002
0,0,0.002370750845451707
1,1,0.9999471260593161
0,0,0.0009101321566534289
1,1,0.9999941892030665
0,0,0.0017407104355429198
1,1,0.9998803718959445
0,0,0.003106966866857585
1,1,0.9998682189302642
1,1,0.999952077520781
