y_true,y_pred,y_proba_pathogenic
0,0,0.001
0,0,0.0
0,0,0.005
1,1,0.9607916666666665
1,1,0.9702500000000001
0,0,0.0
1,1,0.9795
0,0,0.46966666666666657
0,0,0.008
1,1,0.995
1,1,0.9851190476190478
1,1,0.9476547619047618
0,0,0.38229761904761905
0,0,0.0
0,0,0.0025
1,1,0.9883571428571429
1,1,1.0
0,0,0.0
1,1,1.0
1,1,0.995
1,1,0.9798333333333333
1,1,1.0
1,1,1.0
1,1,1.0
1,1,0.8976666666666666
0,0,0.0
1,1,1.0
1,1,1.0
1,1,0.995
1,1,1.0
1,1,0.9647916666666667
0,0,0.007333333333333333
0,0,0.0016666666666666666
1,1,0.9817023809523809
0,0,0.0
0,0,0.0
1,1,0.9990000000000001
0,0,0.0008333333333333333
1,1,1.0
1,1,0.995
1,1,1.0
1,1,0.99625
0,0,0.003333333333333333
0,0,0.0
0,0,0.29907142857142854
0,0,0.0
1,1,0.9848333333333333
0,1,0.9654166666666668
1,1,0.9925
0,0,0.005
0,0,0.0
0,0,0.0
1,1,1.0
0,0,0.0
0,0,0.0
0,0,0.0
0,0,0.0
0,0,0.0
0,0,0.0
1,1,0.9985714285714287
0,0,0.0
0,0,0.0075
1,1,1.0
0,0,0.0
0,0,0.0
0,0,0.0
0,0,0.0
0,0,0.0
1,1,0.941785714285714
1,1,0.995
0,0,0.0
0,0,0.0
1,1,0.8730000000000001
1,1,0.8920357142857143
1,1,1.0
0,0,0.0
0,0,0.05029761904761906
0,0,0.0
0,0,0.0
0,0,0.043428571428571434
1,1,0.9925
1,1,0.9591666666666664
1,1,1.0
0,0,0.0
0,0,0.37409523809523804
1,1,0.8278809523809524
1,1,0.997
1,1,1.0
0,0,0.0
1,1,1.0
0,0,0.005
0,0,0.07925595238095236
0,0,0.0
1,1,1.0
0,0,0.0
1,1,0.995
0,0,0.0
1,1,0.9784166666666667
0,0,0.045
0,1,0.9608333333333333
1,1,0.9289404761904761
1,1,1.0
0,0,0.2914166666666667
1,1,0.97625
1,1,0.9983333333333333
0,0,0.012083333333333333
1,1,0.9761071428571428
0,0,0.2508690476190476
0,0,0.0
1,1,0.6416428571428571
0,0,0.0
0,0,0.0
0,0,0.15774999999999997
0,0,0.0
0,0,0.01225
1,1,1.0
0,0,0.0075
1,1,0.9434166666666666
1,1,1.0
1,1,0.9839285714285714
1,1,0.9572261904761905
0,0,0.0
0,0,0.0
1,1,1.0
1,1,0.9712023809523811
0,0,0.2325416666666667
0,0,0.0
0,0,0.005
0,0,0.011666666666666665
0,0,0.18889880952380952
1,1,1.0
1,1,1.0
0,0,0.0
1,1,1.0
0,0,0.0
0,0,0.0
1,1,0.9715833333333334
0,0,0.0
1,1,1.0
0,0,0.01
0,0,0.0
0,0,0.0
1,1,0.982
1,1,0.9954999999999999
1,1,0.995
1,1,0.995
0,0,0.2454444444444444
1,1,0.99
1,1,0.998
1,1,0.99
1,1,0.997
0,0,0.0
1,1,0.9904166666666667
1,1,1.0
0,0,0.0
0,0,0.0
0,0,0.0
0,0,0.023690476190476192
0,0,0.0
1,1,0.99
1,1,0.9680833333333332
1,1,0.9975
0,0,0.0
1,1,0.9828333333333333
1,1,0.9983333333333333
1,1,0.9073571428571428
0,0,0.0
0,0,0.020583333333333335
1,1,1.0
1,1,0.9347500000000001
1,1,0.9238690476190474
1,1,0.9445000000000001
0,0,0.0
1,1,1.0
1,1,0.995
0,0,0.0
0,0,0.0
0,0,0.0
0,0,0.0045000000000000005
0,0,0.04763888888888888
1,1,1.0
1,1,0.9702916666666667
0,0,0.0
0,0,0.0
1,0,0.2160703463203463
0,0,0.0
1,1,1.0
0,0,0.009583333333333333
0,0,0.005
1,1,0.8018333333333331
0,0,0.0
0,0,0.0
0,0,0.009285714285714286
0,0,0.0
0,0,0.0
0,0,0.27995238095238095
0,0,0.0
1,1,0.99
0,1,0.8975
1,1,0.995
0,0,0.07066666666666667
0,0,0.030500000000000003
1,1,1.0
1,1,1.0
1,1,0.9353095238095237
1,1,0.9948333333333333
1,1,1.0
0,0,0.111
1,1,0.9875
1,1,0.9902500000000001
0,0,0.0
1,1,1.0
1,1,1.0
0,0,0.001
1,1,0.9638214285714287
0,0,0.0
0,0,0.078
1,1,1.0
1,1,1.0
1,1,0.99875
0,1,0.700452380952381
1,1,1.0
0,0,0.0
1,1,0.9945833333333334
1,1,0.99375
0,0,0.0
0,0,0.0025
1,1,0.6483571428571429
1,1,1.0
1,1,1.0
1,1,0.9829166666666665
0,0,0.0
0,0,0.005
0,0,0.0025
1,1,0.9966666666666666
1,1,1.0
0,0,0.0
0,0,0.31176190476190485
0,0,0.0
0,1,0.6874166666666666
1,1,0.9211071428571428
0,0,0.0
1,1,0.99375
1,1,0.995
1,1,1.0
0,0,0.01
0,0,0.0
0,0,0.0
1,1,1.0
1,0,0.05616666666666666
0,0,0.0
0,0,0.0
1,1,0.995
1,1,0.9978571428571428
0,0,0.0
0,1,0.7545436507936509
1,1,1.0
1,1,1.0
1,1,0.99375
1,1,0.995
0,0,0.002
1,1,0.9929166666666666
0,0,0.0
1,1,1.0
1,0,0.30067857142857146
0,0,0.002
1,1,1.0
0,0,0.0
1,1,0.9159166666666667
1,1,1.0
1,1,0.9923333333333333
0,0,0.042583333333333334
0,0,0.0
1,1,0.985
0,0,0.0016666666666666666
0,0,0.0
1,1,0.9831666666666666
0,0,0.3686011904761905
1,1,1.0
0,1,0.5216805555555557
1,1,1.0
1,1,0.9215357142857143
0,0,0.01125
1,1,1.0
0,0,0.0075
0,0,0.0
1,1,1.0
0,0,0.0
1,1,1.0
0,0,0.002
1,1,0.9521666666666667
1,1,1.0
1,0,0.3639642857142858
1,1,1.0
0,0,0.003333333333333333
1,1,0.9886666666666666
1,1,0.98375
1,1,0.995
1,1,1.0
1,1,0.9573273809523809
0,0,0.0155
1,1,1.0
1,1,0.99875
0,0,0.04820833333333334
0,0,0.0
1,1,0.9651666666666666
1,1,0.9966666666666666
0,0,0.0029166666666666664
1,1,1.0
0,0,0.0
0,0,0.018666666666666668
0,0,0.0
1,1,1.0
1,1,1.0
1,1,1.0
1,1,0.995
0,0,0.01916666666666667
0,0,0.0
1,1,1.0
0,0,0.12741666666666665
0,0,0.010833333333333332
0,0,0.0
0,0,0.015
1,1,0.995
0,0,0.0
0,0,0.0
0,0,0.034761904761904765
1,1,0.7645238095238096
1,1,0.9921666666666666
0,0,0.04841666666666668
0,0,0.005
1,1,1.0
0,0,0.004166666666666667
0,0,0.0
0,0,0.0
0,0,0.0
0,0,0.0
1,1,0.993
1,1,1.0
1,1,0.9647261904761905
0,0,0.0
1,1,1.0
1,1,0.9883333333333333
1,1,1.0
0,0,0.0
1,1,0.995
0,0,0.0
1,1,0.5970059523809524
1,1,0.7010892857142856
1,1,0.8954107142857143
1,1,0.99875
1,1,0.9560416666666667
0,0,0.0
0,0,0.02383333333333333
1,1,0.99875
1,1,1.0
0,0,0.0075
0,0,0.0
0,0,0.0
1,1,0.9685000000000001
1,1,0.7036547619047621
1,1,1.0
1,0,0.013000000000000001
0,0,0.005
0,0,0.008809523809523809
1,1,0.9731547619047618
1,1,0.995
1,1,1.0
0,0,0.39861904761904765
0,0,0.0
1,1,0.943
0,0,0.0
0,0,0.0
1,1,0.998
0,0,0.00125
0,0,0.01
0,0,0.003333333333333333
0,0,0.21426190476190476
0,0,0.0
1,1,1.0
1,1,1.0
0,0,0.0
1,1,0.9117023809523809
1,1,0.9983333333333334
1,1,1.0
0,0,0.0
0,0,0.0105
1,1,0.995
0,0,0.0
1,1,0.9925
0,0,0.003333333333333333
1,1,1.0
1,1,0.9983333333333333
0,0,0.0
1,1,1.0
0,0,0.0
0,0,0.03538095238095238
0,0,0.0
0,0,0.0
1,1,1.0
1,1,0.9966666666666667
0,0,0.0
1,1,0.9630714285714288
0,0,0.12172619047619046
1,0,0.41403571428571423
0,0,0.005333333333333333
1,1,0.9347142857142857
0,0,0.0
0,0,0.011666666666666665
1,1,0.9955357142857143
0,0,0.0
1,1,1.0
0,0,0.0025
0,0,0.0
0,0,0.034374999999999996
1,1,1.0
1,1,1.0
1,1,0.9985714285714287
0,0,0.0
1,1,0.9192380952380952
0,0,0.02
0,1,0.9975
0,0,0.0
0,0,0.0
1,1,0.9895833333333333
1,1,0.995
1,1,0.9925
1,0,0.4943571428571426
0,0,0.019845238095238093
0,0,0.0
0,0,0.0
1,1,1.0
1,1,1.0
1,1,0.9628333333333333
1,1,0.9908571428571429
1,1,1.0
1,1,1.0
0,0,0.0
1,1,0.8147738095238094
0,0,0.015
0,0,0.0
0,0,0.0
1,1,0.99375
1,1,1.0
0,0,0.006
1,1,1.0
0,0,0.0
0,0,0.0
1,1,0.997
0,0,0.0
0,0,0.0
1,1,0.995
1,1,0.998
0,0,0.02
1,1,0.9564166666666667
1,1,0.9965
0,0,0.015416666666666665
1,1,0.99
1,1,1.0
1,1,1.0
0,0,0.09702380952380953
1,1,0.9957142857142857
1,0,0.04216666666666666
0,0,0.0
1,1,1.0
0,0,0.0
0,0,0.0
0,0,0.0
1,1,1.0
0,0,0.0
1,1,1.0
1,1,0.9868154761904762
0,0,0.005952380952380952
1,1,0.9983333333333333
0,0,0.02916666666666666
0,0,0.0
1,1,0.9941666666666668
1,1,1.0
1,1,1.0
0,0,0.0
0,0,0.0275
0,0,0.04775
1,1,0.985
1,1,0.8895000000000001
0,0,0.0
1,1,0.9580277777777776
0,0,0.0
0,0,0.01226190476190476
0,0,0.0
1,1,0.8335476190476189
0,0,0.0
0,0,0.07570238095238095
0,0,0.0
1,1,0.9931944444444444
1,1,1.0
0,0,0.20229166666666668
0,0,0.01425
0,0,0.0
0,0,0.0
0,0,0.0
1,1,1.0
0,0,0.00875
1,1,0.9330833333333334
1,1,0.7881309523809524
1,1,1.0
1,1,0.9863333333333334
0,0,0.016666666666666666
0,0,0.0
1,1,0.9858333333333335
0,0,0.0
1,1,1.0
1,1,1.0
0,0,0.005
1,1,0.9884464285714286
0,0,0.0
1,1,0.995
1,1,1.0
1,1,0.9983333333333333
1,1,1.0
1,1,0.995
1,1,1.0
0,0,0.004
1,1,0.9825
1,1,1.0
1,1,0.9347023809523809
0,0,0.0025
1,1,0.9941666666666665
1,1,1.0
0,0,0.0
1,1,0.995
1,1,0.9866666666666666
1,1,0.6810892857142857
1,1,0.8329999999999999
0,0,0.0
1,1,0.9107142857142857
0,0,0.001
0,0,0.003
0,0,0.0
1,1,1.0
0,0,0.005833333333333334
0,0,0.1328888888888889
1,1,1.0
0,0,0.0
0,0,0.030416666666666665
1,1,0.8538333333333332
0,0,0.0
1,1,0.9816666666666666
1,1,1.0
1,1,0.9408333333333333
0,0,0.0
0,0,0.006999999999999999
1,0,0.4546904761904763
0,0,0.0
0,0,0.10344642857142858
1,1,1.0
1,1,0.9873333333333335
1,1,1.0
0,0,0.0025
1,1,0.9883333333333334
1,1,1.0
0,0,0.0
1,1,1.0
1,1,1.0
1,1,0.9609166666666665
0,0,0.014583333333333332
1,1,0.9975
1,1,0.99625
0,0,0.0
0,1,0.5094761904761904
0,0,0.0
1,1,1.0
1,1,0.9932500000000001
1,1,0.9756666666666668
1,1,0.9990000000000001
0,0,0.005
1,1,1.0
1,1,0.68922619047619
1,1,1.0
0,0,0.02388095238095238
1,1,1.0
1,1,0.9788333333333334
1,1,0.9940000000000001
0,0,0.0
0,0,0.0016666666666666666
0,0,0.01625
1,1,0.9247916666666669
1,1,0.940017857142857
0,0,0.022916666666666665
1,1,1.0
0,0,0.028815476190476186
0,0,0.0032500000000000003
1,1,0.9975
1,1,1.0
1,1,0.5822142857142858
1,1,0.9957142857142857
1,1,1.0
0,0,0.0
1,1,1.0
1,1,1.0
0,0,0.005
1,1,0.9866666666666667
0,1,0.8953333333333334
1,1,0.9736190476190477
1,1,0.9731666666666667
1,1,0.9983333333333333
0,0,0.013666666666666667
1,1,1.0
0,0,0.004083333333333333
1,1,0.99
1,1,0.99875
1,1,0.9970833333333334
1,1,0.995
1,1,0.7943333333333333
0,0,0.0
0,0,0.0
1,1,1.0
1,1,1.0
1,1,0.9990000000000001
0,0,0.008166666666666666
0,0,0.04166666666666667
1,1,1.0
1,1,0.9983333333333333
1,1,0.9990000000000001
1,1,0.9110357142857142
0,0,0.04595833333333333
0,0,0.009250000000000001
1,1,1.0
1,1,1.0
0,0,0.0
0,0,0.0
1,1,0.9658333333333333
1,1,0.9575833333333332
0,0,0.0125
0,0,0.013916666666666666
1,1,1.0
1,1,1.0
1,1,0.9858333333333335
1,1,0.9939404761904761
1,1,0.9430833333333334
1,1,0.9966666666666666
0,0,0.01
1,1,0.99875
1,1,1.0
0,0,0.0
1,1,0.6696845238095238
1,1,1.0
1,0,0.05695833333333334
1,1,1.0
1,1,1.0
0,0,0.022000000000000002
0,0,0.0
1,1,0.9845833333333333
1,1,0.995
1,1,1.0
0,0,0.28185515873015876
1,1,0.98625
1,1,0.9983333333333334
0,0,0.006500000000000001
0,0,0.003666666666666667
1,0,0.48327777777777775
0,0,0.0
0,0,0.0
1,1,1.0
1,1,0.9940000000000001
0,0,0.0
1,1,0.9983333333333333
1,1,0.9916666666666667
1,1,1.0
1,1,0.99625
0,1,0.5551071428571429
0,0,0.12760714285714286
1,1,0.99625
0,0,0.0
1,1,1.0
1,1,0.99375
0,0,0.0
0,0,0.0
0,0,0.0
0,0,0.0
1,1,1.0
0,0,0.0
1,1,1.0
0,0,0.0
1,1,0.9486944444444444
1,1,0.9880833333333332
0,0,0.03283333333333333
1,1,0.9679166666666665
1,1,0.993
1,0,0.39392857142857146
0,0,0.0
1,1,0.5531369047619049
0,0,0.004
1,1,1.0
0,0,0.0016666666666666666
1,1,0.9975
0,0,0.0
0,0,0.0
1,1,1.0
0,0,0.0025
0,0,0.0
1,1,1.0
1,1,1.0
1,1,0.8966190476190476
1,1,1.0
1,1,1.0
0,0,0.00425
1,1,0.9927499999999999
0,0,0.24964285714285717
0,0,0.01
1,1,1.0
0,0,0.005
1,1,0.9489166666666665
1,1,1.0
0,0,0.0
0,0,0.11989285714285716
1,1,0.9933333333333333
1,1,1.0
1,0,0.010714285714285714
0,0,0.003
0,0,0.0
0,0,0.09372023809523806
1,1,0.9755833333333334
0,0,0.005
0,0,0.0
0,0,0.0
0,0,0.0
0,0,0.01125
1,1,1.0
1,1,0.9858333333333335
1,1,1.0
1,1,0.9743214285714287
1,1,1.0
0,0,0.01591666666666667
0,0,0.0
1,1,1.0
0,0,0.0
0,0,0.0
1,1,1.0
1,1,1.0
0,0,0.0
1,1,0.9695952380952383
1,1,0.9833333333333333
1,1,1.0
1,1,0.8249166666666666
1,1,0.992
0,0,0.0
0,0,0.0
1,1,1.0
0,0,0.002833333333333333
1,1,0.9740178571428574
1,1,0.9875
0,0,0.005
0,0,0.04073214285714286
1,1,1.0
0,0,0.02791666666666667
1,1,1.0
1,1,1.0
1,1,0.995
1,1,0.9621666666666667
0,0,0.0
1,1,1.0
1,1,1.0
0,0,0.0
1,1,0.995
0,0,0.00875
1,1,0.99
1,1,1.0
0,0,0.005
0,0,0.003333333333333333
1,1,0.8878333333333334
1,1,0.9983333333333334
1,1,1.0
0,0,0.0
0,0,0.014166666666666668
0,0,0.01
0,0,0.019166666666666665
1,1,1.0
1,1,1.0
0,0,0.005
0,0,0.0
0,0,0.0
1,1,0.9642916666666665
1,1,1.0
0,0,0.005
1,1,0.99
0,0,0.0
1,1,0.995
0,0,0.014499999999999999
0,0,0.0
0,0,0.0
0,0,0.00125
0,0,0.0
0,0,0.0
0,0,0.0
0,0,0.0
0,0,0.0
1,1,0.995
1,1,1.0
1,1,1.0
0,0,0.0
0,0,0.0
0,0,0.0
1,1,1.0
0,0,0.02175
0,0,0.001
1,1,0.9975
1,1,1.0
0,0,0.0
1,1,0.9899166666666668
1,1,0.8638333333333332
0,0,0.0
0,0,0.015
1,1,0.9159523809523812
1,1,0.9023571428571429
0,0,0.0
0,0,0.0008333333333333333
0,0,0.035
1,1,0.9496666666666665
1,0,0.3697202380952382
1,1,0.9929166666666666
1,1,1.0
1,1,1.0
0,0,0.0
1,1,0.8362738095238094
0,0,0.14807142857142858
1,1,1.0
1,1,1.0
0,0,0.0
0,1,0.8967499999999998
0,0,0.0
0,0,0.0
1,1,0.99
1,1,0.9151666666666668
1,1,0.985
1,1,0.9944047619047619
1,1,0.9870833333333333
1,1,0.8694166666666666
0,0,0.008333333333333333
1,1,0.995
0,0,0.0
0,0,0.0
1,1,0.995
1,1,1.0
0,0,0.0
1,1,1.0
1,1,1.0
0,0,0.029249999999999998
0,0,0.006666666666666666
0,0,0.0
0,0,0.0
0,0,0.0
0,0,0.0
0,0,0.007166666666666667
0,0,0.011666666666666665
0,0,0.015
1,1,1.0
1,1,1.0
1,1,1.0
1,1,0.9832738095238096
1,1,0.8772857142857144
1,1,1.0
0,0,0.0
0,0,0.031220238095238093
0,0,0.0
0,0,0.11215151515151515
0,0,0.0
0,0,0.009166666666666667
0,0,0.0
1,1,0.9940000000000001
0,0,0.05360714285714286
0,0,0.0
0,0,0.0
1,1,0.9919166666666667
1,1,1.0
0,0,0.08341666666666668
1,1,0.9035833333333333
0,0,0.0
1,1,1.0
0,0,0.0
0,0,0.01075
1,1,0.9899166666666668
1,1,1.0
0,0,0.0
1,0,0.07321428571428572
0,0,0.0
1,1,1.0
1,1,0.5631071428571429
0,0,0.002
0,0,0.0
1,1,0.9907738095238094
0,0,0.02125
1,1,1.0
1,1,1.0
1,1,0.9898333333333333
1,1,1.0
0,0,0.0
0,0,0.0
1,1,1.0
1,1,0.9925
0,0,0.0016666666666666666
1,1,1.0
1,1,0.995
1,1,1.0
1,1,1.0
0,0,0.38909523809523805
1,1,0.996
1,1,1.0
0,0,0.0
1,1,0.995
0,0,0.0
1,1,0.9540277777777778
1,1,0.996
0,1,0.6265
0,0,0.0
1,1,1.0
1,1,0.995
1,1,0.99
0,0,0.0
0,1,0.7419444444444444
1,1,1.0
0,0,0.05325
0,0,0.011666666666666667
1,1,0.9752500000000001
1,1,0.9990000000000001
0,0,0.0
1,1,1.0
1,1,0.9954999999999999
0,0,0.39125000000000015
0,0,0.02952380952380952
1,1,0.99625
1,1,0.9963333333333333
0,0,0.0
0,0,0.04580952380952381
0,1,0.5808095238095239
1,1,0.995
1,1,1.0
1,1,0.9903690476190476
0,0,0.026083333333333337
0,0,0.0225
1,1,0.9683333333333334
1,1,1.0
1,1,1.0
1,1,1.0
1,1,0.8595
0,0,0.0
1,1,1.0
0,0,0.0
1,1,0.9888690476190476
1,1,1.0
1,1,1.0
1,1,0.9975
1,1,0.9670714285714287
1,1,0.99875
1,1,1.0
1,1,0.9890000000000001
0,0,0.0
0,0,0.013000000000000001
1,1,1.0
1,1,0.99
1,1,1.0
1,1,1.0
1,1,0.9574166666666667
0,0,0.0075
0,0,0.06470238095238096
0,0,0.005
1,1,0.9883333333333334
0,0,0.11641666666666667
0,0,0.0
1,1,0.9940000000000001
0,0,0.008333333333333333
1,1,0.9032738095238093
0,0,0.0
1,1,1.0
1,1,1.0
0,0,0.0
0,0,0.0016666666666666666
0,0,0.02791666666666667
0,0,0.0
1,1,1.0
1,1,1.0
1,1,0.98925
1,1,1.0
0,0,0.0
1,1,0.9511785714285717
1,1,1.0
0,0,0.0
1,1,0.99
0,0,0.03883928571428572
1,1,0.9900000000000001
0,0,0.0
0,0,0.0
0,0,0.10515151515151518
0,0,0.002
0,0,0.0
0,0,0.005
0,0,0.0
0,0,0.00625
0,0,0.0
1,1,0.6414583333333335
0,0,0.010666666666666666
0,0,0.37446428571428575
0,0,0.0
0,0,0.006166666666666667
0,0,0.0
1,1,0.9906071428571428
1,1,0.99
1,1,0.6758214285714286
0,0,0.0
1,1,1.0
0,0,0.0
1,1,0.8839166666666668
0,0,0.0
1,1,1.0
0,0,0.0275
1,1,1.0
0,0,0.001
0,0,0.0
1,1,1.0
0,0,0.0016666666666666666
0,0,0.0
0,0,0.03541666666666666
1,1,1.0
0,0,0.0
0,0,0.07652777777777778
1,1,0.995
1,1,0.5165555555555555
1,1,1.0
1,1,0.995
1,1,1.0
1,1,0.9695833333333332
0,0,0.015
0,0,0.0
1,1,0.9850833333333333
0,0,0.39810119047619047
0,0,0.0
1,1,0.8085
1,1,0.9783333333333333
0,0,0.005
1,1,0.9983333333333333
0,0,0.0
1,1,0.9795
0,0,0.0
0,0,0.09709523809523807
1,1,1.0
1,1,0.95675
1,1,0.995
0,0,0.0021428571428571425
0,0,0.0
1,1,1.0
0,0,0.0
0,0,0.0
1,1,0.9975
0,0,0.0
0,0,0.05208333333333334
0,0,0.0
1,1,0.9644404761904762
1,1,0.9858333333333335
1,1,1.0
1,1,1.0
1,1,0.9725
0,0,0.03975
0,0,0.011000000000000001
0,0,0.0
1,1,1.0
1,1,0.9904166666666666
1,1,0.9858333333333333
1,1,1.0
1,1,0.6341031746031747
1,1,0.9921666666666666
1,1,0.9938333333333332
1,1,0.8714166666666665
1,1,0.9983333333333334
1,1,1.0
0,0,0.01
0,0,0.0
1,1,1.0
1,1,1.0
0,0,0.0
0,0,0.0
1,1,1.0
1,1,1.0
0,0,0.0
1,1,0.9933333333333334
0,0,0.005
0,0,0.24497619047619051
0,0,0.0
0,0,0.0
0,0,0.025
0,0,0.0
1,1,1.0
0,0,0.001
1,1,1.0
0,0,0.0
1,1,0.8350714285714286
1,1,0.9168333333333334
0,0,0.0
1,1,1.0
0,0,0.005
1,1,0.7765119047619048
1,1,0.99875
1,1,0.995
0,0,0.0
0,0,0.006666666666666666
1,1,1.0
1,1,0.9871428571428572
1,1,0.9782857142857143
1,1,1.0
0,0,0.09029761904761907
1,1,0.5125
0,0,0.0
0,0,0.001
1,1,0.9975
0,0,0.0
0,0,0.0
0,0,0.005
1,1,1.0
1,1,1.0
1,1,1.0
0,0,0.48664285714285715
0,0,0.061583333333333344
1,1,0.743079365079365
0,0,0.0
0,0,0.0
0,0,0.3582261904761904
1,1,1.0
0,0,0.0
1,1,1.0
0,0,0.0
1,1,0.99375
0,0,0.0
1,1,1.0
1,1,0.9907142857142857
1,1,0.939
0,0,0.0016666666666666666
1,1,0.995
0,0,0.0
0,0,0.0
1,1,0.9605833333333332
0,0,0.0
1,1,0.9504166666666666
1,1,1.0
1,1,0.9883333333333333
1,1,0.984952380952381
0,0,0.0
1,1,0.9991666666666665
1,1,0.9854999999999999
0,0,0.0
1,1,0.99875
1,1,1.0
1,1,0.9477261904761903
0,0,0.0
1,1,1.0
0,0,0.2106845238095238
1,1,0.9975
0,0,0.010416666666666668
1,1,0.6901428571428572
1,1,1.0
1,1,1.0
0,0,0.01
0,0,0.0
1,1,1.0
1,1,1.0
0,0,0.0025
0,0,0.013666666666666667
0,0,0.005
1,1,0.99125
1,1,0.9839999999999999
0,0,0.0
0,0,0.0
0,0,0.0
1,1,1.0
1,1,1.0
1,1,1.0
1,1,0.9975
0,0,0.003333333333333333
0,0,0.0
1,1,0.99425
1,1,0.986
1,1,1.0
1,1,0.9975
1,1,0.99375
1,1,1.0
1,1,0.7566071428571429
0,0,0.0
1,1,0.995
1,1,1.0
1,1,1.0
1,1,1.0
0,1,0.5105238095238094
0,0,0.0275
0,0,0.0
1,1,0.9470476190476189
0,0,0.0
0,0,0.0
0,0,0.0
0,0,0.0
1,1,1.0
1,1,1.0
0,1,0.9056904761904763
0,0,0.0
1,1,1.0
0,0,0.0
0,0,0.01125
0,0,0.0
1,1,1.0
1,1,0.998
1,1,1.0
1,1,0.9344166666666667
0,0,0.013571428571428573
1,1,0.8983333333333334
1,1,0.9910119047619048
1,0,0.3992083333333334
0,0,0.0
0,0,0.0
0,0,0.0
0,0,0.0
0,0,0.0
1,1,1.0
1,1,1.0
1,1,0.9969166666666668
0,0,0.0
1,1,0.9894642857142857
1,1,0.926952380952381
0,0,0.006999999999999999
1,1,1.0
1,1,0.9705833333333332
0,0,0.005
1,1,1.0
1,1,1.0
0,0,0.0
0,0,0.004
0,0,0.0025
1,1,1.0
0,0,0.0
0,0,0.0
0,0,0.0
0,0,0.006666666666666666
1,1,0.99
0,0,0.0
1,1,1.0
0,0,0.00125
1,1,1.0
0,0,0.0
0,0,0.005
1,1,0.9844166666666665
0,1,0.898625
0,0,0.0
1,1,0.998
1,1,0.9766666666666669
0,0,0.0
0,0,0.0
0,0,0.0
1,1,1.0
1,1,0.9586666666666668
0,0,0.0
0,0,0.0
0,1,0.98675
0,0,0.0
0,0,0.0
1,1,1.0
1,1,0.996
0,0,0.009583333333333333
0,0,0.0
1,1,1.0
0,0,0.016666666666666666
0,0,0.0
0,0,0.294422619047619
1,1,0.9983333333333333
1,1,1.0
0,0,0.006999999999999999
1,1,1.0
1,1,0.9829166666666665
1,1,1.0
0,0,0.0
0,0,0.0
1,1,0.99125
1,1,1.0
0,0,0.0008333333333333333
1,1,1.0
0,0,0.005
1,1,1.0
1,1,0.9651547619047619
1,1,0.9937499999999999
1,0,0.4022261904761903
0,0,0.0
1,1,1.0
1,1,0.99875
0,0,0.0
1,1,0.9983333333333333
0,0,0.0
0,0,0.0
1,1,1.0
0,0,0.0
0,0,0.0016666666666666666
0,0,0.0
1,1,0.9975
0,0,0.0
1,1,0.5989761904761903
1,1,1.0
1,1,0.9023333333333332
0,0,0.045214285714285714
1,1,1.0
0,0,0.01767857142857143
0,0,0.07379761904761904
0,0,0.0
0,0,0.11355952380952379
1,1,0.9406666666666667
0,0,0.03685714285714286
0,0,0.25330952380952376
1,0,0.21250000000000002
1,1,0.5905833333333333
1,1,1.0
1,1,0.9289702380952378
1,1,0.8998333333333334
0,0,0.0
1,1,0.9983333333333333
1,1,0.9965
1,1,0.9233571428571429
0,0,0.01375
0,0,0.0
0,0,0.0
1,1,1.0
1,1,1.0
0,0,0.0
0,0,0.042083333333333334
0,0,0.005
0,0,0.0
1,1,0.9975
0,0,0.008333333333333333
0,0,0.0
1,1,0.9933333333333333
0,0,0.0
0,0,0.0
0,0,0.0
0,0,0.0
0,0,0.00125
0,0,0.02075
1,1,0.9825
0,0,0.0
1,1,1.0
0,0,0.0025
0,0,0.0
1,1,1.0
0,0,0.0
0,0,0.1662142857142857
1,1,1.0
1,1,1.0
1,1,0.8215357142857141
0,0,0.0
1,1,1.0
1,1,0.994642857142857
1,1,0.9888333333333335
0,0,0.0
0,0,0.0
1,1,1.0
1,1,0.9933333333333333
1,1,0.9416845238095237
0,0,0.3081488095238095
0,0,0.006666666666666666
0,0,0.0
1,1,0.9983333333333333
1,1,0.995
1,1,1.0
1,1,0.9975
0,0,0.00125
1,1,1.0
1,1,1.0
1,1,1.0
1,1,1.0
1,1,0.997
1,1,0.998
0,0,0.0
0,0,0.00125
1,1,0.9975
0,0,0.0
0,0,0.0032500000000000003
1,1,0.9621666666666667
0,1,0.5654226190476191
1,1,0.7699880952380953
0,0,0.0
1,1,1.0
1,1,1.0
1,1,0.988125
1,1,0.995
0,0,0.004375
0,0,0.0
0,0,0.015416666666666667
0,0,0.15563095238095234
0,0,0.038059523809523814
0,0,0.0025
1,1,0.8488333333333332
0,1,0.9648333333333332
1,1,1.0
1,1,0.9653333333333335
0,1,0.6295
0,0,0.00375
0,0,0.009345238095238096
0,0,0.05517857142857144
1,1,1.0
1,1,0.9816785714285714
0,0,0.0
1,1,1.0
0,0,0.0
0,0,0.0
0,0,0.003
1,1,0.9933333333333333
0,0,0.0
0,0,0.0
1,1,0.9414761904761905
0,0,0.0
1,1,1.0
0,0,0.004166666666666667
1,1,1.0
0,0,0.003333333333333333
0,0,0.0
1,1,0.9581904761904763
1,1,0.9769880952380952
1,1,0.9966666666666667
0,0,0.023333333333333334
1,1,0.9903333333333333
1,1,1.0
0,0,0.0
1,1,0.9540555555555557
1,1,0.9766666666666667
0,0,0.0
0,0,0.0
0,0,0.0
1,1,0.9920833333333333
1,1,1.0
1,1,0.8229404761904762
0,0,0.0
0,0,0.004166666666666667
0,0,0.0
1,1,1.0
1,1,1.0
0,0,0.038142857142857145
1,1,1.0
1,1,0.9360416666666667
1,1,0.99625
0,0,0.0
0,0,0.016
1,1,0.995
0,0,0.0
0,0,0.06330357142857142
1,1,1.0
1,1,1.0
0,0,0.3463214285714286
0,1,0.7246309523809522
0,0,0.0
1,1,0.9975
0,0,0.3226666666666667
1,1,0.9716666666666667
1,1,0.995
1,1,0.9933333333333334
1,1,1.0
0,0,0.35304761904761894
1,1,0.8329047619047618
1,1,0.8552738095238093
1,1,0.954654761904762
0,0,0.01
0,0,0.0
0,0,0.15851190476190474
1,1,1.0
0,0,0.011666666666666665
0,0,0.0
0,0,0.0
0,0,0.003
1,1,1.0
1,1,0.9875
1,1,0.9344999999999999
1,0,0.20269047619047623
0,0,0.0
1,1,0.995
1,1,0.99
0,0,0.003333333333333333
0,0,0.0
0,0,0.0
1,1,1.0
0,0,0.01369047619047619
0,0,0.0
0,0,0.0
1,1,0.9804523809523809
1,1,1.0
0,0,0.06475
1,1,0.9973333333333333
1,1,0.9941666666666668
1,1,0.995
1,1,1.0
0,0,0.0
1,1,1.0
1,1,0.9030059523809524
1,1,0.9933333333333333
0,0,0.0
1,1,1.0
0,0,0.010833333333333335
0,0,0.0
1,1,1.0
1,1,0.9687499999999999
1,1,0.9970833333333333
1,1,1.0
0,0,0.0
1,1,0.995
0,0,0.008666666666666666
0,0,0.00875
1,1,0.9903333333333335
1,1,1.0
0,0,0.01
0,0,0.0
1,1,1.0
1,1,1.0
1,1,1.0
0,0,0.0
1,1,1.0
1,1,0.995
1,1,0.9244583333333334
1,1,0.9050833333333332
1,1,0.8301190476190478
1,1,0.8537797619047619
0,0,0.0
0,0,0.0
0,0,0.14475
1,1,0.9780833333333335
1,0,0.035833333333333335
1,1,1.0
1,1,0.9967857142857143
0,0,0.0
1,1,0.9990000000000001
1,1,1.0
0,0,0.0
1,1,1.0
0,0,0.0016666666666666666
0,0,0.001
0,1,0.6837083333333334
1,1,1.0
0,0,0.0
1,1,1.0
0,0,0.11239285714285709
0,0,0.003333333333333333
1,1,0.90125
1,1,0.99
0,0,0.03774999999999999
0,0,0.0021428571428571425
0,0,0.11773809523809523
1,1,1.0
1,0,0.44813095238095235
1,1,1.0
1,1,1.0
0,0,0.0
1,1,0.9515992063492064
1,1,0.99625
0,1,0.8759523809523809
0,0,0.006666666666666666
1,1,0.9732500000000001
1,1,1.0
0,0,0.015
1,1,0.912738095238095
1,1,0.8209296536796535
1,1,1.0
0,0,0.3305714285714285
0,0,0.0
1,1,1.0
0,0,0.0016666666666666666
1,1,0.9879166666666667
0,0,0.0
0,0,0.0
1,1,1.0
1,1,1.0
0,0,0.0
1,1,0.8528214285714284
1,1,1.0
1,1,1.0
1,1,0.9990000000000001
1,1,0.99875
0,0,0.006
1,1,1.0
1,1,0.995952380952381
1,1,0.6309345238095241
0,0,0.0
0,0,0.0
1,1,1.0
0,0,0.0
0,0,0.0
1,1,1.0
1,1,1.0
1,1,0.9941666666666668
0,0,0.0055000000000000005
1,1,1.0
1,1,1.0
0,0,0.0
0,0,0.005
1,1,0.9488095238095238
0,0,0.0
1,1,0.9720833333333333
0,0,0.0
1,1,1.0
1,1,0.9983333333333333
1,1,0.8997777777777779
0,0,0.02475
1,1,1.0
1,1,1.0
0,0,0.043976190476190474
1,1,0.98625
1,1,1.0
0,0,0.0
0,1,0.7889999999999998
0,0,0.005
0,0,0.04883333333333334
1,1,1.0
1,1,0.9741666666666666
1,1,0.9885833333333334
0,0,0.04300595238095238
1,1,0.9771666666666667
0,0,0.0
1,1,0.9933333333333334
1,1,1.0
0,0,0.0
0,0,0.0016666666666666666
0,0,0.0
0,0,0.3531547619047619
1,1,1.0
1,1,0.9684166666666667
0,0,0.0
1,1,0.7841904761904762
0,0,0.0
0,0,0.0
1,1,0.8003214285714286
0,0,0.0
1,1,1.0
1,1,0.9472083333333333
0,0,0.0
0,0,0.0
0,0,0.0029166666666666664
1,1,1.0
1,1,1.0
0,1,0.5300198412698415
1,1,0.8879523809523809
1,1,0.9975
0,0,0.324125
1,1,0.99875
1,1,0.99875
0,0,0.006666666666666666
1,1,1.0
0,0,0.0
1,1,1.0
1,1,1.0
0,0,0.23435119047619046
1,1,0.9786666666666666
0,0,0.0
1,1,1.0
1,1,0.995
0,0,0.0
1,1,0.9920833333333333
1,1,1.0
1,1,0.958515873015873
1,1,1.0
0,0,0.0
0,0,0.02608333333333333
0,0,0.003333333333333333
0,0,0.21711309523809533
1,1,0.997
1,1,0.997
0,0,0.2714583333333333
0,0,0.0
1,1,0.9876666666666667
0,0,0.005
1,1,0.7155119047619045
1,1,1.0
1,1,0.9916666666666666
1,1,1.0
0,0,0.0016666666666666666
0,0,0.0
0,0,0.0025
1,1,1.0
1,1,1.0
0,0,0.45516269841269863
0,0,0.005
1,1,1.0
1,1,1.0
0,0,0.027124999999999996
1,1,0.995
0,0,0.012571428571428572
0,0,0.04975
1,0,0.0034999999999999996
0,0,0.0
1,1,1.0
1,1,1.0
1,1,0.9933333333333333
1,1,0.9912499999999999
1,1,0.869404761904762
0,0,0.0016666666666666666
1,1,0.967529761904762
0,0,0.052333333333333336
0,0,0.0
0,0,0.0
1,1,0.9543333333333334
0,0,0.11166666666666666
1,1,0.9983333333333334
1,1,1.0
0,0,0.005
0,0,0.0
0,0,0.0
1,1,0.8949404761904765
1,1,0.9975
1,1,0.9958333333333332
1,1,1.0
1,1,1.0
0,0,0.0
0,0,0.03285714285714286
1,0,0.11994047619047618
1,1,0.99875
0,0,0.0
1,1,1.0
0,0,0.0
0,0,0.0
0,0,0.0
1,1,0.9786666666666668
0,0,0.0
0,0,0.00125
0,0,0.017785714285714283
1,1,0.9177440476190476
0,0,0.0
0,0,0.0
0,0,0.0
0,0,0.004
0,0,0.01
1,1,1.0
0,0,0.0
0,0,0.009666666666666667
1,1,0.9733333333333333
1,1,0.6827261904761905
1,1,0.9109999999999999
1,1,1.0
0,0,0.0
0,0,0.0
1,1,1.0
1,1,0.9914999999999999
0,0,0.0
0,0,0.0
1,1,1.0
0,1,0.7353333333333335
1,1,0.9871428571428572
0,0,0.051833333333333335
0,0,0.0
0,0,0.001
0,1,0.5124523809523809
0,0,0.0
0,0,0.0
0,0,0.0
1,1,1.0
1,1,1.0
1,1,1.0
0,0,0.00775
1,1,1.0
1,1,0.9819285714285714
0,0,0.0
0,0,0.0
1,1,0.9882380952380951
1,1,0.9258333333333333
1,1,1.0
1,1,0.9875
1,1,1.0
0,0,0.06200000000000001
1,1,0.9916666666666666
1,1,0.995
0,0,0.0
1,1,1.0
0,0,0.016428571428571428
0,0,0.0
1,1,1.0
1,1,0.9908333333333332
1,1,0.98425
0,0,0.0850952380952381
1,1,1.0
1,1,0.99875
1,1,0.9925
0,0,0.0
0,0,0.0
0,0,0.0
0,0,0.007083333333333333
0,1,0.6318214285714286
0,0,0.002833333333333333
0,0,0.01625
1,1,1.0
0,0,0.0
1,1,0.8149285714285713
1,1,1.0
0,0,0.03096428571428572
0,0,0.0
1,1,0.9362023809523811
1,1,1.0
1,1,1.0
0,0,0.020035714285714285
1,1,1.0
1,1,1.0
0,0,0.0
0,0,0.0
1,1,0.8587500000000001
0,0,0.005
0,0,0.01125
0,0,0.0
1,1,0.99875
1,1,0.9975
0,0,0.0
1,1,0.9615238095238096
0,0,0.00375
1,1,1.0
0,0,0.0
1,1,0.9983333333333333
1,1,0.991
1,1,0.99
0,0,0.006309523809523809
0,0,0.0
1,1,0.992
1,1,0.995
1,1,0.9744166666666666
0,0,0.0
1,1,0.9940000000000001
1,1,0.9704880952380951
1,1,0.9883333333333333
0,0,0.051083333333333335
1,1,0.995
1,1,1.0
0,0,0.0075
0,0,0.014166666666666666
1,1,1.0
1,1,0.6848809523809526
0,0,0.0026785714285714286
1,1,1.0
0,0,0.016583333333333332
1,1,0.9973214285714286
0,0,0.014166666666666666
0,0,0.004166666666666667
0,0,0.0
0,0,0.0
1,1,1.0
1,1,1.0
0,0,0.023797619047619047
1,1,0.9966666666666667
1,1,0.9983333333333333
0,0,0.0
0,0,0.0
0,0,0.0
1,1,0.98125
1,0,0.4943571428571429
1,1,0.7844047619047619
0,0,0.0
1,1,0.9983333333333334
1,1,0.9966666666666667
0,0,0.010333333333333332
0,0,0.0
0,0,0.0
1,1,0.978190476190476
1,1,1.0
0,0,0.0025
1,1,0.9749166666666667
1,1,0.9838333333333334
0,0,0.33193344155844157
1,1,1.0
0,1,0.727202380952381
0,0,0.0
0,0,0.0
1,1,1.0
1,1,0.9645833333333332
0,0,0.0
1,1,0.995
0,0,0.0
1,1,1.0
1,1,0.9983333333333334
1,1,1.0
0,0,0.0
0,0,0.0
0,0,0.08077380952380953
1,1,1.0
1,1,0.99
1,1,0.9983333333333333
1,1,0.9933333333333334
1,1,1.0
1,1,0.971654761904762
1,1,1.0
0,0,0.07625
1,1,0.994375
1,1,1.0
1,1,1.0
0,0,0.0
1,1,0.9688333333333332
0,0,0.005
1,1,0.996
0,0,0.0
0,0,0.0
1,1,1.0
0,0,0.0
0,0,0.0
0,0,0.006
0,0,0.0
0,0,0.48763690476190485
0,0,0.43167857142857147
0,0,0.011000000000000001
0,0,0.005
1,1,0.9983333333333334
0,0,0.06980952380952381
0,0,0.0
0,0,0.09508333333333333
1,1,1.0
1,1,1.0
0,0,0.2594761904761905
0,0,0.027833333333333335
1,1,1.0
1,1,1.0
1,1,0.9839583333333333
1,1,1.0
0,0,0.2984642857142857
0,0,0.0
1,1,0.99875
1,1,0.99
0,0,0.1919404761904762
1,1,0.8832142857142858
0,0,0.0
1,1,0.5400238095238095
1,1,1.0
0,0,0.01988095238095238
0,0,0.0
1,1,1.0
1,1,1.0
1,1,0.88075
1,1,1.0
0,0,0.00125
0,0,0.0
1,1,0.9792261904761902
0,0,0.0025
1,1,0.9958333333333332
1,1,1.0
1,1,0.8997857142857143
0,0,0.014375
1,1,0.98625
0,0,0.013333333333333332
0,0,0.0
0,0,0.0
0,1,0.5425952380952381
0,0,0.0
0,0,0.015
1,1,0.9783750000000001
1,1,1.0
1,1,1.0
1,1,0.652765873015873
0,0,0.1335
0,0,0.02730952380952381
1,1,0.9706666666666667
0,0,0.0
0,0,0.014642857142857141
1,1,0.995
1,0,0.012958333333333334
1,1,0.9890833333333333
1,1,0.9716666666666666
0,0,0.0105
0,0,0.02166666666666667
1,1,1.0
1,1,1.0
0,0,0.0
0,0,0.19492857142857145
0,0,0.05676190476190476
0,0,0.0125
1,1,1.0
1,0,0.22688095238095238
0,0,0.0029166666666666664
0,0,0.0
1,1,1.0
0,0,0.02375
1,1,1.0
0,0,0.0016666666666666666
0,0,0.0
0,0,0.0
1,1,0.995
0,0,0.005
1,1,0.97075
0,0,0.052214285714285706
1,1,0.98875
1,1,0.8965833333333333
0,0,0.0025
0,0,0.001
0,0,0.0
0,0,0.0
0,0,0.0
0,0,0.004166666666666667
0,0,0.0
0,0,0.0
0,0,0.009333333333333334
0,0,0.0
1,1,1.0
0,0,0.0
0,0,0.0
1,0,0.43147222222222226
0,0,0.07090476190476191
0,0,0.0
1,1,1.0
1,1,0.9357499999999999
0,0,0.0
1,1,1.0
0,0,0.0
0,1,0.8007738095238096
0,0,0.004
1,1,0.9679583333333333
0,0,0.06541666666666666
0,0,0.0
1,1,1.0
1,1,0.9141190476190476
1,1,1.0
0,0,0.0
0,0,0.0
1,1,1.0
0,0,0.0
1,1,1.0
0,1,0.8205833333333332
1,1,0.9720833333333334
1,1,1.0
0,0,0.0
0,0,0.0016666666666666666
1,1,1.0
0,0,0.0
1,1,1.0
1,1,0.9833333333333333
1,1,1.0
1,1,0.9975
0,0,0.0075
0,0,0.075
0,0,0.0
0,1,0.5935892857142857
0,0,0.0
1,1,0.9925
0,0,0.07522619047619047
0,0,0.0025
1,1,0.9975
1,1,0.9966666666666667
0,0,0.0025
1,1,0.9966666666666666
0,0,0.32478571428571434
0,0,0.014166666666666668
1,1,0.9910833333333333
0,0,0.0
1,1,1.0
0,0,0.0
1,1,0.9941666666666665
1,1,0.9049047619047619
1,1,0.9966666666666666
0,0,0.0
1,1,0.995
0,0,0.0
1,1,1.0
0,0,0.0
1,1,0.9618333333333333
0,0,0.2598809523809523
1,1,0.9945
1,1,0.99625
0,0,0.0
0,0,0.0
0,0,0.43366666666666676
0,0,0.0
0,0,0.001875
0,0,0.0
1,1,1.0
1,1,1.0
0,0,0.0
0,0,0.0
0,0,0.0
1,1,1.0
1,1,0.985
0,0,0.004
1,1,1.0
0,0,0.0
0,0,0.0
0,0,0.0
0,0,0.03183333333333333
0,0,0.16562391774891772
0,0,0.0
1,1,1.0
0,0,0.007666666666666666
1,1,0.99125
1,1,0.9966666666666667
0,0,0.006309523809523809
0,0,0.014083333333333331
1,1,1.0
0,0,0.002
0,0,0.0
1,1,0.998
1,1,0.8489999999999998
1,1,1.0
0,1,0.6585833333333335
1,1,0.9766666666666667
1,1,0.9803333333333335
1,1,1.0
1,1,0.9945833333333333
0,0,0.0
1,1,1.0
0,0,0.0
0,0,0.0
1,1,1.0
1,1,0.9883333333333333
1,1,1.0
0,0,0.006
1,1,1.0
1,1,0.9795833333333333
0,0,0.010833333333333332
0,0,0.032
1,1,0.995
0,0,0.002
0,0,0.07633333333333332
0,0,0.0
0,0,0.005
0,0,0.0
1,1,0.9983333333333333
1,1,1.0
1,1,0.998
0,0,0.0
1,1,0.988857142857143
1,1,0.9305416666666666
0,0,0.0
0,0,0.16694047619047617
1,1,0.7839404761904761
1,1,0.995
1,1,0.9975
1,1,1.0
1,1,1.0
1,1,1.0
0,1,0.6236785714285713
0,0,0.0
0,0,0.09647023809523808
0,0,0.0
1,1,1.0
0,0,0.025166666666666667
0,0,0.014833333333333334
1,1,0.9983333333333333
1,1,1.0
0,0,0.0
1,1,0.995
1,1,1.0
0,0,0.005
0,0,0.0
0,0,0.0
1,1,0.9267916666666666
0,0,0.0016666666666666666
0,0,0.0
0,0,0.09020238095238095
1,1,0.9889583333333333
0,0,0.0
1,1,1.0
1,1,1.0
1,1,0.8810357142857144
1,1,0.99
1,1,0.9945833333333334
1,1,1.0
1,1,1.0
0,0,0.0025
1,1,0.9983333333333333
1,1,0.9838571428571428
1,1,0.9844166666666666
1,1,0.9719166666666667
1,1,0.768154761904762
0,0,0.0
1,1,0.9458333333333334
1,1,0.9970833333333333
0,0,0.0
1,1,0.9699166666666668
0,0,0.04045238095238095
1,1,1.0
0,0,0.00125
0,0,0.0
0,0,0.0
1,1,0.9841666666666665
0,0,0.0
0,0,0.0
1,1,0.746928571428571
1,1,1.0
1,1,1.0
0,0,0.0
0,0,0.029845238095238095
1,1,1.0
0,0,0.042833333333333334
0,0,0.0
0,0,0.0
0,0,0.0
0,0,0.0
1,1,1.0
1,1,0.9767083333333332
0,0,0.0
1,1,0.9770714285714286
1,1,0.995
1,1,1.0
1,1,1.0
0,0,0.0
1,1,1.0
1,1,1.0
1,1,0.979375
1,1,1.0
1,1,0.7793452380952379
0,0,0.0
0,0,0.0
1,1,0.998125
0,0,0.0008333333333333333
0,0,0.0
0,0,0.0
0,0,0.02914285714285714
0,0,0.001
1,1,0.9875833333333333
1,1,0.99125
1,1,1.0
1,1,0.9606190476190476
0,0,0.0
0,0,0.0
1,1,0.9636666666666668
1,1,0.9124166666666667
1,1,0.9958333333333332
0,0,0.0
1,1,0.9978571428571429
1,1,0.992
1,1,1.0
1,1,1.0
0,0,0.0
0,0,0.0
0,0,0.002
1,1,1.0
1,1,1.0
0,0,0.04533333333333333
0,0,0.0
1,1,0.995
1,1,1.0
0,0,0.0
0,0,0.005
1,1,1.0
0,0,0.0
1,1,1.0
1,1,1.0
0,0,0.0
1,1,1.0
0,0,0.2793333333333333
1,1,0.9668333333333333
1,1,0.9538333333333331
0,0,0.0
0,0,0.0
0,0,0.0
0,0,0.004464285714285714
0,0,0.0
0,0,0.0
0,0,0.0
0,0,0.0
0,0,0.003333333333333333
0,0,0.015
0,0,0.005
1,1,0.993
1,1,0.99875
1,1,0.880732142857143
1,1,1.0
0,0,0.0
0,0,0.0
1,1,0.9958928571428572
1,1,1.0
1,1,0.9778690476190477
0,0,0.0
1,1,1.0
0,0,0.010166666666666668
0,0,0.014130952380952381
1,1,1.0
0,0,0.0
0,0,0.005
1,1,0.9941666666666668
1,1,1.0
0,0,0.0
0,0,0.0
1,1,0.9970833333333334
0,0,0.0
1,1,1.0
0,0,0.0
1,1,1.0
1,1,1.0
1,1,0.8563333333333334
1,0,0.4453928571428571
1,1,0.99125
1,1,0.99125
0,0,0.0
1,1,0.9754166666666667
0,0,0.005
1,1,0.8074166666666668
1,1,0.9523333333333334
0,0,0.08672619047619047
0,0,0.0
0,0,0.04291666666666667
1,1,1.0
0,0,0.0
0,0,0.0
0,0,0.0
1,1,1.0
0,0,0.0
1,1,0.9975
1,1,0.9839999999999999
0,0,0.0
1,1,0.9908333333333332
1,1,0.8915833333333333
1,1,1.0
0,0,0.0
1,1,0.9940000000000001
1,1,0.9971428571428572
0,0,0.0
0,0,0.00125
0,0,0.0
0,0,0.005
0,0,0.00475
1,1,0.985
1,1,1.0
1,1,1.0
1,1,0.995
0,0,0.0
1,1,0.9966666666666666
1,1,0.9846666666666667
1,1,0.9544285714285715
1,1,1.0
0,0,0.016488095238095236
0,0,0.01
0,1,0.8510198412698411
1,1,0.99
1,1,1.0
1,1,1.0
1,1,0.99875
1,1,1.0
1,1,0.9079166666666667
0,1,0.6408214285714285
1,1,0.9424166666666668
0,0,0.03333333333333333
1,1,0.9286785714285715
0,0,0.0
0,0,0.0
0,0,0.0
1,1,1.0
1,0,0.49163095238095245
0,0,0.003666666666666667
1,1,1.0
1,1,1.0
1,1,0.9905714285714285
0,0,0.0325
1,1,0.9966666666666667
0,0,0.0
0,0,0.014583333333333335
1,1,0.6696349206349206
0,0,0.0
0,0,0.023166666666666665
0,0,0.0
0,0,0.013333333333333332
0,0,0.0
1,1,0.980875
0,0,0.0
1,0,0.25401785714285713
1,1,0.8138333333333334
0,0,0.008333333333333333
0,0,0.002
1,0,0.07260714285714286
0,0,0.005833333333333333
1,1,0.96025
1,1,0.9455833333333333
0,1,0.9598988095238096
0,0,0.005
0,0,0.0
1,1,0.8533690476190476
1,1,1.0
1,1,0.9966666666666666
1,1,1.0
1,1,0.9923333333333333
1,1,0.8329523809523809
1,1,0.7222261904761905
0,0,0.005833333333333333
0,0,0.0
0,0,0.2935238095238095
0,0,0.0
0,0,0.0
0,0,0.0
1,1,0.8662142857142855
0,0,0.013000000000000001
1,1,0.995
1,1,0.99625
1,1,1.0
0,0,0.0
1,1,0.9334166666666666
0,0,0.0
1,1,1.0
1,1,0.9514761904761905
0,0,0.003
1,1,1.0
1,0,0.3600892857142858
1,1,1.0
1,1,0.5848333333333334
0,0,0.0
1,1,0.8896547619047618
0,0,0.0045000000000000005
0,0,0.0
1,1,0.995
0,0,0.0
1,1,0.8649761904761903
1,1,1.0
1,1,1.0
0,0,0.001
1,1,1.0
0,0,0.06741666666666667
0,0,0.47001785714285726
1,1,1.0
1,1,1.0
0,0,0.0
1,1,0.99
1,1,1.0
1,1,0.9972222222222222
0,0,0.0
1,1,0.951595238095238
1,1,1.0
1,1,0.99275
0,0,0.0016666666666666666
1,1,0.9879166666666667
0,0,0.00375
1,1,0.8951547619047617
1,1,0.99
1,1,0.9983333333333333
1,0,0.27312301587301585
1,1,0.9767380952380951
1,1,1.0
1,1,1.0
0,0,0.0
1,0,0.11271428571428573
0,0,0.0
0,0,0.0
0,0,0.04469047619047619
1,1,1.0
1,1,1.0
0,0,0.005
0,0,0.0
0,0,0.005
0,0,0.0
1,1,0.995
0,0,0.0
1,1,0.6844047619047618
1,1,1.0
0,0,0.00375
1,1,1.0
0,0,0.024761904761904763
0,0,0.001875
1,1,0.99775
0,0,0.0
0,0,0.0025
1,1,1.0
1,1,0.9931666666666666
1,1,1.0
1,1,0.9821666666666666
1,1,0.99
1,1,0.9201190476190477
0,0,0.0
1,1,0.9966666666666667
1,1,0.99
1,1,1.0
1,1,1.0
0,0,0.02383333333333333
0,0,0.0
1,1,0.9641071428571428
1,1,0.98625
1,1,0.997
0,0,0.0
0,0,0.0
0,0,0.000625
1,1,1.0
1,1,0.995
1,1,0.9990000000000001
1,1,1.0
0,0,0.00125
1,1,1.0
1,1,1.0
0,0,0.007833333333333333
0,0,0.0
0,0,0.0
1,1,1.0
1,1,1.0
1,1,0.9975
0,0,0.021
1,1,0.995
0,0,0.0
1,1,0.99875
1,1,1.0
1,1,0.9925
1,1,1.0
1,1,0.9815
0,0,0.012916666666666667
1,1,1.0
0,0,0.025555555555555554
1,1,1.0
1,1,1.0
0,0,0.04016666666666666
0,0,0.15083333333333335
0,0,0.005
0,0,0.0
1,1,1.0
1,1,0.9933333333333333
1,1,1.0
1,1,0.998
0,0,0.04658333333333333
1,1,0.9931666666666666
1,1,1.0
0,0,0.13569047619047617
1,1,0.9983333333333333
1,1,1.0
1,1,0.9975
0,0,0.003333333333333333
1,1,0.995
1,1,0.9663928571428572
1,1,0.9709166666666667
0,0,0.0
1,1,0.9933333333333333
1,1,1.0
0,0,0.0
1,1,0.9975
0,0,0.045
0,0,0.0
0,0,0.01308333333333333
0,0,0.10588888888888891
1,1,1.0
1,1,1.0
0,0,0.002
0,0,0.0
0,0,0.0
0,0,0.017083333333333336
1,1,0.9616666666666666
0,0,0.0
1,1,0.9856666666666666
1,1,1.0
0,0,0.0
1,1,1.0
1,1,0.9697499999999999
1,1,0.99875
0,0,0.02804761904761905
0,0,0.0
0,0,0.0
0,0,0.021083333333333332
0,0,0.005
0,0,0.013583333333333334
0,1,0.6638571428571428
1,1,1.0
1,1,1.0
0,0,0.0
0,0,0.0
1,1,0.9767500000000001
1,1,0.9537857142857143
1,1,1.0
0,0,0.0
1,1,0.9770833333333334
1,1,0.9728333333333333
1,1,0.9424999999999999
0,0,0.0
1,1,1.0
0,0,0.0030000000000000005
1,1,0.9925
0,1,0.9182500000000001
1,1,0.9990000000000001
1,1,0.9660833333333333
0,0,0.0
0,0,0.012916666666666665
1,1,1.0
0,0,0.0
0,0,0.0
1,1,1.0
1,1,0.9722738095238096
0,0,0.00375
0,0,0.0
1,1,0.9094880952380952
0,0,0.0
0,0,0.3601309523809524
0,0,0.0
0,0,0.005
1,1,0.9681666666666666
1,1,1.0
0,1,0.8696785714285714
0,0,0.01
1,1,1.0
1,1,1.0
1,1,1.0
1,1,0.8442023809523809
0,0,0.014453463203463204
0,0,0.00125
1,1,0.99625
0,0,0.00375
0,0,0.0
0,0,0.0
0,1,0.5424166666666667
0,0,0.0
1,1,0.9719047619047619
1,1,0.99625
1,1,0.9363333333333332
1,1,1.0
1,1,0.6694702380952383
0,0,0.0
1,1,0.9903749999999999
1,1,0.9878809523809524
0,0,0.0
1,1,1.0
0,0,0.0
0,0,0.0
1,1,0.9840833333333333
0,0,0.003333333333333333
1,1,0.9820833333333334
0,0,0.25916666666666666
0,0,0.0
1,1,0.8908214285714284
0,0,0.0
0,0,0.0125
0,0,0.0
1,1,1.0
0,0,0.0
0,0,0.0977142857142857
0,0,0.0045000000000000005
1,1,1.0
1,1,1.0
1,1,0.98775
1,1,0.995
0,0,0.0
1,1,1.0
1,1,1.0
0,0,0.0075
0,0,0.026444444444444448
0,0,0.0
0,0,0.0
0,0,0.4675714285714286
1,1,1.0
0,0,0.0
0,0,0.0
1,1,0.995
1,1,0.9915
0,0,0.4156785714285716
1,1,1.0
0,0,0.0245
0,0,0.0021428571428571425
1,1,1.0
1,1,1.0
1,1,0.9870833333333334
0,0,0.0
0,0,0.0
0,0,0.0
1,1,0.9897499999999999
0,0,0.36876911976911964
0,0,0.0
1,1,0.9840000000000001
1,1,1.0
0,0,0.0
0,0,0.005
0,0,0.371125
1,1,1.0
0,0,0.0
1,1,0.9875
1,1,0.9890000000000001
1,1,0.9529761904761904
0,0,0.0
1,1,0.995
1,1,1.0
1,1,1.0
0,0,0.10122619047619043
0,0,0.0
1,1,0.99875
0,0,0.03883333333333333
0,1,0.7795595238095239
1,1,1.0
1,1,0.981
0,0,0.0
0,0,0.0
1,1,1.0
1,1,1.0
0,0,0.0
0,0,0.0025
0,0,0.0
0,0,0.0
1,1,1.0
1,1,0.9013333333333334
1,1,0.99
1,1,1.0
1,1,1.0
1,1,0.9896666666666667
1,1,1.0
0,0,0.0025
0,0,0.00625
0,0,0.013999999999999999
1,1,0.9911666666666668
1,1,0.6473333333333335
0,0,0.0
0,0,0.008095238095238095
1,1,1.0
1,1,1.0
1,1,1.0
0,0,0.0
1,1,0.9779166666666665
1,1,1.0
1,1,1.0
1,1,1.0
1,1,0.9933333333333334
1,1,0.9940714285714285
0,0,0.0
1,1,0.9983333333333333
1,1,1.0
1,1,1.0
1,1,1.0
0,0,0.0
0,0,0.0
0,0,0.0
1,1,0.9738749999999999
0,0,0.0
1,1,1.0
1,0,0.2325
0,0,0.0
0,0,0.00125
0,0,0.005357142857142857
0,0,0.0016666666666666666
0,0,0.0
1,1,1.0
1,1,0.5490476190476188
0,0,0.0
0,0,0.0008333333333333333
0,0,0.024
1,1,0.99875
1,1,0.8934285714285715
1,1,0.9916666666666667
1,1,1.0
1,1,0.9983333333333334
0,0,0.0
1,1,0.9859523809523809
0,0,0.0
1,1,0.99
1,1,0.9633333333333333
0,0,0.005
0,1,0.8083690476190477
0,0,0.0
1,1,0.9966666666666666
1,1,0.9680357142857141
1,1,0.9941666666666668
1,1,1.0
0,0,0.0
1,1,0.9916666666666666
1,1,0.9891666666666669
1,1,0.97725
0,1,0.6937480158730156
0,0,0.0
1,1,1.0
1,1,1.0
0,0,0.0
1,1,0.9456666666666667
1,1,0.9929166666666666
1,1,0.9983333333333333
1,1,1.0
0,0,0.005
0,0,0.01
1,1,0.9933333333333334
1,1,0.6935277777777776
0,0,0.06724999999999999
1,1,1.0
1,1,0.9983333333333333
0,0,0.14783333333333334
1,1,0.9913333333333333
1,1,1.0
1,1,1.0
0,0,0.0
1,1,1.0
1,1,0.998
0,0,0.006999999999999999
0,0,0.0
0,0,0.0
1,1,0.9983333333333334
1,1,1.0
1,1,0.98625
0,0,0.0
0,0,0.005
1,1,0.9954999999999999
0,0,0.002
0,0,0.005
0,0,0.0
1,1,1.0
0,0,0.47116666666666673
1,1,0.7992202380952381
1,1,1.0
0,0,0.0
0,0,0.0
1,1,0.8848154761904761
0,0,0.0095
1,1,0.5433095238095238
1,1,1.0
1,1,0.9899166666666668
0,0,0.0
1,1,1.0
0,0,0.0
1,1,1.0
1,0,0.38018253968253973
1,1,0.9622857142857142
1,1,1.0
0,0,0.010833333333333332
0,0,0.36723809523809536
1,1,0.9868333333333332
0,0,0.0
1,1,0.9739166666666668
1,1,0.9990000000000001
0,0,0.0
0,0,0.0
1,1,1.0
0,0,0.0
0,0,0.0
0,0,0.0095
0,0,0.02075
0,0,0.0
0,0,0.003333333333333333
0,0,0.0
1,1,1.0
0,0,0.00125
0,0,0.01
1,1,0.978
1,1,0.855734126984127
1,1,0.9209583333333333
0,0,0.0
0,0,0.005
0,0,0.0
1,1,0.9333333333333335
0,1,0.5424404761904761
1,1,0.8222321428571427
0,0,0.0
0,0,0.06285714285714286
0,0,0.0
1,1,1.0
0,0,0.0
1,1,0.6082777777777778
1,1,0.995
0,0,0.050166666666666665
1,1,1.0
0,0,0.3372857142857143
0,0,0.0
0,0,0.0
0,0,0.0
0,0,0.00625
0,0,0.0
0,0,0.000625
1,1,1.0
1,1,0.9913333333333333
1,1,0.9990000000000001
0,0,0.0
1,1,0.9204523809523809
0,0,0.0
1,1,1.0
0,0,0.0
0,0,0.0
1,1,0.8895357142857145
0,0,0.0
1,1,0.990952380952381
0,0,0.0
1,1,0.9983333333333334
0,0,0.0
0,0,0.0
1,1,0.8596190476190476
1,1,0.99875
1,1,1.0
0,0,0.0
0,0,0.0
1,1,0.99625
1,1,1.0
0,0,0.14524999999999996
1,1,1.0
0,0,0.0
1,1,1.0
0,0,0.0
0,0,0.0
1,1,1.0
1,1,0.995
1,1,0.9804166666666667
0,0,0.020499999999999997
0,0,0.0
0,0,0.0
0,0,0.28575
0,0,0.0
0,0,0.0
0,0,0.0
0,0,0.011208333333333334
0,1,0.5510416666666668
1,1,0.9916666666666667
0,0,0.0025
0,0,0.034416666666666665
0,0,0.0
0,0,0.0
0,0,0.0
1,1,1.0
1,1,0.98875
1,1,0.9816666666666666
1,1,0.9132380952380952
0,0,0.00375
0,0,0.003
0,0,0.0
0,0,0.0
1,1,0.9860833333333333
0,0,0.0
1,1,1.0
1,0,0.22416666666666665
1,1,1.0
0,0,0.0
0,0,0.0021428571428571425
0,0,0.2879166666666667
0,0,0.048124999999999994
0,0,0.015
0,0,0.005
1,1,0.9760833333333333
1,1,0.9990000000000001
1,1,0.99875
1,1,0.7630000000000001
0,0,0.0
1,1,0.9578333333333333
1,1,1.0
1,1,1.0
1,1,1.0
0,0,0.004
0,0,0.00775
0,0,0.0325
1,1,0.9975
0,0,0.002
0,0,0.38136904761904766
1,1,0.9647261904761905
1,1,1.0
0,0,0.0
0,0,0.006166666666666667
1,1,0.9965
1,1,0.9983333333333333
1,1,1.0
1,1,1.0
1,1,1.0
1,1,1.0
0,0,0.005
1,1,1.0
1,1,1.0
0,0,0.02
1,1,0.993
0,0,0.0
0,0,0.05216666666666667
0,0,0.020940476190476186
0,0,0.011666666666666665
1,1,0.9916666666666667
1,1,1.0
1,1,0.9425714285714285
1,1,1.0
1,1,0.8203611111111111
0,0,0.005
0,0,0.0
0,0,0.02816666666666667
0,0,0.3256666666666667
0,0,0.0
0,0,0.003666666666666667
1,1,1.0
1,1,0.9990000000000001
1,1,1.0
0,0,0.0016666666666666666
0,0,0.008333333333333333
0,0,0.0
0,0,0.0
1,1,1.0
0,0,0.002
1,1,1.0
1,1,1.0
1,1,0.9925000000000002
1,1,1.0
0,0,0.0
1,1,0.7521309523809525
0,0,0.0
0,0,0.0
0,0,0.0
1,1,1.0
0,0,0.006999999999999999
1,1,1.0
0,0,0.025666666666666664
1,1,0.995
0,0,0.0025
0,0,0.18622023809523808
1,1,1.0
0,0,0.0
0,0,0.006964285714285714
0,0,0.0
0,0,0.0
0,0,0.005
1,1,1.0
1,1,1.0
0,0,0.06563095238095239
0,0,0.0
1,1,1.0
1,1,0.9991666666666665
0,0,0.0016666666666666666
0,0,0.0
0,0,0.06729166666666667
1,1,1.0
0,0,0.0
0,1,0.8638452380952379
0,0,0.0
1,1,0.9646666666666666
0,0,0.0345
0,0,0.0
1,1,0.79265873015873
0,0,0.0
0,0,0.0
0,0,0.0
0,0,0.0
0,0,0.0
0,0,0.0
1,1,0.9916666666666667
0,0,0.00125
1,1,0.995
0,0,0.0
0,0,0.09091666666666667
1,1,1.0
0,0,0.011833333333333333
0,0,0.06633333333333331
1,1,0.8108809523809525
0,0,0.0
0,0,0.0014285714285714286
0,0,0.005
0,0,0.02875
0,0,0.01
1,1,0.949392857142857
1,1,1.0
0,0,0.0
0,0,0.0
1,1,0.995
1,1,0.99125
1,1,1.0
1,1,0.995
0,0,0.01075
0,0,0.0
1,1,0.8339166666666666
0,0,0.005
0,1,0.5864166666666666
0,0,0.0
1,1,1.0
0,0,0.005
1,1,0.9523333333333334
0,0,0.0
1,1,0.9983333333333334
0,0,0.05708333333333333
1,1,1.0
0,1,0.8163095238095239
1,1,0.8969345238095238
1,1,0.99
0,0,0.13216666666666665
0,0,0.075
1,1,0.7311904761904765
0,0,0.0
0,0,0.008333333333333333
0,0,0.06657142857142857
0,0,0.010333333333333332
1,1,0.995
0,0,0.024916666666666663
0,0,0.0025
1,1,1.0
1,1,1.0
1,1,0.9991666666666665
1,1,0.9595833333333335
1,1,1.0
1,1,0.9483690476190475
0,0,0.014166666666666668
0,0,0.04766666666666666
0,0,0.01125
1,1,0.99875
0,0,0.0
0,0,0.0
1,1,0.9975
1,1,0.8884166666666664
0,0,0.07616666666666666
0,0,0.0025
0,0,0.005
0,0,0.0
0,0,0.0045000000000000005
0,1,0.5582500000000001
1,1,0.6865119047619049
0,0,0.00125
1,1,0.99375
0,0,0.0
1,1,1.0
1,1,0.995
0,0,0.1860595238095238
0,0,0.08749999999999997
1,1,1.0
1,1,0.7609301948051949
1,1,1.0
0,0,0.0
1,1,1.0
0,0,0.0095
1,1,0.9983333333333333
0,0,0.0
1,1,1.0
0,0,0.1589880952380952
1,1,0.9929166666666667
0,0,0.0
0,0,0.0
1,1,0.9836666666666666
0,0,0.008416666666666666
1,1,1.0
1,1,0.99875
0,0,0.0
0,0,0.014499999999999999
0,0,0.0
1,1,0.99875
0,0,0.0
1,1,1.0
0,0,0.0
0,0,0.0
1,1,0.9958333333333335
0,0,0.0
1,1,0.98725
1,1,0.985172619047619
1,1,0.9935714285714287
1,1,0.9681666666666666
1,1,0.98275
0,0,0.024416666666666663
0,0,0.0
0,0,0.0
0,0,0.0
0,0,0.005833333333333334
1,1,0.9910119047619048
0,0,0.04458333333333333
0,1,0.7298452380952383
0,0,0.0
0,0,0.0
0,0,0.0
1,1,0.945
1,1,1.0
0,0,0.0021428571428571425
1,1,0.9983333333333333
1,1,0.9896666666666666
1,1,1.0
0,0,0.0305
1,1,1.0
0,0,0.004166666666666667
1,1,0.9908333333333335
1,1,1.0
1,1,0.99375
0,0,0.0
0,0,0.0
1,1,0.9737499999999999
1,1,1.0
0,0,0.0
0,0,0.00375
0,0,0.38566666666666677
1,1,0.8439080086580085
0,0,0.01575
0,0,0.0
0,1,0.6042261904761905
0,0,0.0
0,0,0.009166666666666667
0,0,0.023666666666666662
1,1,0.9930833333333332
0,0,0.013999999999999999
0,0,0.06611904761904762
1,1,0.995
0,0,0.0
1,1,0.9893333333333334
0,0,0.0
0,0,0.009583333333333333
0,0,0.00875
0,0,0.0016666666666666666
1,1,0.9766666666666666
0,0,0.0
0,0,0.0
0,0,0.0
0,0,0.0
1,1,0.9320595238095237
0,0,0.0016666666666666666
0,0,0.0
0,1,0.5800357142857144
1,1,0.9555238095238094
0,0,0.3610000000000001
1,1,1.0
1,1,0.985
0,0,0.023607142857142858
1,1,0.9965
1,1,1.0
0,0,0.004166666666666667
0,0,0.0
0,0,0.0
0,0,0.01
1,1,0.995
1,1,0.8595833333333335
1,1,0.9581666666666666
1,1,0.9792500000000001
0,0,0.07883333333333334
0,0,0.0
1,1,1.0
1,1,1.0
1,1,0.9983333333333333
1,1,1.0
0,0,0.0
1,1,1.0
0,0,0.0
1,1,1.0
0,0,0.003333333333333333
1,1,0.9718333333333333
1,1,0.98875
1,1,0.97075
0,0,0.025416666666666664
0,0,0.005
1,1,0.9168333333333331
0,0,0.0
0,0,0.35577380952380955
0,0,0.005
0,0,0.013000000000000001
1,1,0.9975
0,0,0.0
1,1,0.939357142857143
1,1,0.9783333333333334
0,0,0.003
1,1,0.5824285714285715
0,0,0.0
0,0,0.0
1,1,1.0
1,1,0.99125
0,0,0.04553571428571428
1,1,0.8387619047619048
1,1,0.9975
1,1,1.0
1,1,0.9430357142857142
1,1,0.98875
1,1,0.9991666666666665
1,1,0.9960833333333333
0,0,0.026750000000000003
1,1,0.9674166666666667
0,0,0.0
1,1,0.8615714285714288
1,1,1.0
0,0,0.0030000000000000005
1,1,1.0
0,0,0.04401190476190477
1,1,0.9492499999999999
1,1,1.0
0,0,0.31316666666666676
1,0,0.2409166666666667
0,0,0.0016666666666666666
1,1,0.9975
0,0,0.35330952380952385
1,1,0.99875
0,0,0.006166666666666667
0,0,0.00125
1,1,1.0
0,0,0.0
0,0,0.01125
0,0,0.028880952380952386
0,0,0.0
1,1,1.0
0,0,0.0
1,1,0.9585833333333333
0,0,0.3765833333333333
1,1,1.0
1,1,1.0
0,0,0.0
0,0,0.044250000000000005
1,1,0.9966666666666666
1,1,0.9400833333333333
1,1,0.9970833333333333
0,0,0.0
1,1,0.99875
1,1,0.987361111111111
1,1,0.995
0,0,0.0025
0,1,0.654238095238095
1,1,1.0
1,1,0.9684642857142858
1,1,0.9940000000000001
1,1,1.0
0,0,0.0
0,0,0.0
0,0,0.0
0,0,0.0
0,0,0.06758333333333333
1,1,1.0
1,1,1.0
1,1,0.9933333333333333
1,1,1.0
0,0,0.00125
0,0,0.02419047619047619
0,0,0.05410714285714285
1,1,0.5919404761904763
1,1,0.9605
0,0,0.006666666666666666
1,1,0.940702380952381
1,1,0.9925
0,0,0.00375
1,0,0.289797619047619
0,0,0.0
0,0,0.0
1,1,1.0
1,1,0.995
1,1,1.0
1,1,0.9983333333333333
0,0,0.1799047619047619
1,1,1.0
1,1,0.9018214285714287
1,1,0.9686666666666668
1,1,1.0
1,1,1.0
1,1,1.0
1,1,1.0
0,0,0.0
0,0,0.0
1,1,1.0
1,1,0.9060595238095237
1,1,0.5712619047619046
0,0,0.004333333333333333
0,0,0.08447619047619044
0,0,0.0045000000000000005
1,1,0.9943333333333334
1,0,0.4775
1,1,0.995
1,1,1.0
0,0,0.0
0,0,0.0
1,1,1.0
0,0,0.0
1,1,0.871047619047619
1,1,0.996
0,0,0.001
1,1,1.0
0,0,0.005
0,0,0.0
0,0,0.005
1,1,1.0
0,0,0.00875
1,1,1.0
0,0,0.0
0,0,0.0
0,0,0.0
1,1,1.0
0,0,0.0
0,0,0.010249999999999999
1,1,0.9684523809523811
1,1,0.9940000000000001
1,1,1.0
1,1,0.8388492063492063
0,0,0.07133333333333333
1,1,1.0
1,1,1.0
1,1,0.8255476190476191
0,0,0.0
0,0,0.009583333333333333
1,1,0.9956666666666666
0,0,0.0
1,1,0.8515714285714284
1,1,0.9540476190476191
1,1,1.0
1,1,1.0
0,0,0.0
1,1,1.0
0,0,0.0014285714285714286
0,0,0.0025
1,1,0.9841666666666667
0,0,0.0
0,0,0.0
0,0,0.011000000000000001
0,0,0.004166666666666667
0,0,0.03516666666666666
0,0,0.008833333333333334
1,1,1.0
1,1,0.9817261904761904
0,0,0.002
1,1,0.9966666666666666
0,0,0.026666666666666665
0,0,0.0
0,0,0.0
0,0,0.002
1,1,0.9639404761904763
1,1,1.0
1,1,1.0
0,0,0.0
0,0,0.005
1,1,1.0
0,0,0.0022500000000000003
0,0,0.0
1,1,0.9866666666666667
1,1,0.9915
0,0,0.0
0,0,0.02875
0,0,0.0
0,0,0.0
1,1,0.9752976190476188
1,1,1.0
0,0,0.005
1,1,0.985
0,0,0.11198809523809525
0,0,0.17007142857142857
1,1,0.9700833333333334
1,1,0.9975
0,0,0.025750000000000002
1,1,1.0
1,1,1.0
0,0,0.0
0,0,0.0
1,1,1.0
0,0,0.0
0,0,0.0
1,1,0.995
1,1,1.0
0,0,0.01
1,1,1.0
0,0,0.33808928571428576
0,0,0.0008333333333333333
1,1,0.9975
1,1,0.995
0,0,0.0
0,0,0.4592142857142857
0,0,0.0
0,0,0.0
0,0,0.0
1,1,1.0
1,1,0.9483333333333333
0,0,0.0045000000000000005
0,1,0.6529226190476192
1,1,0.9933333333333334
1,1,1.0
1,1,0.995
1,1,1.0
1,1,0.99875
0,0,0.15644047619047616
0,0,0.0025
1,1,0.9016190476190475
0,0,0.0
0,0,0.0
0,0,0.09069047619047618
1,1,0.9854999999999999
1,1,1.0
0,0,0.0
0,0,0.0
1,1,0.9952500000000001
0,0,0.0
0,0,0.0
0,0,0.00375
0,0,0.005
0,0,0.0
1,1,0.998
1,1,1.0
1,1,0.995
1,1,0.995
1,1,0.9975
0,0,0.0025
0,0,0.0025
0,0,0.0
0,0,0.005
0,0,0.0
1,1,0.9990000000000001
1,1,0.8809166666666666
0,0,0.006666666666666666
0,0,0.013333333333333332
1,1,0.9975
0,0,0.005714285714285714
1,1,0.9958333333333335
1,1,1.0
1,1,0.96625
1,1,0.9935714285714287
1,0,0.4773690476190475
0,0,0.0
0,0,0.0
0,0,0.0
1,1,0.9895833333333333
1,1,1.0
0,0,0.0
1,1,0.8416309523809522
1,1,0.9975
0,0,0.0
0,0,0.0
1,1,0.9975
1,1,1.0
0,0,0.10249999999999998
0,0,0.0025
0,0,0.0045000000000000005
0,0,0.014499999999999999
0,1,0.9222380952380952
1,1,0.9545
1,1,0.9177500000000001
1,1,0.9869999999999999
0,0,0.004999999999999999
0,0,0.0
1,1,0.691452380952381
1,1,1.0
1,1,0.9975
0,1,0.7770238095238095
0,0,0.0
1,1,0.99875
1,1,0.9985714285714287
0,0,0.02066666666666667
0,0,0.0
0,0,0.0
0,0,0.0
0,0,0.0
1,1,0.99875
1,1,1.0
1,1,0.9423333333333334
0,0,0.001
1,1,1.0
0,0,0.0
1,1,0.99875
1,1,0.995
1,1,0.99
1,1,0.9870833333333333
0,0,0.0
0,0,0.0
0,0,0.009166666666666667
1,1,1.0
0,0,0.0
1,1,1.0
1,1,1.0
1,1,1.0
1,1,1.0
1,0,0.02708333333333333
1,1,1.0
1,1,1.0
0,0,0.0
1,1,0.9916666666666666
1,1,0.9875
0,0,0.0
1,1,0.9897499999999999
1,1,0.9966666666666667
1,1,0.9743333333333334
1,1,0.9983333333333333
1,1,0.98875
0,1,1.0
1,1,1.0
1,1,0.98625
1,1,0.9174166666666665
1,1,1.0
0,0,0.0
0,0,0.24517857142857138
1,1,1.0
1,1,0.99875
0,0,0.005
1,1,0.9571666666666667
0,0,0.00625
0,0,0.0
1,1,0.9766666666666667
0,0,0.0125
1,1,1.0
1,1,0.9966666666666666
1,1,0.9944999999999999
0,0,0.0
0,0,0.005
0,0,0.0
1,1,0.993452380952381
1,1,0.9983333333333333
1,1,0.9983333333333333
0,0,0.004642857142857143
0,0,0.0
0,0,0.0025
0,0,0.014607142857142858
1,1,0.9926666666666667
1,1,1.0
0,0,0.0
0,0,0.006749999999999999
0,0,0.0
1,1,1.0
1,1,1.0
1,1,1.0
0,0,0.0
0,0,0.20425000000000004
1,1,0.995
1,1,0.9933333333333334
0,0,0.01916666666666667
1,1,0.995
0,0,0.0
1,1,1.0
0,0,0.00125
1,1,0.997
0,0,0.0
0,0,0.0
0,0,0.0
1,1,0.9268571428571429
0,0,0.019345238095238092
1,1,1.0
1,1,1.0
0,0,0.06787499999999999
1,1,0.9975
0,0,0.029142857142857147
1,1,0.995
0,0,0.0
0,1,0.7228333333333335
1,1,1.0
1,1,1.0
1,1,0.6568988095238094
0,0,0.0
0,0,0.04558333333333333
1,1,0.9983333333333333
1,1,0.995
1,1,0.8532500000000001
0,0,0.006666666666666666
1,1,0.9990000000000001
0,0,0.0
1,1,0.9852777777777777
1,1,0.995
0,1,0.9138333333333333
0,0,0.0
1,1,0.9960833333333333
1,1,0.9915
1,1,0.986
1,1,1.0
1,1,1.0
1,1,0.9983333333333334
1,1,0.9966666666666667
0,0,0.0
0,0,0.41997619047619056
0,0,0.0
1,1,0.9703333333333333
1,1,1.0
1,1,0.6824563492063492
0,0,0.0175
0,0,0.003333333333333333
1,1,1.0
1,1,1.0
0,0,0.0
0,0,0.0
0,0,0.0
0,0,0.0016666666666666666
0,0,0.006666666666666666
0,0,0.011666666666666665
0,1,0.7376607142857142
0,0,0.0
0,0,0.02075
1,1,1.0
0,0,0.0
1,1,0.995
1,1,0.9990000000000001
1,1,1.0
1,1,0.9244166666666667
0,0,0.0025
0,0,0.002
1,1,0.8277916666666667
0,0,0.0055000000000000005
0,0,0.0
1,1,1.0
1,1,0.9862499999999998
1,1,1.0
1,1,0.995
0,0,0.0
1,1,1.0
1,1,0.7580357142857141
0,0,0.00375
1,1,0.5817738095238095
0,0,0.0
1,1,0.9214880952380955
1,1,0.9925
0,0,0.0
1,1,1.0
0,0,0.0
1,1,0.9966666666666667
0,0,0.0016666666666666666
0,1,0.5404166666666667
1,1,0.9990000000000001
1,1,0.9865
1,1,1.0
0,0,0.008333333333333333
0,0,0.42365476190476203
0,0,0.0
0,0,0.20133333333333334
0,0,0.015
0,0,0.0
0,0,0.32075000000000004
1,1,0.98725
0,0,0.0
1,1,1.0
0,0,0.38575
0,0,0.0
0,0,0.0
1,1,1.0
1,1,0.7913749999999999
1,1,0.9561666666666666
0,0,0.0
0,0,0.02
0,0,0.0
1,1,0.7225357142857142
1,1,0.9733333333333333
0,0,0.0
1,1,0.9983333333333333
1,1,0.9297500000000001
0,0,0.0
1,1,1.0
1,1,0.9786825396825398
0,0,0.0
0,0,0.007053571428571428
1,1,0.9958333333333335
0,0,0.0
0,0,0.006666666666666666
0,0,0.0
0,0,0.0
1,1,1.0
1,1,0.9992857142857143
1,1,0.9779166666666668
0,1,0.5838611111111112
0,0,0.0
1,1,0.9925
1,1,0.9840000000000001
0,0,0.0
1,1,0.9758333333333336
0,0,0.0
0,0,0.03325
1,1,1.0
0,0,0.009583333333333333
0,0,0.101875
1,1,1.0
0,0,0.0
0,0,0.0125
0,0,0.01913095238095238
1,1,0.8317440476190474
0,0,0.01
0,0,0.0035416666666666665
0,0,0.005
1,1,0.9665714285714286
0,0,0.0
1,1,0.995
0,0,0.0
0,0,0.0
0,0,0.015333333333333332
1,1,1.0
0,0,0.0
0,0,0.05683333333333333
1,1,1.0
1,1,0.925470238095238
1,1,1.0
1,1,0.9173809523809524
0,0,0.0
1,1,0.8714880952380952
1,1,0.9784583333333333
1,1,1.0
1,1,1.0
0,0,0.0
1,1,0.96525
0,0,0.10885714285714285
1,1,0.99875
0,0,0.0045000000000000005
0,0,0.0
0,0,0.006166666666666667
0,0,0.0
0,0,0.0
1,1,0.9975
1,1,0.9720833333333333
1,1,1.0
1,1,0.9806726190476189
0,0,0.0
1,1,0.9487857142857143
0,0,0.0
0,0,0.0
0,0,0.005
0,0,0.0
1,1,1.0
1,1,0.8904166666666667
1,1,1.0
0,0,0.0055000000000000005
0,0,0.0
1,1,0.9716666666666665
1,1,0.995
0,0,0.006666666666666666
1,1,0.995
1,1,1.0
0,0,0.004166666666666667
0,0,0.0
0,0,0.0
0,0,0.0
1,1,1.0
0,0,0.15302777777777773
0,0,0.006833333333333334
1,1,1.0
1,1,0.9975
1,1,1.0
1,1,1.0
0,0,0.005
0,0,0.0
1,1,0.8686190476190478
0,0,0.0
0,0,0.09291666666666666
1,1,1.0
1,1,0.98775
1,1,1.0
1,1,0.9990000000000001
1,1,1.0
1,1,1.0
1,1,0.9940000000000001
1,1,1.0
0,0,0.0
0,0,0.0
1,1,1.0
0,0,0.005
1,1,0.9945833333333334
1,1,0.9552499999999998
1,1,0.997
1,1,0.8995714285714286
1,1,0.9975
0,0,0.02
1,1,0.9703333333333335
0,0,0.0
0,0,0.005
1,1,0.9969047619047618
1,1,0.9239166666666666
0,0,0.0
0,0,0.0
1,1,0.8778333333333335
0,0,0.0
0,0,0.023690476190476192
1,1,1.0
1,1,1.0
0,0,0.0
0,0,0.0
1,1,1.0
0,0,0.0
1,0,0.0
1,1,0.649922619047619
1,1,1.0
1,1,1.0
1,1,0.9533611111111111
0,0,0.0
1,1,1.0
0,0,0.0
1,1,1.0
1,1,1.0
1,1,1.0
1,1,1.0
1,1,1.0
0,0,0.0
1,1,1.0
1,1,0.9898333333333333
1,1,1.0
1,1,0.996
0,0,0.0
1,1,1.0
0,0,0.00125
0,0,0.0
0,0,0.0
0,0,0.0
0,0,0.006666666666666666
0,0,0.015
0,0,0.0
1,1,1.0
1,1,0.9975
0,0,0.005333333333333333
0,0,0.0125
1,1,0.996
1,1,0.9601547619047619
0,0,0.0
1,1,0.8720595238095238
0,0,0.010833333333333335
0,0,0.0014285714285714286
1,1,0.9916666666666667
0,0,0.00125
0,0,0.0
1,1,0.9975
0,0,0.0
1,1,1.0
1,1,1.0
0,0,0.0
0,0,0.0
1,1,1.0
1,1,1.0
0,0,0.0
1,1,0.9975
0,0,0.0
0,0,0.026309523809523803
1,1,0.99675
0,0,0.005416666666666666
1,1,1.0
0,0,0.011666666666666665
1,1,1.0
1,1,0.9966666666666667
0,0,0.0021428571428571425
1,1,0.9933333333333334
0,0,0.005
0,0,0.006571428571428572
1,1,1.0
0,0,0.0
0,0,0.11741666666666668
0,0,0.0
1,1,0.9983333333333333
0,0,0.0
1,1,0.9649999999999999
0,0,0.0075
1,1,0.972111111111111
0,0,0.0
0,0,0.0
1,1,0.7047142857142855
0,0,0.04141666666666666
1,1,0.9765952380952381
0,0,0.0
1,1,0.761410714285714
0,0,0.005
1,1,1.0
0,0,0.0
1,1,0.99625
1,1,0.9991666666666665
0,0,0.0
1,1,0.9311666666666665
1,1,0.9804166666666667
0,0,0.01769047619047619
0,0,0.0
0,0,0.0
1,1,0.99
0,0,0.0
1,1,1.0
0,0,0.0
1,1,1.0
1,1,0.978
1,1,1.0
0,0,0.0
1,1,0.9977083333333333
0,0,0.0016666666666666666
1,1,1.0
0,0,0.0
1,1,0.9118095238095237
1,1,1.0
1,1,0.96
1,1,1.0
0,0,0.0
1,1,0.9591666666666667
1,1,0.9591666666666666
1,1,1.0
0,0,0.0
0,0,0.00125
1,1,0.9933333333333333
1,1,1.0
0,0,0.029166666666666664
0,0,0.008458333333333332
1,1,1.0
0,0,0.0
0,0,0.0
1,1,0.9524166666666666
0,0,0.0
1,1,1.0
0,0,0.0020833333333333333
1,1,0.8765000000000001
1,1,1.0
0,0,0.0
1,1,1.0
1,1,0.7306666666666668
1,1,0.9038869047619048
0,0,0.0
1,1,0.9473333333333334
0,0,0.0
0,0,0.0
0,0,0.0
1,1,0.9958333333333331
1,1,0.9853333333333333
1,1,0.997
0,0,0.001
0,0,0.04775
1,1,0.9933333333333333
1,1,0.9883333333333332
1,1,0.995
0,0,0.0
1,1,1.0
1,1,0.8912738095238094
1,1,0.9469166666666666
1,1,1.0
1,1,1.0
1,1,1.0
0,0,0.026654761904761907
1,1,0.9419464285714285
1,1,1.0
0,0,0.004
0,0,0.0
1,0,0.06283928571428571
0,0,0.0
0,1,0.5990000000000001
0,0,0.0
1,1,1.0
0,0,0.005
0,0,0.15185714285714286
1,1,1.0
0,0,0.051708333333333335
0,0,0.0021428571428571425
1,1,0.9388690476190474
0,0,0.004166666666666667
0,0,0.0
1,1,1.0
1,1,0.8661190476190477
1,1,0.988
0,0,0.0
1,1,0.9795
1,1,0.995
0,0,0.0
1,1,0.99125
1,1,1.0
0,0,0.001
1,1,0.9975
1,1,0.9975
0,0,0.0
0,0,0.0
1,1,0.7666250000000001
1,1,1.0
0,0,0.0
1,1,1.0
1,1,1.0
1,1,1.0
1,1,0.9117976190476191
1,1,0.9922738095238097
0,0,0.47891865079365076
0,0,0.0025
1,1,1.0
0,0,0.0
1,1,0.9948214285714286
1,1,0.9715833333333334
0,0,0.01
1,1,0.995
0,0,0.0
1,1,0.8903511904761905
0,0,0.0
0,0,0.0
1,1,0.7915833333333334
1,1,1.0
0,0,0.016
1,1,1.0
1,1,1.0
0,0,0.03372619047619048
0,0,0.0
0,0,0.0025
0,0,0.0
1,1,0.9174285714285715
1,1,1.0
1,1,1.0
0,0,0.02083333333333333
1,1,0.9441944444444446
0,0,0.0
1,1,0.99
1,1,0.99375
1,1,0.9834999999999999
0,0,0.0
0,0,0.0
0,0,0.0
0,0,0.0
1,1,0.985
1,1,0.99125
1,1,1.0
0,0,0.03207142857142856
1,1,0.9607261904761902
1,1,0.8703333333333334
1,1,0.995
0,0,0.0
0,0,0.0
0,0,0.00775
1,1,1.0
0,0,0.0
1,1,0.9854999999999999
1,1,0.9896666666666667
0,0,0.0
1,1,0.9355
0,0,0.0
0,0,0.0008333333333333333
1,1,1.0
0,0,0.0
0,0,0.0
0,0,0.0
0,0,0.0
1,1,0.995
0,0,0.0
1,1,1.0
0,0,0.0
0,0,0.00125
0,0,0.0
0,0,0.11967857142857141
1,1,0.9945833333333333
0,0,0.0
1,0,0.16716666666666666
1,1,1.0
0,0,0.0
0,0,0.0
0,0,0.006666666666666666
1,1,0.9666666666666666
1,1,0.9940000000000001
1,1,0.995
0,0,0.0
1,1,1.0
0,0,0.005
0,0,0.0
1,1,1.0
0,0,0.0
1,1,0.9766071428571428
0,0,0.0
1,1,0.790845238095238
1,1,1.0
0,0,0.0
1,1,1.0
1,1,0.9983333333333333
0,0,0.0
1,1,0.9925
0,0,0.0
0,0,0.0
0,0,0.01
1,1,0.816047619047619
1,1,0.9983333333333334
1,1,1.0
0,0,0.025249999999999998
0,0,0.0075
0,1,0.9879166666666667
1,1,1.0
0,0,0.005
0,0,0.20832738095238096
0,1,0.959857142857143
0,0,0.0
1,1,0.97
1,1,0.99375
1,1,0.9952500000000001
0,0,0.0
0,0,0.0
0,0,0.0
0,0,0.021
0,0,0.0
1,1,0.7528928571428573
1,1,1.0
0,0,0.0
1,1,0.9908333333333335
1,1,1.0
1,1,0.995
1,1,0.9833333333333334
0,0,0.00625
0,0,0.0
0,0,0.01
0,0,0.0
0,0,0.328297619047619
1,1,1.0
0,0,0.0
0,0,0.0
0,0,0.0
1,1,0.99
1,1,1.0
1,1,0.9564166666666665
1,1,1.0
0,0,0.0
1,1,1.0
0,0,0.0
1,1,0.7933690476190476
0,0,0.0
0,0,0.08241666666666665
0,0,0.016833333333333332
1,1,1.0
1,1,1.0
0,0,0.0
0,0,0.0
0,0,0.0
0,0,0.0075
0,0,0.0
1,1,0.8649107142857142
0,0,0.01
0,0,0.0
1,1,0.9949999999999999
1,1,1.0
0,0,0.015
1,1,0.978
1,0,0.285952380952381
0,0,0.0
1,1,1.0
1,0,0.3380654761904762
1,1,0.9983333333333334
1,1,0.9096666666666665
0,0,0.0
0,0,0.005
1,1,1.0
1,1,0.9933333333333333
0,0,0.0
0,0,0.0
1,1,1.0
0,0,0.0
1,1,0.9975
0,0,0.07035714285714287
0,0,0.4675714285714287
1,1,0.99875
0,0,0.01625
1,1,1.0
0,0,0.005
0,0,0.002
1,1,0.9613214285714285
1,1,0.9823333333333334
1,1,0.9626666666666667
0,0,0.21486904761904765
1,1,0.9048214285714284
0,0,0.011607142857142856
0,0,0.0
1,1,0.883845238095238
0,0,0.01
0,0,0.0
0,0,0.0
1,1,1.0
1,1,0.9700833333333333
1,1,1.0
0,0,0.06326190476190477
1,1,1.0
1,1,0.9873214285714286
0,1,0.9789880952380954
1,1,0.9595
0,0,0.001
0,0,0.0
1,1,1.0
1,1,0.9966666666666666
0,0,0.10383333333333333
1,1,1.0
1,1,0.9965
1,1,0.9916666666666667
1,1,0.9456190476190477
0,0,0.08423809523809522
1,1,1.0
1,1,1.0
0,0,0.00625
1,1,0.8540000000000001
1,1,0.9309999999999999
0,0,0.017833333333333333
0,0,0.0016666666666666666
0,0,0.0
1,1,1.0
1,1,0.9695833333333335
1,1,0.8770833333333333
0,0,0.0
1,1,0.9670833333333333
0,0,0.017214285714285713
1,1,0.9556666666666667
0,0,0.020583333333333335
1,1,0.9833333333333333
0,0,0.003333333333333333
0,0,0.0
1,1,1.0
1,1,0.9878333333333333
0,0,0.026071428571428572
0,0,0.0
0,0,0.0
1,1,0.9966666666666666
1,1,0.8783333333333333
0,0,0.004166666666666667
1,1,1.0
1,1,1.0
0,0,0.003333333333333333
1,1,0.9879166666666667
0,0,0.0
0,0,0.0
0,0,0.0016666666666666666
0,0,0.0
0,0,0.005
0,0,0.0016666666666666666
0,0,0.0
1,1,0.99375
0,0,0.0
0,0,0.0
1,1,1.0
0,0,0.0
1,1,0.9883333333333333
1,1,0.963
0,0,0.0
1,1,0.8817023809523811
1,1,0.9966666666666667
0,0,0.04351190476190477
0,0,0.0
0,0,0.02
0,0,0.03141666666666667
0,0,0.0
1,1,1.0
1,1,1.0
0,1,0.563
1,1,0.9990000000000001
0,0,0.008333333333333333
0,0,0.21916666666666668
0,0,0.0
1,1,0.9983333333333334
0,0,0.0
1,1,1.0
0,0,0.014333333333333333
0,0,0.0
0,0,0.0
1,1,1.0
0,0,0.0
1,1,0.9774761904761904
0,0,0.005
1,1,1.0
1,1,1.0
0,0,0.002857142857142857
1,1,0.7530943223443224
0,0,0.0
1,1,0.9670833333333333
1,1,0.99875
0,0,0.0
0,0,0.011416666666666665
1,1,0.985
1,1,1.0
1,1,1.0
0,0,0.0
1,1,1.0
0,0,0.15196428571428566
0,0,0.0
1,1,1.0
0,0,0.23391666666666663
1,1,1.0
0,0,0.22517857142857142
1,1,1.0
0,0,0.0025
1,1,1.0
0,0,0.0
0,0,0.0
0,0,0.0
1,1,0.9345833333333334
0,0,0.0
0,0,0.0
1,1,0.9801904761904762
0,0,0.0
1,1,0.9753571428571429
0,0,0.008333333333333333
1,1,1.0
1,1,1.0
1,1,1.0
0,0,0.014523809523809524
0,0,0.001
1,1,0.9766666666666667
1,1,0.9526666666666667
0,0,0.01
1,0,0.0
0,0,0.018333333333333333
1,1,1.0
0,0,0.005
0,0,0.022416666666666668
0,0,0.0
0,0,0.005
0,0,0.0
1,1,0.9888690476190476
0,0,0.0
1,1,0.9553809523809523
0,0,0.0
1,1,1.0
1,1,1.0
0,0,0.003333333333333333
0,0,0.005
1,1,1.0
0,0,0.005
0,0,0.27915476190476185
0,0,0.0
0,0,0.0
1,1,0.9854166666666667
1,1,0.99125
1,1,1.0
0,0,0.008333333333333333
1,1,0.9820833333333333
1,1,0.7588968253968253
1,1,0.995
1,1,1.0
1,1,1.0
0,0,0.0
1,1,1.0
0,0,0.0
1,1,1.0
0,0,0.0
0,0,0.0
1,1,1.0
0,0,0.01125
0,0,0.0014285714285714286
0,0,0.18273214285714284
1,1,0.6547202380952382
1,1,0.8577202380952383
1,1,0.9925
1,1,0.99875
1,1,1.0
0,0,0.10051785714285714
0,0,0.0
1,1,0.9572499999999999
0,0,0.0
1,1,1.0
1,1,1.0
0,0,0.02855952380952381
0,0,0.01325
0,0,0.0
0,0,0.01
1,1,1.0
0,0,0.04051190476190476
1,1,0.9975
0,0,0.0
0,0,0.005
0,0,0.009107142857142857
0,0,0.0
0,0,0.0
1,1,1.0
1,1,1.0
1,1,0.9117500000000001
0,0,0.0
1,1,0.995
0,0,0.0
1,1,0.992
1,1,1.0
1,1,1.0
1,1,0.8957916666666667
1,1,0.9083333333333334
1,1,1.0
0,0,0.005
1,1,0.9251785714285714
1,1,0.99875
1,1,1.0
1,1,0.9658333333333333
0,0,0.0
0,0,0.0
1,1,1.0
0,0,0.0
1,1,1.0
1,1,1.0
0,0,0.004375
1,1,0.98625
0,0,0.005
1,1,1.0
1,1,0.9577500000000001
0,0,0.0
0,0,0.0
1,1,1.0
0,0,0.02541666666666667
0,0,0.0
1,1,1.0
0,0,0.10634523809523808
0,0,0.013000000000000001
0,0,0.24081547619047622
1,1,0.9871190476190475
0,0,0.0
0,0,0.0
1,1,0.99
0,0,0.48744047619047637
0,0,0.3416190476190477
1,1,0.9983333333333333
0,0,0.0025
0,0,0.0075
0,0,0.005
0,0,0.08461904761904762
1,1,0.5873611111111111
0,0,0.0
0,1,0.6955654761904764
1,1,1.0
1,1,1.0
0,0,0.037797619047619045
1,1,0.9983333333333333
1,1,1.0
1,1,1.0
0,0,0.0
0,0,0.003125
1,1,0.9778333333333333
1,1,0.985
0,0,0.012
1,1,0.9894166666666666
1,1,1.0
0,0,0.005
1,1,0.995
1,1,0.996
0,0,0.0
0,0,0.2519285714285714
1,1,0.9205952380952379
0,0,0.005
0,0,0.0
0,0,0.062125000000000014
1,0,0.476234126984127
0,0,0.0
1,1,0.9975
0,0,0.0
0,0,0.0075
0,0,0.0047619047619047615
1,1,1.0
0,0,0.0
0,0,0.013333333333333332
0,0,0.12687499999999996
0,0,0.0
1,1,1.0
0,0,0.0
1,1,0.9963333333333333
1,1,0.9386666666666666
1,1,1.0
1,1,1.0
1,1,1.0
1,1,0.9990000000000001
0,0,0.003333333333333333
0,0,0.0
1,1,0.9981666666666668
1,1,0.9975
0,0,0.2022857142857143
0,0,0.0
0,1,0.9315079365079366
1,1,0.9966666666666667
0,0,0.04417857142857143
0,0,0.25209523809523815
1,1,0.9928571428571429
0,0,0.0
1,1,1.0
1,1,1.0
0,0,0.013000000000000001
0,0,0.0
0,0,0.0
0,0,0.0
1,1,1.0
0,0,0.0686011904761905
1,1,1.0
1,1,0.9468154761904762
0,0,0.0
0,0,0.0
0,0,0.0
1,1,0.987
0,0,0.0
0,0,0.0
0,0,0.0
0,0,0.07275
1,1,0.9905952380952381
0,0,0.14654166666666663
1,1,1.0
1,1,0.9769166666666667
1,1,1.0
0,0,0.0125
1,1,1.0
0,0,0.0
1,1,1.0
1,1,1.0
1,1,0.9933333333333333
1,1,0.997
1,1,0.8652023809523809
1,1,0.9992857142857143
0,0,0.0
0,0,0.49964285714285706
0,0,0.0
1,1,1.0
1,1,0.9925
0,0,0.00125
0,0,0.2971309523809524
1,1,1.0
0,0,0.0
1,0,0.010166666666666666
0,0,0.005
0,0,0.0
1,1,0.992
1,1,0.9398214285714285
0,0,0.0
1,1,0.8495714285714284
1,1,1.0
0,0,0.00375
1,1,0.8523333333333332
0,0,0.0
1,1,0.9889047619047621
1,1,1.0
0,0,0.0
1,1,1.0
1,1,1.0
0,1,0.9009940476190476
1,1,0.9751190476190478
1,1,1.0
0,0,0.0
1,1,0.8990277777777778
0,0,0.15808333333333333
0,0,0.0
1,1,0.99875
1,1,0.9845833333333335
0,0,0.0
1,1,1.0
0,1,0.9178968253968253
0,0,0.0
0,0,0.004166666666666667
0,0,0.1727348484848485
1,1,1.0
1,1,1.0
1,1,0.7384285714285714
0,0,0.005
0,0,0.0
0,1,0.5948154761904763
1,1,1.0
1,1,0.995
0,0,0.0
0,1,0.6431190476190476
1,1,0.9975
0,0,0.0
1,1,0.993
1,1,0.9966666666666667
1,1,1.0
1,1,0.995
1,1,0.9966666666666667
1,1,1.0
0,0,0.0095
1,1,0.9289166666666668
0,0,0.0
1,1,0.9595833333333335
1,1,1.0
1,1,0.9545238095238094
0,0,0.0
0,0,0.0
0,0,0.004166666666666667
1,1,0.9525714285714285
1,1,0.9575595238095238
1,1,0.9945833333333334
0,0,0.0
0,0,0.0
1,1,1.0
1,1,0.9735833333333334
0,0,0.0
1,1,1.0
1,1,0.7147738095238094
1,1,0.9940714285714285
1,1,1.0
0,0,0.005
1,1,1.0
0,0,0.0
1,1,1.0
0,0,0.0
0,0,0.0
0,0,0.0
1,1,1.0
0,0,0.0
0,0,0.0
1,1,0.9818690476190476
0,0,0.006999999999999999
1,1,1.0
1,1,1.0
1,1,0.99875
1,1,0.9898333333333333
1,1,1.0
0,0,0.22825595238095236
0,0,0.005
0,1,0.9002103174603172
0,0,0.0
0,0,0.05741666666666667
0,0,0.0
1,1,0.995
1,1,1.0
1,1,1.0
1,1,0.995
0,0,0.0
1,1,1.0
0,0,0.001875
1,1,1.0
1,1,0.9966666666666667
0,0,0.014547619047619049
0,0,0.0
0,0,0.013541666666666667
1,1,0.589420634920635
0,0,0.12958333333333333
1,1,0.9925000000000002
1,1,1.0
0,0,0.0
1,1,0.995
0,0,0.0
1,1,0.9925
0,0,0.0
1,1,1.0
0,0,0.017428571428571425
1,1,1.0
1,1,1.0
1,1,1.0
0,0,0.0016666666666666666
0,0,0.06116666666666666
1,1,1.0
1,1,1.0
0,0,0.0
1,1,1.0
0,0,0.0
1,1,1.0
1,1,0.995
1,1,0.9921666666666666
0,0,0.0
0,0,0.003333333333333333
0,0,0.0
0,0,0.012416666666666666
0,0,0.45195238095238105
0,0,0.0
0,0,0.10180952380952381
1,1,1.0
1,1,0.633863095238095
1,1,0.9882500000000001
0,0,0.06041666666666667
0,0,0.0
1,1,0.995
0,0,0.0
1,1,1.0
0,0,0.00125
0,0,0.0
0,0,0.0
0,0,0.0
0,0,0.0
1,1,0.7318492063492065
0,0,0.0
1,1,0.99075
1,1,1.0
0,0,0.0
0,0,0.0
0,0,0.0
0,0,0.005
1,1,1.0
0,1,0.5124761904761904
1,1,0.996
1,1,0.9816666666666667
1,1,1.0
1,1,1.0
1,1,0.995
0,0,0.0
1,1,0.9738333333333334
1,1,0.98925
1,1,1.0
1,1,0.9990000000000001
1,1,0.5745952380952382
1,1,0.995
0,0,0.0
1,1,1.0
0,0,0.032178571428571424
1,1,0.9773333333333332
0,0,0.01
1,1,1.0
1,1,0.9864285714285714
1,1,1.0
0,0,0.1280595238095238
0,0,0.0
1,1,1.0
1,1,0.997
1,1,0.997
1,1,0.99875
1,1,0.9973333333333335
1,1,0.9699999999999999
1,1,0.7647499999999999
0,0,0.30177976190476186
1,1,0.9478333333333332
1,1,1.0
0,0,0.06016666666666667
1,1,0.9884999999999999
0,0,0.0
0,0,0.0
1,1,1.0
0,0,0.0
1,1,1.0
0,0,0.0
0,0,0.2535595238095238
0,1,0.9244761904761906
0,0,0.0
1,1,0.9917380952380952
0,0,0.0
1,1,0.995
0,0,0.009333333333333334
1,1,1.0
1,1,0.972
1,1,0.9983333333333334
0,0,0.013333333333333334
1,1,0.9664166666666667
1,1,0.9791666666666665
0,0,0.005833333333333333
1,1,1.0
0,0,0.0
1,1,0.9966666666666667
1,1,0.9469166666666667
0,0,0.0
1,1,0.9953333333333333
1,1,1.0
1,0,0.47227380952380954
0,0,0.0
1,1,1.0
1,1,0.9928571428571429
1,1,0.9816666666666667
0,0,0.003
0,0,0.0
0,0,0.4290277777777778
1,1,0.9673333333333334
0,0,0.0
1,1,1.0
1,1,0.9983333333333334
0,1,0.9764404761904761
0,0,0.005
1,1,0.97425
1,1,1.0
0,0,0.00125
1,1,0.9731666666666666
0,0,0.01
0,0,0.015833333333333335
1,0,0.060083333333333336
1,1,0.98625
1,1,0.9966666666666667
1,1,0.991
1,1,0.9858392857142857
1,1,1.0
0,0,0.0
0,0,0.005
1,1,0.9903333333333333
1,1,1.0
0,0,0.0
1,1,1.0
0,0,0.0
1,1,0.9975
0,0,0.02
0,0,0.0
0,1,0.7493869047619051
1,1,1.0
1,1,0.9954166666666667
1,1,1.0
1,1,1.0
1,1,1.0
1,0,0.008142857142857143
1,1,1.0
1,1,1.0
0,0,0.0
1,1,0.9615714285714286
1,1,1.0
1,1,0.9935714285714287
0,0,0.0
1,1,1.0
1,1,1.0
1,1,1.0
0,0,0.015
0,1,0.7824523809523809
1,1,0.8852261904761904
0,0,0.0047619047619047615
0,0,0.0
0,0,0.0
1,1,0.9983333333333334
0,0,0.03653571428571428
0,0,0.0
0,0,0.005238095238095239
0,0,0.0
1,1,1.0
1,1,0.9404126984126984
0,0,0.013785714285714285
1,1,1.0
1,1,0.8933214285714286
0,0,0.002
0,0,0.0
0,0,0.09091269841269842
0,0,0.0
0,0,0.0
1,1,0.9975
1,1,0.9898333333333333
0,0,0.0016666666666666666
0,0,0.0
0,0,0.015
0,0,0.03138095238095238
1,1,0.7977857142857142
1,1,0.9807380952380952
1,1,1.0
1,1,0.9931666666666668
0,0,0.005
1,1,0.99875
1,1,1.0
0,0,0.0
1,1,0.9883333333333334
1,1,1.0
0,0,0.0
1,0,0.3920297619047619
0,0,0.038642857142857145
1,1,0.9319642857142856
1,1,1.0
1,1,1.0
0,0,0.006845238095238094
1,1,0.9925
1,1,0.9846428571428573
1,1,0.9587380952380952
1,1,0.995
0,0,0.0
0,0,0.14124999999999996
0,0,0.0
1,1,1.0
1,1,0.9990000000000001
0,0,0.0
0,0,0.0
0,0,0.00125
1,1,1.0
0,0,0.0
1,1,0.9883333333333333
0,0,0.0
1,1,0.96125
0,0,0.0
0,0,0.0
0,0,0.0
0,0,0.0
1,1,0.973583333333333
0,1,0.8445992063492064
0,0,0.0
1,1,0.9300119047619048
0,0,0.0
1,1,0.9902380952380951
1,1,0.9655
0,0,0.01
1,1,0.9975
1,1,0.9377678571428573
1,1,0.995
0,0,0.0
1,1,1.0
1,1,1.0
0,0,0.0
0,0,0.06766666666666665
1,1,0.9821666666666665
0,0,0.005
1,1,1.0
1,1,1.0
1,1,1.0
0,0,0.0
1,1,1.0
0,0,0.01
0,0,0.0
0,0,0.0
0,0,0.0
1,1,0.9888333333333332
0,0,0.0
1,1,1.0
0,0,0.0
0,0,0.005
0,0,0.0851904761904762
0,0,0.06258333333333332
1,1,0.995
1,1,0.9975
1,1,0.9764166666666667
1,1,0.8504999999999999
1,1,0.99625
0,1,0.5003571428571428
0,0,0.0
0,0,0.0
1,1,1.0
0,1,0.930261904761905
1,1,1.0
1,1,0.8082023809523813
1,1,1.0
0,0,0.16291666666666668
0,0,0.005
0,0,0.13196915584415583
0,0,0.0
1,1,0.9908333333333332
1,1,1.0
0,0,0.0
1,1,0.9846666666666666
1,1,1.0
0,1,0.6105952380952382
1,1,1.0
1,1,1.0
1,1,1.0
1,1,0.9762499999999998
0,0,0.48917857142857124
0,0,0.0
1,1,1.0
1,1,1.0
0,0,0.005
0,0,0.0
0,0,0.0125
0,0,0.005
0,0,0.0
0,0,0.0
1,1,1.0
0,0,0.1885238095238095
1,1,0.9888333333333332
0,0,0.003333333333333333
0,0,0.0
0,0,0.0
1,1,0.998
0,0,0.0
0,0,0.005
0,0,0.0
1,1,0.9588750000000001
0,0,0.0
1,1,0.8679761904761902
0,0,0.0
0,0,0.0
1,1,0.9966666666666666
1,1,0.8476785714285714
0,0,0.052738095238095244
0,0,0.1706309523809524
1,1,0.9983333333333334
1,1,1.0
1,1,0.998
0,0,0.0
1,1,0.99875
0,0,0.0
0,0,0.0014285714285714286
0,0,0.003
0,0,0.026428571428571426
0,0,0.09838095238095237
0,0,0.005416666666666666
0,0,0.05108333333333334
1,1,1.0
1,1,1.0
1,1,0.9838333333333332
1,1,0.9644880952380952
0,0,0.0016666666666666666
0,0,0.006666666666666666
0,0,0.003928571428571429
1,1,0.9928333333333333
1,1,1.0
1,1,0.9953749999999999
0,0,0.0
0,0,0.0
1,1,0.99875
0,0,0.02083333333333333
1,1,0.6792142857142855
0,0,0.001
1,1,0.9247916666666669
1,1,0.6850595238095236
1,1,1.0
1,1,0.9360238095238096
0,0,0.0
1,1,0.9372023809523811
1,1,0.7342261904761905
1,1,0.9983333333333333
1,1,1.0
1,1,0.9820833333333333
0,0,0.003333333333333333
0,0,0.005
0,0,0.0
1,1,0.9983333333333333
0,0,0.0
1,1,0.9966666666666667
1,1,1.0
1,1,1.0
0,0,0.0075
0,0,0.0016666666666666666
0,0,0.0
1,1,0.9916071428571428
0,0,0.0
1,1,1.0
0,0,0.0
0,0,0.0
0,0,0.019
0,0,0.02
1,1,1.0
1,1,0.967845238095238
1,1,0.9958333333333335
1,1,1.0
0,0,0.0
1,1,0.9729166666666668
0,0,0.40856547619047623
1,1,0.9267083333333334
0,0,0.3300357142857143
0,0,0.27580952380952384
0,0,0.0
0,1,0.5876071428571429
0,0,0.0
0,0,0.005
1,1,0.9925
0,0,0.0
1,1,0.9579166666666665
0,0,0.0
0,0,0.0
1,1,1.0
0,0,0.0
0,0,0.0
0,0,0.00875
1,1,0.9975
0,0,0.0
1,1,1.0
1,1,1.0
1,1,1.0
1,1,1.0
0,1,0.9015714285714286
0,1,0.5628511904761904
0,0,0.0
1,1,0.998125
0,0,0.0
1,1,0.7755238095238093
1,1,1.0
0,0,0.0
1,0,0.39590476190476187
0,1,0.9395595238095238
1,0,0.22991666666666674
0,0,0.0
1,1,1.0
0,0,0.0
1,1,0.8906130952380952
1,1,0.9975
0,0,0.0
1,1,1.0
0,0,0.007916666666666666
0,0,0.0
1,1,1.0
1,1,1.0
0,0,0.043250000000000004
0,0,0.028392857142857143
0,0,0.0
0,1,0.9554761904761905
1,1,0.9983333333333334
0,0,0.0
0,1,0.9766666666666666
1,1,0.9129999999999999
1,1,0.9765833333333334
1,1,0.9966666666666666
1,1,1.0
0,0,0.0
0,0,0.003333333333333333
0,1,0.6420595238095239
1,1,0.99375
0,0,0.0029166666666666664
1,1,1.0
1,1,0.9990000000000001
0,0,0.00125
1,1,1.0
0,0,0.004375
1,1,0.99
1,1,1.0
1,1,0.9915
1,1,1.0
0,0,0.1558333333333333
1,1,0.995
1,1,1.0
1,1,1.0
0,0,0.0
0,0,0.0016666666666666666
0,0,0.001
0,0,0.0
0,0,0.007142857142857143
0,0,0.3524880952380953
1,1,1.0
0,0,0.0008333333333333333
0,0,0.0
0,0,0.0
0,0,0.04875
1,1,0.9958333333333332
1,1,0.9472916666666665
1,1,1.0
0,0,0.0
0,0,0.005
0,0,0.0
1,1,1.0
0,0,0.09125
1,1,0.9719047619047619
1,1,1.0
1,1,0.9975
1,1,0.9958333333333332
1,1,1.0
1,1,1.0
0,0,0.008
1,1,0.9870833333333333
1,1,1.0
1,1,0.9945714285714286
1,1,1.0
0,0,0.0
0,0,0.0
1,1,0.9507222222222222
0,0,0.0020833333333333333
1,1,1.0
1,1,0.9485833333333332
0,0,0.04158333333333333
1,1,1.0
0,0,0.008083333333333333
0,0,0.0016666666666666666
0,0,0.0008333333333333333
1,1,0.988690476190476
1,1,0.9933333333333334
1,1,1.0
0,0,0.0
0,0,0.0
0,0,0.008
0,0,0.006999999999999999
1,1,0.995
1,1,1.0
0,0,0.005
0,0,0.0
0,0,0.0
1,1,0.9925
1,1,1.0
0,0,0.005
1,1,0.9584166666666667
0,0,0.0
0,0,0.3264761904761905
0,0,0.028666666666666663
0,0,0.0
0,0,0.005
0,0,0.0
1,1,0.6293214285714286
1,1,1.0
1,1,1.0
0,0,0.0
0,0,0.0
1,0,0.39633333333333326
0,0,0.001
0,0,0.0
1,1,0.9967857142857143
1,1,0.814
1,1,1.0
0,0,0.005
1,1,0.948125
0,0,0.0
1,1,0.9985714285714287
0,0,0.00125
0,0,0.11978571428571427
1,1,0.99875
1,1,1.0
1,1,1.0
0,0,0.10305952380952381
1,1,0.9983333333333333
0,0,0.0
1,1,1.0
0,0,0.0
1,0,0.2919583333333334
1,1,1.0
0,0,0.0
1,1,1.0
1,1,0.7995952380952379
1,1,0.7919523809523811
0,0,0.08325595238095237
1,1,0.995
1,1,1.0
1,1,0.8708333333333336
1,1,0.998
1,1,1.0
1,1,1.0
1,1,0.9668452380952381
1,1,1.0
1,1,0.995
0,0,0.0025
1,1,0.9966666666666667
0,0,0.10557142857142857
0,0,0.249265873015873
1,1,0.812702380952381
0,0,0.0
0,0,0.0
1,1,1.0
0,0,0.0
0,0,0.0
1,1,1.0
0,0,0.0
0,0,0.03833333333333333
0,0,0.0
0,0,0.3027083333333333
1,1,0.9966666666666667
0,0,0.054553571428571444
0,0,0.008
0,0,0.005
0,0,0.0
0,0,0.0
0,0,0.045
0,0,0.09066666666666665
1,1,0.6927202380952384
0,0,0.0
1,1,1.0
1,1,0.9941666666666668
1,1,0.9983333333333334
1,1,0.9817857142857143
0,0,0.0
1,1,0.9198769841269844
0,0,0.0
0,0,0.0
1,1,0.98375
1,1,0.99
1,0,0.4228392857142856
1,1,1.0
1,1,1.0
0,0,0.0
1,1,0.8968809523809527
0,0,0.0
1,1,0.9332499999999999
1,1,1.0
0,0,0.001
0,0,0.005
1,1,0.5922857142857144
1,1,0.9390000000000001
1,1,0.9159285714285715
0,0,0.013571428571428573
0,0,0.06652380952380953
1,1,1.0
1,1,0.9975
0,0,0.0
0,0,0.33302380952380956
1,1,1.0
0,0,0.03858333333333333
0,0,0.004166666666666667
0,0,0.002
1,1,1.0
1,1,1.0
0,0,0.3634841269841271
1,1,0.8530000000000001
1,1,0.99
0,0,0.002
1,1,0.9780833333333334
1,1,1.0
0,0,0.24300595238095235
1,1,0.9762261904761905
0,0,0.02192857142857143
1,1,1.0
1,1,0.9360833333333334
0,0,0.0
0,0,0.0
1,1,1.0
0,0,0.0
0,0,0.0
1,1,0.9183333333333333
1,1,0.9738452380952382
0,0,0.0829761904761905
0,0,0.0
0,0,0.084
1,1,1.0
1,1,1.0
1,1,0.9752976190476188
1,1,0.9688333333333332
1,1,0.9933333333333334
0,0,0.0025
0,0,0.010833333333333335
1,1,1.0
1,1,0.6938809523809524
1,1,1.0
1,1,0.9741666666666666
1,1,1.0
1,1,1.0
0,0,0.0
0,0,0.397125
0,0,0.0
1,0,0.37222023809523813
1,1,1.0
1,1,1.0
1,0,0.37626190476190474
0,0,0.0
1,1,0.8182023809523811
1,1,1.0
1,1,0.9929166666666667
1,1,1.0
1,1,0.8753591269841269
1,1,1.0
0,0,0.013999999999999999
1,1,0.7883273809523811
1,1,0.995
1,1,0.921452380952381
1,1,0.8595
1,1,0.9940000000000001
1,1,0.9954166666666667
0,0,0.020666666666666663
1,1,0.995
1,1,1.0
1,1,1.0
0,0,0.0011111111111111111
1,1,1.0
1,1,1.0
0,0,0.0
1,1,0.9990000000000001
0,0,0.001
0,0,0.0030952380952380953
0,0,0.0
1,1,1.0
1,1,0.9891666666666667
1,1,0.9975
1,1,1.0
0,0,0.0
0,0,0.0
0,0,0.008333333333333333
1,1,1.0
0,0,0.0
0,0,0.4375813492063492
0,0,0.030875
1,1,1.0
0,0,0.0305
1,1,0.9584285714285714
0,0,0.005
0,0,0.0
1,1,0.9956666666666666
0,0,0.0
0,0,0.0
1,1,0.9990000000000001
0,0,0.014499999999999999
0,0,0.0
0,0,0.005
1,1,0.99625
0,1,0.7895178571428574
1,1,0.8913095238095238
0,0,0.0
0,0,0.0
0,0,0.0779404761904762
0,0,0.24984523809523812
1,1,0.9958333333333335
0,0,0.015
0,0,0.0
1,1,1.0
0,0,0.0
0,0,0.0
1,1,0.9925
0,0,0.07642857142857143
0,1,0.8268928571428572
0,0,0.00375
1,1,1.0
1,1,0.9983333333333333
1,1,0.99875
0,0,0.06885714285714287
0,0,0.003333333333333333
1,1,1.0
1,1,1.0
1,1,0.9915714285714285
1,1,0.99625
0,0,0.0
1,1,1.0
1,1,1.0
0,0,0.013154761904761905
1,1,0.99875
0,0,0.0
0,0,0.0
1,1,1.0
1,1,1.0
1,1,1.0
1,1,0.9875
0,0,0.0
1,1,0.9975
0,0,0.0
1,1,1.0
1,1,0.9804999999999999
1,1,1.0
0,0,0.02
1,1,1.0
1,1,0.995
0,0,0.0
0,0,0.0
1,1,1.0
0,0,0.0
1,1,1.0
1,1,0.9534523809523808
0,0,0.0075
1,1,1.0
0,0,0.001
0,0,0.09410714285714285
0,0,0.055011904761904755
1,1,0.995
0,0,0.003333333333333333
1,1,0.995
0,0,0.0
1,0,0.32350000000000007
1,1,1.0
1,1,0.9884999999999999
1,1,0.9419166666666666
0,0,0.0
1,0,0.04616666666666667
0,0,0.0
0,0,0.0
0,0,0.0
1,1,1.0
0,0,0.0
0,0,0.004464285714285714
1,1,1.0
0,0,0.0
0,0,0.0
1,1,0.9967857142857143
1,1,0.9965
0,0,0.0025
0,0,0.005
1,1,1.0
0,0,0.004666666666666667
1,1,1.0
0,0,0.02929166666666667
1,1,1.0
1,1,1.0
0,0,0.03825
0,0,0.005
0,0,0.042083333333333334
0,0,0.01
0,0,0.0
1,1,0.96875
1,1,0.975
1,1,0.7418690476190477
1,1,0.9900833333333332
1,1,1.0
1,1,1.0
0,1,0.9032142857142855
0,0,0.0
1,1,1.0
0,0,0.01
1,1,1.0
0,0,0.0
0,0,0.0
1,1,0.9845833333333333
0,0,0.0
1,1,1.0
1,1,0.866821428571429
0,0,0.0
1,1,0.9147142857142856
0,0,0.01
0,0,0.0
0,0,0.0
1,1,0.9268333333333334
1,1,1.0
0,0,0.0315
1,1,0.7332261904761904
1,1,0.8031666666666666
0,0,0.0
1,1,0.9928333333333333
1,1,0.9831071428571428
0,0,0.00125
1,1,0.995
1,1,1.0
1,1,0.9149404761904762
1,1,0.9991666666666668
0,0,0.005
1,1,1.0
0,0,0.0
1,1,0.9983333333333334
1,1,1.0
0,0,0.005
0,0,0.0105
0,0,0.0
1,1,1.0
1,1,0.995
1,1,0.985
1,1,0.9395833333333333
0,0,0.0
0,0,0.0034999999999999996
1,1,1.0
1,1,0.9049880952380951
1,1,0.9771666666666667
0,0,0.0055000000000000005
0,0,0.0
0,0,0.0
0,0,0.0
0,0,0.0
1,0,0.0
0,0,0.003333333333333333
0,0,0.2651904761904762
0,0,0.0
0,0,0.0
0,0,0.0
0,0,0.0
0,0,0.0
0,0,0.27464285714285713
0,0,0.0
0,0,0.0
1,1,1.0
1,1,0.99
1,1,1.0
1,1,0.995
1,1,0.9990000000000001
1,1,1.0
0,0,0.0
1,1,0.8996785714285715
0,0,0.0
0,0,0.027750000000000004
1,1,0.9952500000000001
1,1,0.998
1,1,1.0
0,0,0.00875
1,1,0.9550119047619046
1,1,0.9933333333333333
0,0,0.005
0,0,0.0
1,1,0.9783690476190477
1,1,0.9890000000000001
1,1,1.0
1,1,0.7297500000000002
0,0,0.0
0,0,0.00625
1,1,0.995
0,0,0.02810714285714286
0,1,0.6132857142857142
0,0,0.0
1,1,0.8412857142857142
1,1,0.9990000000000001
1,1,1.0
0,0,0.0
0,0,0.0
0,0,0.07529761904761904
1,1,0.9741785714285713
0,0,0.0
1,1,1.0
1,1,0.8565714285714285
1,1,0.6829913419913418
0,0,0.005
0,0,0.0
1,1,0.9990000000000001
1,1,0.9923214285714286
1,1,1.0
1,0,0.41559523809523813
1,1,0.9245238095238095
1,1,1.0
1,1,1.0
0,0,0.0
0,0,0.04558333333333334
0,0,0.0
1,1,1.0
0,0,0.0
1,1,1.0
0,0,0.3314642857142857
1,1,1.0
1,1,0.9941666666666668
1,1,0.9958333333333335
1,1,0.9869166666666667
0,0,0.00125
1,1,0.9287500000000002
0,0,0.001
0,0,0.04566666666666666
1,1,0.9178750000000001
0,0,0.0
1,1,1.0
0,0,0.0
0,0,0.0
0,0,0.02
1,1,1.0
1,1,0.9653333333333335
1,1,1.0
0,1,0.7458690476190476
0,0,0.0
0,0,0.0
1,1,0.9866666666666667
1,1,0.9243214285714286
1,1,0.8846785714285714
0,0,0.0025
1,1,0.9975
1,1,1.0
0,0,0.0
0,0,0.24330952380952378
0,0,0.14954761904761907
1,1,0.99375
0,0,0.0
0,0,0.0
1,1,1.0
0,0,0.015
0,0,0.0
1,1,0.9920833333333334
0,0,0.0
1,1,0.9945
0,0,0.0
0,0,0.0
0,0,0.005
0,0,0.0
0,0,0.0
1,1,1.0
1,1,1.0
1,1,0.9918333333333332
0,0,0.0
0,0,0.001
0,0,0.005
0,0,0.023583333333333335
1,1,1.0
1,1,0.998
0,0,0.01575
0,0,0.005
1,1,1.0
0,0,0.0
0,0,0.0
1,1,1.0
1,1,0.9585833333333333
0,0,0.008333333333333333
0,0,0.015666666666666666
0,0,0.0
1,1,0.99875
1,1,0.995
1,1,0.8212440476190477
0,0,0.0
0,0,0.0
1,1,1.0
0,0,0.0
1,1,1.0
0,0,0.0
1,1,1.0
1,1,1.0
1,0,0.43001785714285695
1,1,0.7999285714285712
1,1,0.9946666666666667
1,1,1.0
0,0,0.0
1,1,1.0
0,0,0.005
0,0,0.0
0,0,0.0
1,1,1.0
0,0,0.0
1,1,0.9769583333333333
1,1,1.0
1,1,0.9396904761904763
1,1,1.0
1,1,0.995
0,0,0.0
1,1,1.0
0,0,0.09104166666666666
0,0,0.0
1,1,1.0
0,0,0.30117857142857135
1,1,1.0
1,1,1.0
1,1,0.6478809523809526
1,1,1.0
1,1,0.99625
0,0,0.0
1,1,0.99875
0,0,0.08482142857142856
1,1,1.0
1,1,0.9789166666666665
0,0,0.0
1,1,1.0
1,1,0.9933333333333334
0,0,0.0
1,1,1.0
0,0,0.06608333333333334
0,0,0.0
1,1,0.9530416666666668
1,1,1.0
1,1,1.0
0,0,0.0
0,0,0.0
0,0,0.0016666666666666666
1,1,0.9904166666666667
0,0,0.0
0,0,0.0
1,1,1.0
0,0,0.0
1,1,0.9975
1,1,0.9515
0,0,0.0
1,1,1.0
1,1,1.0
0,0,0.0
1,1,1.0
1,1,1.0
0,0,0.005
1,0,0.4365178571428572
1,1,0.991357142857143
1,1,0.9175
1,1,1.0
1,1,1.0
1,1,0.9774047619047619
1,1,0.9833333333333333
0,0,0.0
0,0,0.0030000000000000005
0,0,0.012321428571428572
0,0,0.0
1,1,1.0
0,0,0.011083333333333332
1,1,1.0
0,0,0.005
1,1,0.995
1,1,0.9966666666666667
0,0,0.3571607142857143
1,1,0.9890000000000001
1,1,0.9975
1,1,1.0
0,0,0.0
0,0,0.0
1,1,0.9975
0,0,0.011964285714285714
1,1,0.9950000000000001
1,1,0.99125
0,0,0.0
1,1,1.0
1,1,0.9891666666666667
1,1,0.8645833333333333
0,0,0.0
1,1,1.0
1,1,1.0
1,1,0.9535833333333333
0,0,0.0
0,0,0.0025
0,0,0.02
0,0,0.0
0,0,0.47473809523809524
0,0,0.0
0,0,0.0
1,1,0.995
0,0,0.0
1,1,0.9925
0,0,0.0
0,0,0.0
0,0,0.0
1,1,0.998
1,1,0.9960714285714286
1,1,1.0
0,0,0.0016666666666666666
1,1,0.9978571428571428
0,0,0.005
1,1,0.995
0,0,0.0
1,1,1.0
0,0,0.0820595238095238
1,1,1.0
0,0,0.0
0,0,0.028666666666666663
1,1,0.9825
1,1,1.0
0,0,0.0016666666666666666
1,1,0.9865833333333334
0,0,0.0
1,1,0.9941666666666668
0,0,0.016
0,0,0.0
1,1,1.0
1,1,0.918625
1,1,0.7837142857142861
1,1,0.795720238095238
0,0,0.025
1,1,0.9795833333333333
0,0,0.003
0,0,0.0
0,0,0.0016666666666666666
0,0,0.0
0,0,0.13604166666666664
0,0,0.1397261904761905
0,0,0.23949404761904755
1,1,0.9985714285714287
0,0,0.0
1,1,0.9975
0,0,0.0
0,0,0.01
0,0,0.0
0,0,0.005
0,0,0.0
0,0,0.0022500000000000003
0,0,0.0
0,0,0.3096488095238095
0,0,0.0
1,1,0.9983333333333334
1,1,0.995
0,0,0.0020833333333333333
1,1,1.0
0,0,0.0
0,0,0.00375
0,0,0.0
0,0,0.0
0,0,0.04758333333333334
0,0,0.13682142857142854
0,0,0.06541666666666666
0,0,0.0
1,1,0.9978571428571429
0,0,0.008571428571428572
1,1,0.9941666666666665
0,0,0.0
1,1,1.0
0,0,0.0
0,0,0.1381666666666667
1,1,0.9911666666666668
1,1,1.0
1,1,0.9699404761904763
1,1,0.9889166666666667
0,0,0.0
0,0,0.26654365079365083
1,1,0.717857142857143
0,0,0.0
0,0,0.0
0,0,0.0
1,1,1.0
0,1,0.5461071428571431
1,1,0.9983333333333333
1,1,1.0
0,0,0.003333333333333333
0,0,0.006833333333333334
1,1,1.0
0,0,0.0
1,1,0.995
0,0,0.0
1,1,1.0
0,0,0.003333333333333333
1,1,0.9273611111111109
0,0,0.0
0,0,0.0
0,0,0.004
1,1,0.9975
0,0,0.0
1,1,1.0
1,1,1.0
0,0,0.0
1,1,0.992
1,1,0.9760833333333333
1,1,1.0
0,0,0.0
0,0,0.0
1,1,1.0
1,1,0.9991666666666668
0,0,0.0
1,1,1.0
1,1,1.0
1,1,0.99
1,1,0.9762916666666668
1,1,0.6451785714285713
0,0,0.0
0,0,0.0
0,0,0.0
1,1,0.995
1,1,1.0
0,0,0.0
1,1,0.9866666666666666
0,0,0.10822619047619046
1,1,1.0
0,0,0.24375000000000008
0,0,0.0
0,0,0.0
0,0,0.0
1,1,1.0
1,1,0.9845238095238095
1,1,0.9713333333333333
0,0,0.0026666666666666666
0,0,0.0
0,0,0.00375
1,1,1.0
1,1,0.9975
1,1,1.0
1,1,1.0
0,1,0.826934523809524
1,1,1.0
0,0,0.0
1,1,1.0
1,1,0.9219166666666665
1,1,1.0
1,1,0.8647698412698414
1,1,1.0
1,1,0.7357142857142857
1,1,0.9804999999999999
0,0,0.00375
0,0,0.1825
1,1,1.0
0,0,0.0
1,1,0.99625
0,0,0.0
1,1,0.9632083333333334
1,1,0.9289285714285712
0,0,0.0
0,0,0.0
0,0,0.0
0,0,0.005
1,1,1.0
0,0,0.0
1,1,1.0
0,0,0.00375
0,0,0.013999999999999999
0,0,0.0
1,1,1.0
1,1,0.980625
1,1,0.9265714285714287
1,1,1.0
0,1,0.9629166666666668
0,0,0.1486547619047619
1,1,0.5633214285714285
0,0,0.0
1,1,1.0
0,0,0.0
0,0,0.008333333333333333
0,0,0.0
0,0,0.0
1,1,0.9771666666666668
0,1,0.5693769841269841
1,1,1.0
1,1,0.9815
0,0,0.0
1,1,0.9938571428571429
0,0,0.0
1,1,0.9966666666666666
0,0,0.035833333333333335
1,1,0.8904166666666664
1,1,1.0
1,1,0.975
1,1,1.0
1,1,1.0
0,0,0.16013690476190476
1,1,1.0
1,0,0.4519404761904763
0,0,0.19451190476190472
0,0,0.00625
1,1,1.0
0,0,0.07775
1,1,0.99875
0,0,0.0
0,0,0.015
1,1,1.0
1,1,1.0
0,0,0.12041666666666667
0,0,0.08871428571428572
0,0,0.0
0,0,0.0
0,0,0.08333333333333331
0,0,0.0
1,1,0.9975
1,1,1.0
1,1,0.995
1,1,1.0
0,0,0.001
1,1,0.9779166666666668
0,0,0.005
1,1,0.7225515873015873
1,1,1.0
1,1,0.99875
0,0,0.004583333333333333
0,0,0.0
1,1,1.0
0,0,0.0
0,0,0.4560357142857142
0,0,0.1216845238095238
0,0,0.0
0,0,0.0025
0,0,0.003333333333333333
0,0,0.0
0,0,0.0
1,1,1.0
1,1,0.9285595238095238
0,0,0.002
1,1,0.995
0,0,0.19529166666666664
0,0,0.0
0,0,0.33827380952380964
0,0,0.04708333333333333
1,1,1.0
1,1,0.99375
0,0,0.0
1,1,0.98
1,1,1.0
0,0,0.0
0,0,0.003333333333333333
1,1,1.0
1,1,1.0
0,0,0.0016666666666666666
0,0,0.001
1,1,0.9861666666666666
1,1,0.995
0,0,0.0
0,0,0.0
0,0,0.005
1,1,1.0
1,1,0.9673095238095238
0,0,0.0
1,1,1.0
0,0,0.0
0,0,0.0
0,1,0.5088869047619047
0,0,0.18242857142857144
1,1,0.9162857142857144
0,0,0.0
1,1,0.9970833333333334
0,0,0.29410714285714284
0,0,0.4265357142857143
1,1,0.9990000000000001
0,0,0.0
0,0,0.0
0,0,0.0
1,1,0.9966666666666667
0,0,0.005
1,1,0.998
0,0,0.01775
0,0,0.0
1,1,0.9950833333333332
1,1,0.8098333333333333
1,1,0.9297083333333334
1,1,0.9813333333333333
0,0,0.2513869047619048
1,1,1.0
1,1,0.99
0,0,0.015
1,1,1.0
1,1,0.8787023809523811
0,0,0.0
1,1,0.9279166666666666
0,0,0.0
1,1,0.8256964285714287
0,0,0.002
1,1,1.0
0,0,0.00125
1,1,0.9798333333333333
0,0,0.014285714285714285
0,1,0.8818750000000002
0,0,0.0
0,0,0.0
1,1,1.0
1,1,0.877190476190476
0,0,0.0
0,0,0.0
1,1,0.99875
1,1,0.995
0,0,0.0
0,0,0.0
1,1,1.0
1,1,0.9990000000000001
0,0,0.0
1,1,0.9981666666666668
0,0,0.0
0,0,0.10533225108225108
1,1,1.0
0,0,0.0
1,1,0.9891666666666667
0,0,0.0
0,0,0.006
0,0,0.027976190476190477
1,1,0.9491190476190478
0,0,0.00125
1,1,1.0
0,0,0.0
0,0,0.0
1,1,1.0
0,0,0.0030000000000000005
1,1,1.0
1,1,1.0
0,0,0.001875
1,1,0.9904999999999999
1,1,1.0
0,0,0.003
0,0,0.0
1,1,0.9866666666666667
0,0,0.0
1,1,1.0
1,1,0.9167857142857142
0,0,0.17976190476190473
1,1,0.9966666666666667
0,0,0.0
0,0,0.003333333333333333
1,1,1.0
1,1,0.995
0,0,0.3788333333333334
1,1,0.9160833333333334
1,0,0.4587698412698412
0,0,0.0
0,0,0.0
1,1,1.0
0,0,0.0
0,0,0.0
0,0,0.0
1,1,0.96075
0,0,0.0
1,1,0.9372380952380953
0,0,0.009583333333333333
1,1,1.0
1,1,0.9940000000000001
0,0,0.0
1,1,1.0
1,1,0.99425
0,0,0.0
1,1,0.98625
0,0,0.0
0,0,0.0
1,1,0.6290734126984125
0,0,0.0
1,1,0.995
1,1,0.9372500000000001
1,1,0.9955555555555555
0,0,0.0
0,0,0.0
1,1,0.8964166666666668
1,1,0.995
0,0,0.0
1,1,0.995
1,1,0.9745
0,0,0.0016666666666666666
1,1,1.0
1,1,1.0
0,0,0.03875
0,0,0.0
0,0,0.04396428571428571
0,0,0.0
1,1,0.9966666666666667
0,0,0.0025
1,1,0.995
0,0,0.005
1,1,0.9564166666666665
0,0,0.005
0,0,0.0
1,1,1.0
0,0,0.019595238095238096
1,1,0.99875
1,1,0.9726666666666667
1,1,1.0
1,1,1.0
0,0,0.0
1,1,1.0
0,0,0.0
0,0,0.0016666666666666666
1,1,0.8814166666666665
0,0,0.045
0,1,0.5697261904761904
0,0,0.038059523809523814
1,1,0.9921428571428572
1,1,0.9852380952380951
1,1,0.8289047619047618
0,0,0.0
0,0,0.0
0,0,0.0
0,0,0.0
0,0,0.0
1,1,0.9941666666666668
1,1,1.0
0,0,0.0
1,1,1.0
0,1,0.9063035714285717
0,0,0.15326190476190477
1,1,1.0
0,0,0.00775
1,1,1.0
0,0,0.0016666666666666666
0,0,0.005
1,1,0.9983333333333334
1,1,1.0
1,1,0.624047619047619
0,0,0.0
0,0,0.0
0,0,0.0
0,0,0.0
0,0,0.005
1,1,1.0
1,1,0.7842023809523809
0,1,0.8486071428571429
0,0,0.01
1,1,0.9781071428571428
1,1,1.0
0,0,0.0
0,0,0.0
0,0,0.13035714285714284
1,0,0.0
0,0,0.005
0,0,0.0
0,0,0.0
0,0,0.01325
1,1,0.5671904761904761
1,1,0.760503968253968
1,1,0.9820238095238095
0,0,0.005
0,0,0.0
0,0,0.0
1,1,0.99875
1,1,1.0
0,0,0.0
1,1,0.985
0,0,0.003333333333333333
0,0,0.0
1,1,0.995
0,0,0.006
1,0,0.0
1,1,0.99375
0,0,0.008333333333333333
0,0,0.0
1,1,1.0
1,1,0.8717380952380954
1,1,1.0
0,0,0.0
0,0,0.0
1,1,0.9591309523809523
0,0,0.06905952380952379
0,0,0.0
0,0,0.0025
0,0,0.07613095238095237
1,1,0.9975
1,1,1.0
0,0,0.005
1,1,0.97875
1,1,0.9975
0,0,0.0
1,1,0.9475
1,1,0.9911666666666668
0,0,0.01275
0,1,0.5935746753246752
0,0,0.0
1,1,1.0
0,0,0.0
1,1,1.0
0,0,0.0
0,0,0.011833333333333333
0,0,0.0025
1,1,0.995
0,0,0.0
1,1,1.0
0,0,0.001875
1,1,0.9966666666666667
1,1,0.5711666666666667
0,0,0.0
1,1,0.99125
1,1,1.0
1,1,0.995
1,1,1.0
1,1,1.0
1,1,0.988
0,0,0.0
0,0,0.0
1,1,0.9705833333333334
0,0,0.0
1,1,0.9399583333333332
1,1,1.0
0,0,0.0
1,1,1.0
0,0,0.0
1,1,0.7865297619047618
0,0,0.0
1,1,1.0
1,1,0.995
0,0,0.006571428571428572
1,1,1.0
0,0,0.0
1,1,0.995
0,0,0.141375
0,0,0.00375
0,0,0.0
0,1,0.9990000000000001
0,0,0.005
0,0,0.009000000000000001
1,1,1.0
1,1,0.9035000000000001
0,0,0.0
1,1,0.8250119047619046
1,1,0.995
0,0,0.04342857142857143
0,0,0.0
0,0,0.015595238095238096
0,0,0.02208333333333333
1,1,0.9974999999999998
0,0,0.015
0,0,0.0
1,1,1.0
1,0,0.4515595238095238
0,0,0.005
1,0,0.3173928571428572
1,1,0.9975
1,1,0.9319999999999997
1,1,0.9888333333333335
1,1,0.912345238095238
1,1,0.995
0,0,0.0055000000000000005
0,0,0.0
1,1,1.0
1,1,0.9879166666666667
0,0,0.0
1,1,1.0
0,0,0.0
1,1,1.0
1,1,1.0
1,1,1.0
0,1,0.5951309523809525
0,0,0.04917857142857143
0,0,0.03166666666666667
0,0,0.2944583333333333
0,0,0.003333333333333333
1,1,0.9983333333333334
0,0,0.009166666666666667
0,0,0.0
1,1,1.0
0,0,0.0
0,1,0.8540952380952379
1,1,0.9836666666666667
0,0,0.0
1,1,0.9665238095238097
0,0,0.0
1,1,0.9886666666666666
1,1,1.0
0,0,0.0
1,1,0.9983333333333333
0,0,0.005
0,0,0.0
1,1,0.9940000000000001
0,0,0.009583333333333333
0,0,0.0
0,0,0.23619047619047617
1,1,0.9958333333333335
1,1,0.9785714285714286
1,1,1.0
0,0,0.00625
0,0,0.001
1,1,0.99
0,0,0.015
1,1,1.0
0,0,0.0
1,1,0.985
1,1,0.8802499999999999
0,0,0.0
1,1,0.98875
0,0,0.04479761904761905
0,0,0.0
0,0,0.0
0,0,0.0
1,1,1.0
0,0,0.0025
1,1,1.0
0,0,0.18394047619047618
1,1,0.9377142857142856
0,1,0.5615952380952381
0,0,0.0
0,0,0.01
0,0,0.003333333333333333
1,1,0.9966666666666667
1,1,1.0
1,1,0.79775
1,1,0.9404166666666666
1,1,0.7060297619047619
1,1,0.97
0,0,0.08517857142857144
0,0,0.00125
0,0,0.0
0,0,0.0
1,1,0.997
1,1,0.8748809523809523
1,1,0.99
0,0,0.0
0,0,0.05397619047619047
0,0,0.0
0,0,0.0
1,1,0.9728690476190475
1,1,0.9971428571428571
1,1,1.0
1,1,0.9740833333333333
0,0,0.0
0,0,0.04
0,0,0.0
1,1,1.0
1,1,1.0
0,0,0.009166666666666667
1,1,0.9975
0,1,0.5278571428571428
0,0,0.0
1,1,1.0
0,0,0.0025
1,1,1.0
0,0,0.015416666666666665
1,1,1.0
0,0,0.45736904761904745
1,1,0.9625416666666666
1,1,1.0
1,1,1.0
0,0,0.0025
1,1,0.9479166666666667
1,1,0.9925714285714287
0,0,0.0
0,0,0.00625
1,1,1.0
1,1,1.0
1,1,1.0
1,1,0.9281666666666668
0,0,0.0
0,0,0.0
1,1,1.0
1,1,1.0
1,1,0.9765
1,1,0.992
1,1,0.9920833333333334
1,1,0.995
0,0,0.005
1,1,0.998
1,1,0.9896666666666666
1,1,0.99875
0,0,0.005
1,1,0.9089523809523808
1,1,0.9789999999999999
0,0,0.0
1,1,1.0
1,1,0.9983333333333333
0,0,0.017511904761904763
1,1,0.9973333333333333
1,1,1.0
1,1,1.0
1,1,1.0
0,0,0.0
1,1,1.0
1,1,0.9958333333333335
1,1,0.995
1,1,1.0
1,1,0.9873611111111111
1,1,0.965
1,1,0.9832380952380952
0,0,0.0
0,0,0.0
0,0,0.0
0,0,0.0
0,0,0.001
1,1,0.9992857142857143
1,1,1.0
1,1,1.0
0,0,0.0
1,1,0.9925
1,1,0.9491666666666667
1,1,0.9552499999999998
1,1,0.9975
1,1,1.0
0,0,0.0025
0,0,0.23550000000000004
1,1,1.0
0,0,0.0
0,0,0.02321428571428571
1,0,0.43583333333333335
1,1,0.9941666666666665
1,1,1.0
1,1,0.99225
1,1,0.7386428571428572
1,1,1.0
0,0,0.0826904761904762
0,0,0.00125
0,0,0.0
0,0,0.0
0,0,0.0
1,1,0.99
1,1,0.985
0,0,0.003333333333333333
1,1,1.0
0,0,0.0
0,0,0.019416666666666665
1,1,0.9817500000000001
0,0,0.0
0,0,0.0
1,1,0.839904761904762
1,1,1.0
0,0,0.0
1,1,1.0
0,0,0.4130357142857143
1,1,0.9755833333333334
1,1,1.0
1,1,1.0
0,0,0.002
0,0,0.0
1,1,0.7072380952380952
1,1,0.5680595238095238
0,0,0.0
1,1,0.8303452380952382
0,0,0.0
1,1,1.0
1,1,1.0
1,1,1.0
1,1,1.0
1,1,0.9958333333333332
1,1,1.0
1,1,0.8597499999999999
1,1,0.9254583333333332
1,1,0.985
0,0,0.0008333333333333333
0,0,0.06164285714285714
1,1,0.9983333333333333
1,1,0.9408690476190474
1,1,1.0
1,1,0.99375
0,0,0.002
0,0,0.0
1,1,0.9966666666666666
0,0,0.0
0,0,0.0
1,1,0.9754166666666667
1,1,0.9075000000000002
0,0,0.3364583333333333
1,1,0.9429999999999998
0,1,0.9032023809523809
1,1,0.99875
1,1,0.9681666666666665
1,1,1.0
1,1,0.7984166666666667
0,0,0.01
0,0,0.008166666666666666
1,1,0.9990000000000001
0,0,0.0
0,0,0.0
0,0,0.0
0,0,0.007916666666666666
0,0,0.0
0,0,0.06416666666666666
1,1,1.0
1,1,1.0
1,1,1.0
1,1,0.9829166666666665
1,1,1.0
0,0,0.0
1,1,1.0
1,1,0.98375
1,1,0.995
0,0,0.0045000000000000005
0,0,0.00738095238095238
1,1,1.0
0,0,0.0
0,0,0.0
1,1,1.0
0,0,0.0
0,0,0.01275
0,0,0.43279960317460314
0,0,0.0
0,0,0.0614761904761905
0,1,0.9907261904761906
0,0,0.015
1,1,0.9767023809523809
1,1,1.0
0,0,0.0
1,1,0.99
0,0,0.004166666666666667
0,0,0.0016666666666666666
0,0,0.012678571428571426
0,0,0.0016666666666666666
0,0,0.0
0,0,0.0
0,0,0.0
1,1,1.0
1,1,0.915452380952381
0,1,0.5811230158730158
0,0,0.0
1,1,1.0
1,1,1.0
0,0,0.0
0,0,0.00875
1,1,1.0
0,1,0.8833452380952381
1,1,0.99625
0,0,0.06170238095238097
0,0,0.34645833333333337
1,1,0.9931666666666666
1,1,0.867595238095238
1,1,1.0
1,1,0.99
1,1,0.9398809523809524
0,0,0.41026785714285713
1,1,1.0
0,0,0.02083333333333333
1,1,1.0
1,1,0.995
1,1,0.9945
0,0,0.04024206349206349
0,0,0.0
1,1,1.0
1,1,0.995
0,0,0.0
1,1,0.9883333333333333
0,0,0.0
1,1,1.0
0,0,0.0
0,0,0.0
1,1,1.0
0,0,0.34361904761904766
1,1,0.9991666666666668
1,1,0.99
1,1,1.0
1,1,1.0
0,0,0.006999999999999999
0,0,0.015
1,1,0.96475
0,0,0.035750000000000004
0,0,0.018000000000000002
1,1,0.9860416666666667
1,1,0.9916666666666667
0,0,0.4318730158730159
0,0,0.0
1,1,0.9933333333333334
0,0,0.0
1,1,0.9983333333333334
0,0,0.0
0,0,0.006999999999999999
1,1,1.0
0,0,0.0
0,0,0.0
0,0,0.0
1,1,1.0
0,0,0.07322619047619047
0,1,0.5017499999999999
0,0,0.013083333333333334
0,0,0.0016666666666666666
1,1,0.9906666666666666
0,0,0.0016666666666666666
1,1,0.9866666666666666
0,0,0.0
0,0,0.0
0,1,0.7515000000000004
0,0,0.0
0,0,0.015
1,1,0.9966666666666666
1,1,0.889952380952381
1,1,1.0
1,1,1.0
0,0,0.3453333333333334
0,0,0.0025
1,1,0.9349166666666666
1,1,1.0
1,1,1.0
0,0,0.0
1,1,1.0
1,1,0.9975
1,1,1.0
0,0,0.0
0,0,0.02
1,1,1.0
0,0,0.0
1,1,0.995
0,0,0.0
1,1,0.99625
0,0,0.005
1,1,1.0
0,0,0.0
0,0,0.005
1,1,0.99875
0,0,0.0
1,1,0.8514047619047619
0,0,0.005
1,1,0.9883333333333333
0,0,0.0
1,1,0.995
1,1,0.9879166666666667
1,1,0.971202380952381
0,0,0.014499999999999999
0,0,0.0
0,0,0.01
1,1,0.9864166666666665
0,0,0.05483333333333333
1,1,0.9966666666666666
1,1,0.9113333333333334
1,1,1.0
1,1,0.9908333333333332
1,1,0.9448690476190476
1,1,0.9983333333333334
1,1,0.99
1,1,0.9990000000000001
0,0,0.0155
0,0,0.0
0,0,0.0
1,1,1.0
0,0,0.0
1,1,0.9765833333333335
0,0,0.001
0,0,0.0
1,1,0.9975
0,0,0.0
1,1,0.9700000000000002
1,1,1.0
0,0,0.0
1,1,0.9933333333333334
1,0,0.322
1,1,0.9965
1,1,0.97525
1,1,0.9953571428571428
0,0,0.005
0,0,0.034916666666666665
1,1,0.98
0,0,0.0
0,0,0.0025
1,1,0.8453333333333336
1,1,1.0
1,1,1.0
1,1,1.0
1,1,0.9124999999999999
0,0,0.0
0,0,0.0
1,1,0.9180476190476188
1,1,0.9944166666666666
0,0,0.009083333333333334
1,1,0.9975
0,0,0.005
0,0,0.0
0,0,0.0
1,1,1.0
0,0,0.42595238095238097
1,1,0.99375
0,0,0.0
0,0,0.001
1,1,0.9069999999999999
0,0,0.014166666666666666
1,1,0.9731666666666666
0,0,0.10883333333333332
0,0,0.0
0,0,0.00125
0,0,0.0
1,1,0.9910714285714286
1,1,0.9983333333333334
0,0,0.005
1,1,0.997
0,0,0.0
0,0,0.00575
0,0,0.0
1,1,0.9166666666666667
0,0,0.0
1,1,0.8935833333333332
0,0,0.010208333333333333
0,0,0.00125
0,0,0.008333333333333333
0,0,0.034249999999999996
0,0,0.0
1,1,0.5300595238095238
1,1,0.9364047619047617
0,0,0.009166666666666667
1,1,0.9609166666666666
1,1,0.9297777777777777
1,1,1.0
1,1,1.0
0,0,0.00125
0,0,0.0
1,1,1.0
1,1,0.9866666666666666
1,1,1.0
1,1,1.0
1,1,1.0
1,1,0.9336666666666664
0,0,0.0075
0,1,0.938452380952381
0,0,0.013779761904761904
1,1,0.9820833333333333
0,0,0.035626984126984125
0,0,0.06875
1,1,1.0
1,1,0.9983333333333333
0,0,0.0
0,0,0.0
1,1,1.0
0,0,0.0
0,0,0.0
0,0,0.0
0,0,0.022722222222222227
0,0,0.0155
1,1,0.9975
1,1,0.995
0,0,0.025059523809523813
1,1,0.9908333333333335
0,0,0.0
0,0,0.0
0,0,0.0
1,1,0.9825
1,1,0.99875
1,1,1.0
0,0,0.002
1,1,1.0
0,1,0.8127142857142857
1,0,0.1293095238095238
1,1,0.9225297619047619
1,1,0.9601190476190475
0,0,0.44752976190476196
0,0,0.0025
0,0,0.0
0,0,0.008571428571428572
1,1,0.9870714285714286
1,1,0.9978571428571428
1,1,1.0
1,1,1.0
1,1,1.0
0,0,0.3521904761904762
0,0,0.0
0,0,0.16832142857142857
1,1,1.0
0,0,0.0
0,0,0.0
0,0,0.0
0,0,0.0
1,1,1.0
0,0,0.0
1,1,1.0
1,1,0.6769404761904763
0,0,0.4057083333333333
0,0,0.0
1,1,0.8902499999999999
1,1,1.0
0,0,0.0
0,0,0.0
1,1,0.9925
0,0,0.003333333333333333
1,1,1.0
1,1,0.997
1,1,1.0
1,1,1.0
1,1,0.893017857142857
0,0,0.011666666666666665
0,0,0.025
1,1,1.0
1,1,0.9608928571428571
0,0,0.00775
1,1,0.9680833333333334
1,1,1.0
1,1,0.9925
0,0,0.0035714285714285713
1,1,1.0
1,1,0.9552499999999999
1,1,0.9991666666666665
0,0,0.005
1,1,1.0
0,0,0.08
0,1,0.5594702380952381
0,1,0.6421369047619049
1,1,0.9975
0,0,0.0016666666666666666
1,1,1.0
1,1,1.0
1,1,0.9444166666666668
1,1,0.995
0,0,0.09520833333333333
1,1,0.9990000000000001
1,1,0.9929166666666667
0,0,0.009166666666666667
0,0,0.0
1,1,1.0
0,1,0.5127619047619049
1,1,1.0
0,0,0.0
0,0,0.00475
1,1,1.0
1,1,0.995
1,1,0.99625
1,1,0.9098154761904762
1,1,0.6923333333333334
1,1,1.0
0,0,0.0
1,1,0.9875
0,0,0.0
1,1,0.9978571428571428
0,0,0.0
0,0,0.19283333333333336
0,0,0.0
0,1,0.8042738095238096
0,0,0.021083333333333332
0,0,0.0
1,1,1.0
1,1,1.0
0,0,0.005
0,0,0.06744047619047618
1,1,0.9426666666666667
0,0,0.00125
0,0,0.00125
0,0,0.0
0,0,0.0
0,0,0.03291666666666667
1,1,1.0
0,0,0.0
1,0,0.0
1,1,0.9691666666666664
0,0,0.0
0,0,0.0
1,1,1.0
1,1,0.9875
1,1,1.0
0,0,0.47487896825396836
0,0,0.00125
1,1,1.0
1,1,1.0
1,1,0.99
1,1,1.0
1,1,1.0
0,0,0.0
0,0,0.006773809523809524
0,0,0.024166666666666666
0,1,0.5619285714285716
0,0,0.0235
0,0,0.25337698412698406
0,0,0.0
0,0,0.028833333333333332
0,0,0.0
1,1,1.0
0,0,0.005
1,1,1.0
0,0,0.0
0,0,0.012
1,1,0.9940000000000001
0,0,0.0
1,1,0.7474464285714285
1,1,1.0
1,1,1.0
1,1,1.0
1,1,1.0
1,1,0.996
1,1,0.9912500000000002
0,0,0.06
0,0,0.0
1,1,0.9284166666666668
0,0,0.0
1,1,1.0
1,1,0.9693333333333333
0,0,0.0
1,1,1.0
0,0,0.0
0,0,0.0
1,0,0.38165476190476183
1,1,0.9148928571428568
0,0,0.0
0,0,0.0
1,1,1.0
1,1,1.0
0,0,0.04874999999999999
0,0,0.0
1,1,0.9245
0,0,0.0
1,1,0.9012500000000001
1,1,1.0
0,0,0.0
1,1,1.0
1,0,0.21444047619047624
0,0,0.0051428571428571435
1,1,1.0
0,0,0.0
1,1,0.9494999999999998
1,1,0.9699285714285714
0,0,0.0
1,1,1.0
0,0,0.0
0,0,0.0
0,0,0.43111111111111117
0,0,0.00125
0,0,0.0
0,1,0.5143214285714286
0,0,0.0
0,0,0.0
1,1,0.9917857142857143
0,0,0.0
0,0,0.0
0,0,0.055
1,0,0.30825
1,1,0.9390952380952381
0,0,0.00125
1,1,0.883107142857143
1,1,1.0
1,1,1.0
1,1,1.0
0,0,0.0
0,0,0.006666666666666666
0,0,0.0
0,0,0.001
0,1,0.503702380952381
1,1,1.0
1,1,1.0
1,1,0.9933333333333333
1,1,0.9287142857142858
1,0,0.4688690476190476
1,1,1.0
1,1,0.9934166666666665
1,1,0.99
1,1,1.0
1,0,0.0
0,0,0.0
0,0,0.005625
1,1,0.9890000000000001
1,1,0.999375
1,1,0.8236369047619047
1,0,0.3258993506493506
0,0,0.0
0,0,0.006583333333333333
1,1,0.995
1,1,0.543138888888889
1,1,1.0
0,0,0.008333333333333333
0,0,0.0
1,1,0.9742857142857144
0,0,0.0
0,0,0.005
0,0,0.0
1,1,1.0
0,0,0.0
1,1,0.995
1,1,1.0
0,0,0.0
1,1,1.0
1,1,1.0
1,1,1.0
0,0,0.0
1,1,0.9975
1,1,0.9946666666666667
0,0,0.0025
0,0,0.40816666666666657
0,0,0.009583333333333333
1,1,0.9965
0,0,0.0
0,0,0.10122619047619043
0,0,0.0
0,0,0.0
1,1,1.0
1,1,1.0
0,0,0.001875
0,0,0.0
1,1,0.9875
1,1,1.0
0,0,0.0
1,1,0.7718988095238096
0,0,0.0
0,0,0.0
1,1,0.8192559523809524
1,1,0.8755238095238095
0,0,0.0
1,1,0.9911666666666668
1,1,1.0
0,0,0.0
1,1,1.0
1,1,0.9307500000000001
1,1,0.9303730158730157
1,1,0.9983333333333333
0,0,0.29975595238095243
1,1,0.7964404761904761
0,0,0.02
0,0,0.008333333333333333
0,0,0.0
0,0,0.002
0,0,0.012238095238095239
0,0,0.0
0,0,0.012833333333333332
0,0,0.005
0,0,0.009166666666666667
1,1,0.9019464285714284
1,1,1.0
0,0,0.0
1,1,1.0
0,0,0.049625
0,0,0.024
1,1,1.0
0,0,0.02375
1,1,1.0
1,1,0.998
0,0,0.016
1,1,0.99125
1,1,1.0
1,1,1.0
1,1,1.0
1,1,1.0
1,1,0.9983333333333334
0,0,0.0
0,0,0.0
1,1,0.9757023809523807
1,1,1.0
0,0,0.0075
0,0,0.0
1,1,0.9958333333333332
0,0,0.49392261904761897
0,1,0.9450833333333333
1,1,0.995
1,1,0.9800000000000001
1,1,1.0
1,1,1.0
1,1,1.0
1,1,0.5145833333333332
1,1,1.0
0,0,0.006999999999999999
0,0,0.01
1,1,0.9841666666666667
0,0,0.0
0,0,0.005666666666666666
0,0,0.0016666666666666666
0,0,0.023666666666666666
0,0,0.0
1,1,1.0
1,1,0.99125
1,1,1.0
1,1,0.998
0,0,0.01
0,0,0.005
0,0,0.0275
1,1,0.996
0,0,0.0
0,0,0.0
0,0,0.28165476190476185
0,0,0.38142460317460314
1,1,1.0
0,0,0.0
1,1,0.995
1,1,1.0
1,1,0.99375
1,1,0.995
0,0,0.0
0,0,0.0
1,1,1.0
0,0,0.0
0,0,0.25841666666666674
1,1,1.0
1,1,0.9616746031746031
1,1,1.0
1,1,1.0
1,1,0.9954999999999999
0,0,0.0
1,1,0.9703333333333333
1,1,0.9983333333333333
1,1,1.0
1,1,0.9990000000000001
1,1,0.9958333333333335
0,0,0.0
0,1,0.9820833333333334
1,1,0.8844404761904763
0,0,0.0
1,1,0.9787738095238094
1,1,0.9928333333333333
0,0,0.0
0,0,0.00375
0,0,0.0
1,1,0.9366666666666665
1,1,0.7427420634920636
0,0,0.0026666666666666666
1,1,1.0
0,0,0.0
0,0,0.0
1,1,1.0
1,1,1.0
1,1,0.99875
0,1,0.7856904761904763
1,1,0.998
1,1,0.992
1,1,0.9857738095238097
0,0,0.0
0,0,0.005
1,1,0.9866666666666667
0,0,0.0
1,1,1.0
1,1,0.9925
1,1,0.99
1,1,0.9121984126984128
0,0,0.0
0,0,0.0125
1,1,1.0
1,1,0.8965833333333333
0,0,0.08908333333333335
0,0,0.0034999999999999996
1,1,0.9196547619047618
0,0,0.0
1,1,0.9940000000000001
1,1,0.995
1,1,1.0
1,1,0.9245833333333334
1,1,0.9882500000000001
1,1,1.0
0,0,0.020011904761904762
0,0,0.0
1,1,0.9990000000000001
0,0,0.0
0,0,0.05154761904761906
1,1,0.9648333333333334
0,0,0.30983531746031745
1,1,0.98
0,0,0.013999999999999999
0,0,0.0
1,1,1.0
0,0,0.0
0,0,0.0
1,1,0.9708333333333333
1,1,1.0
0,0,0.004
0,0,0.0
1,1,0.9225952380952382
0,0,0.0
1,1,0.99375
0,0,0.007666666666666666
1,1,0.995
1,1,0.9679999999999999
0,0,0.0025
0,0,0.001
1,1,0.986
1,1,1.0
1,1,0.7873928571428571
1,1,0.8547738095238095
0,0,0.0
1,1,1.0
1,1,1.0
0,0,0.0
1,1,1.0
0,0,0.0
1,1,1.0
1,1,0.9812857142857142
0,0,0.07412500000000001
1,1,0.9380833333333334
1,1,0.9164999999999999
0,0,0.053214285714285714
0,0,0.0
1,1,0.9965
1,1,1.0
1,1,1.0
0,0,0.055928571428571425
0,0,0.0025
0,0,0.0644404761904762
0,0,0.0
0,0,0.0
0,0,0.005
0,0,0.0
1,1,1.0
0,0,0.005
1,1,1.0
0,0,0.015
0,0,0.0365
1,1,1.0
0,0,0.0
0,0,0.005
1,1,0.995
0,0,0.0
1,1,0.774059523809524
0,0,0.0775
1,1,1.0
1,1,1.0
1,1,1.0
0,0,0.005
0,0,0.0
0,0,0.025
0,0,0.0021428571428571425
1,1,1.0
0,0,0.0
0,0,0.0
0,0,0.02291666666666667
0,0,0.0
0,0,0.0025
0,0,0.0
1,1,0.9990000000000001
1,1,1.0
1,1,1.0
1,1,0.9143928571428573
0,0,0.09709523809523811
1,1,1.0
1,1,0.9965
1,1,0.9963214285714287
1,1,1.0
0,0,0.0
1,1,1.0
1,1,0.9693333333333334
1,1,1.0
0,0,0.003333333333333333
1,0,0.3459166666666667
0,0,0.008333333333333333
0,0,0.28189285714285717
0,0,0.0
0,0,0.0
0,0,0.0
0,0,0.0
0,0,0.001
1,1,1.0
1,1,0.9975
0,0,0.06872619047619048
1,1,1.0
0,0,0.0
0,0,0.009250000000000001
0,0,0.0
1,1,0.9907738095238094
1,1,0.842297619047619
0,0,0.0
0,0,0.0
1,1,0.9965
0,0,0.0
0,0,0.0
0,0,0.0025
0,1,0.8059285714285714
0,0,0.14414880952380954
1,1,1.0
1,1,1.0
0,0,0.01575
1,1,1.0
0,0,0.0
0,0,0.00875
0,0,0.009583333333333333
0,0,0.0
1,1,0.9742499999999998
0,0,0.0105
1,1,0.995
0,0,0.0
0,0,0.0
1,1,1.0
1,1,0.9796666666666667
0,0,0.0
1,1,0.9941666666666665
0,0,0.0
1,1,0.9530416666666666
1,1,1.0
1,1,1.0
1,0,0.34247619047619055
0,0,0.023
0,0,0.0
1,1,1.0
1,1,1.0
1,1,1.0
0,0,0.0
1,1,1.0
1,1,1.0
0,0,0.0
1,1,0.996
1,1,1.0
0,0,0.0
0,0,0.0
1,1,0.9975
1,1,1.0
0,0,0.09266666666666666
1,1,0.9859166666666666
0,0,0.0026666666666666666
0,0,0.0
1,1,0.98
0,0,0.0
0,0,0.005
1,1,0.7379999999999999
1,1,0.995
1,1,0.9952500000000001
1,1,0.9771666666666667
1,1,1.0
1,1,1.0
1,1,1.0
1,1,1.0
0,0,0.0
1,1,0.9941666666666665
0,0,0.016083333333333335
1,1,1.0
0,0,0.008333333333333333
1,1,0.9885833333333334
0,0,0.0
1,1,0.9954999999999999
0,0,0.01
0,0,0.0
0,0,0.0016666666666666666
0,0,0.0
0,0,0.0
0,0,0.0
1,1,0.997
1,1,0.9983333333333333
0,0,0.0016666666666666666
1,1,0.9816666666666667
0,0,0.07336904761904763
1,1,1.0
1,1,0.9730000000000001
0,0,0.0
1,1,1.0
0,0,0.006749999999999999
1,1,0.995
1,1,0.997
1,1,0.9975
1,1,1.0
1,1,0.955
0,0,0.058845238095238096
0,0,0.0
1,1,0.99675
0,0,0.004166666666666667
0,0,0.0
0,0,0.0
0,0,0.0
0,0,0.0
0,0,0.00588095238095238
1,1,0.9850000000000001
0,0,0.0
1,1,1.0
0,0,0.003333333333333333
1,1,1.0
1,1,0.9975
0,0,0.0
1,1,1.0
0,0,0.03895833333333334
1,1,1.0
0,0,0.05523809523809524
1,1,0.9975
1,1,1.0
0,0,0.11866666666666666
0,0,0.0
1,1,0.8164404761904764
0,0,0.00125
0,0,0.004
1,1,0.5672023809523811
0,0,0.0025
0,0,0.003333333333333333
1,1,0.9761071428571428
1,1,0.988
1,1,0.995
0,0,0.0
1,1,0.9553750000000001
1,1,0.9799583333333334
0,0,0.095875
0,0,0.0
0,0,0.18008928571428573
1,1,0.9903333333333335
0,0,0.001
0,0,0.001
0,0,0.015
0,0,0.0
0,0,0.0
0,0,0.0
1,1,0.995
1,1,0.97625
1,1,0.995
1,1,1.0
1,1,1.0
0,0,0.02275
1,1,0.995
1,1,1.0
1,1,0.9820833333333334
0,0,0.0
0,0,0.009333333333333334
0,0,0.015
0,0,0.0
1,1,1.0
0,1,0.938845238095238
0,0,0.0
0,0,0.0
1,1,0.9895
1,1,1.0
0,0,0.011333333333333332
1,1,0.9730833333333334
1,1,1.0
1,1,1.0
1,1,0.9992857142857143
0,0,0.0
1,1,1.0
0,0,0.0
1,1,0.9958333333333332
1,1,0.9940000000000001
1,1,0.958972222222222
0,0,0.005
1,1,1.0
0,0,0.0
0,0,0.0
1,1,1.0
0,0,0.0
0,0,0.005
0,0,0.0
1,1,1.0
0,0,0.06577380952380953
0,0,0.0
0,0,0.0
1,1,0.995
1,1,0.983
1,1,1.0
1,1,0.9592023809523809
1,1,0.8981666666666667
1,1,0.7202083333333333
1,1,1.0
1,1,0.5828948412698415
0,0,0.21085714285714285
1,1,1.0
0,0,0.0
1,1,1.0
0,0,0.009250000000000001
1,1,0.9905952380952381
0,0,0.022261904761904764
0,0,0.005
0,0,0.3131388888888889
0,0,0.033666666666666664
1,1,0.99625
0,0,0.0
1,1,1.0
1,1,0.8270595238095236
1,1,1.0
1,1,0.8198333333333335
1,1,0.995
0,0,0.01125
1,1,0.985
1,1,0.99
1,1,0.9558333333333333
0,0,0.0
0,0,0.0
1,1,0.8748333333333334
0,0,0.01
1,1,0.9983333333333334
1,1,0.9696666666666667
0,0,0.005
0,0,0.0
0,0,0.0
0,0,0.0
0,0,0.03741666666666667
1,1,1.0
0,0,0.0
1,1,1.0
1,1,0.99375
1,1,0.985
1,1,0.9927777777777778
0,0,0.0
1,1,0.99875
0,0,0.0
0,0,0.27583928571428573
0,0,0.22725
0,0,0.0
0,0,0.0
1,1,0.7268214285714282
0,0,0.0
1,1,0.9608333333333333
0,0,0.19409523809523807
1,1,0.992
0,0,0.21120238095238095
0,1,0.8765833333333335
1,1,1.0
1,1,0.9923333333333333
0,0,0.023416666666666662
1,1,0.949261904761905
0,0,0.0
0,0,0.017
1,1,0.9845833333333335
0,0,0.0
0,0,0.0
0,0,0.022595238095238095
0,0,0.002
0,0,0.0
1,1,0.99875
1,1,0.9933333333333334
0,0,0.0
0,0,0.0
1,1,0.9854166666666667
0,0,0.001
0,0,0.0
0,0,0.0
1,1,1.0
0,0,0.0
0,0,0.005
0,0,0.0
0,1,0.825595238095238
1,1,1.0
0,1,0.5635714285714286
1,1,0.8189523809523813
1,1,0.9877619047619048
1,1,0.9751428571428572
1,1,1.0
1,1,0.9728095238095239
1,1,1.0
0,0,0.015
0,0,0.0
0,0,0.0
0,0,0.0
1,1,1.0
1,0,0.20829166666666668
0,0,0.0
1,1,0.995
0,0,0.0
0,0,0.0
1,1,1.0
0,0,0.0008333333333333333
1,1,0.9950833333333332
1,1,0.995
0,0,0.0025
1,1,1.0
0,0,0.0
0,0,0.005
1,1,1.0
1,1,0.9934523809523809
1,1,0.99125
0,0,0.0
0,0,0.0
0,0,0.06604166666666668
1,1,0.9316666666666668
0,0,0.0
0,0,0.0
0,0,0.0
0,0,0.0
0,0,0.27499999999999997
0,0,0.037976190476190476
0,0,0.0016666666666666666
1,1,0.9983333333333334
0,0,0.002857142857142857
0,0,0.033
1,1,1.0
0,0,0.0025
0,0,0.001
1,1,0.99875
1,1,1.0
0,0,0.353029761904762
1,1,1.0
0,0,0.005
0,0,0.24542857142857147
0,0,0.0
0,0,0.0
0,0,0.052630952380952396
1,1,1.0
0,0,0.4655119047619047
1,1,1.0
1,1,1.0
1,1,0.9771666666666667
0,1,0.8518690476190475
1,1,0.9613333333333336
0,0,0.0
0,0,0.0
0,0,0.17501785714285714
0,0,0.01
1,1,1.0
1,1,0.7536011904761903
1,1,1.0
0,0,0.0
0,0,0.0
1,1,1.0
0,0,0.04841666666666667
0,0,0.0
0,0,0.0
0,0,0.0
0,0,0.0
1,1,0.9503095238095238
0,0,0.001
0,0,0.03483333333333334
0,0,0.0
0,0,0.0
1,1,1.0
1,1,0.6893809523809523
0,0,0.0
1,1,0.9916666666666667
1,1,1.0
1,1,0.8909404761904761
0,0,0.0072499999999999995
0,0,0.0
1,1,1.0
1,1,0.995
0,0,0.02166666666666667
1,1,1.0
1,1,1.0
1,1,0.9941666666666668
0,0,0.005
1,1,0.99625
0,0,0.0
1,1,0.9542261904761902
1,1,0.9730833333333334
0,0,0.0
1,1,1.0
1,1,0.9489166666666669
1,1,0.985
0,0,0.005
1,1,0.995
1,1,0.995
0,0,0.0
1,1,0.9975
1,1,0.9960000000000001
1,1,1.0
1,1,1.0
0,0,0.0025
1,1,1.0
1,1,0.9966666666666667
1,1,0.7174285714285713
1,1,0.976
1,1,1.0
1,1,1.0
0,0,0.05683333333333333
0,0,0.0008333333333333333
0,0,0.0
1,1,0.9935714285714287
1,1,1.0
0,0,0.025
0,0,0.0
1,1,0.99
1,1,0.9719047619047619
1,1,1.0
0,0,0.034666666666666665
1,1,0.9178333333333332
0,0,0.0
1,1,0.99875
0,1,0.7384880952380953
0,0,0.0
1,1,0.9773333333333332
0,0,0.0
1,1,0.9808749999999999
0,1,0.6383571428571428
0,0,0.0
1,1,1.0
1,1,0.9464642857142855
1,1,0.9933333333333333
1,1,1.0
0,0,0.0020833333333333333
0,0,0.0
0,0,0.0
1,1,0.9285119047619048
0,0,0.15137499999999998
0,0,0.00375
0,0,0.0
1,1,0.995
1,1,0.9925
1,1,1.0
0,0,0.0
1,1,0.9975
0,0,0.0
1,1,0.995
1,1,0.99625
1,1,0.9933333333333333
1,1,0.9097857142857141
0,0,0.0
1,1,1.0
1,1,1.0
0,0,0.0
1,1,0.7800714285714285
0,1,0.7036825396825398
0,0,0.0016666666666666666
0,0,0.0
1,1,0.8942380952380953
0,0,0.0
0,0,0.01
0,0,0.0
0,1,0.9747738095238095
1,1,1.0
0,0,0.002
0,0,0.04959523809523809
0,0,0.0
1,1,1.0
1,1,0.7401904761904763
0,0,0.0
0,0,0.11320238095238094
1,1,1.0
0,0,0.0
0,0,0.0
0,0,0.0
1,1,1.0
0,0,0.0
1,1,1.0
0,0,0.0
0,0,0.00738095238095238
0,0,0.005
0,0,0.4586558441558442
1,1,1.0
0,0,0.0
0,0,0.09354761904761905
0,0,0.0
1,1,1.0
1,1,1.0
1,1,0.9871547619047619
0,0,0.0
1,1,1.0
1,1,0.99875
0,0,0.0
0,0,0.0
0,0,0.0
1,1,0.995
0,0,0.0
0,0,0.0
0,0,0.002
1,1,0.995
1,1,1.0
0,0,0.0
1,1,0.7860357142857144
0,0,0.0
0,0,0.0
1,1,0.9599999999999999
0,0,0.0
1,1,0.9875833333333334
1,1,1.0
1,1,0.9945833333333334
1,1,1.0
0,0,0.0
1,1,0.9595
1,1,0.88825
0,0,0.0
1,1,0.94025
1,1,1.0
1,1,1.0
0,1,0.9544523809523808
0,0,0.010249999999999999
0,0,0.0
1,1,1.0
1,1,1.0
0,0,0.0
1,1,1.0
1,1,0.9747499999999999
0,0,0.0016666666666666666
1,1,0.8326785714285715
0,0,0.0
1,1,1.0
0,0,0.00125
0,0,0.0
0,0,0.0
1,1,0.799190476190476
0,0,0.0
0,0,0.02341666666666667
1,1,0.995
0,0,0.0
1,1,0.9813690476190476
0,0,0.00375
0,0,0.0
0,0,0.25935119047619043
0,0,0.0
1,1,0.9637500000000001
0,0,0.04291666666666667
1,1,1.0
0,0,0.0
1,1,1.0
0,0,0.0075
0,0,0.0
1,1,1.0
1,1,1.0
0,0,0.0
1,1,0.995
0,0,0.0016666666666666666
1,1,0.99
0,0,0.0029166666666666664
1,1,0.995
1,1,1.0
0,0,0.0
0,0,0.008595238095238095
0,0,0.0045000000000000005
1,1,1.0
1,1,0.99875
0,0,0.0
0,0,0.03925
0,0,0.0
0,0,0.0
1,1,0.995
1,1,0.995
0,0,0.01375
0,0,0.00375
1,1,1.0
1,1,1.0
1,1,0.9882500000000001
0,0,0.024166666666666666
0,0,0.0025
1,1,0.9983333333333334
0,0,0.022595238095238095
0,0,0.0
0,1,0.714452380952381
0,0,0.003333333333333333
0,0,0.28970238095238093
0,0,0.0
1,1,0.7966785714285715
0,0,0.44325595238095244
0,0,0.07975595238095239
1,1,1.0
0,0,0.0
0,0,0.005
1,1,1.0
0,0,0.0
1,1,1.0
1,1,0.9933333333333333
1,1,0.9497619047619047
0,0,0.15013095238095236
1,1,0.995
0,0,0.005833333333333334
1,1,0.995
1,1,0.995
0,0,0.024833333333333332
1,1,0.9309166666666667
0,0,0.0016666666666666666
1,1,1.0
0,0,0.01
1,1,0.8943571428571429
1,1,0.9444285714285714
0,0,0.007333333333333334
0,0,0.313
1,1,0.9983333333333333
0,0,0.00125
1,1,0.7357261904761906
1,1,0.752702380952381
0,0,0.01125
1,1,0.99875
0,0,0.0
0,0,0.0
1,1,1.0
1,1,1.0
0,0,0.048916666666666664
0,0,0.09913095238095238
0,0,0.0
1,1,1.0
1,1,0.99
1,1,0.9453095238095238
0,0,0.047511904761904755
0,0,0.005714285714285714
1,1,1.0
1,1,0.9542499999999999
0,0,0.0
0,0,0.0
0,0,0.0
0,0,0.0545
0,0,0.0
1,1,0.98125
0,0,0.18624999999999997
1,1,1.0
0,0,0.0
1,1,0.8732321428571427
0,0,0.0
0,0,0.0029166666666666664
1,1,0.995
0,1,0.7860952380952382
1,1,0.9983333333333333
0,0,0.013333333333333332
1,1,0.998
0,0,0.0
0,0,0.0030000000000000005
0,0,0.033416666666666664
1,1,0.9204166666666667
1,1,1.0
0,0,0.2579702380952381
0,0,0.0
1,1,0.8519642857142858
1,1,1.0
1,1,1.0
1,1,1.0
0,0,0.07583333333333334
0,0,0.0
1,1,0.989345238095238
1,1,1.0
1,1,1.0
1,0,0.4966190476190476
0,0,0.0
0,0,0.0
1,1,1.0
1,1,1.0
0,0,0.3826785714285713
1,1,0.9243333333333332
1,1,0.9983333333333333
0,1,0.824595238095238
0,0,0.0769404761904762
1,1,1.0
0,0,0.0025
1,1,0.9983333333333334
0,0,0.028333333333333332
0,0,0.0016666666666666666
0,0,0.005
0,0,0.0
0,0,0.0
0,0,0.0
1,1,1.0
1,1,0.9933333333333334
0,0,0.0
1,1,0.9926904761904762
0,0,0.0
1,1,0.9916666666666666
1,1,1.0
0,0,0.27122023809523804
1,1,1.0
1,1,1.0
0,0,0.0
0,0,0.005
0,0,0.0
1,1,1.0
0,0,0.0
0,0,0.0
1,1,0.9913333333333333
1,1,1.0
0,0,0.0
1,1,0.983
0,0,0.00375
1,1,0.9384999999999999
1,1,1.0
1,1,0.992
0,0,0.0
0,0,0.02
0,0,0.22922619047619047
1,1,0.992
1,0,0.45032142857142854
1,1,0.9308333333333334
0,0,0.0021428571428571425
1,1,0.9925
0,0,0.0
0,0,0.045666666666666675
0,0,0.005
1,1,0.9820714285714286
0,0,0.034791666666666665
0,0,0.016833333333333332
1,1,1.0
0,0,0.0
1,1,0.9841666666666665
0,0,0.0
1,1,0.995
1,1,0.9480833333333334
0,0,0.024761904761904763
1,1,1.0
1,1,0.9436269841269841
0,0,0.005
0,0,0.0
0,0,0.0
0,0,0.0
1,1,0.96075
0,0,0.4546964285714287
1,1,0.9975
0,0,0.0
0,0,0.00875
1,1,1.0
1,1,1.0
1,1,1.0
1,1,0.9875
0,0,0.0
0,0,0.010416666666666664
1,1,0.9335972222222221
1,1,0.99575
0,0,0.00375
1,1,1.0
1,1,1.0
0,0,0.0
1,1,0.9975
1,1,0.9983333333333333
1,1,1.0
1,1,1.0
0,0,0.0
0,0,0.21068452380952377
1,1,0.99875
0,0,0.0
1,1,1.0
0,0,0.0
0,0,0.014166666666666668
0,0,0.0
1,1,0.9825
1,0,0.4989166666666668
1,1,0.99875
1,1,0.99
0,0,0.003333333333333333
1,1,0.9713214285714286
1,1,1.0
0,0,0.0
1,1,0.9991666666666668
0,0,0.00625
0,0,0.015
1,1,1.0
1,1,1.0
1,0,0.327672619047619
1,1,1.0
0,0,0.0
1,1,0.96575
1,1,1.0
0,0,0.0
0,0,0.0
0,0,0.0
0,0,0.005
0,0,0.13197619047619044
0,0,0.007083333333333333
0,0,0.0
1,1,1.0
0,0,0.026523809523809526
1,1,1.0
1,1,1.0
0,0,0.001
1,1,1.0
0,0,0.0
1,1,1.0
1,1,0.997
0,0,0.0025
0,0,0.005
0,0,0.2802023809523809
1,1,0.995
1,1,1.0
1,1,0.7799166666666666
0,0,0.005
0,0,0.0075
0,0,0.0
1,1,0.9754166666666666
1,1,1.0
0,0,0.0
1,1,0.8927142857142859
0,0,0.01817857142857143
1,1,0.998
1,1,0.9990000000000001
1,1,1.0
0,0,0.0055000000000000005
0,0,0.0
1,1,1.0
1,1,0.9975
1,1,0.6764761904761903
1,1,1.0
0,0,0.0
0,0,0.0
1,1,1.0
0,0,0.09235714285714286
1,1,0.99
0,0,0.001875
0,0,0.0
1,1,0.7594166666666666
1,1,1.0
0,0,0.005
1,1,0.6328095238095238
0,0,0.0
0,0,0.036583333333333336
0,0,0.0
1,1,1.0
0,0,0.006
0,0,0.01814285714285714
0,0,0.0014285714285714286
1,1,0.9205
0,0,0.0
1,1,0.994375
1,1,1.0
1,1,0.99
0,0,0.0
1,1,1.0
0,0,0.0025
0,0,0.0
0,0,0.07208333333333333
1,1,0.9698333333333333
0,0,0.021
0,0,0.0
1,1,0.7266706349206348
0,0,0.0
0,0,0.3813511904761906
0,0,0.010833333333333332
1,1,0.5723095238095238
0,0,0.0
1,1,1.0
1,1,0.9455833333333333
0,1,0.9173333333333332
0,0,0.0
1,1,0.9518035714285713
0,0,0.0
1,1,0.985
1,1,0.995
0,0,0.0
1,1,1.0
1,1,1.0
1,1,1.0
0,0,0.024249999999999997
1,1,1.0
1,1,1.0
0,0,0.34358333333333335
0,0,0.4873273809523807
1,1,0.992047619047619
1,1,0.99
1,1,0.9011071428571428
1,1,1.0
0,0,0.0
0,0,0.0
0,0,0.0
1,1,0.97275
1,1,1.0
1,1,1.0
1,1,1.0
1,1,0.995
0,0,0.10248809523809524
1,1,0.995
1,1,1.0
1,1,1.0
1,1,0.9933333333333333
0,0,0.0
1,1,1.0
0,0,0.03666666666666667
1,1,0.8507500000000001
1,1,1.0
1,1,0.9396666666666667
0,0,0.003
1,1,0.9729166666666665
1,1,0.995
1,1,0.7760119047619048
0,0,0.005
0,0,0.0
1,1,0.9975
0,0,0.002
1,1,0.9794166666666668
0,0,0.0
0,0,0.005
0,0,0.01
0,0,0.0
0,0,0.0
1,1,0.99625
0,0,0.0
0,0,0.2902499999999999
1,1,0.9487499999999999
1,1,1.0
0,0,0.10977380952380955
1,1,0.9836666666666666
0,0,0.0
1,1,1.0
1,1,0.9975
0,0,0.0
0,0,0.00375
1,1,0.907535714285714
0,0,0.0057619047619047615
1,1,1.0
0,1,0.9393571428571428
1,1,1.0
1,1,1.0
0,0,0.0
1,1,1.0
0,0,0.0025
1,1,0.9975
1,1,0.9708333333333333
1,1,1.0
0,0,0.0
1,1,1.0
0,0,0.0
0,0,0.409595238095238
1,1,1.0
1,1,0.9936904761904762
0,0,0.0
1,1,1.0
0,0,0.003333333333333333
1,1,1.0
1,1,0.99875
1,1,1.0
0,0,0.005
0,0,0.025305555555555553
1,1,0.9685833333333335
1,1,0.7776825396825398
0,0,0.002708333333333333
1,1,0.995
0,0,0.005
1,1,1.0
1,1,0.5520714285714284
1,1,1.0
0,0,0.0
1,1,0.9505
1,1,0.9413333333333332
0,1,0.7445714285714286
0,0,0.034523809523809526
0,0,0.005
0,0,0.005
0,0,0.0
1,1,1.0
1,1,0.9983333333333334
1,1,0.9871666666666666
0,0,0.0
0,0,0.01
0,0,0.0
0,0,0.0
1,1,0.8964940476190476
1,1,1.0
1,1,0.99125
0,0,0.0
0,0,0.0
1,1,0.98575
1,1,1.0
0,0,0.01692857142857143
1,1,0.9978571428571429
0,0,0.007666666666666666
0,0,0.0
0,0,0.0
0,0,0.23829761904761906
1,1,1.0
1,1,0.9673333333333334
0,0,0.03133333333333333
0,1,0.8020535714285717
0,0,0.0
0,0,0.0
1,1,0.9978571428571429
1,1,1.0
1,1,0.985
1,1,1.0
0,0,0.0
1,1,0.9330119047619047
1,1,1.0
1,1,0.6126785714285715
0,0,0.0
0,0,0.03316666666666667
0,0,0.0
0,0,0.035416666666666666
0,0,0.055202380952380954
1,1,1.0
1,1,1.0
0,0,0.0075
0,0,0.129625
0,0,0.005
1,1,1.0
0,0,0.005
0,0,0.011666666666666665
1,1,1.0
1,1,0.9494166666666668
1,1,1.0
1,1,0.995
1,1,1.0
1,1,0.9966666666666667
0,0,0.0
0,0,0.00875
0,0,0.0
0,0,0.012
1,1,0.9990000000000001
1,1,1.0
1,1,1.0
1,1,1.0
1,1,0.7081011904761904
1,1,1.0
1,1,1.0
0,0,0.0345
0,0,0.028416666666666663
1,1,1.0
1,1,1.0
1,1,0.9925
1,1,0.9069999999999997
1,1,0.9983333333333334
1,1,1.0
1,1,1.0
1,1,1.0
0,0,0.0
0,0,0.0125
0,0,0.003333333333333333
1,1,1.0
1,1,0.9921904761904762
0,0,0.07975
0,0,0.0
0,0,0.03266666666666666
1,1,0.9452499999999999
1,1,0.9980000000000001
0,0,0.01
0,0,0.00375
1,1,1.0
1,1,1.0
1,1,0.997
0,0,0.0
0,0,0.0
1,1,1.0
0,0,0.0
1,1,0.99575
0,0,0.0025
1,1,0.5655119047619048
1,1,0.9637500000000001
1,1,1.0
1,1,0.995
0,0,0.0
0,0,0.0
0,0,0.0
1,1,0.99875
0,0,0.07540476190476192
1,1,0.995
1,1,1.0
1,1,1.0
0,0,0.0
0,0,0.0
1,1,0.8199345238095239
0,0,0.0
0,0,0.0
0,0,0.0026666666666666666
1,1,0.9975
0,0,0.0
0,0,0.0
1,1,1.0
0,0,0.0
0,0,0.06016666666666666
0,0,0.0
1,1,0.99625
0,0,0.0
1,1,0.9983333333333334
1,1,1.0
0,0,0.0
1,1,1.0
1,1,1.0
1,1,1.0
0,0,0.0
1,1,0.9978571428571429
0,0,0.1803611111111111
0,0,0.0
0,0,0.0
0,0,0.0
0,0,0.017833333333333333
0,0,0.0
0,0,0.005833333333333333
0,0,0.0
1,1,1.0
0,0,0.12841666666666668
0,1,0.5111785714285716
1,1,0.995
1,1,0.9815
1,1,1.0
1,1,1.0
0,0,0.0
1,1,0.9262738095238096
0,0,0.012952380952380953
1,1,0.9633333333333334
0,0,0.0
1,1,0.9926666666666665
0,0,0.0614761904761905
1,1,0.8850654761904764
0,0,0.0
0,0,0.0
1,1,0.9200555555555556
1,1,1.0
1,1,0.9966666666666666
1,1,0.9399999999999998
1,1,1.0
1,1,1.0
1,1,1.0
1,1,0.98875
0,0,0.0025
0,0,0.0
1,1,1.0
1,1,0.8733035714285715
0,0,0.0
1,1,0.9777023809523808
0,0,0.003666666666666667
0,0,0.2662738095238096
0,0,0.0
1,1,1.0
1,1,0.8408392857142856
1,1,0.6654583333333332
0,0,0.027125
0,0,0.0
1,1,1.0
0,0,0.009583333333333333
0,0,0.016880952380952382
0,0,0.0
1,1,0.9916666666666667
0,0,0.0
1,1,1.0
1,1,0.99
1,1,1.0
1,1,1.0
1,1,0.9926666666666667
0,0,0.0
1,1,1.0
1,1,0.9966666666666667
0,0,0.050583333333333334
1,1,0.995
1,1,0.9965
0,0,0.0025
1,1,0.840686507936508
1,1,0.9975
0,0,0.0
0,0,0.02
0,0,0.0
1,1,1.0
1,1,0.99625
0,0,0.0016666666666666666
1,1,1.0
0,0,0.0
1,1,0.9990000000000001
0,0,0.0
0,1,0.6795714285714287
0,0,0.003333333333333333
0,0,0.00125
0,0,0.3647500000000001
0,0,0.0
0,0,0.0
0,0,0.002
0,0,0.00125
1,1,0.975
1,1,1.0
0,1,0.6277142857142857
0,0,0.0
0,0,0.0
1,1,0.992
0,0,0.007083333333333334
0,0,0.0032500000000000003
0,0,0.0
1,1,0.8311666666666666
1,1,1.0
0,0,0.0
0,0,0.0
1,1,0.995
1,1,0.9990000000000001
0,0,0.013333333333333332
0,0,0.0
0,0,0.0
1,1,1.0
1,1,0.995
1,1,1.0
0,1,0.8564702380952381
0,0,0.005
1,1,0.955202380952381
1,1,0.8484761904761904
1,1,0.994375
0,0,0.00125
1,1,1.0
0,0,0.0030952380952380953
0,0,0.0
1,1,0.9670833333333334
0,0,0.0
1,1,1.0
0,0,0.0
1,1,0.9649761904761902
1,1,0.9875833333333334
1,1,0.9975
0,0,0.0
1,1,0.9842261904761905
1,1,1.0
0,0,0.0
1,1,1.0
1,1,0.9673333333333334
0,0,0.0
1,1,0.9819642857142857
0,0,0.0
0,0,0.4405833333333332
1,1,0.9733571428571429
0,0,0.0
0,0,0.005
1,1,1.0
1,1,1.0
0,0,0.015440476190476192
0,0,0.0016666666666666666
0,0,0.36291666666666655
1,1,1.0
1,1,0.7095416666666666
0,0,0.0
0,0,0.005
0,0,0.0085
1,1,1.0
0,0,0.02583333333333333
1,1,0.9933333333333334
1,1,0.9864285714285714
0,0,0.0021428571428571425
1,1,1.0
1,1,0.9941666666666665
1,1,0.9983333333333333
0,0,0.0
1,1,1.0
0,0,0.0
0,0,0.0
0,0,0.07556547619047618
1,1,1.0
0,0,0.01
1,1,0.99625
1,1,1.0
0,0,0.0
0,0,0.0
0,0,0.0035416666666666665
0,0,0.0
0,0,0.0
1,1,0.995
1,1,0.9933928571428572
0,0,0.0
0,0,0.0
1,1,1.0
1,1,1.0
0,0,0.12091666666666664
1,1,0.9923333333333333
1,1,1.0
1,0,0.22360714285714284
0,0,0.0
1,1,1.0
1,1,1.0
1,1,0.96375
0,0,0.0
1,1,0.619279761904762
0,0,0.0
0,0,0.01
0,0,0.44764285714285706
0,0,0.0
1,1,1.0
1,1,1.0
0,0,0.0
0,0,0.1325059523809524
0,0,0.0
1,1,0.99
1,1,1.0
1,1,1.0
1,1,1.0
0,0,0.0
0,0,0.0
0,0,0.0
0,0,0.0
0,0,0.0
1,1,1.0
0,0,0.013297619047619048
0,0,0.0
1,1,0.99625
1,1,0.995
1,1,0.995
1,1,0.9089166666666667
0,0,0.0
1,1,0.988125
0,0,0.0
1,1,0.9670833333333333
1,1,0.997
1,1,0.9790000000000001
1,1,1.0
1,1,1.0
0,0,0.0
1,1,0.8971071428571429
1,1,0.8502976190476191
0,0,0.014166666666666668
0,0,0.0
0,0,0.0025
0,0,0.0
0,1,0.6601071428571427
1,1,0.9975
1,1,1.0
1,1,0.9059761904761905
1,1,1.0
0,0,0.005
0,0,0.0016666666666666666
0,0,0.005
0,0,0.00125
1,1,0.9970833333333333
1,1,0.9975
1,1,0.9985714285714287
1,1,1.0
0,0,0.0
1,1,1.0
1,1,0.9985714285714287
1,1,0.9323333333333333
1,1,1.0
1,1,0.98625
1,1,1.0
1,0,0.3910833333333333
0,0,0.0
1,1,0.9523888888888886
1,1,0.98075
0,0,0.0
0,0,0.0
0,1,0.9990000000000001
0,0,0.011000000000000001
1,1,0.9897499999999999
0,0,0.0
0,0,0.0
0,1,0.7918333333333333
1,1,1.0
0,0,0.008
0,0,0.009666666666666667
0,0,0.011666666666666667
0,0,0.0
1,1,0.5905
0,0,0.02625
0,0,0.0
0,0,0.07760714285714286
1,1,1.0
0,0,0.07376190476190476
0,0,0.005
1,1,1.0
0,0,0.0
0,0,0.0
1,1,1.0
1,1,0.99875
1,1,0.9590000000000002
0,0,0.06092063492063492
0,0,0.36924999999999997
0,0,0.00125
1,1,0.8897023809523807
0,0,0.0
0,0,0.0
0,1,0.7475357142857141
0,0,0.0
1,1,0.998
1,1,1.0
1,1,0.9963333333333333
1,1,0.99
0,0,0.0
0,0,0.29033333333333333
0,0,0.27318452380952385
1,1,1.0
1,1,0.9047619047619048
0,0,0.01625
1,1,1.0
1,1,1.0
1,1,0.995
0,0,0.01
0,0,0.0
0,0,0.0
1,1,0.9966666666666666
1,1,1.0
0,0,0.3025595238095239
1,1,0.8753452380952383
1,1,0.9912916666666667
1,1,1.0
0,0,0.021619047619047618
0,0,0.0
1,1,1.0
1,1,1.0
1,1,0.9966666666666666
1,1,1.0
0,0,0.0
0,0,0.0
0,0,0.003333333333333333
0,0,0.18295833333333333
0,0,0.0
1,1,1.0
1,1,1.0
1,1,0.7685
0,0,0.017023809523809524
1,1,1.0
1,1,1.0
0,0,0.0035714285714285713
0,0,0.0
1,1,1.0
0,0,0.0
0,0,0.0
1,1,1.0
1,1,0.9975
0,0,0.05541666666666667
1,1,1.0
1,1,0.9820833333333333
0,0,0.00375
0,0,0.00125
1,1,0.9978571428571429
1,1,0.99625
1,1,0.7909166666666665
0,0,0.005
1,1,0.8203611111111111
0,0,0.006875
0,0,0.47947619047619044
1,1,1.0
1,1,1.0
0,0,0.0
0,0,0.0029166666666666664
1,1,1.0
0,0,0.023095238095238092
0,0,0.0
0,0,0.005
1,1,0.995
0,0,0.0
1,1,0.950202380952381
0,0,0.0
0,0,0.3129642857142858
1,1,0.9913333333333333
0,0,0.0
1,1,0.9900833333333332
1,1,1.0
1,1,1.0
1,1,0.997
0,0,0.007916666666666666
1,1,0.995
0,0,0.018500000000000003
0,0,0.02676190476190476
0,0,0.0025
1,1,0.98
0,0,0.0
0,0,0.0
0,0,0.0
0,0,0.0
0,0,0.002
0,0,0.005
0,0,0.0
0,0,0.0
0,0,0.0
0,0,0.0
0,0,0.1113690476190476
1,1,0.9640833333333333
0,0,0.0
0,0,0.4000714285714287
0,0,0.0
1,1,0.9282499999999999
0,0,0.0
0,0,0.0
0,0,0.005
0,0,0.0
0,0,0.0
0,0,0.0
0,0,0.005
0,0,0.0
1,1,1.0
0,0,0.01
1,1,0.8869285714285716
1,1,0.9522857142857144
0,0,0.0
0,0,0.00125
1,1,0.995
0,0,0.0
1,1,0.9542380952380952
0,0,0.013785714285714285
0,0,0.0
0,0,0.005
1,1,1.0
1,1,1.0
0,0,0.0
1,1,1.0
0,0,0.0
1,1,0.9990000000000001
0,1,0.5234642857142856
0,0,0.05766865079365079
1,1,0.9888333333333335
1,1,0.9778333333333334
1,1,0.9858333333333333
0,1,0.6274285714285714
1,1,1.0
1,1,0.9966666666666666
1,1,0.995
0,0,0.0
1,1,1.0
1,1,0.9925
0,0,0.02916666666666667
1,1,1.0
1,1,0.995
1,1,0.995
0,0,0.0
1,1,0.939392857142857
0,0,0.05039285714285715
1,0,0.0
1,1,1.0
0,0,0.21681818181818183
1,1,1.0
1,1,1.0
0,0,0.0
0,0,0.0
0,0,0.0
0,0,0.0
0,0,0.055
1,1,1.0
1,1,0.7442380952380953
0,0,0.00875
1,1,0.9585000000000001
0,0,0.0
1,1,1.0
0,0,0.0
0,0,0.0
1,1,0.9853333333333333
0,0,0.0
1,1,0.978
0,0,0.0
1,1,0.982
1,1,0.9897499999999999
1,1,0.6485476190476193
0,0,0.0
1,1,0.9983333333333333
0,0,0.005
0,0,0.0
1,1,1.0
0,0,0.19477976190476196
0,0,0.45091666666666674
1,1,0.996
0,0,0.0016666666666666666
1,1,0.9941666666666665
1,1,1.0
1,1,1.0
0,0,0.0
1,1,1.0
1,1,0.99
0,0,0.027416666666666666
1,1,1.0
0,0,0.003666666666666667
0,0,0.0
1,1,0.995
0,0,0.0
1,1,0.995
1,1,1.0
1,1,0.9924999999999998
1,1,0.8596011904761904
1,1,1.0
0,0,0.01591666666666667
0,0,0.0
1,1,0.5724404761904762
1,1,0.9740476190476192
0,0,0.006666666666666666
0,0,0.00875
1,1,0.9909166666666666
1,1,1.0
1,1,1.0
1,1,0.9975
1,1,0.9933333333333333
0,0,0.0
1,1,1.0
1,1,1.0
1,1,0.9985714285714287
1,1,1.0
0,0,0.005833333333333334
1,1,0.5410416666666666
1,1,0.9975
1,1,1.0
1,1,0.99875
1,1,0.9633452380952379
1,1,1.0
1,1,1.0
1,1,0.99875
0,0,0.0
1,1,0.8403749999999998
0,0,0.01125
1,1,0.7542936507936511
1,1,0.995
1,1,1.0
1,1,0.9691428571428571
0,0,0.0
0,0,0.21897023809523805
1,1,0.9933333333333333
0,1,0.6415357142857142
0,0,0.0
1,1,0.9242380952380952
0,0,0.002
1,1,1.0
0,0,0.0
1,1,0.9294166666666667
0,0,0.0
1,0,0.0
1,1,0.995
0,0,0.0
1,1,0.99875
1,1,0.995
1,1,0.9958333333333332
0,0,0.0
1,1,0.5834940476190477
0,0,0.1663452380952381
0,0,0.003333333333333333
1,1,1.0
1,1,0.9952500000000001
0,0,0.013333333333333332
1,1,1.0
0,0,0.0125
0,1,0.7624166666666663
0,0,0.1029404761904762
1,1,1.0
0,0,0.005
0,0,0.0
0,0,0.0
1,1,1.0
1,1,0.99425
1,1,0.913702380952381
0,0,0.03308333333333333
1,1,1.0
0,0,0.015208333333333332
1,1,1.0
0,0,0.0
1,1,1.0
1,1,0.9783333333333334
1,1,0.9885833333333334
1,1,1.0
1,1,0.9975
0,0,0.0
1,0,0.06275
1,1,0.9917857142857143
1,1,1.0
1,1,0.8508809523809525
1,1,0.889013888888889
0,0,0.01375
1,1,1.0
1,0,0.3699166666666666
1,1,0.995
0,0,0.0
1,1,0.9953333333333334
1,1,0.9670833333333333
1,1,1.0
1,1,1.0
0,0,0.0
0,0,0.0
1,1,0.993
1,1,0.9870833333333334
1,1,1.0
0,0,0.0
1,1,1.0
0,0,0.01125
0,0,0.0
0,0,0.0
0,0,0.31654166666666667
1,1,0.9334285714285714
0,0,0.0025
0,0,0.006666666666666666
0,0,0.0
1,1,0.9658055555555556
1,1,1.0
1,1,0.9383452380952383
1,1,0.8814642857142857
1,1,0.948392857142857
1,1,1.0
0,0,0.0
0,0,0.026666666666666665
1,1,0.9966666666666667
0,0,0.0
1,1,0.9587380952380952
1,1,0.99375
1,1,1.0
1,1,1.0
1,1,0.9023511904761905
0,0,0.0
0,0,0.007142857142857143
0,0,0.01375
0,0,0.08296428571428571
1,1,0.9523333333333334
0,0,0.004375
1,1,0.9983333333333333
1,1,1.0
1,1,0.9786666666666668
0,0,0.005
1,1,1.0
0,0,0.0
0,0,0.2139761904761905
1,1,1.0
0,0,0.022666666666666665
0,0,0.0
1,1,1.0
1,1,0.9540833333333333
1,1,0.9358928571428572
0,0,0.004345238095238095
1,1,0.9866666666666667
0,0,0.005
0,0,0.0
1,1,1.0
1,1,0.9965
0,0,0.001
0,0,0.012333333333333333
0,0,0.0
0,0,0.0
0,0,0.0
1,1,0.6881567460317458
1,1,1.0
1,1,0.92775
1,1,0.9602499999999999
0,0,0.47663095238095254
1,1,0.9945833333333333
0,0,0.01125
1,1,0.9209583333333333
1,1,0.9975
0,0,0.0
0,0,0.14122619047619048
1,1,1.0
1,1,0.904904761904762
1,1,0.8980000000000001
0,0,0.11458333333333331
1,1,1.0
0,0,0.0
1,1,1.0
1,1,0.9586071428571428
1,1,1.0
1,1,0.9953333333333333
0,0,0.007916666666666666
1,1,0.9975
1,1,1.0
1,1,1.0
1,1,0.8780952380952379
0,0,0.09360714285714286
0,0,0.0
0,0,0.0025
1,1,1.0
0,1,0.9939583333333333
0,0,0.0
0,0,0.0
0,0,0.01
1,1,0.9992857142857143
1,1,1.0
1,1,1.0
1,1,0.99675
1,1,1.0
1,1,0.6602023809523812
1,1,0.995
1,1,1.0
0,0,0.020345238095238093
1,1,0.96025
0,0,0.18260714285714286
0,0,0.003666666666666667
1,1,1.0
1,1,1.0
1,1,0.9843333333333334
1,1,0.9991666666666665
0,0,0.008
1,1,0.903702380952381
1,1,0.995
0,0,0.0
0,0,0.0
0,0,0.0
1,1,1.0
0,0,0.0
1,1,0.9920833333333333
0,0,0.0
0,1,0.572484126984127
1,1,1.0
1,1,0.995
0,0,0.016928571428571428
1,1,0.9908333333333335
0,0,0.0
0,0,0.009285714285714286
1,1,1.0
1,0,0.43699999999999994
0,0,0.0
0,0,0.0025
0,0,0.0
1,1,0.9956666666666666
1,1,0.9825
0,0,0.0
1,1,1.0
0,0,0.0
0,0,0.015
0,0,0.0045000000000000005
0,0,0.002
1,1,0.9795
1,1,0.5997380952380951
0,0,0.003666666666666667
1,1,0.9975
1,1,1.0
1,1,1.0
1,1,1.0
0,0,0.0
0,0,0.021833333333333337
0,0,0.004166666666666667
0,0,0.11083333333333333
1,1,1.0
1,1,1.0
0,0,0.0
1,1,1.0
1,1,0.99425
0,0,0.009333333333333334
0,0,0.0
0,0,0.005
0,0,0.028976190476190475
1,1,1.0
0,0,0.001
1,1,0.9966071428571428
1,1,0.995
0,0,0.0
0,0,0.0
1,1,1.0
1,1,0.9678611111111111
1,0,0.4987777777777778
1,1,1.0
0,0,0.0
0,0,0.0
0,0,0.00375
1,1,0.995
1,1,0.9990000000000001
1,1,0.9568452380952381
0,0,0.005
0,0,0.004
0,0,0.0
0,0,0.020666666666666663
1,1,0.9253333333333331
0,0,0.0
0,0,0.0
0,0,0.005
1,1,0.9916666666666667
1,1,0.9059047619047621
0,0,0.0
0,1,1.0
0,0,0.005
1,1,1.0
1,1,0.9910833333333335
1,1,1.0
1,1,0.9925
0,0,0.4181666666666667
0,0,0.09889880952380951
1,1,1.0
0,0,0.0
1,1,0.8278333333333333
0,0,0.02602380952380952
0,0,0.014166666666666668
1,1,1.0
0,0,0.13516666666666668
1,1,0.9904166666666666
0,0,0.0016666666666666666
1,1,1.0
0,0,0.0075
0,0,0.0016666666666666666
0,0,0.0
0,0,0.09191666666666666
0,0,0.0025
0,0,0.0016666666666666666
1,1,1.0
1,1,0.9975
1,1,1.0
0,0,0.0
1,1,0.9744166666666666
0,0,0.032916666666666664
0,0,0.0
0,0,0.0
0,0,0.1720833333333333
1,1,0.9963333333333333
1,1,0.9940000000000001
1,1,0.978
0,0,0.0
1,1,0.9783333333333333
1,1,1.0
1,1,1.0
0,0,0.030333333333333337
1,1,1.0
0,0,0.14672619047619045
1,1,0.9933333333333333
0,0,0.0
0,0,0.0
0,0,0.04041666666666666
0,0,0.0
0,0,0.04433333333333333
1,1,0.9140833333333331
0,0,0.029333333333333336
0,0,0.013333333333333332
0,0,0.0
1,1,1.0
1,1,1.0
0,0,0.0025
1,1,1.0
0,0,0.00375
0,0,0.0
1,1,0.9933333333333334
1,1,1.0
1,1,0.8092976190476192
1,1,1.0
1,1,0.99275
0,0,0.19992261904761904
1,1,0.8569999999999999
0,0,0.004226190476190475
1,1,1.0
1,1,0.9990000000000001
1,1,0.9903571428571428
0,0,0.0
1,1,0.99875
1,1,1.0
1,1,0.8781428571428573
1,1,0.9990000000000001
0,0,0.0
1,1,0.9211904761904763
0,0,0.14301190476190473
1,1,1.0
1,1,0.9850833333333333
1,1,1.0
0,1,0.8941190476190477
0,0,0.0
1,1,0.9578095238095239
1,1,0.99875
1,1,1.0
0,0,0.01
0,0,0.02176190476190476
1,1,0.9724166666666667
1,1,0.9196230158730161
0,0,0.0025
1,1,0.9924166666666666
1,1,0.9975
0,0,0.002
1,1,0.7850595238095238
0,0,0.0
0,0,0.0016666666666666666
1,1,0.9881547619047619
0,0,0.0
1,0,0.1872083333333333
1,1,1.0
1,1,0.9969047619047621
0,0,0.0
0,0,0.0
1,1,0.8683928571428571
0,0,0.005
1,1,1.0
1,1,0.8829166666666667
0,0,0.0
0,0,0.0
0,0,0.0
0,0,0.07333333333333333
0,0,0.005416666666666666
0,0,0.12058333333333335
0,0,0.048619047619047624
0,0,0.2840119047619048
1,1,0.9978571428571429
1,1,1.0
1,1,1.0
1,1,1.0
0,0,0.0025
0,0,0.07903968253968255
1,1,1.0
1,1,0.9694166666666668
1,1,0.9975
0,0,0.0
0,0,0.06641666666666667
0,0,0.025833333333333333
1,1,1.0
1,1,0.99
1,1,1.0
0,0,0.0
1,1,1.0
1,1,0.7699166666666664
1,1,0.9879166666666667
1,1,0.995
1,0,0.314
1,0,0.1328888888888889
1,0,0.012916666666666667
1,1,0.9990000000000001
0,0,0.0
1,1,0.6400119047619047
0,0,0.0
0,0,0.2275297619047619
1,1,0.7120416666666667
1,1,1.0
0,0,0.014095238095238095
0,0,0.0
0,0,0.0
0,0,0.0
1,1,0.9817361111111111
1,1,0.987
1,1,0.995
1,1,0.9941666666666665
0,0,0.14658333333333334
1,1,1.0
0,0,0.0
0,0,0.0
0,0,0.06944047619047619
0,0,0.004166666666666667
0,0,0.0
1,1,0.9966666666666666
1,1,1.0
0,0,0.0
1,1,0.994375
0,0,0.13033333333333333
0,0,0.002
1,1,0.9899999999999999
0,0,0.0
1,1,0.9804999999999999
0,1,0.7743075396825396
1,1,1.0
0,0,0.0
1,1,0.9975
0,0,0.29978571428571427
0,0,0.0
0,0,0.0
0,0,0.01
0,0,0.4908888888888889
1,1,1.0
0,0,0.025083333333333336
0,0,0.0
0,0,0.0305
0,0,0.0
0,0,0.0
0,0,0.0
0,0,0.036333333333333336
0,0,0.0
1,1,0.9954166666666666
1,1,0.9966666666666666
1,1,0.9816666666666666
0,0,0.005
1,1,1.0
1,1,1.0
1,1,0.9867619047619047
0,0,0.0016666666666666666
0,0,0.023333333333333334
0,0,0.0
1,1,1.0
1,1,0.998
0,0,0.0
1,1,1.0
1,1,0.998
1,1,1.0
0,0,0.0
1,1,0.9925
1,1,0.99
0,0,0.0
0,0,0.0175
0,0,0.01
1,1,1.0
1,1,0.9833333333333333
0,0,0.0
1,1,1.0
0,0,0.0008333333333333333
1,1,1.0
0,0,0.0125
1,1,0.8703194444444445
0,0,0.0
1,1,0.9958333333333332
1,1,0.9580773809523809
0,0,0.0
0,0,0.04825
1,1,0.995
1,1,1.0
0,0,0.0
1,1,0.9354523809523808
1,1,0.9966666666666666
0,1,0.5220238095238094
0,0,0.005
1,1,0.9937916666666666
1,1,0.9891904761904762
0,0,0.01
1,1,0.9492499999999999
0,0,0.02
0,0,0.08225000000000002
0,0,0.29979365079365083
1,1,0.9278035714285714
1,0,0.4776190476190475
1,1,0.9593928571428569
0,0,0.022000000000000002
1,1,1.0
0,0,0.005
0,0,0.0
1,1,0.995952380952381
0,0,0.0
1,1,1.0
1,1,0.9054285714285716
0,0,0.0
1,1,0.97375
1,1,0.9983333333333333
1,1,0.9852380952380951
1,1,1.0
0,0,0.0
0,0,0.0
1,0,0.3917440476190475
0,0,0.0
0,0,0.0025
0,0,0.0
0,0,0.30960714285714286
1,1,1.0
1,1,0.9928571428571429
1,1,0.9510833333333334
1,1,0.9983333333333333
0,1,0.873857142857143
0,0,0.0
0,0,0.0
1,1,0.798642857142857
1,1,1.0
0,0,0.0
1,1,0.99875
1,1,1.0
1,1,0.9785357142857142
0,0,0.006416666666666666
0,0,0.0
1,1,1.0
0,0,0.0
0,0,0.0
1,1,1.0
1,1,0.9983333333333333
0,0,0.20016666666666666
0,0,0.008
0,0,0.028000000000000004
0,0,0.0
1,1,1.0
0,0,0.0
0,0,0.009000000000000001
1,0,0.0
1,1,0.9990000000000001
1,1,0.9990000000000001
1,1,0.9651428571428572
1,1,0.9925
1,1,0.9870714285714286
1,1,0.8809166666666668
0,0,0.19470238095238102
1,1,1.0
0,0,0.0
1,1,1.0
0,0,0.006571428571428572
0,0,0.0
1,1,0.9904999999999999
0,0,0.0
1,1,0.8621309523809524
1,1,1.0
1,1,0.99
0,0,0.0025
1,1,0.9181904761904763
1,1,0.99875
0,0,0.0
0,0,0.0
1,1,0.9970833333333334
0,0,0.0
1,1,1.0
0,0,0.0
1,1,1.0
0,0,0.0
1,1,0.9975
0,0,0.0
0,0,0.020416666666666666
1,1,0.9983333333333333
0,0,0.0
0,0,0.005
1,1,1.0
0,0,0.0175
0,0,0.005
1,1,1.0
1,1,0.9607678571428572
0,0,0.01125
1,1,0.99375
1,0,0.4178750000000001
0,0,0.06833333333333333
1,1,0.924690476190476
1,1,0.99375
0,0,0.0
1,1,0.99775
1,1,1.0
1,1,1.0
0,0,0.0
1,1,0.9966666666666667
0,0,0.003333333333333333
1,1,0.9254007936507935
1,1,0.9966666666666667
0,0,0.04216666666666668
0,0,0.34948809523809515
0,0,0.0072499999999999995
0,0,0.005
0,0,0.0
0,0,0.0
0,0,0.0
1,1,0.997
1,1,0.9505833333333336
0,0,0.0035714285714285713
0,0,0.006666666666666666
1,1,1.0
1,1,1.0
1,1,1.0
1,1,1.0
0,0,0.0
1,1,0.9983333333333334
1,1,0.8985238095238094
1,1,1.0
0,0,0.0
0,0,0.17008333333333334
1,1,1.0
1,1,1.0
0,0,0.0
0,0,0.0
1,1,0.9539583333333332
0,0,0.0
1,1,0.9849166666666668
1,1,1.0
0,0,0.015595238095238096
1,1,1.0
0,0,0.0045000000000000005
0,1,0.93025
0,0,0.0
1,1,1.0
0,0,0.03133333333333334
1,1,1.0
1,1,0.9631666666666667
0,0,0.0
1,1,0.992375
1,1,1.0
1,1,0.9775238095238095
1,1,1.0
1,1,1.0
0,0,0.022166666666666668
1,1,1.0
0,0,0.0
1,1,0.8615476190476188
1,1,0.5135714285714283
0,0,0.0
0,0,0.034428571428571426
0,0,0.0
1,1,1.0
1,1,0.9597916666666667
1,1,0.9398333333333332
0,0,0.0
0,0,0.005
0,0,0.04775
0,0,0.0
1,1,0.9875
1,1,1.0
0,0,0.0
1,1,0.995
0,0,0.033666666666666664
1,1,0.995
1,1,1.0
0,0,0.021047619047619048
0,0,0.02
0,0,0.0
0,0,0.0
1,1,1.0
0,0,0.0
1,1,1.0
0,0,0.0
1,1,0.9958333333333332
0,0,0.0
0,0,0.0
1,1,0.9739999999999999
1,1,1.0
1,1,1.0
0,0,0.0
0,0,0.01075
1,1,0.995
1,1,0.6471706349206348
1,1,0.9983333333333334
1,1,1.0
1,1,1.0
1,1,0.7029880952380951
0,0,0.03301190476190476
0,0,0.003
0,0,0.0
1,1,1.0
0,0,0.0
1,1,1.0
1,1,0.9992857142857143
0,0,0.029166666666666664
1,1,1.0
0,0,0.0
1,1,0.8473333333333334
1,1,0.9835119047619045
1,1,0.8280357142857143
0,0,0.0
1,0,0.2974404761904762
0,0,0.0
1,1,1.0
0,0,0.0
1,1,0.8849047619047617
0,0,0.0
1,1,1.0
0,0,0.0
0,0,0.0
1,1,0.7645833333333334
1,1,0.954
1,1,0.9933333333333334
1,1,0.9837499999999999
1,1,0.992797619047619
1,1,0.99625
0,0,0.0025
1,1,1.0
0,0,0.0075
0,0,0.0
1,1,0.9960000000000001
1,1,0.915
1,1,0.9516190476190477
1,1,1.0
0,0,0.004166666666666667
1,1,1.0
0,0,0.0
0,1,1.0
0,0,0.0
0,0,0.003333333333333333
0,0,0.0
0,0,0.0085
1,1,0.9945
1,1,0.9629166666666668
1,1,0.997125
0,0,0.3950064935064935
1,1,1.0
1,1,0.9029583333333331
0,0,0.011666666666666665
1,1,0.8208750000000002
0,0,0.45729761904761895
1,1,0.9858333333333333
0,0,0.001
1,1,1.0
0,0,0.004642857142857143
0,0,0.14063690476190477
1,1,1.0
0,0,0.0016666666666666666
0,1,0.967313492063492
0,0,0.00125
1,1,1.0
1,1,0.7302619047619049
0,0,0.006666666666666666
1,1,0.9361666666666665
0,0,0.04342857142857143
0,0,0.009
0,0,0.10377380952380949
0,0,0.005
0,0,0.0016666666666666666
1,1,1.0
1,1,0.9726488095238095
0,0,0.01275
0,0,0.020833333333333336
1,1,1.0
1,1,1.0
0,0,0.005
0,0,0.0
0,0,0.01583333333333333
1,1,0.9966666666666667
1,1,1.0
0,0,0.0
0,0,0.0
1,1,0.995
0,0,0.003333333333333333
0,0,0.01875
0,0,0.0
1,1,1.0
1,1,0.998
1,1,1.0
1,1,1.0
1,1,0.8500833333333334
1,1,0.995
1,1,0.982
0,0,0.0
0,0,0.01
0,0,0.0
1,1,0.9393333333333332
0,0,0.2648630952380952
1,1,0.9866666666666666
0,0,0.08233928571428573
0,0,0.2763611111111111
1,1,1.0
1,1,0.98625
0,0,0.0
0,0,0.0025
0,0,0.0
1,1,0.9240912698412697
0,0,0.0
0,0,0.0
0,0,0.0
1,1,0.995
0,0,0.06833333333333333
0,0,0.0
1,1,0.9966666666666666
0,0,0.0
0,0,0.0
0,0,0.30500000000000005
0,0,0.0
0,0,0.0
0,0,0.013821428571428571
0,0,0.0085
0,0,0.0
1,1,0.9719642857142857
0,0,0.0
1,1,0.7721666666666667
1,1,0.8638095238095238
1,1,0.9954999999999999
1,1,0.9466666666666668
0,0,0.02
1,1,0.96625
1,1,1.0
1,1,1.0
0,0,0.06680158730158729
1,1,0.995
1,1,1.0
0,0,0.0029166666666666664
0,0,0.006
0,0,0.00425
0,0,0.17267857142857143
1,1,0.9433809523809523
0,0,0.0
0,0,0.10516666666666666
0,0,0.3344583333333334
0,0,0.0
1,1,1.0
1,1,0.9561666666666666
0,0,0.004166666666666667
0,0,0.022250000000000002
1,1,0.9678690476190475
0,0,0.0
0,0,0.00375
1,1,0.99625
1,1,1.0
1,1,0.995
1,1,0.985
0,0,0.3414206349206349
1,1,0.5970238095238096
0,0,0.0
1,1,0.98925
0,0,0.0
1,1,1.0
0,0,0.0
1,1,1.0
1,1,0.99
1,1,0.995
0,0,0.008333333333333333
0,1,0.8482500000000001
0,0,0.0
0,0,0.0
0,0,0.009166666666666667
1,1,1.0
1,1,1.0
0,0,0.0016666666666666666
0,0,0.008333333333333333
0,0,0.05648809523809524
0,0,0.0025
0,0,0.0
0,0,0.023095238095238092
1,1,1.0
0,0,0.006666666666666666
0,1,0.7009880952380954
1,1,0.9939999999999999
1,1,1.0
1,1,0.9865833333333334
0,0,0.062047619047619046
0,0,0.001875
1,1,1.0
0,0,0.0
0,0,0.0
1,1,0.99375
1,1,1.0
0,0,0.0
0,0,0.10223809523809525
0,0,0.0
0,0,0.00375
0,0,0.004
0,0,0.00125
0,0,0.0
1,1,1.0
0,0,0.0
0,0,0.013333333333333332
0,0,0.029440476190476194
1,1,0.9933333333333333
1,1,0.9941666666666665
1,1,0.995
1,1,1.0
0,0,0.002
1,1,1.0
1,1,0.9872619047619048
1,1,1.0
1,1,0.9966666666666667
0,0,0.0
0,0,0.3189047619047619
0,0,0.01625
0,0,0.02416666666666667
0,0,0.0
0,0,0.0
1,1,0.9815
0,0,0.0988928571428571
1,1,0.9950000000000001
1,1,1.0
1,1,1.0
1,1,0.9983333333333333
0,0,0.0035714285714285713
1,1,0.985
0,0,0.34192658730158726
0,0,0.01
1,1,0.951001984126984
1,1,0.9883333333333334
0,0,0.00625
0,0,0.00875
0,0,0.0
0,0,0.0
1,1,1.0
0,0,0.002
0,0,0.0
1,1,1.0
0,0,0.036333333333333336
0,0,0.0
0,0,0.257345238095238
0,1,0.8439166666666668
0,0,0.01
1,1,0.995625
0,0,0.0553095238095238
0,1,0.5879345238095238
1,1,0.995
1,1,0.9322500000000001
0,0,0.005
1,1,0.995
0,0,0.0
1,1,1.0
0,0,0.005
0,0,0.0
0,0,0.0
1,1,0.9954999999999999
1,1,0.7004880952380951
1,1,1.0
1,1,0.9884523809523809
1,1,1.0
0,0,0.0
1,1,0.99
1,1,0.9978571428571429
0,0,0.0
1,1,0.6966547619047618
1,1,0.9975
1,1,1.0
0,0,0.004166666666666667
0,0,0.0
0,0,0.005
1,1,1.0
0,0,0.0
0,0,0.0
0,0,0.0
0,0,0.0
1,1,0.9380416666666666
0,0,0.01
1,1,0.9554761904761904
0,0,0.00375
0,0,0.0
1,1,1.0
0,0,0.0021428571428571425
0,0,0.011666666666666665
1,1,1.0
1,1,0.9851071428571428
1,1,0.8529166666666668
1,1,0.9990000000000001
1,1,1.0
0,0,0.0
1,1,0.995
0,0,0.0
0,0,0.003333333333333333
0,0,0.008333333333333333
0,0,0.00125
0,0,0.03
0,0,0.010416666666666664
1,1,0.9929166666666666
0,0,0.008333333333333333
1,1,0.9825
0,0,0.0
0,0,0.015
0,0,0.0
1,1,0.9941666666666668
0,0,0.0
1,1,1.0
1,1,1.0
0,0,0.10475
1,1,0.99
0,0,0.005476190476190476
1,1,1.0
1,1,1.0
0,0,0.0016666666666666666
0,0,0.0
1,1,0.8898809523809524
1,1,0.9759642857142857
0,0,0.0
0,1,0.6250178571428573
0,0,0.0
1,1,1.0
0,0,0.0
1,1,1.0
1,1,0.9990000000000001
1,1,0.9690000000000001
1,0,0.005
0,0,0.0
0,0,0.005
0,0,0.04375
1,1,0.9850000000000001
0,0,0.0
1,1,0.97775
1,1,1.0
0,0,0.0029166666666666664
0,0,0.0
0,0,0.0
0,0,0.0
0,0,0.005333333333333333
0,0,0.0125
0,0,0.0
0,0,0.006
1,1,1.0
1,1,0.6067738095238095
1,1,1.0
0,0,0.0
1,1,0.95875
1,1,1.0
1,1,1.0
0,0,0.0
1,1,0.99875
0,0,0.0125
1,1,0.7864781746031746
0,0,0.0
1,1,0.9875
1,1,0.98
1,1,0.5522083333333333
0,0,0.0
1,1,0.9983333333333333
0,1,0.6905119047619047
0,0,0.0
1,1,0.822416666666667
0,0,0.0
1,1,0.9476785714285714
0,0,0.0
0,0,0.014666666666666666
1,1,1.0
1,1,0.9355000000000001
1,1,1.0
0,0,0.0
1,1,0.9146666666666667
1,1,0.9991666666666665
0,0,0.034416666666666665
0,0,0.0
0,0,0.0
0,0,0.12166666666666667
1,1,0.9810833333333333
1,1,1.0
0,0,0.0
1,1,0.9933333333333334
0,0,0.0
0,0,0.005333333333333333
1,1,0.9741666666666666
0,0,0.0
1,1,0.7909166666666667
1,1,0.9835714285714287
1,1,0.9827380952380952
0,0,0.0016666666666666666
0,0,0.005166666666666666
1,1,1.0
1,1,1.0
0,0,0.025
0,0,0.0
0,0,0.0025
0,0,0.029333333333333333
1,1,1.0
1,1,0.9866666666666666
1,1,1.0
1,1,0.9941666666666665
1,1,0.6933333333333332
0,0,0.039749999999999994
0,0,0.0
0,0,0.0
0,0,0.21050000000000002
0,0,0.010249999999999999
1,1,0.9715833333333335
1,1,1.0
0,0,0.0
1,1,1.0
1,0,0.18038095238095242
0,0,0.0
1,1,0.6168452380952381
0,0,0.0
1,1,1.0
0,0,0.008333333333333333
1,1,0.7801488095238096
0,0,0.038000000000000006
1,1,0.9983333333333333
1,1,0.6090595238095239
0,0,0.0
0,0,0.0025
0,1,0.8926547619047618
1,1,0.99775
0,0,0.015666666666666666
1,1,1.0
1,1,1.0
1,1,0.995
0,0,0.0
0,0,0.01
0,0,0.0
0,0,0.001
1,1,0.6478452380952383
1,1,0.995
0,0,0.0
1,1,0.995
1,1,0.9745833333333335
0,0,0.0
0,0,0.0
1,1,0.9992857142857143
0,0,0.0
0,0,0.0
1,1,1.0
1,1,0.9541666666666667
1,1,0.9954999999999999
1,1,0.9343333333333333
0,0,0.005
0,0,0.0
0,0,0.0
0,0,0.0
1,1,0.9933333333333333
1,1,1.0
0,0,0.0
0,0,0.0
0,0,0.005
0,0,0.22996825396825396
0,0,0.0
0,0,0.0
0,0,0.0
1,1,1.0
0,0,0.015
1,1,1.0
0,0,0.35112500000000013
0,0,0.0
0,0,0.010583333333333333
0,0,0.0
0,0,0.21779761904761905
0,0,0.002
1,1,0.9975
1,1,0.99875
0,0,0.115
1,1,0.9533333333333333
1,1,0.9592916666666667
0,0,0.0021428571428571425
1,1,0.9545
0,0,0.0
0,0,0.0
1,1,0.99375
0,0,0.0
0,0,0.0
1,1,0.9750833333333334
1,1,0.907218253968254
1,1,0.9953333333333333
1,0,0.4815555555555555
0,0,0.0
0,0,0.00575
1,1,0.7299166666666668
0,0,0.0
0,0,0.0
0,0,0.46312499999999995
0,0,0.0
0,0,0.005476190476190476
1,1,1.0
0,0,0.0
0,0,0.005
1,1,0.6811369047619047
1,1,0.998
0,0,0.0
0,0,0.02208333333333333
0,0,0.004166666666666667
1,1,0.9990000000000001
0,0,0.026458333333333334
1,1,1.0
0,0,0.0
1,1,1.0
1,1,1.0
1,1,1.0
1,1,0.9591666666666667
0,0,0.0605
0,0,0.0
0,0,0.0
1,1,0.9559404761904762
1,1,1.0
0,0,0.0
1,1,1.0
0,0,0.0
1,1,0.9763888888888889
0,0,0.007666666666666666
0,0,0.006999999999999999
0,0,0.0
1,1,1.0
1,1,0.9691071428571427
1,1,1.0
1,1,0.9866666666666667
0,0,0.004166666666666667
1,1,1.0
1,1,0.9741190476190477
0,0,0.0016666666666666666
0,0,0.0
1,1,0.9807499999999999
1,1,0.9916666666666666
1,0,0.43714285714285717
1,1,1.0
1,1,1.0
0,0,0.0
0,0,0.01
1,1,0.8499880952380953
1,1,0.995
0,0,0.0
0,0,0.05
0,0,0.0045000000000000005
1,1,1.0
1,1,0.9865
1,1,1.0
1,1,0.9975
0,0,0.026380952380952383
0,0,0.03475
1,1,0.9612083333333332
0,0,0.0
0,0,0.09740476190476187
1,1,1.0
1,1,0.9752500000000001
1,1,1.0
1,1,0.995
0,0,0.014166666666666668
1,1,0.9240833333333334
0,1,0.8636845238095237
0,0,0.07708333333333334
1,1,0.995
0,0,0.1415337301587301
0,0,0.005
0,0,0.0
1,1,0.8760833333333334
0,0,0.0
0,0,0.0
0,0,0.0
1,1,0.9902976190476189
0,0,0.0
1,1,0.8321071428571427
0,0,0.0
0,0,0.18189285714285713
0,0,0.0
1,1,0.99875
0,0,0.036333333333333336
1,1,1.0
1,1,0.995
1,1,1.0
1,1,1.0
1,1,1.0
0,0,0.0
1,1,1.0
1,1,0.9938333333333332
1,1,0.7749166666666667
1,0,0.34545833333333326
0,0,0.14191666666666666
1,1,1.0
1,1,1.0
1,1,1.0
0,0,0.0
0,0,0.0
0,0,0.0
1,1,0.9348095238095239
1,0,0.005
0,0,0.0
0,0,0.0057619047619047615
1,1,0.9955357142857143
0,0,0.005333333333333333
0,0,0.0025
0,0,0.0
1,1,0.9774166666666667
0,0,0.0
0,0,0.0
0,0,0.0
1,1,0.8302083333333334
0,0,0.0
1,1,0.995
0,0,0.022583333333333334
1,1,1.0
0,0,0.0025
0,0,0.005
0,0,0.0
0,0,0.0
0,0,0.0
0,0,0.0
1,1,0.9933333333333333
0,0,0.0
0,0,0.0
0,0,0.0
0,0,0.022765873015873014
0,0,0.001
1,1,1.0
1,1,0.9941666666666668
0,0,0.0
1,1,0.8863214285714287
0,0,0.4112619047619049
0,0,0.0
0,0,0.01575
0,0,0.002
0,0,0.0
0,0,0.01
0,0,0.016666666666666666
1,1,0.995
0,0,0.0
0,0,0.005
1,1,1.0
0,0,0.0
0,0,0.0
0,0,0.0
1,1,1.0
1,1,1.0
0,0,0.16247222222222224
0,0,0.1359821428571428
0,0,0.0
1,1,0.985
0,0,0.001
0,0,0.005416666666666666
1,1,0.985
0,0,0.0
0,0,0.19586904761904758
0,0,0.0
0,0,0.0
1,1,1.0
1,1,0.9886547619047619
1,1,1.0
0,0,0.0
1,1,1.0
0,0,0.0
1,1,0.9740119047619047
1,1,1.0
1,1,1.0
0,0,0.0
0,0,0.008
0,0,0.011023809523809524
1,1,0.9391666666666666
0,0,0.0
0,0,0.010595238095238095
1,0,0.28258333333333324
0,0,0.0016666666666666666
1,1,0.9922222222222223
1,1,0.7191190476190475
1,1,0.99
1,1,0.8463571428571427
1,1,1.0
0,0,0.0
1,1,0.99
1,1,1.0
1,1,0.99
1,1,1.0
1,1,1.0
0,0,0.27630357142857137
1,1,1.0
1,1,1.0
1,1,1.0
1,1,0.997
0,0,0.005
0,0,0.0
1,1,0.8533511904761903
0,0,0.0
0,0,0.11828571428571427
1,1,0.9931666666666666
0,0,0.0
0,0,0.005
1,1,1.0
1,1,1.0
1,1,1.0
0,0,0.0025
0,0,0.0
0,0,0.0
0,0,0.156
0,0,0.2429880952380952
0,0,0.0
0,0,0.0
0,0,0.015666666666666666
0,0,0.0
0,0,0.0
0,0,0.0
0,0,0.006607142857142857
0,0,0.03133333333333333
0,0,0.0
1,1,0.9934999999999999
0,0,0.0
0,0,0.017041666666666667
1,1,0.8109880952380951
1,1,1.0
0,0,0.0
1,1,0.998
1,1,0.94325
0,0,0.006
1,1,1.0
1,1,0.739875
0,0,0.002
0,0,0.0
1,1,1.0
1,1,0.99
1,1,1.0
1,1,1.0
1,1,1.0
1,1,0.992
0,0,0.0
0,0,0.0
0,0,0.0
0,0,0.0
0,0,0.03905952380952381
0,0,0.00125
0,0,0.0
1,1,1.0
0,0,0.00125
1,1,0.9605
1,1,0.99
1,1,1.0
1,1,1.0
1,1,0.995
0,0,0.0
0,0,0.0
1,1,0.9464999999999999
0,0,0.003
0,0,0.025305555555555553
0,0,0.0025
0,0,0.023726190476190477
0,0,0.00125
1,1,1.0
0,0,0.23327380952380955
1,1,0.9783333333333334
0,0,0.0
1,1,0.9761666666666666
0,0,0.0016666666666666666
1,1,0.8909166666666667
0,0,0.0
1,1,0.9975
0,0,0.38773809523809516
1,1,1.0
0,0,0.0105
1,1,0.7581249999999998
1,1,1.0
1,1,0.9902083333333335
0,0,0.0
0,0,0.0016666666666666666
0,0,0.14347023809523807
0,0,0.0
1,1,1.0
0,0,0.0
0,0,0.0
0,0,0.0
0,0,0.005
0,0,0.01
0,1,0.8340000000000001
0,0,0.0
0,0,0.15287500000000004
1,1,1.0
0,0,0.0055000000000000005
0,0,0.01875
1,1,1.0
1,1,0.9913333333333334
0,0,0.0
1,0,0.01
1,1,0.9870833333333334
0,0,0.01125
0,0,0.005
1,1,0.9167420634920636
1,1,1.0
1,1,0.9306666666666668
0,0,0.094625
0,0,0.0
1,1,0.99125
0,0,0.0
0,0,0.031357142857142854
0,0,0.0
0,0,0.0
1,1,0.9954166666666666
0,0,0.01625
1,1,0.9925
0,1,0.5799107142857145
1,1,1.0
1,1,0.9950833333333332
1,1,1.0
1,1,0.8439285714285716
0,0,0.0
0,0,0.04733333333333333
1,1,1.0
0,0,0.0
1,1,0.992
1,1,0.9975
0,0,0.001
1,1,0.9122023809523809
0,0,0.013833333333333335
0,0,0.021059523809523806
0,0,0.0
1,1,0.5310952380952381
1,1,1.0
0,0,0.0
0,0,0.0
0,0,0.004464285714285714
0,0,0.005
0,0,0.03485714285714286
0,0,0.0
0,0,0.0
0,0,0.002
1,1,0.9925
1,1,0.95475
0,0,0.032
1,1,0.985
1,1,0.96575
0,0,0.0
0,0,0.0
1,1,0.995
1,1,1.0
0,0,0.0
0,0,0.00875
0,0,0.01125
1,1,0.995
1,1,1.0
1,1,0.995
0,0,0.06525
0,0,0.0
1,1,1.0
0,0,0.013333333333333332
1,0,0.4237619047619047
0,0,0.006999999999999999
1,1,1.0
0,0,0.04729166666666666
1,1,0.7949166666666666
1,1,0.9975
0,0,0.006666666666666666
1,1,1.0
1,1,0.9615238095238097
1,1,0.98625
0,0,0.0
0,0,0.0016666666666666666
1,1,0.9888333333333332
1,1,1.0
0,0,0.0
0,0,0.004375
1,0,0.4929285714285715
1,1,1.0
0,0,0.10841666666666666
1,1,0.995
1,1,0.8883630952380952
0,0,0.00625
1,1,0.9253333333333333
1,1,1.0
1,1,1.0
1,1,1.0
0,0,0.053130952380952376
1,1,1.0
0,0,0.03916666666666666
1,1,0.918263888888889
1,1,0.99
1,1,0.996
0,0,0.0025
1,1,0.995
0,1,0.6167619047619047
0,0,0.11275000000000004
0,0,0.0085
1,1,1.0
1,1,1.0
0,0,0.0
0,1,0.7041309523809524
1,1,1.0
1,1,0.9478928571428572
0,0,0.0
1,1,0.9930357142857144
0,0,0.0
1,1,0.98
1,1,1.0
0,0,0.005
0,0,0.0
0,0,0.0
0,0,0.0
1,1,1.0
1,1,1.0
1,1,0.995
1,1,1.0
0,0,0.0
1,1,0.9975
0,0,0.0
0,1,0.7502500000000001
0,0,0.00875
0,0,0.0
0,0,0.03891666666666667
0,0,0.0
1,1,1.0
0,0,0.0
0,1,0.872375
1,1,1.0
0,0,0.01625
0,0,0.0
1,1,1.0
0,0,0.0
0,0,0.0
0,0,0.01
1,1,0.995
0,0,0.0
0,0,0.013297619047619048
1,1,0.985
1,1,1.0
1,1,0.995
1,1,1.0
1,1,1.0
0,0,0.0
0,0,0.005
1,1,0.9975
0,0,0.07351190476190476
1,1,0.956654761904762
1,1,0.9143214285714284
0,0,0.0
1,1,1.0
0,0,0.06591666666666667
0,0,0.0
1,1,1.0
0,0,0.3982142857142857
1,1,0.989375
0,0,0.001
1,1,1.0
1,1,0.99
1,1,1.0
1,1,1.0
1,1,1.0
0,0,0.0
0,0,0.0
0,0,0.0
1,1,1.0
1,1,0.9954166666666667
0,0,0.0
0,0,0.0
0,0,0.014499999999999999
0,0,0.0
1,1,1.0
1,1,0.881875
0,0,0.0245
0,0,0.2410595238095238
1,1,0.9798154761904762
0,0,0.0
1,1,0.7735952380952382
1,1,0.9693333333333333
0,0,0.034249999999999996
1,1,0.6526428571428571
1,1,1.0
0,0,0.09414285714285713
0,0,0.0016666666666666666
0,0,0.14073809523809522
0,1,0.6119285714285714
0,0,0.003
0,0,0.0
1,1,0.8517261904761904
0,0,0.12599999999999997
0,0,0.005
1,1,0.9909166666666666
1,1,1.0
0,0,0.0
1,1,1.0
1,1,0.995
0,1,0.9882499999999999
1,1,0.9975
0,0,0.0
0,0,0.0
1,1,0.99375
1,1,1.0
1,1,0.99625
1,1,1.0
0,0,0.0
1,1,0.9926190476190477
1,1,0.9954166666666666
0,0,0.003333333333333333
1,1,1.0
1,1,0.9037500000000002
0,0,0.0
0,0,0.0
1,1,0.9406071428571431
1,1,1.0
0,1,0.7112976190476189
0,0,0.003333333333333333
0,0,0.0855
1,1,1.0
1,1,1.0
0,0,0.0
0,0,0.00125
0,0,0.002
0,0,0.015
0,0,0.049166666666666664
0,0,0.0
1,1,0.97
0,0,0.0
0,0,0.0
0,0,0.0
0,1,0.8753333333333333
1,1,0.98275
0,0,0.4051666666666667
1,1,0.9106944444444445
0,0,0.005
1,1,0.9992857142857143
1,1,0.988125
1,1,1.0
0,0,0.0
1,1,0.99875
1,0,0.4322559523809522
1,1,1.0
0,0,0.0
0,0,0.033666666666666664
0,0,0.0
1,1,1.0
1,1,1.0
1,1,0.99
0,0,0.3874166666666666
0,0,0.0
0,0,0.0
1,1,0.9413154761904761
1,1,0.9462658730158732
0,0,0.05033333333333334
0,0,0.0
1,1,0.9544880952380953
0,0,0.0
1,1,0.9970833333333333
1,1,0.9219444444444445
1,1,0.993
0,0,0.00875
1,1,0.995
0,0,0.0
1,1,0.9992857142857143
0,0,0.044488095238095236
0,0,0.0
1,1,1.0
0,0,0.019499999999999997
1,1,1.0
0,0,0.0
1,1,1.0
1,1,0.995
0,0,0.004285714285714285
0,0,0.16504166666666667
1,1,1.0
1,1,1.0
0,0,0.0
0,0,0.013333333333333332
0,0,0.0
1,1,1.0
1,1,1.0
1,1,1.0
0,0,0.0
1,1,1.0
0,0,0.0055000000000000005
0,0,0.013000000000000001
1,1,0.99375
0,0,0.0
0,0,0.0075
1,1,0.9749166666666667
1,1,1.0
1,1,0.99
0,0,0.003
0,1,0.7847797619047618
0,0,0.04367857142857142
0,0,0.0
1,1,1.0
1,1,0.8461904761904765
0,0,0.008333333333333333
1,1,0.97
1,1,0.99875
1,1,0.9825
0,1,0.7669166666666666
1,1,0.995
1,1,0.967125
0,0,0.0
0,0,0.001
1,1,0.995
0,1,0.8964285714285714
1,1,1.0
1,1,0.8713690476190473
0,0,0.08708333333333332
0,0,0.011083333333333332
0,0,0.0
1,1,0.9875
0,0,0.0
1,1,1.0
0,0,0.025
1,1,0.9622738095238096
1,1,0.8107936507936508
1,1,0.8797738095238095
1,1,0.9983333333333333
0,0,0.0029166666666666664
0,0,0.08402380952380951
1,1,1.0
1,1,1.0
1,1,1.0
1,1,1.0
0,0,0.01
0,0,0.0
1,1,0.985
1,1,0.8991369047619046
1,1,0.9735357142857143
0,0,0.0
1,1,1.0
1,1,0.9992857142857143
1,1,1.0
1,1,0.995
1,1,0.9933333333333333
1,1,0.8934087301587303
0,0,0.00125
0,0,0.08295833333333333
0,0,0.0
1,1,0.9659166666666665
1,1,0.9810000000000001
0,0,0.0
0,0,0.0008333333333333333
0,0,0.0
0,0,0.0
0,0,0.0
1,1,1.0
1,1,1.0
0,0,0.005
1,1,1.0
0,0,0.0
0,0,0.0
0,0,0.003333333333333333
1,1,1.0
1,1,1.0
0,0,0.0
1,1,0.9975
0,0,0.0
0,0,0.00375
0,0,0.005
0,0,0.053738095238095245
0,0,0.005
1,1,0.9362023809523808
1,1,0.9621666666666664
0,0,0.01
1,1,0.9983333333333334
1,1,0.9084166666666667
1,1,1.0
1,1,0.995
1,1,1.0
1,1,1.0
1,1,1.0
1,1,1.0
0,0,0.0025
1,1,0.99375
1,1,0.9916666666666667
0,0,0.1731547619047619
1,1,0.9701309523809521
1,1,0.9560000000000001
0,0,0.0
1,1,1.0
0,0,0.0
1,1,0.9973214285714286
0,0,0.0
0,0,0.032642857142857154
0,0,0.0
1,1,1.0
0,0,0.07017857142857142
1,1,1.0
1,1,0.9124166666666664
1,1,0.9699047619047618
0,0,0.005
1,1,0.99175
1,1,0.8798452380952381
0,0,0.0
0,1,0.5829642857142858
1,1,1.0
0,0,0.0
1,1,0.9149107142857144
1,1,0.8094047619047617
1,1,1.0
1,1,1.0
1,1,1.0
0,0,0.0075
1,1,0.9786666666666666
0,0,0.0
1,1,1.0
0,0,0.0045000000000000005
1,1,1.0
1,1,1.0
0,0,0.002
0,0,0.0
1,1,0.9683511904761903
1,1,1.0
1,1,1.0
0,0,0.0
1,1,1.0
0,0,0.0
0,0,0.0
0,0,0.033452380952380956
0,0,0.0
1,1,1.0
1,1,0.9904166666666667
1,1,1.0
1,0,0.2930833333333333
0,0,0.0
1,1,1.0
1,1,1.0
1,1,1.0
1,1,1.0
1,0,0.35
0,0,0.008333333333333333
0,0,0.1290833333333333
0,0,0.0
0,0,0.06924999999999999
1,1,0.9766071428571429
1,1,0.9619761904761905
0,0,0.0
1,1,0.9325833333333332
0,0,0.0
0,0,0.0
0,0,0.0
1,0,0.0
0,0,0.0
1,1,0.98625
1,1,0.9884464285714286
1,1,1.0
1,1,1.0
1,1,0.9975
1,1,0.9626428571428572
1,1,1.0
1,1,0.995
0,0,0.006666666666666666
1,1,1.0
1,1,0.9906785714285714
1,1,0.995
1,1,0.9436388888888889
0,0,0.3089702380952381
1,1,0.9925
0,0,0.005
1,1,0.9975
0,0,0.3401666666666667
1,1,0.9983333333333333
1,1,0.9903333333333333
0,0,0.0
1,1,0.9925
1,1,1.0
0,0,0.0
0,0,0.0016666666666666666
0,0,0.0
1,1,0.995
1,1,1.0
1,1,0.9991666666666665
0,0,0.0
0,0,0.00625
1,1,0.9318571428571429
1,1,1.0
0,0,0.0
0,0,0.03134523809523809
1,1,0.9933333333333334
0,0,0.0
0,1,0.7243492063492063
1,1,1.0
1,1,1.0
0,0,0.0075
1,1,0.9527321428571427
1,1,0.99
0,0,0.0
1,1,0.9929166666666666
0,0,0.09717857142857142
1,1,0.9873333333333334
0,0,0.16839285714285712
1,1,0.8593333333333333
0,0,0.0
1,1,0.8594047619047619
0,0,0.0
1,1,0.985
1,1,1.0
1,1,0.9795833333333333
0,0,0.0
1,1,0.8462916666666664
0,0,0.0125
0,0,0.005
0,0,0.0
0,0,0.0
0,0,0.0016666666666666666
0,0,0.0
1,1,0.99375
0,0,0.03710714285714286
0,0,0.0025
1,1,0.9975
0,0,0.0
0,0,0.0
0,0,0.007916666666666666
0,0,0.0
0,0,0.0075
1,1,0.794738095238095
1,1,1.0
0,0,0.010083333333333333
1,1,0.9957142857142857
1,1,1.0
1,1,0.9781666666666666
0,0,0.15923809523809523
1,1,0.995
0,0,0.28581150793650784
0,0,0.0
0,0,0.0
0,0,0.010333333333333335
1,1,1.0
0,0,0.0
0,0,0.0
0,0,0.0
1,1,0.9317023809523809
0,1,0.7935833333333332
0,0,0.0
0,0,0.003666666666666667
0,0,0.001
0,0,0.0
0,1,0.5886726190476191
0,0,0.43452380952380953
0,0,0.05029761904761906
0,0,0.0025
0,0,0.0
1,1,1.0
0,0,0.0
1,1,1.0
0,0,0.0
0,0,0.0
1,1,1.0
0,0,0.0
0,0,0.09
0,0,0.0
0,0,0.005595238095238095
1,1,0.9160833333333335
1,1,1.0
1,1,0.9369166666666666
1,1,1.0
1,1,0.9879166666666667
0,0,0.0
1,1,0.99
1,1,0.9975
0,0,0.0
0,0,0.0
1,1,0.9953333333333333
1,1,0.99875
0,0,0.003666666666666667
0,0,0.0
1,1,0.9833333333333333
0,0,0.003333333333333333
1,1,1.0
1,1,0.8218571428571428
1,1,0.9170833333333333
1,1,0.6504642857142856
1,1,1.0
1,1,0.9669047619047619
1,1,0.8988928571428574
1,1,0.9983333333333333
0,0,0.0
0,0,0.010416666666666664
0,0,0.042833333333333334
1,1,0.9991666666666665
1,1,0.8899523809523808
1,1,0.9927380952380953
0,1,0.5739166666666667
0,0,0.005
0,0,0.0
0,0,0.023333333333333334
0,0,0.0
1,1,1.0
1,1,0.99875
0,0,0.0
1,1,1.0
0,0,0.0
0,0,0.004285714285714285
1,1,1.0
1,1,0.8976785714285714
0,0,0.0
1,1,1.0
1,1,1.0
0,0,0.0
1,1,0.995
1,1,0.9907499999999999
0,0,0.005
0,0,0.0
1,1,0.675125
0,0,0.0
0,0,0.0
1,1,0.9685833333333332
0,0,0.0021428571428571425
0,0,0.0
0,0,0.06005952380952382
0,0,0.0
0,0,0.011416666666666665
0,0,0.005
1,1,0.6097023809523809
1,1,0.9991666666666665
1,1,1.0
1,1,0.9954999999999999
1,1,0.9975
0,1,0.6409940476190477
0,0,0.01
1,1,0.9924999999999998
1,1,0.9021904761904761
1,1,0.99875
1,1,0.995
1,1,0.9877857142857142
0,0,0.006666666666666666
1,1,0.9362916666666666
1,1,0.5392242063492065
0,0,0.0
1,1,1.0
0,0,0.09369047619047619
1,1,0.9114523809523811
0,0,0.0
0,0,0.0
1,0,0.3351488095238095
1,1,1.0
1,1,0.9698333333333332
0,0,0.06017261904761906
1,1,0.995
1,1,0.9672380952380952
0,0,0.07179761904761904
1,1,1.0
0,0,0.01125
1,1,0.9933333333333334
1,1,0.9975
0,0,0.011583333333333333
0,0,0.0
1,1,0.9925
0,0,0.0
0,0,0.0
0,0,0.0
0,0,0.20713095238095236
0,0,0.000625
1,1,1.0
0,0,0.051333333333333335
0,0,0.019345238095238096
0,0,0.010714285714285714
1,1,1.0
1,1,0.9845833333333335
0,0,0.025
0,0,0.005
1,1,1.0
0,0,0.008333333333333333
0,0,0.001
1,1,0.8405476190476189
1,1,0.9928571428571429
0,0,0.01125
1,1,0.9916666666666666
0,0,0.0
1,1,0.9983333333333333
1,1,0.9352499999999999
0,0,0.0
0,0,0.01
0,0,0.0
0,0,0.0
1,1,0.9453690476190476
1,1,0.98875
0,0,0.0
1,1,1.0
0,0,0.1279404761904762
1,1,1.0
1,1,1.0
0,0,0.38672619047619045
0,0,0.0075
1,1,0.7569583333333334
0,0,0.0
0,0,0.0
1,1,0.8193214285714285
0,0,0.0
0,0,0.0
1,1,0.9307619047619049
1,1,1.0
1,1,0.995
1,0,0.4790714285714286
0,0,0.0
0,0,0.01125
1,1,0.9992857142857143
0,0,0.0
0,0,0.0
1,1,1.0
0,0,0.0
0,0,0.35875
0,0,0.0
0,0,0.0
1,1,0.995
1,1,1.0
0,0,0.046250000000000006
0,0,0.0
1,1,0.99
1,1,0.9960714285714286
1,1,0.8572500000000002
1,0,0.45422619047619056
0,0,0.006
1,1,1.0
0,0,0.3652142857142857
1,1,1.0
0,1,0.7939761904761905
0,0,0.0
1,1,0.9745833333333332
1,1,1.0
0,0,0.025
0,0,0.0
0,0,0.28099801587301587
1,1,1.0
1,1,0.7995753968253969
1,1,0.985
0,0,0.0
1,1,0.995
0,0,0.0
0,1,0.5841190476190478
0,0,0.0
1,1,0.9284186507936506
1,1,0.9176666666666666
1,1,0.9517261904761906
1,1,0.5586428571428571
1,1,1.0
0,0,0.10829545454545456
0,0,0.0
1,1,1.0
0,0,0.0
1,1,1.0
1,1,0.995
1,0,0.29016666666666674
0,0,0.0
0,0,0.0
0,0,0.0
1,1,0.5793571428571428
0,0,0.0
0,0,0.0
0,0,0.0
0,0,0.0025
0,0,0.002
0,0,0.012
1,1,1.0
1,1,1.0
1,1,0.6727142857142857
0,0,0.0
1,1,0.995
0,0,0.019166666666666665
0,0,0.005
1,1,1.0
1,1,0.9385833333333334
0,0,0.0
0,0,0.0
0,0,0.0
1,1,0.8146666666666667
0,0,0.01625
0,0,0.0
0,0,0.3554761904761905
1,1,1.0
0,0,0.24975000000000006
0,0,0.028249999999999997
1,1,0.995
0,0,0.0175
0,0,0.001
1,1,1.0
0,0,0.0
1,1,0.996
1,0,0.0
0,0,0.0051666666666666675
0,0,0.0
1,1,0.9718253968253968
1,1,0.9680238095238096
0,0,0.003333333333333333
0,0,0.0
1,1,1.0
1,1,1.0
0,0,0.023928571428571428
0,0,0.0
0,0,0.1963809523809524
0,0,0.0
0,0,0.0
0,0,0.0
0,0,0.0016666666666666666
0,0,0.020380952380952378
1,1,0.9833333333333333
1,1,1.0
0,0,0.0
0,0,0.027416666666666666
1,1,0.9683333333333334
0,0,0.021916666666666664
1,1,1.0
0,0,0.005
0,0,0.08242261904761905
1,1,1.0
0,0,0.01814285714285714
1,1,0.9775
0,0,0.0
1,1,0.866968253968254
0,0,0.0
1,1,1.0
1,1,0.995
1,1,1.0
0,0,0.0
0,0,0.005
0,0,0.0
1,1,0.7080595238095237
0,0,0.006166666666666667
1,1,0.9153333333333334
0,0,0.0
1,1,1.0
1,1,1.0
0,0,0.0
1,1,0.7373690476190475
0,0,0.0
1,1,0.996
0,0,0.0
0,0,0.0
0,0,0.004464285714285714
1,1,1.0
0,0,0.0025
0,0,0.0
0,0,0.006666666666666666
1,1,0.996
1,1,1.0
1,1,1.0
0,0,0.010833333333333332
1,1,0.99
0,0,0.002857142857142857
0,0,0.0
1,0,0.3959404761904763
1,1,0.9218392857142855
1,1,0.8716785714285716
0,0,0.0
1,1,1.0
0,0,0.0
0,0,0.01075
1,1,1.0
1,1,1.0
0,0,0.006666666666666666
1,1,1.0
1,1,0.9925
0,0,0.0025
1,1,0.8869166666666668
0,0,0.0
0,0,0.0
1,1,0.9878333333333333
1,1,0.995
1,1,0.9533333333333335
0,0,0.0
0,0,0.003333333333333333
0,0,0.0
1,1,1.0
1,1,1.0
0,0,0.0
0,0,0.0
1,1,1.0
1,1,0.9823333333333334
1,1,1.0
1,1,0.9482738095238095
1,1,1.0
1,1,0.9537976190476191
1,1,1.0
0,0,0.0025
1,1,1.0
1,1,1.0
1,1,0.9752500000000001
1,1,0.9894047619047619
0,0,0.0025
1,1,0.9925
0,0,0.0
1,1,0.99875
0,0,0.004166666666666667
0,0,0.005
1,1,0.9060833333333335
0,0,0.006071428571428572
1,1,0.9679999999999999
0,0,0.08130952380952382
0,0,0.005
1,1,0.6178333333333333
1,1,0.9966666666666667
0,0,0.2712341269841269
0,0,0.02375
0,0,0.01
1,1,1.0
0,0,0.0
0,0,0.0
0,0,0.0
0,0,0.05491666666666667
1,1,0.9983333333333333
0,0,0.01175
1,1,0.8719166666666668
0,0,0.0
0,0,0.06749999999999999
0,0,0.0
0,0,0.0
0,0,0.0
0,0,0.0
0,0,0.29261111111111116
0,0,0.0
1,1,0.9781666666666666
0,0,0.0
1,1,0.9866666666666667
1,1,0.995
0,1,0.8810595238095238
0,0,0.0022500000000000003
0,0,0.0
0,0,0.020416666666666666
0,0,0.005
1,1,0.998
1,1,0.9931666666666666
0,0,0.0
0,0,0.0
1,1,0.878077380952381
1,1,0.9975
1,1,1.0
0,0,0.01
1,1,1.0
0,0,0.05416666666666667
0,0,0.0
0,0,0.005416666666666666
0,0,0.0
0,1,0.7252619047619048
1,1,0.995
1,1,0.9688333333333332
0,0,0.0
0,0,0.0
0,0,0.0
0,0,0.0345
1,1,1.0
1,1,1.0
1,1,1.0
0,0,0.0
1,1,0.9975
1,1,0.99875
0,0,0.013999999999999999
0,0,0.005
0,0,0.0025
0,0,0.0
0,0,0.0
0,0,0.0
0,0,0.0
1,1,0.9682857142857142
1,1,1.0
0,0,0.0
0,0,0.23930952380952378
0,0,0.0
0,0,0.0
0,0,0.1965833333333333
1,1,0.9983333333333334
1,1,0.9921666666666666
0,0,0.0
0,0,0.0
1,1,0.995
1,1,0.9966666666666666
1,1,0.9869166666666667
0,0,0.02
0,0,0.0016666666666666666
1,1,0.99875
1,1,1.0
1,1,0.995
1,1,0.995
1,1,0.9925
0,0,0.002
0,0,0.022458333333333337
1,1,0.664375
1,1,1.0
1,1,1.0
0,0,0.0
0,1,0.5135476190476191
0,1,0.6933333333333335
0,0,0.014416666666666666
1,1,1.0
1,1,1.0
1,1,0.9649404761904763
1,1,1.0
0,0,0.03801190476190477
1,1,1.0
1,1,1.0
0,0,0.00625
1,1,1.0
0,0,0.0
1,1,0.9975
0,0,0.016666666666666666
0,0,0.0
1,1,0.985
1,1,1.0
0,0,0.0
1,1,0.7505892857142858
0,0,0.0
0,0,0.0
1,1,1.0
0,0,0.04045238095238095
0,0,0.0
0,0,0.0
0,0,0.0
0,0,0.07758333333333334
1,1,0.9990000000000001
0,0,0.021833333333333337
1,1,0.9975
0,0,0.033749999999999995
0,0,0.0
0,0,0.0
1,1,1.0
1,1,1.0
1,1,1.0
0,0,0.0
0,0,0.0026666666666666666
0,0,0.0
0,1,0.7729583333333333
1,1,1.0
1,1,1.0
0,0,0.005
1,1,1.0
0,0,0.0
0,0,0.0
1,1,1.0
1,1,1.0
0,0,0.021083333333333332
0,1,0.6050595238095239
1,1,1.0
0,0,0.0
1,1,0.87225
1,1,1.0
1,1,0.9973214285714286
1,1,0.9925
0,0,0.0
0,0,0.0
1,1,1.0
1,1,1.0
1,1,1.0
0,0,0.0
1,1,0.99625
0,0,0.0
1,1,0.7268333333333333
0,0,0.003333333333333333
0,0,0.0
1,1,0.993
0,0,0.0
1,1,0.7185595238095237
1,1,1.0
0,0,0.002
1,1,1.0
1,1,1.0
0,1,0.8228333333333332
1,1,1.0
0,0,0.0
1,1,0.9902380952380951
0,0,0.005
1,1,0.9451071428571428
0,0,0.0
1,1,0.9204166666666667
1,1,0.9966666666666667
0,0,0.0
0,0,0.0
0,0,0.008511904761904762
0,0,0.0
1,1,0.995
0,0,0.0
0,0,0.003333333333333333
0,0,0.0
1,1,0.9811666666666666
0,1,0.998
1,1,0.815
1,1,1.0
1,1,0.9975
0,0,0.0
1,1,0.9891666666666667
1,1,0.9642499999999999
0,1,0.876547619047619
1,1,1.0
0,0,0.0
0,0,0.0
0,0,0.05216666666666667
0,0,0.007499999999999999
1,1,0.9720357142857142
1,1,1.0
0,0,0.0
1,1,0.99625
1,1,0.9685000000000001
1,1,1.0
0,0,0.0
0,0,0.0
1,1,0.9975
0,0,0.0
0,0,0.004166666666666667
0,0,0.0
0,0,0.0
0,0,0.0030952380952380953
0,0,0.35291666666666677
1,1,0.8775
0,0,0.15511904761904763
0,0,0.0
1,1,1.0
1,1,0.8944404761904763
0,0,0.05704166666666668
1,1,1.0
0,0,0.0
0,0,0.0
0,0,0.0
0,0,0.005
1,1,0.9201785714285713
0,0,0.0
1,1,0.5441904761904762
0,0,0.09929761904761904
0,0,0.07116666666666667
1,1,0.9916666666666667
0,0,0.16830952380952383
1,1,0.9965
1,1,0.9990000000000001
0,0,0.04008333333333334
0,0,0.3685892857142858
0,0,0.00375
1,1,1.0
0,0,0.0
0,0,0.028833333333333332
1,1,0.993
1,1,0.995
1,1,0.9375833333333332
1,1,1.0
1,1,1.0
0,0,0.23096428571428576
1,1,0.99425
1,1,0.9802380952380951
0,0,0.0
0,0,0.0
1,1,1.0
1,1,1.0
0,0,0.0
1,1,0.9973214285714286
1,1,1.0
1,1,1.0
1,1,1.0
1,1,0.7430000000000001
1,1,0.9788571428571428
1,1,0.9786904761904762
0,0,0.0
1,1,0.9939999999999999
1,1,0.9813690476190476
1,1,1.0
1,0,0.01
1,1,1.0
1,1,0.9940714285714285
0,0,0.0125
1,1,0.9797083333333333
0,0,0.0014285714285714286
0,0,0.005
1,1,0.9763333333333333
0,0,0.0125
1,1,1.0
1,1,0.7525892857142857
1,1,0.910529761904762
0,0,0.002
0,0,0.0
1,1,0.99
1,1,0.9975
1,1,0.9672499999999999
0,0,0.01875
0,0,0.014166666666666668
1,1,1.0
0,0,0.005
0,0,0.0
0,0,0.0
1,1,0.9409166666666667
1,1,0.993
1,1,0.9855000000000002
0,0,0.0
0,0,0.0
1,1,0.9793333333333333
1,1,1.0
0,0,0.0225
1,1,1.0
0,1,0.9205833333333334
0,0,0.418404761904762
1,1,1.0
0,0,0.023333333333333334
0,0,0.0
0,0,0.0025
1,1,0.9115238095238094
0,0,0.0
1,1,1.0
0,0,0.04292261904761905
0,0,0.02666666666666667
1,1,0.9975
1,1,1.0
0,0,0.029249999999999998
0,0,0.0
1,1,1.0
0,0,0.0
0,0,0.0
1,1,1.0
0,0,0.0
1,1,0.9815
1,1,1.0
1,1,0.99625
0,0,0.0
0,1,0.8802499999999999
1,1,0.9301666666666668
0,0,0.0
1,1,0.9883333333333334
1,1,1.0
0,1,0.6992777777777777
1,1,0.9767500000000001
1,1,0.8951666666666668
1,1,1.0
0,0,0.0
1,1,0.8938412698412699
1,1,0.995
1,1,1.0
0,0,0.008333333333333333
0,0,0.0
0,0,0.0
0,0,0.0
1,1,0.99
0,1,0.7545119047619047
0,0,0.00575
1,1,1.0
0,0,0.0
1,1,0.995
0,0,0.0
0,0,0.1733988095238095
0,0,0.020011904761904762
0,0,0.0
1,1,0.9650416666666666
0,0,0.0
1,1,0.998
0,0,0.0
0,0,0.0
0,0,0.05291666666666666
1,1,0.99875
1,1,1.0
1,1,0.8824166666666667
1,1,1.0
1,1,1.0
0,0,0.17447619047619045
0,0,0.04947619047619048
0,0,0.0
1,1,1.0
1,1,0.9894166666666667
0,0,0.0
0,0,0.0
1,1,0.9425952380952382
1,1,1.0
0,0,0.03542857142857143
0,0,0.001
0,0,0.0016666666666666666
1,1,0.8951428571428574
0,0,0.0
1,1,1.0
0,0,0.0
1,1,1.0
0,0,0.0
1,1,0.7626210317460314
0,0,0.0
1,1,0.9983333333333334
1,1,0.8559761904761907
0,1,0.9068928571428571
0,0,0.005
1,1,1.0
1,1,1.0
1,1,0.9875
0,0,0.003333333333333333
1,1,1.0
1,1,0.995
1,1,0.7407023809523808
0,0,0.0
0,0,0.0
1,1,1.0
1,1,0.9944047619047619
1,1,1.0
1,1,1.0
1,1,0.995
1,1,0.8785963203463204
1,1,0.9992857142857143
1,1,0.9934583333333333
0,0,0.004166666666666667
1,1,1.0
0,0,0.10609523809523808
0,0,0.0
0,0,0.015
0,0,0.0
1,1,1.0
0,1,0.6533452380952381
1,0,0.4238452380952381
0,0,0.04716666666666667
0,0,0.06858333333333333
1,1,0.8945119047619048
1,1,1.0
1,1,0.9303333333333333
1,1,0.9965
1,1,1.0
0,0,0.0
0,0,0.21416666666666667
1,1,0.9707857142857144
0,0,0.0025
1,1,1.0
0,0,0.052416666666666674
1,1,0.9656666666666669
1,1,1.0
0,0,0.003666666666666667
1,1,0.9764047619047619
0,0,0.0
1,1,1.0
0,0,0.0
1,1,0.7519642857142856
1,1,1.0
1,1,0.9527857142857142
0,0,0.0
1,1,1.0
1,1,0.9399166666666667
0,0,0.005
1,1,1.0
0,0,0.0
1,1,1.0
0,0,0.0016666666666666666
1,1,0.8098333333333335
1,1,1.0
1,1,0.995
1,0,0.40908333333333347
0,0,0.0
1,1,0.9657500000000002
0,0,0.015
1,1,1.0
1,1,0.6407023809523811
0,0,0.006999999999999999
1,1,1.0
0,0,0.0
1,1,0.9866666666666666
1,1,0.9668333333333333
1,1,0.7137797619047619
0,0,0.0005555555555555556
1,1,1.0
1,1,0.9885714285714287
1,1,0.995
0,0,0.002
1,1,1.0
1,1,0.99625
1,1,1.0
0,0,0.03801190476190476
0,0,0.0
1,1,1.0
1,1,0.995
0,0,0.0
1,1,0.995
0,0,0.0
0,0,0.2963611111111112
0,0,0.0
1,1,0.9339642857142856
1,1,0.9983333333333334
0,0,0.0
0,0,0.31332142857142864
0,0,0.0
0,0,0.0
0,0,0.006666666666666667
0,0,0.0075
0,1,0.6197499999999999
1,1,1.0
0,0,0.09478030303030303
0,0,0.0
0,0,0.2250436507936508
0,0,0.0
0,0,0.050095238095238095
1,0,0.09625
0,0,0.0025
1,1,0.831484126984127
1,1,0.99
0,0,0.005
0,0,0.10563888888888887
0,0,0.0
1,1,1.0
0,1,0.6904404761904763
0,0,0.20098809523809522
0,0,0.011666666666666667
0,0,0.0
1,1,1.0
0,0,0.0
1,1,1.0
0,0,0.0
0,0,0.0
1,1,0.9701190476190478
1,1,0.985
1,1,0.9372440476190477
1,1,1.0
0,0,0.005833333333333333
0,0,0.0
0,0,0.0
0,0,0.0
1,1,1.0
1,1,0.9660833333333333
1,1,1.0
0,0,0.0
0,0,0.0
1,1,1.0
0,0,0.055178571428571424
0,0,0.014285714285714285
1,1,1.0
1,1,0.879861111111111
0,0,0.0
0,0,0.0
0,1,0.7650595238095239
1,1,0.9227500000000001
0,0,0.0022500000000000003
0,0,0.005
1,1,0.9916666666666667
0,0,0.0
1,1,0.9922222222222223
0,0,0.0
0,0,0.005
1,1,1.0
0,0,0.0
0,0,0.0
0,0,0.0016666666666666666
1,1,1.0
0,0,0.0
1,1,0.9983333333333334
0,0,0.07633333333333332
1,1,0.9975
1,1,0.9837500000000001
0,0,0.0
0,0,0.02125
1,1,1.0
0,0,0.12242460317460319
0,0,0.3811964285714287
1,1,0.998
0,0,0.013726190476190473
1,1,0.8882976190476188
1,1,0.7110833333333333
0,0,0.0
0,0,0.024333333333333335
0,0,0.0
0,0,0.0
0,0,0.03478571428571428
0,0,0.0
1,1,0.88475
0,0,0.0
0,0,0.0
1,1,1.0
0,0,0.005
1,1,1.0
1,0,0.4406190476190477
1,1,0.995
1,1,0.931642857142857
1,1,0.9866666666666667
0,0,0.0
1,1,1.0
0,0,0.0
1,1,1.0
0,0,0.11073809523809523
0,0,0.00375
1,1,1.0
1,1,0.995
1,1,1.0
0,0,0.0
0,0,0.092125
1,1,0.9889880952380952
1,1,1.0
1,1,1.0
0,0,0.01375
0,0,0.026119047619047615
0,0,0.005
1,1,0.8997083333333334
0,0,0.005
1,1,1.0
0,0,0.3625
0,0,0.003
1,1,0.945452380952381
0,0,0.0
1,1,1.0
0,1,0.817918650793651
1,1,1.0
1,1,0.9406666666666667
1,1,0.99875
1,1,0.9833333333333333
1,1,0.9871428571428571
1,1,1.0
0,0,0.0
1,1,0.9719642857142857
0,0,0.38255357142857155
0,0,0.05141666666666669
1,1,0.99875
0,0,0.21068452380952377
0,0,0.007916666666666666
0,0,0.003333333333333333
1,1,1.0
1,1,0.9970833333333334
0,0,0.0
0,0,0.0
1,1,0.98
0,0,0.0
0,0,0.005
1,1,1.0
0,0,0.0
1,1,1.0
0,0,0.001
1,1,0.9642083333333333
1,1,1.0
0,0,0.005
0,0,0.0
1,1,0.9878333333333335
1,0,0.3803452380952382
1,1,0.9561904761904764
0,0,0.0008333333333333333
0,0,0.06379761904761906
0,0,0.0
1,1,1.0
0,0,0.0016666666666666666
1,1,0.9975
1,1,0.9983333333333333
1,1,0.9990000000000001
0,0,0.0
0,0,0.0
0,0,0.0
1,1,1.0
1,1,0.9672976190476191
1,1,0.996
0,0,0.0
0,0,0.0
1,0,0.3481369047619049
0,0,0.0025
1,1,1.0
0,0,0.0
0,0,0.004166666666666667
0,0,0.49825
1,1,0.9975
0,0,0.0
1,1,0.9966666666666666
1,1,1.0
0,0,0.10820634920634921
0,0,0.012083333333333333
1,1,1.0
0,0,0.005
1,1,1.0
0,0,0.0
0,0,0.001
1,1,0.999375
1,1,0.9975
1,1,1.0
0,0,0.0
1,1,1.0
0,0,0.002
0,0,0.0
1,1,0.9576071428571428
0,0,0.0
0,0,0.28185515873015876
0,0,0.0
0,0,0.0
0,0,0.0
1,1,1.0
0,0,0.0
1,1,1.0
0,0,0.0
0,0,0.0
1,1,0.9889404761904764
1,1,0.8084464285714286
1,1,1.0
0,0,0.0
1,1,1.0
0,0,0.0
0,0,0.006750000000000001
0,0,0.0
1,1,0.9905000000000002
1,1,0.9438095238095241
1,0,0.015
0,0,0.0105
1,1,0.7858888888888891
0,0,0.0
1,1,0.99625
0,0,0.00125
0,0,0.005
0,0,0.007761904761904762
1,1,1.0
1,1,0.6499047619047622
0,0,0.0
1,1,0.9337857142857143
1,1,0.9805000000000001
0,0,0.001
0,0,0.0
0,0,0.005
1,1,0.9888333333333332
1,1,1.0
1,1,0.995
0,0,0.0
1,1,1.0
0,0,0.26319047619047625
1,1,0.995
0,0,0.0
0,0,0.0
1,1,1.0
1,1,1.0
0,0,0.0
0,0,0.0
1,1,1.0
0,1,0.5151785714285714
0,0,0.005
1,1,0.8843452380952381
0,0,0.005
0,0,0.26501190476190484
0,0,0.001
0,0,0.0
0,0,0.0
1,1,0.8203214285714285
1,1,1.0
0,0,0.0
1,1,1.0
1,1,0.995
1,1,1.0
1,1,0.9450138888888889
0,0,0.0
1,1,1.0
1,1,0.966
1,1,1.0
0,0,0.002
1,1,1.0
1,1,0.9899166666666668
1,1,0.9930000000000001
0,0,0.0
1,1,1.0
0,0,0.005
0,0,0.003
0,0,0.08423809523809522
0,0,0.0
0,0,0.005
0,0,0.0
0,0,0.02
1,1,0.9691666666666667
0,0,0.0025
1,1,0.985
1,0,0.3845376984126985
1,1,0.9983333333333333
0,0,0.0
0,0,0.0265
1,1,1.0
0,0,0.0
1,1,1.0
1,1,0.995
0,0,0.0026666666666666666
1,1,1.0
0,0,0.0
1,1,1.0
0,0,0.003333333333333333
0,0,0.0
0,0,0.005
1,1,0.9906666666666666
0,0,0.0
1,1,1.0
0,1,0.5017857142857142
0,0,0.0025
1,1,1.0
1,1,0.9890833333333332
1,1,1.0
1,1,1.0
0,0,0.006
1,1,0.912718253968254
1,1,0.9825
1,1,1.0
1,1,1.0
1,1,0.9071428571428573
0,0,0.0
0,0,0.01
0,0,0.0008333333333333333
1,1,0.797845238095238
0,0,0.0
1,1,1.0
0,0,0.0
0,1,0.6125833333333334
1,1,0.8936666666666666
0,0,0.46236904761904746
1,1,1.0
1,1,0.9975
0,0,0.0
1,1,1.0
0,0,0.1763690476190476
1,1,0.99375
1,1,1.0
0,0,0.005
0,0,0.0
0,0,0.0
0,0,0.0
0,0,0.0
1,1,0.9983333333333334
1,1,1.0
1,1,1.0
1,1,0.988
1,1,0.9770833333333333
1,1,1.0
0,0,0.0
0,0,0.0
1,1,0.9983333333333333
0,0,0.0
1,1,1.0
1,1,1.0
0,0,0.005714285714285714
0,0,0.041833333333333333
1,0,0.32692857142857146
1,1,1.0
0,0,0.007166666666666666
0,0,0.0
0,0,0.00125
0,0,0.0
1,1,0.9636130952380952
1,1,1.0
0,0,0.023880952380952385
0,0,0.08007142857142856
0,0,0.0
0,1,0.9622142857142856
0,0,0.0
1,1,0.9953214285714285
0,0,0.0
1,1,1.0
1,1,0.9774166666666667
1,1,1.0
1,1,0.8252500000000002
1,1,1.0
0,0,0.0
0,0,0.020178571428571428
1,1,1.0
0,0,0.0
1,1,0.9966666666666667
0,0,0.0
0,0,0.0
1,1,1.0
0,0,0.0
0,0,0.004166666666666667
1,1,0.9809166666666667
0,0,0.004333333333333333
1,1,0.9913333333333333
0,0,0.018999999999999996
1,1,0.9754583333333335
1,1,0.98625
0,0,0.0
1,1,0.9831071428571428
0,0,0.0
1,1,0.9937500000000001
0,0,0.001
0,0,0.01625
1,1,0.8196666666666669
0,0,0.0
1,1,0.998125
0,0,0.005
1,1,0.9823333333333334
0,0,0.0
0,0,0.009166666666666667
0,0,0.0
1,1,0.9404166666666667
0,0,0.0
0,0,0.02176190476190476
1,1,1.0
0,0,0.06554761904761905
1,1,0.9820833333333334
0,0,0.0
1,1,1.0
1,1,1.0
1,1,0.861761904761905
0,0,0.014375
1,1,0.7316666666666667
1,1,0.9427499999999999
0,0,0.0075
0,0,0.0
1,1,0.9663928571428572
1,1,1.0
0,0,0.014166666666666668
1,1,0.8170000000000001
0,0,0.003
0,0,0.0
1,1,0.9978571428571428
1,1,0.937
0,1,0.9425833333333332
0,0,0.0
1,1,1.0
1,1,1.0
0,0,0.0
1,1,1.0
1,1,0.939154761904762
0,0,0.41038095238095224
1,1,0.9890000000000001
1,1,1.0
0,0,0.005
1,1,0.9975
0,1,0.5940256132756132
0,0,0.0
1,1,0.9983333333333334
1,1,0.8729166666666665
1,1,0.995
1,0,0.28
1,1,0.995
1,1,1.0
0,0,0.0
1,1,0.9854166666666667
0,0,0.01
1,1,0.803482142857143
0,0,0.0
1,1,1.0
0,0,0.028333333333333332
0,0,0.01075
0,0,0.0
1,1,1.0
1,1,1.0
0,0,0.0
1,1,0.9898333333333333
1,1,1.0
0,0,0.0
0,0,0.0
1,1,0.99625
1,1,1.0
0,0,0.0
0,0,0.0
1,1,0.9782500000000001
1,1,1.0
1,1,0.9376904761904764
1,1,1.0
0,0,0.005
1,1,1.0
1,1,1.0
0,0,0.01
0,0,0.03341666666666667
0,0,0.0016666666666666666
0,0,0.3452608225108225
1,1,1.0
0,0,0.0
0,0,0.005
1,1,1.0
1,1,0.9940000000000001
0,0,0.0
1,1,0.99
0,0,0.005666666666666666
0,0,0.22044642857142854
0,0,0.06066666666666667
1,1,0.9178452380952379
0,0,0.0
0,0,0.013333333333333332
1,1,0.9725
1,1,0.985
0,0,0.0
1,1,0.9960714285714286
1,1,0.8483511904761906
0,0,0.005
0,0,0.0
1,1,0.9532499999999999
1,1,0.9783690476190477
1,1,0.9975
1,1,1.0
1,1,1.0
1,1,0.9896250000000001
0,0,0.015
1,1,1.0
0,0,0.005
0,0,0.0016666666666666666
1,1,1.0
1,1,0.9904166666666667
1,1,1.0
0,0,0.0
0,1,0.8705773809523809
0,0,0.008
0,0,0.011666666666666665
1,1,1.0
1,1,0.9896666666666667
1,1,0.93
1,1,0.995
1,1,0.9779166666666668
0,0,0.05201587301587301
1,0,0.4310833333333335
1,1,1.0
1,1,0.995
1,1,0.9419464285714285
1,1,0.9975
0,0,0.17610714285714285
1,1,1.0
0,0,0.05199999999999999
1,1,1.0
1,1,1.0
0,0,0.22292063492063494
0,0,0.0
0,1,0.8455833333333331
1,1,1.0
1,0,0.3026250000000001
0,0,0.0
0,0,0.0
0,0,0.0
0,0,0.005
0,0,0.005
0,0,0.0
0,0,0.0
1,1,1.0
1,1,1.0
1,1,1.0
1,1,0.992
0,0,0.0
0,0,0.0
1,1,1.0
1,1,0.98
1,1,1.0
1,1,1.0
0,0,0.0016666666666666666
1,1,1.0
0,0,0.0
1,1,1.0
1,1,1.0
1,1,0.9883333333333334
1,1,0.995
0,0,0.0
1,1,1.0
1,1,1.0
0,0,0.0
1,1,0.8238333333333335
1,1,0.99875
1,1,1.0
1,0,0.37515476190476194
1,1,1.0
1,1,0.9900000000000001
1,1,0.9740833333333333
1,1,0.9963333333333333
1,0,0.0
0,0,0.0
1,1,0.9954166666666667
1,1,0.9942857142857143
1,1,0.9975
0,0,0.0
1,1,1.0
0,0,0.0
0,0,0.0
1,1,0.995
1,1,0.99625
1,1,0.995
0,0,0.421345238095238
1,1,1.0
0,0,0.0
0,0,0.015
1,1,0.9966666666666667
0,0,0.0
0,0,0.0
0,0,0.0
0,0,0.01
1,1,1.0
0,0,0.0
1,1,0.9876666666666667
1,1,1.0
1,1,0.8864166666666669
0,0,0.0
0,0,0.005
1,1,1.0
1,1,0.9992857142857143
1,1,1.0
0,0,0.0
0,0,0.0
1,1,1.0
1,1,0.9717499999999998
0,0,0.042297619047619056
0,0,0.0
0,0,0.0
0,0,0.008095238095238095
1,1,0.9910714285714286
0,0,0.1328095238095238
0,0,0.0
0,0,0.0
1,1,0.996
1,1,1.0
1,1,0.8034404761904761
0,0,0.0
1,1,0.8256666666666667
1,1,1.0
0,0,0.0
1,1,1.0
0,0,0.003333333333333333
1,1,1.0
1,1,0.9936666666666666
0,0,0.0
1,1,0.99
1,1,1.0
1,1,1.0
1,1,1.0
0,1,0.7867499999999997
0,0,0.0
1,1,1.0
1,1,0.7777916666666669
1,1,0.7997500000000001
1,1,0.5870714285714284
1,1,0.9576071428571428
1,1,0.9966666666666666
1,1,1.0
1,1,1.0
0,0,0.0
0,0,0.05825
1,1,1.0
1,1,0.995
1,1,1.0
1,1,1.0
0,0,0.03741666666666666
1,1,1.0
1,1,0.995
0,0,0.0
1,1,0.9480654761904762
1,0,0.49583333333333335
1,1,0.9850833333333333
0,0,0.025
1,1,0.9124166666666668
0,0,0.06604761904761905
0,0,0.0
1,1,1.0
0,0,0.07791666666666666
0,0,0.0
0,0,0.0
0,1,0.8600000000000003
0,0,0.01
0,0,0.003
1,1,1.0
1,1,1.0
1,1,1.0
0,0,0.0
1,1,0.9795
0,0,0.0
0,0,0.0008333333333333333
0,0,0.020380952380952378
0,0,0.07469047619047618
0,0,0.0014285714285714286
0,0,0.005
0,0,0.1877261904761905
0,0,0.0
1,1,0.8464107142857142
1,1,0.995
1,1,0.9943333333333332
1,1,1.0
1,1,0.9907738095238094
0,0,0.0
1,1,1.0
0,0,0.035916666666666666
0,0,0.0
1,1,1.0
0,0,0.0
1,1,0.933547619047619
0,0,0.0030000000000000005
0,0,0.002857142857142857
0,0,0.0
0,0,0.0
1,1,0.9570357142857141
1,1,1.0
1,1,0.997
0,0,0.0
0,0,0.15725
0,0,0.3092638888888889
0,0,0.01
0,0,0.0
1,1,1.0
1,1,1.0
0,0,0.0
0,0,0.0025
0,0,0.0
0,0,0.0
1,1,0.9950833333333332
0,0,0.0
1,1,0.99875
1,1,0.9533095238095237
1,1,0.9958333333333335
1,1,0.8229583333333332
0,1,0.7336428571428572
0,0,0.0025
0,1,0.6640119047619047
1,1,1.0
1,1,0.9978571428571429
1,1,1.0
0,0,0.0
1,1,1.0
0,0,0.005
0,1,0.601404761904762
0,0,0.0008333333333333333
1,1,0.9864285714285714
0,0,0.11101190476190476
0,0,0.00125
1,1,1.0
0,0,0.0
0,0,0.0
0,0,0.0
0,0,0.0
0,0,0.0
0,0,0.0
0,0,0.003333333333333333
0,0,0.03166666666666666
1,1,1.0
1,1,1.0
0,0,0.0
0,0,0.0
0,0,0.0
0,0,0.4412559523809525
1,1,1.0
0,0,0.013333333333333332
0,0,0.0
1,1,1.0
1,1,0.9975
1,1,0.995
0,0,0.0
0,0,0.0025
1,1,0.9694880952380953
0,0,0.005
1,1,1.0
1,1,1.0
1,1,1.0
1,1,0.9303333333333333
0,1,0.7661309523809523
0,0,0.0
1,1,0.9983333333333333
0,0,0.0025
1,1,1.0
1,1,0.99375
0,0,0.00125
0,0,0.005
1,1,0.9990000000000001
0,0,0.022916666666666665
0,0,0.018928571428571427
1,1,0.843748015873016
0,0,0.003333333333333333
1,1,0.99875
0,1,0.7142619047619047
0,0,0.0
0,0,0.0
0,0,0.0
1,1,1.0
0,0,0.0
0,0,0.0032500000000000003
1,1,0.9983333333333334
0,0,0.01
1,1,1.0
1,1,0.9925
0,0,0.0
0,0,0.012166666666666666
1,1,1.0
0,0,0.0
0,0,0.0
1,1,0.9941666666666668
1,1,1.0
1,1,0.9983333333333333
1,1,1.0
0,0,0.04084523809523809
0,0,0.0
0,0,0.0
1,1,1.0
0,0,0.010416666666666664
1,1,0.997
1,1,0.9973333333333333
0,0,0.0
1,1,1.0
0,0,0.01
1,1,1.0
0,0,0.025
0,0,0.17594047619047617
0,0,0.0
0,0,0.004
0,0,0.0
1,1,1.0
0,0,0.012083333333333333
0,0,0.0
1,1,1.0
1,1,0.9290833333333333
0,0,0.013000000000000001
0,0,0.020583333333333335
0,0,0.008
1,1,0.9695
1,1,1.0
1,1,0.995
1,1,0.9963333333333333
0,0,0.0
0,0,0.0
0,0,0.0016666666666666666
1,1,0.9875
0,0,0.006666666666666666
0,0,0.0
0,0,0.00575
1,1,1.0
0,0,0.21657738095238094
0,0,0.002
0,0,0.0
0,0,0.019166666666666665
1,1,0.9183333333333334
1,1,1.0
1,1,1.0
0,0,0.026654761904761907
0,0,0.0
0,0,0.0
1,1,1.0
1,1,1.0
1,1,0.99375
1,1,1.0
1,0,0.4051527777777779
0,0,0.009583333333333333
0,0,0.0
0,0,0.005
0,0,0.0016666666666666666
0,0,0.39498809523809525
1,1,0.87175
0,0,0.015
1,1,0.9431666666666668
0,0,0.00775
1,1,0.9446666666666667
0,0,0.0
1,1,1.0
1,1,1.0
1,1,0.9926666666666667
0,0,0.005833333333333334
0,0,0.0
0,0,0.0
1,1,0.6003988095238095
1,1,1.0
1,0,0.3624285714285714
1,1,0.97
0,0,0.0
0,0,0.0
0,0,0.0
0,0,0.0
0,0,0.39091666666666663
0,0,0.0
0,0,0.0
1,1,0.9873452380952381
0,0,0.4607500000000001
0,0,0.0
0,0,0.0
0,0,0.0016666666666666666
0,0,0.01591666666666667
1,1,0.9843055555555555
0,0,0.0
0,0,0.0
1,1,0.9083333333333334
1,1,1.0
1,1,1.0
0,0,0.15863095238095237
0,0,0.01916666666666667
1,1,1.0
0,0,0.005952380952380952
0,1,0.6929047619047618
0,0,0.35667857142857146
0,0,0.005
1,1,1.0
1,1,0.9969999999999999
0,0,0.0
0,0,0.0
1,1,0.945762987012987
1,1,0.9966666666666667
1,1,0.8533019480519478
0,0,0.14025
1,1,1.0
1,1,0.99875
1,1,1.0
0,0,0.0
1,1,0.9975
0,0,0.0
1,1,0.995
0,0,0.026984126984126985
1,1,1.0
1,1,1.0
0,0,0.06074999999999999
0,0,0.0
1,1,1.0
0,0,0.0075
0,0,0.001
1,1,0.99
1,1,0.8492261904761905
0,0,0.0
1,1,0.995
1,1,0.7371428571428572
1,1,0.995
0,0,0.01
1,1,1.0
1,1,1.0
0,0,0.0
0,0,0.0
1,1,1.0
0,0,0.0
0,0,0.0
0,1,0.6726309523809522
0,0,0.0016666666666666666
1,1,1.0
0,0,0.006666666666666666
0,0,0.0
1,1,0.9326666666666664
1,1,0.995
1,1,1.0
0,0,0.0025
0,0,0.0
0,0,0.42896031746031743
1,1,0.9966666666666666
1,1,0.9990000000000001
1,1,0.9938333333333333
0,0,0.0
1,1,1.0
1,1,0.9825
0,1,0.7591547619047618
0,0,0.006666666666666666
1,1,0.935404761904762
0,0,0.28880357142857144
0,0,0.0
1,1,0.985
1,1,1.0
0,0,0.01
0,0,0.0075
1,1,1.0
1,1,1.0
0,0,0.0
0,0,0.0
1,1,0.9226071428571428
1,1,1.0
1,1,0.9081785714285715
1,1,1.0
1,1,0.99875
1,1,0.9804166666666667
0,0,0.12398809523809523
1,1,0.9891666666666665
1,1,1.0
0,0,0.0
1,1,1.0
1,1,0.9319523809523809
0,0,0.0025
1,1,0.99875
1,1,1.0
0,0,0.003333333333333333
0,0,0.0
0,1,0.5430059523809524
0,0,0.0
1,1,1.0
1,1,0.8908214285714285
1,1,0.9941666666666668
1,1,1.0
1,1,0.9983333333333333
0,0,0.017541666666666667
1,1,1.0
1,1,1.0
1,1,0.9796666666666666
0,0,0.0
0,0,0.0
1,1,0.7144345238095235
0,0,0.006
1,0,0.4287936507936508
0,0,0.0
0,0,0.24083333333333332
0,0,0.0
0,0,0.0
1,1,1.0
0,0,0.0
0,1,1.0
1,1,1.0
0,0,0.0
1,1,1.0
0,0,0.0
1,1,1.0
0,0,0.0
1,0,0.0
1,1,0.9958333333333332
1,1,0.995
1,1,0.9801666666666666
0,0,0.0
0,0,0.00375
0,0,0.0
0,0,0.0
0,0,0.0
1,1,1.0
1,1,0.6593809523809523
0,0,0.0
1,1,1.0
0,0,0.0
0,0,0.0
0,0,0.0
0,0,0.005
1,1,1.0
1,0,0.06454761904761903
0,0,0.0
0,0,0.006666666666666666
1,1,1.0
0,0,0.0
0,0,0.0
0,0,0.004
1,1,1.0
1,1,0.995
1,1,0.988
0,0,0.0
0,0,0.0
0,0,0.0
1,1,0.9916666666666667
1,0,0.31380952380952387
1,1,1.0
0,0,0.0
1,1,0.9945
0,0,0.0
1,1,1.0
0,0,0.0
0,0,0.01
1,1,0.9016150793650793
0,0,0.0
0,0,0.0047619047619047615
1,1,0.7429345238095239
0,0,0.0
0,0,0.0
1,1,0.8356785714285713
1,1,0.8752500000000001
0,0,0.0
0,0,0.0
0,0,0.006333333333333333
1,1,0.99875
1,1,0.992
0,0,0.2875000000000001
0,0,0.0
0,0,0.015
1,1,0.9973333333333333
0,0,0.0
1,1,0.9894166666666666
1,1,1.0
0,0,0.0
0,0,0.17402380952380953
0,0,0.006
0,0,0.0
1,1,1.0
1,1,0.9449166666666666
1,1,0.995
1,1,1.0
0,0,0.0
1,1,0.9975
0,0,0.11509523809523808
0,0,0.04885714285714285
0,0,0.0008333333333333333
1,1,1.0
1,1,1.0
1,1,0.9950000000000001
0,0,0.00575
0,0,0.0
1,1,0.9831666666666666
0,0,0.0
0,0,0.005416666666666666
0,0,0.01
1,1,0.8014166666666668
1,1,0.91175
0,0,0.003333333333333333
1,1,1.0
1,1,0.9975
0,0,0.01
1,1,1.0
0,0,0.13116666666666668
1,1,0.995
1,1,0.9990000000000001
1,1,0.9677500000000001
1,1,0.9975
0,1,0.9295
1,1,0.9875
1,1,0.9760833333333335
1,1,0.9925
0,0,0.03266666666666666
1,1,1.0
0,0,0.005
0,0,0.0
0,0,0.008833333333333334
0,0,0.0
0,0,0.11286904761904763
1,1,1.0
0,0,0.008333333333333333
0,0,0.0
1,1,1.0
1,1,0.9641666666666666
1,1,0.9891666666666667
0,0,0.0
1,1,1.0
0,0,0.003333333333333333
1,1,0.9222440476190475
0,0,0.17442857142857146
1,1,0.995
0,0,0.0
0,0,0.0
1,1,0.9936666666666667
0,1,0.9431111111111109
1,1,1.0
1,1,0.9840833333333333
1,1,1.0
0,0,0.0014285714285714286
1,0,0.25436904761904766
0,0,0.04147619047619048
0,0,0.0
0,0,0.00375
0,0,0.0
1,1,0.99875
0,0,0.0
0,0,0.04850000000000001
0,0,0.002
0,0,0.2012142857142857
0,0,0.005
1,1,1.0
0,0,0.0
0,0,0.013333333333333332
0,1,0.5491547619047621
0,0,0.005
0,0,0.0
1,1,0.988
1,1,1.0
0,0,0.2633333333333333
1,1,0.9171666666666666
1,1,1.0
1,1,0.9828333333333334
1,1,1.0
0,0,0.0
0,0,0.01
0,0,0.0
0,0,0.0
0,0,0.0
1,1,0.9469523809523811
1,1,0.9810714285714286
1,1,1.0
1,1,1.0
1,1,0.8999880952380953
0,0,0.01725
0,0,0.0
1,1,1.0
0,0,0.010416666666666664
1,1,1.0
1,1,1.0
0,0,0.0025
1,1,0.985
1,1,0.9839166666666668
1,1,0.9394166666666668
0,0,0.09671428571428571
1,1,1.0
1,1,1.0
0,0,0.01
0,0,0.0
1,1,1.0
1,1,0.99875
1,1,0.995
1,1,0.9785714285714286
1,1,1.0
0,0,0.3912261904761904
1,1,0.8858214285714286
1,1,1.0
0,0,0.002
0,0,0.0
0,0,0.001
0,0,0.012
0,0,0.0
1,1,1.0
0,0,0.005
0,0,0.0
0,0,0.0
1,1,0.9719166666666667
0,0,0.0
1,1,1.0
0,0,0.0
0,0,0.31764285714285706
0,0,0.0
1,1,1.0
0,0,0.06386507936507936
0,0,0.009999999999999998
0,1,0.9154523809523809
0,0,0.0
0,0,0.003333333333333333
0,0,0.0
1,1,1.0
1,1,1.0
0,0,0.0
1,1,0.9975
1,1,0.955
0,0,0.009166666666666667
0,0,0.0
1,1,0.9465833333333334
1,1,0.9745833333333332
1,1,0.9983333333333334
0,0,0.004166666666666667
0,0,0.0
0,0,0.0459047619047619
1,1,0.9958333333333332
0,0,0.0
1,1,1.0
1,1,0.995
0,0,0.05360714285714286
1,1,0.9654047619047619
0,0,0.022666666666666665
0,0,0.0
0,0,0.0
1,1,1.0
0,0,0.0
1,1,0.9792500000000001
1,1,0.9945833333333333
0,0,0.0
1,1,0.7937202380952381
1,1,0.9775000000000001
0,0,0.006666666666666666
0,0,0.0
1,1,1.0
0,0,0.0
0,0,0.0
1,1,0.9184642857142856
0,0,0.0
0,0,0.0
0,0,0.00125
1,1,1.0
1,1,0.8905833333333334
0,0,0.13183333333333333
1,1,0.997
0,0,0.0
0,0,0.0
0,0,0.042583333333333334
1,1,0.7327857142857143
1,1,1.0
0,0,0.0034999999999999996
1,1,1.0
0,0,0.0
0,0,0.004
0,0,0.06666666666666667
0,0,0.0
0,0,0.0
0,1,0.6164166666666666
1,1,0.9925
0,0,0.005833333333333334
1,1,0.99875
1,1,1.0
1,1,0.995
1,1,0.9365833333333333
1,1,1.0
1,1,1.0
0,0,0.0
1,1,0.809547619047619
1,1,1.0
0,0,0.15440476190476193
0,0,0.0
1,1,1.0
1,1,0.9003333333333333
1,1,0.995
1,1,0.8796071428571429
0,0,0.007678571428571428
1,1,0.9518035714285713
0,0,0.0
1,1,1.0
0,0,0.01
1,1,1.0
1,1,0.9933333333333334
1,1,0.9965
0,0,0.3184880952380953
1,1,0.9983333333333334
1,1,0.9638095238095238
1,1,1.0
1,1,0.9973214285714286
1,1,0.9745
1,1,1.0
1,1,0.995
0,0,0.3860535714285715
0,0,0.00125
0,0,0.0034999999999999996
0,0,0.024166666666666666
0,0,0.0
1,1,0.8526011904761903
1,1,1.0
1,1,0.9798333333333333
0,0,0.0
0,0,0.0016666666666666666
1,1,0.988690476190476
0,0,0.02708333333333333
1,1,0.5996547619047619
0,0,0.0
1,1,0.8641170634920633
0,0,0.0
1,1,1.0
1,1,1.0
1,1,0.995
1,1,1.0
0,0,0.0
1,1,0.995
0,0,0.02166666666666667
0,0,0.0
0,0,0.020166666666666666
0,0,0.029249999999999998
0,0,0.018333333333333333
0,0,0.09713095238095237
0,0,0.08801190476190478
1,1,1.0
1,1,1.0
0,0,0.03791666666666667
0,0,0.0
0,0,0.0
0,0,0.011083333333333332
1,1,1.0
1,1,1.0
1,1,0.9966666666666667
1,1,0.9829166666666665
0,0,0.0
0,0,0.002
0,0,0.0
0,0,0.0
1,1,0.9615000000000002
1,1,1.0
1,1,0.9533809523809523
1,1,0.6030833333333334
1,1,0.9535000000000001
0,0,0.008571428571428572
1,1,0.9802500000000001
0,0,0.0
0,0,0.0
1,1,1.0
1,1,0.992
1,1,1.0
1,1,0.9966666666666666
1,1,0.9933333333333333
0,0,0.0025
0,0,0.0
0,0,0.008333333333333333
0,0,0.017083333333333332
0,0,0.0
0,0,0.09266666666666666
1,1,0.9950000000000001
0,0,0.0
1,1,1.0
1,1,1.0
1,1,0.9913333333333333
1,1,1.0
0,0,0.022458333333333337
0,0,0.0
0,0,0.0
0,0,0.005833333333333333
1,1,1.0
0,0,0.0025
1,1,0.9615059523809524
0,0,0.0
0,0,0.0
1,1,0.9894166666666666
1,1,0.9394166666666668
1,1,0.9866666666666667
0,0,0.0
1,1,1.0
0,0,0.1009047619047619
1,1,0.9925
0,1,0.63325
1,1,0.9764166666666667
1,1,0.99875
0,0,0.0
0,0,0.0022500000000000003
0,0,0.004166666666666667
1,0,0.38233333333333336
1,1,1.0
1,1,0.8295714285714284
1,1,0.999375
1,1,1.0
1,1,0.9990000000000001
0,0,0.0016666666666666666
1,1,1.0
0,0,0.009250000000000001
0,0,0.010249999999999999
1,1,1.0
1,1,1.0
1,0,0.021166666666666667
0,0,0.0
1,1,0.9423531746031745
0,0,0.003333333333333333
0,0,0.03111904761904762
1,1,1.0
1,1,0.8544761904761907
1,1,0.995
0,0,0.0
0,0,0.0
1,1,1.0
0,0,0.005
0,0,0.0
0,0,0.0075
1,1,1.0
0,0,0.0
0,0,0.0
1,1,1.0
1,1,0.9798333333333333
0,0,0.042666666666666665
0,0,0.005
1,1,0.9975
1,1,0.992
1,1,1.0
1,1,1.0
0,0,0.003
1,1,0.9605833333333332
0,0,0.27604166666666674
0,0,0.0
1,1,1.0
0,0,0.0
0,0,0.0
0,0,0.06058333333333333
0,0,0.0
1,1,0.99
1,1,0.9925
0,0,0.0
0,0,0.0125
0,0,0.0
1,1,1.0
1,1,0.995
0,0,0.0
1,1,0.9607261904761905
0,0,0.01608333333333333
1,1,1.0
1,1,0.9781666666666666
0,0,0.0
0,1,0.5825873015873015
0,0,0.0
1,1,0.9983333333333334
1,1,0.9955357142857143
0,0,0.0
0,0,0.0
1,1,0.9423333333333332
1,1,1.0
0,0,0.035626984126984125
1,1,1.0
0,0,0.004
1,1,0.998
1,1,0.9202857142857144
1,1,1.0
0,0,0.0
0,0,0.033
1,1,0.9966666666666667
1,1,0.9593333333333335
0,0,0.0
1,1,0.8955714285714285
0,0,0.0
0,1,0.7809940476190477
0,0,0.2843214285714286
0,0,0.0
1,1,0.9990000000000001
0,0,0.0
1,1,1.0
0,0,0.0
1,1,0.9189920634920634
1,1,0.9958333333333335
0,0,0.0
1,1,1.0
1,1,1.0
1,1,1.0
1,1,1.0
0,0,0.0
1,1,1.0
1,1,0.9916666666666667
1,1,1.0
0,0,0.07375595238095238
0,0,0.0
0,0,0.013000000000000001
0,0,0.0
0,0,0.001875
0,0,0.005
0,0,0.0008333333333333333
0,0,0.11460912698412697
0,0,0.07641666666666667
1,1,0.5490357142857143
1,1,1.0
0,0,0.015
0,0,0.07327380952380952
1,1,1.0
1,1,0.99875
1,1,0.5702142857142857
0,0,0.0
0,0,0.0
0,0,0.0
0,0,0.0
1,1,0.9876190476190476
1,1,0.9903333333333333
0,0,0.005
0,0,0.05625
1,1,0.9726666666666668
1,1,0.9589107142857144
1,1,0.9917857142857143
0,0,0.012595238095238095
1,1,1.0
1,1,1.0
0,0,0.0
1,1,0.7932500000000001
0,0,0.0125
1,1,0.9975
0,0,0.01
0,0,0.44838095238095227
1,1,1.0
1,1,1.0
0,0,0.0
1,1,1.0
0,0,0.0
0,0,0.0
0,0,0.0025
1,1,1.0
1,1,0.9765833333333335
0,0,0.0
0,0,0.08298809523809524
1,1,0.99625
1,0,0.29336309523809523
0,0,0.0
0,0,0.0
0,0,0.43550992063492067
1,1,1.0
1,1,0.9875595238095239
1,1,1.0
0,0,0.0
1,1,0.9927499999999999
1,1,1.0
1,1,1.0
0,1,0.96625
1,1,0.757625
0,0,0.0
0,0,0.00125
0,0,0.0021428571428571425
0,0,0.054166666666666675
0,0,0.025
1,1,0.9933333333333333
0,0,0.0016666666666666666
1,1,0.9975
1,1,0.9133452380952382
1,1,0.849547619047619
0,0,0.03910119047619048
0,0,0.0
0,0,0.0
0,0,0.0
1,1,0.9676666666666667
0,0,0.0
1,1,0.997
1,1,0.9965714285714286
1,1,0.99875
1,1,1.0
0,0,0.031
1,1,1.0
0,0,0.03201190476190476
1,1,0.9468035714285713
1,1,1.0
0,0,0.0
1,1,0.9204166666666667
1,1,0.9920833333333333
1,1,0.995
0,0,0.009166666666666667
0,0,0.0
1,1,1.0
0,0,0.0
1,1,1.0
0,0,0.0
0,0,0.0016666666666666666
0,0,0.0
0,0,0.0
0,0,0.16779761904761906
1,1,0.99375
0,0,0.0025
0,0,0.03858333333333333
1,1,1.0
1,1,0.983
0,0,0.03225
0,0,0.003
0,0,0.08125
0,0,0.0
0,0,0.0
1,1,0.9808333333333334
0,0,0.0
0,0,0.006166666666666667
0,0,0.0
1,1,1.0
1,1,0.9925
1,1,0.9891666666666667
1,1,1.0
1,1,0.9966666666666667
1,1,0.9959523809523809
0,0,0.0
0,0,0.0
0,0,0.05283333333333333
1,1,0.98775
1,1,1.0
0,0,0.0
1,1,0.9916666666666667
0,0,0.0
1,1,1.0
0,0,0.003333333333333333
0,0,0.0
1,1,0.9983333333333334
0,0,0.0
0,0,0.0
1,1,0.995
0,0,0.11891666666666664
0,0,0.0030000000000000005
1,1,0.9489166666666666
0,0,0.0
0,0,0.002
1,1,0.9933333333333334
0,0,0.011666666666666665
1,1,0.9941666666666668
1,1,1.0
1,1,0.995
0,0,0.0
0,0,0.005
1,1,1.0
0,0,0.048130952380952385
1,1,0.9929166666666667
1,1,1.0
1,1,0.99425
1,1,1.0
0,0,0.02333333333333333
1,1,0.8576666666666665
1,1,0.5207499999999999
1,1,1.0
0,0,0.00825
0,0,0.0
0,0,0.0
0,0,0.005
0,0,0.003666666666666667
1,1,1.0
1,1,0.9511547619047619
0,0,0.003
0,0,0.0008333333333333333
1,1,1.0
1,1,0.6594107142857145
1,1,0.9975
0,0,0.0016666666666666666
0,0,0.0
1,1,0.8603095238095237
1,1,0.9890000000000001
1,1,0.9970833333333334
0,0,0.0
1,1,0.7901369047619048
1,1,1.0
0,0,0.0
0,1,0.6414861111111111
1,1,1.0
1,1,1.0
0,0,0.0
0,0,0.01
0,0,0.0
0,0,0.0
0,0,0.0
1,1,0.9859880952380952
1,1,0.9491428571428571
0,0,0.46125
0,0,0.0
1,1,1.0
1,1,0.9983333333333333
1,1,0.9361507936507936
0,0,0.0
1,1,1.0
1,1,0.8945833333333334
0,0,0.0
0,0,0.03446428571428572
0,0,0.0
1,1,0.9957142857142857
0,0,0.005
1,1,1.0
1,1,0.995
1,1,0.9941666666666665
1,1,0.995
0,0,0.21060714285714283
1,1,1.0
1,1,0.9525238095238093
1,1,1.0
1,1,0.960488095238095
0,0,0.0
1,1,0.9525833333333332
0,0,0.0
0,0,0.02083333333333333
1,1,0.9868333333333333
0,0,0.0
1,1,0.995
1,1,0.9255178571428573
1,1,0.99875
1,1,1.0
0,0,0.001
1,1,1.0
1,1,0.99875
0,0,0.0
1,1,1.0
1,1,1.0
0,0,0.009166666666666667
0,0,0.0
1,1,0.9215833333333333
1,1,0.8810714285714286
0,0,0.15595238095238095
0,0,0.0022500000000000003
1,1,1.0
0,0,0.0
1,1,0.9975
0,0,0.0016666666666666666
0,0,0.0
1,1,0.98775
1,1,0.8409682539682539
1,1,1.0
0,0,0.0
1,1,0.9972916666666666
1,1,1.0
1,0,0.43383333333333335
0,0,0.0
1,1,1.0
0,0,0.0
0,0,0.034
0,0,0.04428571428571429
0,0,0.0
1,1,0.9824166666666667
1,1,0.99675
1,1,0.8633055555555554
0,0,0.005
0,0,0.055
1,1,1.0
0,0,0.005
0,0,0.05083333333333334
1,1,1.0
1,1,0.8737142857142858
0,1,0.5211428571428571
1,1,0.9766071428571428
1,1,0.98275
1,1,0.9825
1,1,0.9985714285714287
0,0,0.01563095238095238
0,0,0.02316666666666667
0,0,0.0
0,0,0.0
1,1,1.0
0,0,0.00125
1,1,1.0
1,1,0.98675
1,1,0.995
1,1,0.995
1,1,0.99625
1,1,0.9983333333333333
1,1,1.0
0,0,0.0
1,1,0.9726666666666667
1,1,0.9983333333333333
0,0,0.018750000000000003
0,0,0.00375
1,1,0.9913333333333333
1,1,1.0
0,0,0.000625
1,1,0.9929166666666666
0,0,0.0008333333333333333
0,0,0.0195
1,1,0.995
0,0,0.0
0,0,0.0
1,1,0.9473333333333334
0,0,0.003333333333333333
0,0,0.035375
1,1,0.9991666666666665
0,0,0.005
0,0,0.005
0,0,0.29930158730158735
0,0,0.0
0,0,0.08744047619047617
1,1,1.0
0,0,0.0
0,0,0.0
0,0,0.0035714285714285713
1,1,1.0
0,0,0.0
1,1,0.9983333333333334
1,1,1.0
1,1,1.0
0,0,0.0
0,0,0.0
0,0,0.005
0,0,0.0
1,1,0.8515238095238093
0,0,0.0
0,0,0.05908333333333332
0,0,0.0045000000000000005
1,1,0.9975
1,1,1.0
0,0,0.06904166666666668
1,1,1.0
0,0,0.0
0,0,0.0
1,1,0.9890000000000001
1,1,1.0
0,0,0.008142857142857143
1,1,0.9978571428571428
0,0,0.09484920634920634
1,1,0.8917023809523807
1,1,1.0
0,0,0.1699642857142857
0,0,0.0
1,1,1.0
1,1,0.9983333333333334
1,1,0.9868214285714286
1,1,0.9940000000000001
0,0,0.0
0,0,0.0025
0,0,0.008333333333333333
1,1,0.9952500000000001
0,0,0.0
0,0,0.0
0,0,0.1699285714285714
0,0,0.1824186507936508
1,1,1.0
0,0,0.0
0,0,0.0245
0,0,0.0
0,0,0.0025
0,0,0.003666666666666667
0,0,0.01
0,0,0.0
1,1,0.9787500000000001
1,1,1.0
1,1,1.0
1,1,0.9873333333333334
0,0,0.03602380952380953
1,1,1.0
0,0,0.0
1,0,0.43905357142857143
0,0,0.0075
1,1,0.9073333333333333
1,1,0.9869166666666668
1,1,1.0
0,0,0.0
0,0,0.0
0,0,0.0
1,1,1.0
0,0,0.0
0,0,0.0
0,0,0.0
0,0,0.0
1,1,0.97625
1,1,0.995
1,1,1.0
1,1,0.998
0,0,0.0
0,0,0.07175000000000001
1,1,0.9426666666666665
0,0,0.0
1,1,0.9795833333333333
0,0,0.03266666666666666
0,0,0.003333333333333333
1,1,0.96375
0,0,0.01817857142857143
0,0,0.015
0,0,0.0
1,1,1.0
0,0,0.005
0,0,0.005
1,1,0.9982857142857143
1,1,0.9246666666666666
1,1,0.8689007936507938
1,1,1.0
0,0,0.0016666666666666666
0,0,0.030000000000000006
0,0,0.0
0,0,0.09695238095238093
1,1,0.9173690476190474
0,0,0.32844642857142864
0,0,0.0
0,0,0.0025
1,1,0.995
0,0,0.0025
1,1,0.995
0,0,0.0
1,1,1.0
1,1,1.0
0,0,0.0
0,0,0.0
1,1,0.9990000000000001
0,0,0.0
0,0,0.005
1,1,0.99675
0,1,0.7652301587301586
0,0,0.0
0,0,0.005
0,0,0.0
0,0,0.0
0,1,0.8021626984126985
0,0,0.0
0,0,0.0
1,1,0.9645
0,0,0.01
1,1,0.9169761904761904
1,1,1.0
0,0,0.0
0,0,0.005
1,1,0.9089166666666667
1,1,1.0
0,0,0.011249999999999998
0,0,0.0
1,1,1.0
1,1,0.9754166666666666
1,1,1.0
1,1,1.0
1,1,1.0
0,0,0.0
1,1,1.0
1,1,0.9904880952380952
0,0,0.003125
0,0,0.0
1,1,1.0
1,1,0.995
1,1,1.0
0,0,0.0
0,0,0.0
0,0,0.011
0,0,0.0
1,1,1.0
0,0,0.04241666666666667
0,0,0.004166666666666667
1,1,0.995
1,1,0.9566666666666666
0,0,0.001
1,1,1.0
1,1,0.9855357142857142
0,0,0.0
0,0,0.01
1,1,0.8318095238095237
0,0,0.015904761904761904
1,1,0.9983333333333334
1,1,0.99875
1,1,0.998
1,1,0.8857083333333335
0,0,0.0
0,0,0.0045000000000000005
0,0,0.2886904761904762
0,0,0.0
1,1,0.98
0,0,0.003333333333333333
0,0,0.0
1,1,0.9164404761904761
1,1,0.9925
0,0,0.03189285714285714
1,1,0.995
1,1,1.0
1,1,0.8998690476190476
1,1,0.98425
1,1,0.941404761904762
1,1,0.9975
0,0,0.005
1,1,1.0
0,0,0.008333333333333333
1,1,0.995
0,0,0.005
1,1,0.9953333333333333
1,1,0.975
0,1,0.5290714285714287
1,1,0.9933333333333333
0,0,0.0
1,1,0.9930357142857144
0,0,0.0
1,1,1.0
1,1,0.995
0,0,0.042083333333333334
0,0,0.006875
0,0,0.0
0,0,0.4004523809523809
0,0,0.0
1,1,1.0
1,1,1.0
0,0,0.0
1,1,0.9783095238095239
0,0,0.0
1,0,0.40785714285714286
1,0,0.2002261904761905
0,0,0.015666666666666666
0,0,0.04947619047619048
1,1,1.0
0,0,0.0
1,1,1.0
0,0,0.008095238095238095
0,0,0.0
1,1,0.997
0,0,0.0
1,1,1.0
0,0,0.0
0,0,0.20189285714285718
0,0,0.0025
1,1,0.8763333333333334
0,1,0.9795833333333333
1,1,0.99625
1,1,0.9975
0,0,0.32272023809523814
0,0,0.0
1,1,1.0
0,0,0.009166666666666667
0,0,0.0
0,0,0.009166666666666667
0,0,0.03583333333333333
0,0,0.006583333333333333
0,0,0.0
0,0,0.006666666666666666
0,0,0.0
0,0,0.0
0,0,0.0
0,0,0.0
1,1,0.9891666666666667
0,0,0.0
0,0,0.0105
1,1,0.9841666666666665
1,1,0.998
0,0,0.014285714285714285
0,0,0.0
1,1,0.9983333333333333
0,0,0.0
0,0,0.0
0,0,0.0
1,1,1.0
0,1,0.555202380952381
1,1,1.0
1,1,1.0
0,0,0.0
0,0,0.0
0,0,0.012333333333333333
0,0,0.012000000000000002
0,0,0.0
1,1,1.0
0,0,0.0
0,0,0.055
0,0,0.0
1,1,0.9933333333333334
0,0,0.007333333333333334
0,0,0.008333333333333333
0,0,0.005
1,1,1.0
1,1,0.7385238095238097
0,0,0.0
0,0,0.0
0,0,0.001
1,1,1.0
0,0,0.0
0,0,0.0
1,1,0.99625
0,0,0.0
0,0,0.0
0,1,0.5730833333333333
0,0,0.0
1,1,1.0
0,0,0.05408333333333333
0,0,0.0
1,1,1.0
1,1,1.0
0,0,0.009166666666666667
1,1,1.0
0,0,0.0
0,0,0.0
1,1,0.8278055555555551
0,0,0.0
1,1,0.995
1,1,0.9854166666666666
1,1,0.9983333333333333
0,0,0.0
0,0,0.0
1,1,0.9803611111111111
0,0,0.07070833333333333
0,0,0.01125
0,0,0.026833333333333334
0,0,0.03913690476190476
0,0,0.0
0,0,0.0
1,1,0.9971666666666666
1,1,0.8882261904761904
1,1,1.0
1,1,0.9985714285714287
0,1,0.9779880952380953
1,1,0.9916666666666667
1,1,1.0
1,1,1.0
1,1,1.0
0,0,0.0
0,0,0.0
0,0,0.0
1,1,0.996
0,0,0.0
1,1,0.9408333333333333
1,1,1.0
0,0,0.014607142857142858
1,1,1.0
0,0,0.0
0,0,0.0
1,1,1.0
1,1,1.0
0,0,0.0
1,1,0.9458333333333334
1,1,0.995
0,0,0.0
1,1,0.9920833333333334
0,0,0.0
0,0,0.0
1,1,0.9991666666666665
1,1,1.0
0,0,0.0
0,0,0.007083333333333333
0,0,0.027666666666666666
1,1,1.0
1,1,0.9985714285714287
1,1,1.0
0,1,0.5570357142857143
1,1,0.99
0,0,0.027222222222222224
1,1,1.0
1,1,1.0
1,1,1.0
1,1,1.0
1,1,0.9136666666666667
1,1,0.7900714285714284
1,1,1.0
1,1,0.9146904761904763
0,0,0.014666666666666668
0,0,0.0
1,1,1.0
1,1,0.5240357142857144
0,0,0.005
1,1,1.0
0,0,0.005
0,0,0.0
0,0,0.0025
1,1,0.8958035714285714
0,0,0.0025
1,1,0.8694285714285713
1,1,0.906732142857143
1,1,1.0
1,1,1.0
0,0,0.0
0,0,0.0
0,0,0.0
0,0,0.0
0,0,0.0
1,1,0.99
0,1,0.5208214285714287
1,1,0.9916666666666667
1,1,1.0
0,0,0.0
0,0,0.015416666666666667
0,0,0.0
1,1,0.9916666666666666
1,1,0.9729166666666668
0,0,0.0
0,0,0.0
1,1,0.995
1,1,0.9773333333333332
0,0,0.13183333333333333
1,1,0.9540833333333333
1,1,0.9584999999999999
0,0,0.0
1,1,1.0
1,1,1.0
1,1,0.9644999999999999
1,1,1.0
1,1,1.0
1,1,1.0
0,0,0.024333333333333335
0,0,0.0
0,0,0.4973333333333333
0,0,0.0
0,0,0.005
0,0,0.0016666666666666666
1,1,0.9953333333333333
1,1,1.0
1,1,1.0
1,1,1.0
0,0,0.0030000000000000005
1,1,1.0
0,1,0.8254821428571425
0,0,0.0
0,0,0.0025
0,0,0.12908333333333336
0,0,0.1470833333333333
1,1,0.9841190476190476
0,0,0.0
0,0,0.0
0,0,0.0
0,0,0.0
0,0,0.012
0,0,0.0
1,1,1.0
0,0,0.3151309523809525
1,1,0.9898333333333335
1,0,0.4808095238095238
0,0,0.11291666666666667
0,0,0.0
0,0,0.0
0,0,0.005
0,0,0.03
1,1,1.0
1,1,0.99
0,0,0.003333333333333333
1,1,1.0
1,1,1.0
0,0,0.0
1,1,0.9871428571428572
1,1,1.0
0,0,0.0
0,0,0.0
1,1,0.995
0,0,0.0
0,1,0.6809285714285714
0,0,0.0
1,1,0.9925000000000002
0,0,0.0535
0,0,0.21516071428571426
1,1,0.9983333333333334
1,1,0.9966666666666666
0,0,0.15141666666666664
1,1,0.9176666666666665
0,0,0.02
1,1,0.995
0,0,0.0025
1,1,0.9870833333333334
0,0,0.0
0,0,0.0022500000000000003
0,0,0.0
0,0,0.0075
0,0,0.0
0,0,0.001
0,0,0.005
1,1,0.7263333333333333
1,1,1.0
0,0,0.009250000000000001
1,1,0.995
1,1,0.9946666666666666
1,1,1.0
0,0,0.0
0,0,0.0
0,0,0.005
1,1,0.972125
1,1,0.9301666666666667
1,1,0.9983333333333333
0,0,0.0
1,1,1.0
0,0,0.0
1,1,1.0
1,1,1.0
0,1,0.7569404761904761
1,1,0.982563492063492
1,1,0.992047619047619
1,1,0.9985714285714287
0,0,0.00425
0,0,0.02197619047619048
1,1,0.744345238095238
1,1,0.995
1,1,0.8050476190476189
0,0,0.0
1,1,1.0
1,1,0.97675
1,1,0.9880833333333332
0,0,0.0
0,0,0.01
0,0,0.004
1,1,0.995
0,0,0.0
0,0,0.00125
1,1,0.998
1,1,1.0
0,0,0.0
0,0,0.2273571428571428
1,1,1.0
1,1,0.9835833333333333
1,1,1.0
0,0,0.01741666666666667
0,0,0.0
0,1,0.8154761904761907
0,0,0.0
0,0,0.003333333333333333
0,0,0.018000000000000002
1,0,0.4602261904761904
0,0,0.0
1,1,0.9983333333333334
1,1,0.995
1,1,0.9766666666666667
0,0,0.0
0,0,0.0045000000000000005
0,0,0.0
0,0,0.37904166666666667
1,1,0.892345238095238
0,0,0.0
0,0,0.034
1,1,0.998
1,1,0.97
0,0,0.0
0,0,0.04166666666666666
1,1,0.9958333333333332
0,0,0.0016666666666666666
0,0,0.14658333333333334
1,1,0.995
1,1,0.995
0,0,0.32844642857142864
1,1,1.0
0,0,0.0016666666666666666
1,1,1.0
1,1,0.9379166666666666
0,0,0.0
1,1,1.0
0,0,0.005
0,0,0.0
0,0,0.0
1,1,1.0
1,1,1.0
0,0,0.0025
0,0,0.00125
1,1,0.9438333333333334
0,0,0.0
1,1,0.9908333333333332
1,1,0.9945833333333334
1,1,1.0
1,1,0.995
1,1,0.941872294372294
1,1,1.0
0,1,0.5030833333333331
1,1,0.6215357142857142
1,1,0.8126547619047618
1,1,0.93525
0,0,0.0
1,1,1.0
1,1,0.9941666666666665
1,1,1.0
1,1,0.9865833333333334
1,1,1.0
0,0,0.0
1,1,0.9569285714285715
1,1,0.995
1,1,1.0
0,0,0.02166666666666667
1,1,0.9990000000000001
1,1,1.0
1,1,0.9240833333333334
1,1,0.9695833333333335
0,0,0.0
1,1,0.995
0,0,0.0
1,1,1.0
0,0,0.0
1,1,0.9916666666666667
0,0,0.0
1,1,1.0
0,0,0.0025
1,1,1.0
1,1,0.995
