y_true,y_pred,y_proba_pathogenic
0,0,0.004603924
0,0,0.0021581366
0,0,0.011790681
1,1,0.9960134
1,1,0.99659216
0,0,0.0017466082
1,1,0.97206455
0,0,0.39220518
0,0,0.0031161355
1,1,0.99866116
1,1,0.97307914
1,1,0.9280313
0,1,0.7317155
0,0,0.0018018829
0,0,0.026597248
1,1,0.9203562
1,1,0.9997676
0,0,0.008316962
1,1,0.999686
1,1,0.9558224
1,1,0.99731976
1,1,0.9991289
1,1,0.99972624
1,1,0.9996774
1,1,0.8159534
0,0,0.005035581
1,1,0.99959666
1,1,0.9995196
1,1,0.9994531
1,1,0.9989215
1,1,0.99380636
0,0,0.006247559
0,0,0.006367591
1,1,0.9679148
0,0,0.0018795255
0,0,0.0073399353
1,1,0.999713
0,0,0.0049956245
1,1,0.9998661
1,1,0.99934477
1,1,0.99911875
1,1,0.99985397
0,0,0.0035256643
0,0,0.0029717714
0,0,0.27054885
0,0,0.00048530477
1,1,0.99928206
0,1,0.92070603
1,1,0.99956006
0,0,0.0041851704
0,0,0.0074908654
0,0,0.00250749
1,1,0.99938655
0,0,0.0019752355
0,0,0.002229777
0,0,0.0011359558
0,0,0.010392923
0,0,0.002283632
0,0,0.0049668057
1,1,0.99984705
0,0,0.0017466082
0,0,0.0088786995
1,1,0.99872535
0,0,0.0059834714
0,0,0.009485897
0,0,0.010158916
0,0,0.0027861095
0,0,0.0051406035
1,1,0.9348951
1,1,0.9971904
0,0,0.0056171617
0,0,0.0062757195
1,1,0.8785138
1,1,0.9478803
1,1,0.9995152
0,0,0.001945618
0,0,0.006629763
0,0,0.003427401
0,0,0.0022904759
0,0,0.012738015
1,1,0.9984792
1,1,0.97353745
1,1,0.9989784
0,0,0.0024798291
0,0,0.16294914
1,1,0.747904
1,1,0.99862564
1,1,0.9987832
0,0,0.0037172486
1,1,0.9993961
0,0,0.0044146045
0,0,0.06767334
0,0,0.0039704326
1,1,0.9959552
0,0,0.0031151227
1,1,0.99906
0,0,0.0029783086
1,1,0.9985696
0,0,0.0025685593
0,1,0.9230401
1,1,0.7796771
1,1,0.99918574
0,0,0.017756173
1,1,0.8590419
1,1,0.99929965
0,0,0.0045575174
1,1,0.95370924
0,0,0.14288563
0,0,0.005728416
1,1,0.61994314
0,0,0.0023079067
0,0,0.002961788
0,0,0.036419556
0,0,0.0018817264
0,0,0.0054910323
1,1,0.9993888
0,0,0.002810161
1,1,0.9276397
1,1,0.9991924
1,1,0.99844545
1,1,0.97843426
0,0,0.004526201
0,0,0.0033259792
1,1,0.9991554
1,1,0.9275279
0,0,0.09152434
0,0,0.0030964012
0,0,0.005402256
0,0,0.010390971
0,0,0.031146128
1,1,0.98804575
1,1,0.99970216
0,0,0.0022397223
1,1,0.99955493
0,0,0.0027007845
0,0,0.0019867944
1,1,0.98589176
0,0,0.0048660776
1,1,0.99963033
0,0,0.0019643512
0,0,0.0033803387
0,0,0.0018151712
1,1,0.9108973
1,1,0.99974054
1,1,0.99748516
1,1,0.99439806
0,0,0.047591664
1,1,0.99824995
1,1,0.99864763
1,1,0.9989814
1,1,0.99966764
0,0,0.0028860865
1,1,0.960667
1,1,0.99885774
0,0,0.003693627
0,0,0.00051802094
0,0,0.0059834714
0,0,0.007195174
0,0,0.0088148825
1,1,0.99763453
1,1,0.998872
1,1,0.9732438
0,0,0.0016590094
1,1,0.9897947
1,1,0.99125224
1,1,0.67813486
0,0,0.0034009733
0,0,0.004032493
1,1,0.99918896
1,1,0.8504788
1,1,0.9349454
1,1,0.8141901
0,0,0.009025221
1,1,0.9997259
1,1,0.99823475
0,0,0.012004228
0,0,0.0059652263
0,0,0.0040984126
0,0,0.008672599
0,0,0.10104668
1,1,0.9925403
1,1,0.997601
0,0,0.0029261587
0,0,0.0014649795
1,0,0.14767453
0,0,0.011974975
1,1,0.9990258
0,0,0.02726123
0,0,0.0050273095
1,1,0.8738318
0,0,0.0035192873
0,0,0.0026356694
0,0,0.0023058723
0,0,0.0034923325
0,0,0.0018983905
0,0,0.19615759
0,0,0.0014922055
1,1,0.99959356
0,1,0.99824214
1,1,0.99941516
0,0,0.0029375413
0,0,0.047469612
1,1,0.98667765
1,1,0.9993783
1,1,0.97514635
1,1,0.9987166
1,1,0.9997664
0,0,0.101927795
1,1,0.9992211
1,1,0.9252259
0,0,0.0016042687
1,1,0.99913114
1,1,0.99926907
0,0,0.0034513415
1,1,0.9267118
0,0,0.0055470755
0,0,0.031256925
1,1,0.9992834
1,1,0.99872786
1,1,0.98871917
0,1,0.6184173
1,1,0.9996779
0,0,0.0040617054
1,1,0.9943749
1,1,0.9987393
0,0,0.0035741753
0,0,0.0020335712
1,1,0.8292514
1,1,0.99968517
1,1,0.9990095
1,1,0.9523667
0,0,0.0016320943
0,0,0.006810363
0,0,0.0043070843
1,1,0.99975485
1,1,0.9991535
0,0,0.0023558561
0,0,0.010702089
0,0,0.00178579
0,0,0.43817428
1,1,0.97318155
0,0,0.0058864183
1,1,0.9739275
1,1,0.99708277
1,1,0.9994491
0,0,0.017445672
0,0,0.0071522943
0,0,0.005956998
1,1,0.99915373
1,0,0.04444261
0,0,0.0026768846
0,0,0.005080914
1,1,0.9992368
1,1,0.99706656
0,0,0.0055442327
0,1,0.80096865
1,1,0.99957377
1,1,0.9998202
1,1,0.9986004
1,1,0.9984548
0,0,0.0025780064
1,1,0.9614048
0,0,0.006004051
1,1,0.9934441
1,0,0.10139399
0,0,0.04134707
1,1,0.9992555
0,0,0.002290758
1,1,0.9912963
1,1,0.99313724
1,1,0.9976083
0,0,0.041412763
0,0,0.0029240754
1,1,0.99952936
0,0,0.0050830673
0,0,0.004988604
1,1,0.997938
0,0,0.1869521
1,1,0.9988142
0,1,0.585004
1,1,0.99926025
1,1,0.94186586
0,0,0.023912303
1,1,0.99935347
0,0,0.007651115
0,0,0.0038353608
1,1,0.9986528
0,0,0.00021541372
1,1,0.9995943
0,0,0.0052174223
1,1,0.95943767
1,1,0.99492943
1,0,0.19438887
1,1,0.9991535
0,0,0.0015689214
1,1,0.99441296
1,1,0.9933255
1,1,0.9997042
1,1,0.99933475
1,1,0.92615235
0,0,0.0049329316
1,1,0.99968517
1,1,0.99971956
0,0,0.10689402
0,0,0.004368983
1,1,0.9788794
1,1,0.9991032
0,0,0.0030375768
1,1,0.9998246
0,0,0.007971137
0,0,0.026562981
0,0,0.005456632
1,1,0.9996147
1,1,0.99943465
1,1,0.9999429
1,1,0.99972254
0,0,0.009321904
0,0,0.0013458027
1,1,0.9986053
0,0,0.086088486
0,0,0.005787595
0,0,0.0034764907
0,0,0.015339047
1,1,0.99943334
0,0,0.0082693845
0,0,0.003990068
0,0,0.0066465754
1,1,0.8224069
1,1,0.9974099
0,0,0.03701978
0,0,0.004790391
1,1,0.9992848
0,0,0.006187285
0,0,0.0052827746
0,0,0.017722556
0,0,0.0040592626
0,0,0.004957221
1,1,0.9953572
1,1,0.99904007
1,1,0.9611136
0,0,0.0030478016
1,1,0.99923944
1,1,0.98072386
1,1,0.9925662
0,0,0.001805352
1,1,0.9993636
0,0,0.0029112992
1,1,0.5739823
1,1,0.63213706
1,1,0.9225064
1,1,0.9986106
1,1,0.9371585
0,0,0.0034022324
0,0,0.060200788
1,1,0.99947387
1,1,0.99948514
0,0,0.0032928023
0,0,0.0030229075
0,0,0.0088786995
1,1,0.98860747
1,1,0.6082904
1,1,0.9995509
1,0,0.007863839
0,0,0.0022574358
0,0,0.0020160712
1,1,0.9759567
1,1,0.9990865
1,1,0.99909246
0,0,0.012028843
0,0,0.002518629
1,1,0.92197996
0,0,0.002518629
0,0,0.0036909834
1,1,0.9984402
0,0,0.0075134076
0,0,0.0015078979
0,0,0.009389906
0,0,0.14482158
0,0,0.0003547453
1,1,0.97992444
1,1,0.99663526
0,0,0.010742984
1,1,0.678423
1,1,0.99874014
1,1,0.99982977
0,0,0.0033542644
0,0,0.0074751526
1,1,0.9992323
0,0,0.0058383937
1,1,0.99879384
0,0,0.018282862
1,1,0.99032485
1,1,0.9997559
0,0,0.002599276
1,1,0.9999473
0,0,0.0024960393
0,0,0.0047972267
0,0,0.001769897
0,0,0.005507819
1,1,0.9993304
1,1,0.9938579
0,0,0.0010094037
1,1,0.98752093
0,0,0.0493045
1,1,0.9046162
0,0,0.001362581
1,1,0.8741441
0,0,0.0071169934
0,0,0.016726326
1,1,0.9996654
0,0,0.0038202968
1,1,0.99975616
0,0,0.009282977
0,0,0.0049243188
0,0,0.0067041647
1,1,0.9970703
1,1,0.9967552
1,1,0.9996624
0,0,0.000920122
1,1,0.86510295
0,0,0.006156743
0,1,0.99316037
0,0,0.008324245
0,0,0.0022702029
1,1,0.97375727
1,1,0.9998165
1,1,0.9995552
1,1,0.6661877
0,0,0.013449712
0,0,0.002857743
0,0,0.01866406
1,1,0.9994369
1,1,0.9994854
1,1,0.9322223
1,1,0.9929436
1,1,0.9979538
1,1,0.9988955
0,0,0.0031373508
1,1,0.94718933
0,0,0.0022363288
0,0,0.027629914
0,0,0.0008359425
1,1,0.99287635
1,1,0.99942374
0,0,0.0060921805
1,1,0.9918617
0,0,0.0063603274
0,0,0.0014818853
1,1,0.9996008
0,0,0.0018537194
0,0,0.0019867944
1,1,0.9992969
1,1,0.999824
0,0,0.00362346
1,1,0.991054
1,1,0.9984798
0,0,0.04416787
1,1,0.99912924
1,1,0.9997278
1,1,0.99826056
0,0,0.048144285
1,1,0.9929766
1,0,0.01862127
0,0,0.0068054004
1,1,0.9995871
0,0,0.004975013
0,0,0.004040992
0,0,0.005624912
1,1,0.99751556
0,0,0.004399618
1,1,0.9998387
1,1,0.9555847
0,0,0.0037900603
1,1,0.99960285
0,0,0.013659218
0,0,0.004304899
1,1,0.97880894
1,1,0.9972926
1,1,0.9972609
0,0,0.010212539
0,0,0.060763836
0,0,0.07283599
1,1,0.99937963
1,1,0.73739403
0,0,0.004646537
1,1,0.97404385
0,0,0.003182322
0,0,0.003893228
0,0,0.04669358
1,1,0.97357666
0,0,0.011858103
0,0,0.003805564
0,0,0.0015402848
1,1,0.9990281
1,1,0.9989058
0,0,0.1559749
0,0,0.0062965667
0,0,0.0024446307
0,0,0.0034849853
0,0,0.009929418
1,1,0.9996076
0,0,0.011468608
1,1,0.92559284
1,1,0.5633071
1,1,0.9979182
1,1,0.99565756
0,0,0.004504583
0,0,0.0009531098
1,1,0.99735594
0,0,0.005366087
1,1,0.99845064
1,1,0.99813396
0,0,0.0051635653
1,1,0.9992731
0,0,0.0048847613
1,1,0.99748516
1,1,0.9998317
1,1,0.99831593
1,1,0.99938464
1,1,0.9985588
1,1,0.99948263
0,0,0.0029549273
1,1,0.99294525
1,1,0.9984169
1,1,0.8662771
0,0,0.0026862207
1,1,0.9998609
1,1,0.9996425
0,0,0.0006444713
1,1,0.9995369
1,1,0.94613755
1,1,0.75512403
1,1,0.81012166
0,0,0.0063344063
1,1,0.9264015
0,0,0.004257602
0,0,0.0032576988
0,0,0.0068600113
1,1,0.9982936
0,0,0.004112407
0,0,0.15054615
1,1,0.9968899
0,0,0.0029294312
0,0,0.004861379
1,1,0.986132
0,0,0.0010806513
1,1,0.91217685
1,1,0.9995152
1,1,0.97970814
0,0,0.0048865858
0,0,0.008674928
1,1,0.69531184
0,0,0.0059553324
0,0,0.14331591
1,1,0.99966466
1,1,0.94475585
1,1,0.99989736
0,0,0.0070237177
1,1,0.9982072
1,1,0.9955903
0,0,0.0033289632
1,1,0.9984438
1,1,0.9980868
1,1,0.9594622
0,0,0.02320672
1,1,0.9994011
1,1,0.99985397
0,0,0.005193579
0,0,0.29852995
0,0,0.004405378
1,1,0.9994326
1,1,0.9324412
1,1,0.9862959
1,1,0.91524416
0,0,0.0027646902
1,1,0.9996699
1,1,0.58573043
1,1,0.9982284
0,0,0.00203433
1,1,0.99646676
1,1,0.9747825
1,1,0.99734145
0,0,0.004067751
0,0,0.0039091697
0,0,0.0036436042
1,1,0.91531795
1,1,0.88763905
0,0,0.020522123
1,1,0.999209
0,0,0.0031754558
0,0,0.028767008
1,1,0.9988937
1,1,0.99861133
1,0,0.30097005
1,1,0.99954176
1,1,0.99976844
0,0,0.001805352
1,1,0.9997099
1,1,0.99720395
0,0,0.0029905576
1,1,0.99947065
0,1,0.82817036
1,1,0.98270816
1,1,0.99753594
1,1,0.99933404
0,0,0.024958251
1,1,0.9993704
0,0,0.013166824
1,1,0.9988937
1,1,0.9993352
1,1,0.9983329
1,1,0.99863064
1,1,0.68768805
0,0,0.003608748
0,0,0.004186359
1,1,0.9995809
1,1,0.999498
1,1,0.99886996
0,0,0.0038916864
0,0,0.009075332
1,1,0.99913543
1,1,0.99561983
1,1,0.997591
1,1,0.8982309
0,0,0.01964759
0,0,0.0075509213
1,1,0.9974022
1,1,0.9990121
0,0,0.0014476762
0,0,0.0044660536
1,1,0.9986337
1,1,0.8931403
0,0,0.0032207908
0,0,0.004430016
1,1,0.99989116
1,1,0.9996233
1,1,0.9934744
1,1,0.9886424
1,1,0.92702043
1,1,0.9999201
0,0,0.002848574
1,1,0.99934775
1,1,0.9982893
0,0,0.0036611403
1,1,0.92992747
1,1,0.9982369
1,0,0.002270055
1,1,0.9989717
1,1,0.9996216
0,0,0.0068054004
0,0,0.0015432311
1,1,0.9762162
1,1,0.99920803
1,1,0.9965745
0,0,0.0029961914
1,1,0.9992773
1,1,0.9975169
0,0,0.0029571
0,0,0.011468608
1,0,0.08006216
0,0,0.0023678986
0,0,0.002857743
1,1,0.99756455
1,1,0.9997842
0,0,0.0047663497
1,1,0.9995981
1,1,0.99947065
1,1,0.9996774
1,1,0.9997632
0,0,0.36714745
0,0,0.018402483
1,1,0.99937695
0,0,0.0016478811
1,1,0.9993011
1,1,0.99928916
0,0,0.003264874
0,0,0.0045974823
0,0,0.0054202685
0,0,0.002705003
1,1,0.99759704
0,0,0.002748725
1,1,0.9998609
0,0,0.0029429246
1,1,0.97310984
1,1,0.97605735
0,0,0.046697367
1,1,0.9865795
1,1,0.99598736
1,0,0.3089001
0,0,0.0056951554
1,0,0.411096
0,0,0.003601248
1,1,0.99302083
0,0,0.0043181474
1,1,0.99972194
0,0,0.0023291558
0,0,0.003128731
1,1,0.996438
0,0,0.0031470547
0,0,0.0011128543
1,1,0.99934465
1,1,0.9983815
1,1,0.91415477
1,1,0.9994307
1,1,0.99914324
0,0,0.009396518
1,1,0.9924643
0,0,0.046840347
0,0,0.020124735
1,1,0.9985802
0,0,0.0532056
1,1,0.8874344
1,1,0.99232626
0,0,0.0011840352
0,0,0.13751033
1,1,0.9999218
1,1,0.993654
1,0,0.015425109
0,0,0.0028586902
0,0,0.0022625304
0,0,0.025459267
1,1,0.9675634
0,0,0.008917653
0,0,0.0006877119
0,0,0.001836664
0,0,0.008422689
0,0,0.0010219315
1,1,0.9990552
1,1,0.9994954
1,1,0.99959666
1,1,0.9707544
1,1,0.99913234
0,0,0.0074472027
0,0,0.007253838
1,1,0.9996768
0,0,0.002575952
0,0,0.0035559812
1,1,0.99945074
1,1,0.9946185
0,0,0.0069732754
1,1,0.90284836
1,1,0.95786935
1,1,0.9994198
1,1,0.688908
1,1,0.9977775
0,0,0.002586749
0,0,0.002499065
1,1,0.9985764
0,0,0.0076717786
1,1,0.9408238
1,1,0.9986934
0,0,0.011620013
0,0,0.07676149
1,1,0.9993761
0,0,0.010036452
1,1,0.9998246
1,1,0.999642
1,1,0.9986337
1,1,0.957206
0,0,0.0019643512
1,1,0.99898344
1,1,0.98954695
0,0,0.0064248783
1,1,0.9967456
0,0,0.0040686303
1,1,0.9983157
1,1,0.999193
0,0,0.0033517182
0,0,0.0067001646
1,1,0.8540353
1,1,0.9989919
1,1,0.9995721
0,0,0.0029510187
0,0,0.010057926
0,0,0.002469983
0,0,0.0030230656
1,1,0.99932885
1,1,0.9993445
0,0,0.004290603
0,0,0.0016986819
0,0,0.0053434437
1,1,0.9814616
1,1,0.999665
0,0,0.003519053
1,1,0.9996184
0,0,0.0010251782
1,1,0.9997615
0,0,0.012041594
0,0,0.004875311
0,0,0.0014627784
0,0,0.008331184
0,0,0.0041145575
0,0,0.004265232
0,0,0.0030249634
0,0,0.008161682
0,0,0.0032253652
1,1,0.9903233
1,1,0.99968696
1,1,0.9997969
0,0,0.0049659642
0,0,0.0037913604
0,0,0.013411159
1,1,0.99905545
0,0,0.003427401
0,0,0.014121981
1,1,0.99875677
1,1,0.9975055
0,0,0.0135733625
1,1,0.9784338
1,1,0.98969907
0,0,0.0035731737
0,0,0.0037690592
1,1,0.9682728
1,1,0.884678
0,0,0.0031078989
0,0,0.004290206
0,0,0.011790681
1,1,0.89624244
1,0,0.3030272
1,1,0.9881918
1,1,0.9967456
1,1,0.99981505
0,0,0.000999059
1,1,0.5404537
0,0,0.04769817
1,1,0.99945396
1,1,0.99963224
0,0,0.0066581904
0,1,0.84185374
0,0,0.0037156616
0,0,0.0055442327
1,1,0.9980769
1,1,0.84928507
1,1,0.9989497
1,1,0.99964726
1,1,0.99942386
1,1,0.8980531
0,0,0.016713407
1,1,0.9999393
0,0,0.0048162597
0,0,0.0045458595
1,1,0.9982664
1,1,0.98473907
0,0,0.011673667
1,1,0.99228776
1,1,0.9980592
0,0,0.0045006676
0,0,0.022734849
0,0,0.0032089713
0,0,0.0069567063
0,0,0.0010094037
0,0,0.0073561957
0,0,0.008665625
0,0,0.016726326
0,0,0.006832165
1,1,0.9992499
1,1,0.99876523
1,1,0.99348915
1,1,0.9863827
1,1,0.84668094
1,1,0.99943036
0,0,0.002415736
0,0,0.012935191
0,0,0.0012557231
0,0,0.012000988
0,0,0.0015877064
0,0,0.0072273184
0,0,0.0026768846
1,1,0.99044913
0,0,0.006156743
0,0,0.0013917383
0,0,0.0050587645
1,1,0.9864857
1,1,0.99635977
0,0,0.11382405
1,1,0.98950046
0,0,0.004787048
1,1,0.99827254
0,0,0.0021876155
0,0,0.007218203
1,1,0.9800608
1,1,0.9966943
0,0,0.0058521517
1,0,0.027725868
0,0,0.005181352
1,1,0.99936825
1,1,0.50149703
0,0,0.0050095804
0,0,0.0034739675
1,1,0.9634706
0,0,0.010171712
1,1,0.9997695
1,1,0.9989992
1,1,0.9962484
1,1,0.999387
0,0,0.0085973
0,0,0.0033635963
1,1,0.99909246
1,1,0.9943327
0,0,0.01251687
1,1,0.99659365
1,1,0.996545
1,1,0.9982535
1,1,0.99732506
0,0,0.28232098
1,1,0.9992435
1,1,0.9993293
0,0,0.0045004305
1,1,0.99228126
0,0,0.011244031
1,1,0.9003855
1,1,0.9897709
0,1,0.77882046
0,0,0.005154173
1,1,0.99832135
1,1,0.9998356
1,1,0.99974793
0,0,0.006384136
0,0,0.48066467
1,1,0.9954288
0,0,0.011939051
0,0,0.0033794153
1,1,0.9884752
1,1,0.9755755
0,0,0.0038735708
1,1,0.9993548
1,1,0.99564654
0,0,0.28107032
0,0,0.006673481
1,1,0.99955803
1,1,0.99928916
0,0,0.005656772
0,0,0.0026642454
0,0,0.15923925
1,1,0.99002796
1,1,0.9994326
1,1,0.9999192
0,0,0.004188922
0,0,0.005222176
1,1,0.8784491
1,1,0.9985594
1,1,0.9992555
1,1,0.9993443
1,1,0.9626839
0,0,0.0069133155
1,1,0.9991929
0,0,0.002083843
1,1,0.9997558
1,1,0.9992939
1,1,0.99961144
1,1,0.99963915
1,1,0.9904963
1,1,0.99785125
1,1,0.99808097
1,1,0.99934596
0,0,0.0014922055
0,0,0.006657894
1,1,0.9994253
1,1,0.99941707
1,1,0.9881011
1,1,0.99510324
1,1,0.9021101
0,0,0.00981889
0,0,0.004154087
0,0,0.0009376907
1,1,0.9960432
0,0,0.060908888
0,0,0.000920122
1,1,0.9991654
0,0,0.0067454083
1,1,0.8819588
0,0,0.009670723
1,1,0.9995291
1,1,0.9971732
0,0,0.0060594543
0,0,0.0135710575
0,0,0.010036452
0,0,0.0004422252
1,1,0.99918896
1,1,0.9972446
1,1,0.9996538
1,1,0.99902475
0,0,0.0035062279
1,1,0.99866426
1,1,0.998978
0,0,0.0051458054
1,1,0.9981523
0,0,0.0022267331
1,1,0.9828384
0,0,0.0029783086
0,0,0.0038788237
0,0,0.030084994
0,0,0.0053203697
0,0,0.0024798291
0,0,0.0031375817
0,0,0.0025841922
0,0,0.007236435
0,0,0.0057543265
1,1,0.80463254
0,0,0.003421954
0,0,0.20637631
0,0,0.004067751
0,0,0.0027283214
0,0,0.007971043
1,1,0.92243814
1,1,0.99935097
1,1,0.81875736
0,0,0.004787048
1,1,0.9901097
0,0,0.0074568274
1,1,0.991
0,0,0.007059606
1,1,0.9997316
0,0,0.03720382
1,1,0.9901097
0,0,0.000688997
0,0,0.0032053571
1,1,0.99608374
0,0,0.006367591
0,0,0.0035000474
0,0,0.11037373
1,1,0.99939406
0,0,0.0074908654
0,0,0.014376138
1,1,0.9997763
1,0,0.31162888
1,1,0.9954131
1,1,0.99641234
1,1,0.9995022
1,1,0.98038083
0,0,0.003836201
0,0,0.002316632
1,1,0.9994048
0,0,0.09800602
0,0,0.0029549273
1,1,0.99254626
1,1,0.99761033
0,0,0.0023076357
1,1,0.999905
0,0,0.0006810088
1,1,0.9995666
0,0,0.006814244
0,0,0.058513634
1,1,0.99968433
1,1,0.86482936
1,1,0.99962425
0,0,0.00981889
0,0,0.011946652
1,1,0.9993309
0,0,0.0025220744
0,0,0.002930313
1,1,0.9925649
0,0,0.004484364
0,0,0.009836318
0,0,0.0016725494
1,1,0.9719731
1,1,0.9998085
1,1,0.99941957
1,1,0.9996321
1,1,0.9317706
0,0,0.0036021909
0,0,0.010689581
0,0,0.00054522336
1,1,0.9995585
1,1,0.98241246
1,1,0.97931033
1,1,0.99989736
1,1,0.7556442
1,1,0.9994572
1,1,0.9855832
1,1,0.9871819
1,1,0.9988599
1,1,0.9954657
0,0,0.0052878936
0,0,0.006384136
1,1,0.9998217
1,1,0.9981534
0,0,0.0041270773
0,0,0.0059353723
1,1,0.9987883
1,1,0.9995721
0,0,0.0024328886
1,1,0.99505204
0,0,0.0054856394
0,0,0.1867236
0,0,0.00646628
0,0,0.002460878
0,0,0.0031014509
0,0,0.0070638317
1,1,0.9998634
0,0,0.0031659189
1,1,0.99832135
0,0,0.0026805727
1,1,0.855814
1,1,0.9460276
0,0,0.0032053571
1,1,0.99928975
0,0,0.008912331
1,1,0.8264208
1,1,0.99948955
1,1,0.9995915
0,0,0.0012110526
0,0,0.0067127184
1,1,0.99966764
1,1,0.99911517
1,1,0.96187
1,1,0.9967456
0,0,0.073153295
1,1,0.55244416
0,0,0.0053415406
0,0,0.0036428114
1,1,0.9984792
0,0,0.008961741
0,0,0.004628349
0,0,0.0021871326
1,1,0.99955195
1,1,0.9993303
1,1,0.9988493
0,0,0.21361808
0,0,0.01860971
1,0,0.47725707
0,0,0.006310868
0,0,0.0046459166
0,0,0.12397141
1,1,0.99953413
0,0,0.0071862107
1,1,0.99842346
0,0,0.004628349
1,1,0.99968207
0,0,0.0061762026
1,1,0.99954283
1,1,0.99886787
1,1,0.9082776
0,0,0.02726123
1,1,0.9986206
0,0,0.0029876984
0,0,0.015914947
1,1,0.99980134
0,0,0.0031996048
1,1,0.9983158
1,1,0.98667765
1,1,0.9978023
1,1,0.9812796
0,0,0.0024960393
1,1,0.9995753
1,1,0.99357796
0,0,0.0038306543
1,1,0.9990068
1,1,0.9996624
1,1,0.96765566
0,0,0.002160987
1,1,0.98473907
0,0,0.05223414
1,1,0.99345064
0,0,0.010697815
1,1,0.860701
1,1,0.99841654
1,1,0.9992545
0,0,0.012740905
0,0,0.008059357
1,1,0.9993025
1,1,0.99974793
0,0,0.0026541864
0,0,0.00791742
0,0,0.00430735
1,1,0.99851614
1,1,0.9403721
0,0,0.0020260448
0,0,0.0022618284
0,0,0.0034739675
1,1,0.99940085
1,1,0.9992766
1,1,0.99715614
1,1,0.9993279
0,0,0.0010659696
0,0,0.008148214
1,1,0.9985448
1,1,0.99955827
1,1,0.99958485
1,1,0.9965695
1,1,0.9852583
1,1,0.98395157
1,1,0.8141573
0,0,0.0045458595
1,1,0.9983613
1,1,0.99960333
1,1,0.99847955
1,1,0.99843305
0,0,0.2340363
0,0,0.019319616
0,0,0.0045176754
1,1,0.94166225
0,0,0.0011209035
0,0,0.0017198994
0,0,0.0010305105
0,0,0.0054152915
1,1,0.9963129
1,1,0.9982309
0,1,0.7489837
0,0,0.0020732305
1,1,0.98667765
0,0,0.0018926348
0,0,0.03498228
0,0,0.005744571
1,1,0.9992169
1,1,0.9973802
1,1,0.999648
1,1,0.9698706
0,0,0.0071286946
1,1,0.97605735
1,1,0.99844366
1,0,0.23420584
0,0,0.0032053571
0,0,0.007985384
0,0,0.0040592626
0,0,0.0029429246
0,0,0.0048545534
1,1,0.9992699
1,1,0.9994999
1,1,0.97292423
0,0,0.0031236398
1,1,0.9993875
1,1,0.91186565
0,0,0.009363363
1,1,0.99842346
1,1,0.9628303
0,0,0.0034530524
1,1,0.9987344
1,1,0.98520285
0,0,0.003641363
0,0,0.003601248
0,0,0.0042587444
1,1,0.99982387
0,0,0.005456632
0,0,0.0038229488
0,0,0.0020343387
0,0,0.0029085004
1,1,0.9991242
0,0,0.0008276093
1,1,0.9994419
0,0,0.0083979545
1,1,0.99929774
0,0,0.0038409233
0,0,0.0019904692
1,1,0.99263036
0,1,0.9662435
0,0,0.0011359558
1,1,0.99943274
1,1,0.9923248
0,0,0.0037123656
0,0,0.0032299429
0,0,0.0011484639
1,1,0.998961
1,1,0.99229395
0,0,0.006643979
0,0,0.0015877064
0,1,0.9114006
0,0,0.021164028
0,0,0.0012975779
1,1,0.99842346
1,1,0.9996983
0,0,0.008238431
0,0,0.005787106
1,1,0.99861133
0,0,0.010702049
0,0,0.0048945523
0,0,0.38369468
1,1,0.9992003
1,1,0.9989906
0,0,0.0020466042
1,1,0.9989467
1,1,0.9629634
1,1,0.99985707
0,0,0.0062152045
0,0,0.0040592626
1,1,0.99913955
1,1,0.9993838
0,0,0.0135733625
1,1,0.9980782
0,0,0.0020369154
1,1,0.99866116
1,1,0.9942701
1,1,0.9761421
1,0,0.30217072
0,0,0.0077184862
1,1,0.99950576
1,1,0.9976851
0,0,0.0022469352
1,1,0.9990151
0,0,0.0046396367
0,0,0.0022609388
1,1,0.9977738
0,0,0.002788328
0,0,0.0023678986
0,0,0.0018009088
1,1,0.99966335
0,0,0.0059783515
1,0,0.37071437
1,1,0.9995073
1,1,0.993071
0,0,0.022936117
1,1,0.99921477
0,0,0.05539313
0,0,0.02516183
0,0,0.0044686943
0,0,0.038596068
1,1,0.9838075
0,0,0.0045482507
0,0,0.025487771
1,0,0.05718663
1,0,0.4006685
1,1,0.9995229
1,1,0.97949696
1,1,0.9081683
0,0,0.001185941
1,1,0.9997235
1,1,0.998173
1,1,0.90592223
0,0,0.0042248196
0,0,0.015860211
0,0,0.004260664
1,1,0.9986141
1,1,0.99882954
0,0,0.0026231222
0,0,0.006323104
0,0,0.018873192
0,0,0.003567145
1,1,0.99726737
0,0,0.008354084
0,0,0.003484045
1,1,0.99882287
0,0,0.0012253942
0,0,0.0030795613
0,0,0.0033058913
0,0,0.0041263956
0,0,0.0057994053
0,0,0.0085967155
1,1,0.99371207
0,0,0.0013727478
1,1,0.9994097
0,0,0.0024867153
0,0,0.0039702365
1,1,0.9996592
0,0,0.0011359558
0,0,0.029457385
1,1,0.9989973
1,1,0.9994485
1,1,0.67017454
0,0,0.0019450726
1,1,0.9983917
1,1,0.9991696
1,1,0.9353511
0,0,0.003833614
0,0,0.0037822884
1,1,0.9991141
1,1,0.9985207
1,1,0.9586346
0,0,0.2612598
0,0,0.0029077579
0,0,0.0065984745
1,1,0.9997688
1,1,0.99927384
1,1,0.99923825
1,1,0.9993155
0,0,0.0083441585
1,1,0.9999095
1,1,0.9990061
1,1,0.9981679
1,1,0.9993979
1,1,0.9994647
1,1,0.9994048
0,0,0.006814244
0,0,0.0036650612
1,1,0.99936146
0,0,0.00948204
0,0,0.028767008
1,1,0.99889225
0,0,0.14927554
1,1,0.6420215
0,0,0.0088786995
1,1,0.9925585
1,1,0.99966574
1,1,0.9993843
1,1,0.9978823
0,0,0.0008267534
0,0,0.008161682
0,0,0.007673292
0,0,0.13369307
0,0,0.0037505324
0,0,0.007898136
1,1,0.8206411
0,1,0.89619744
1,1,0.9988844
1,1,0.9975777
0,1,0.6314964
0,0,0.005525501
0,0,0.0048506134
0,0,0.021339646
1,1,0.9994849
1,1,0.95668226
0,0,0.008224484
1,1,0.999019
0,0,0.00088261056
0,0,0.0011889102
0,0,0.0034492675
1,1,0.9991616
0,0,0.0031194182
0,0,0.00653111
1,1,0.9919922
0,0,0.0031393424
1,1,0.99715424
0,0,0.01326554
1,1,0.9981343
0,0,0.0088148825
0,0,0.0018251175
1,1,0.99986327
1,1,0.9210485
1,1,0.999516
0,0,0.0041059186
1,1,0.9963092
1,1,0.9993782
0,0,0.0035731737
1,1,0.90514845
1,1,0.9979861
0,0,0.004787048
0,0,0.004677234
0,0,0.002831139
1,1,0.99931026
1,1,0.9990152
1,1,0.92184013
0,0,0.0016042687
0,0,0.0065251947
0,0,0.0067978855
1,1,0.99984014
1,1,0.99963343
0,0,0.017997457
1,1,0.99899
1,1,0.92012805
1,1,0.9991524
0,0,0.011578918
0,0,0.007095128
1,1,0.9997545
0,0,0.04669358
0,0,0.14111483
1,1,0.99939895
1,1,0.9989215
0,0,0.0069567063
0,1,0.6403735
0,0,0.010158916
1,1,0.9992969
0,0,0.31323284
1,1,0.9934762
1,1,0.9965695
1,1,0.99823976
1,1,0.9969694
0,0,0.38655502
1,1,0.9233159
1,1,0.8825699
1,1,0.99246174
0,0,0.0020424626
0,0,0.0019817848
0,0,0.048300277
1,1,0.9995664
0,0,0.013301001
0,0,0.0030302093
0,0,0.0035418351
0,0,0.0034492675
1,1,0.99928623
1,1,0.9956905
1,1,0.98432136
1,0,0.08300694
0,0,0.008546876
1,1,0.9983329
1,1,0.9994966
0,0,0.00932208
0,0,0.003160775
0,0,0.007999932
1,1,0.999718
0,0,0.029023157
0,0,0.0024437844
0,0,0.0084701525
1,1,0.98084235
1,1,0.99985707
0,0,0.05437042
1,1,0.9804602
1,1,0.99716216
1,1,0.99938464
1,1,0.99966395
0,0,0.0014873332
1,1,0.9986223
1,1,0.99710447
1,1,0.9998042
0,0,0.0063595646
1,1,0.9998634
0,0,0.0027021475
0,0,0.0012273215
1,1,0.9992694
1,1,0.9406759
1,1,0.9996557
1,1,0.9995509
0,0,0.002930313
1,1,0.99912566
0,0,0.0048599374
0,0,0.0042413776
1,1,0.99737084
1,1,0.99843985
0,0,0.0022043642
0,0,0.006549526
1,1,0.9993309
1,1,0.9998647
1,1,0.9984251
0,0,0.0050824597
1,1,0.99888307
1,1,0.9967276
1,1,0.93869644
1,1,0.8389718
1,1,0.88733184
1,1,0.79364645
0,0,0.0040906584
0,0,0.006994314
0,0,0.024096457
1,1,0.97270703
1,0,0.003281434
1,1,0.9984101
1,1,0.99926716
0,0,0.0018983905
1,1,0.997591
1,1,0.99247026
0,0,0.0074619153
1,1,0.99732506
0,0,0.009288838
0,0,0.0033278577
0,1,0.5244327
1,1,0.9996444
0,0,0.005289158
1,1,0.9988954
0,0,0.019683447
0,0,0.0046644034
1,1,0.98960376
1,1,0.997131
0,0,0.0018718811
0,0,0.0024354719
0,0,0.012341621
1,1,0.9990068
1,1,0.6485522
1,1,0.9937348
1,1,0.9937348
0,0,0.0032181602
1,1,0.8990093
1,1,0.978945
0,1,0.84704006
0,0,0.00214277
1,1,0.99094474
1,1,0.9992724
0,0,0.0024446307
1,1,0.90314347
1,1,0.8948215
1,1,0.99929893
0,0,0.13025855
0,0,0.0032053571
1,1,0.9993735
0,0,0.022146944
1,1,0.9988458
0,0,0.0023961575
0,0,0.0023830067
1,1,0.99988353
1,1,0.9991289
0,0,0.0055023497
1,1,0.8474562
1,1,0.99906653
1,1,0.9992304
1,1,0.9978485
1,1,0.99785125
0,0,0.005785093
1,1,0.9996946
1,1,0.9511094
1,0,0.4766873
0,0,0.0043877517
0,0,0.0068647754
1,1,0.9992694
0,0,0.0058034975
0,0,0.0027621659
1,1,0.9986112
1,1,0.9960764
1,1,0.9978758
0,0,0.0031236398
1,1,0.99884295
1,1,0.99792564
0,0,0.005081295
0,0,0.0028729732
1,1,0.9986708
0,0,0.0022739712
1,1,0.9252152
0,0,0.02151587
1,1,0.99880147
1,1,0.99581933
1,1,0.8320518
0,0,0.021579528
1,1,0.99698037
1,1,0.9997936
0,0,0.0023331528
1,1,0.9951847
1,1,0.999393
0,0,0.0024285263
0,1,0.7614589
0,0,0.0026731726
0,0,0.02779722
1,1,0.99904543
1,1,0.9903604
1,1,0.96708214
0,0,0.06894499
1,1,0.9914904
0,0,0.00029806158
1,1,0.8978724
1,1,0.99954283
0,0,0.00847127
0,0,0.0023678986
0,0,0.0022497762
0,0,0.18201378
1,1,0.98626757
1,1,0.9693689
0,0,0.0030841422
1,1,0.67463917
0,0,0.01081505
0,0,0.0006035897
1,1,0.8487696
0,0,0.0043877517
1,1,0.9989575
1,1,0.9692104
0,0,0.004642644
0,0,0.0006810088
0,0,0.0030375768
1,1,0.999592
1,1,0.9997379
0,1,0.5481191
1,1,0.90766704
1,1,0.99963915
0,0,0.17032762
1,1,0.99961203
1,1,0.9665677
0,0,0.0026572417
1,1,0.99935204
0,0,0.0039357757
1,1,0.98395157
1,1,0.9990753
0,0,0.13326332
1,1,0.9879942
0,0,0.0011359558
1,1,0.9989569
1,1,0.99371827
0,0,0.0029027122
1,1,0.99947387
1,1,0.9988048
1,1,0.930428
1,1,0.99898905
0,0,0.0017575752
0,0,0.01704904
0,0,0.003727755
0,0,0.041246828
1,1,0.99941707
1,1,0.9972362
0,0,0.11928978
0,0,0.0018016308
1,1,0.9834062
0,0,0.020519847
1,0,0.13392839
1,1,0.99925786
1,1,0.9983917
1,1,0.99963677
0,0,0.00993891
0,0,0.0020004686
0,0,0.013103444
1,1,0.9991767
1,1,0.99896145
0,1,0.6094881
0,0,0.006604497
1,1,0.9989992
1,1,0.9993767
0,0,0.006433322
1,1,0.9976115
0,0,0.0022739084
0,0,0.014688975
1,0,0.011229905
0,0,0.008161682
1,1,0.9992555
1,1,0.99967134
1,1,0.998466
1,1,0.9991399
1,1,0.9712782
0,0,0.009224833
1,1,0.9808512
0,0,0.030503104
0,0,0.009485897
0,0,0.004039378
1,1,0.923527
0,0,0.022488216
1,1,0.9973558
1,1,0.998665
0,0,0.0024137993
0,0,0.0022739084
0,0,0.00077551807
1,1,0.7369463
1,1,0.9975083
1,1,0.9990676
1,1,0.9982284
1,1,0.99733573
0,0,0.0031062562
0,0,0.014964795
1,0,0.07789819
1,1,0.9896771
0,0,0.0059834714
1,1,0.9967456
0,0,0.0012303536
0,0,0.0083441585
0,0,0.0029876984
1,1,0.99678874
0,0,0.0024612304
0,0,0.003448802
0,0,0.00342165
1,1,0.92540014
0,0,0.000992356
0,0,0.0036267494
0,0,0.0022784707
0,0,0.0024315224
0,0,0.0022043642
1,1,0.9988937
0,0,0.016738173
0,0,0.0033159887
1,1,0.9329904
1,1,0.5707472
1,1,0.8759491
1,1,0.9993673
0,0,0.003073622
0,0,0.009257625
1,1,0.9990683
1,1,0.9478486
0,0,0.0033253233
0,0,0.003597802
1,1,0.99389774
0,1,0.6896576
1,1,0.9916965
0,0,0.016613942
0,0,0.0019576587
0,0,0.0073296037
0,1,0.58446157
0,0,0.0045004305
0,0,0.0011359558
0,0,0.004364288
1,1,0.99956506
1,1,0.9994012
1,1,0.9986123
0,0,0.0018898633
1,1,0.99964976
1,1,0.99860317
0,0,0.00860586
0,0,0.0062723216
1,1,0.9765891
1,1,0.8999433
1,1,0.9999304
1,1,0.99428576
1,1,0.99978656
0,0,0.011152388
1,1,0.99886984
1,1,0.99906975
0,0,0.0046211234
1,1,0.99970514
0,0,0.011521609
0,0,0.0063603274
1,1,0.999508
1,1,0.9556031
1,1,0.97876245
0,0,0.00558914
1,1,0.9993311
1,1,0.9986106
1,1,0.9988147
0,0,0.0022429908
0,0,0.007294428
0,0,0.010473271
0,0,0.0027646902
0,1,0.70886755
0,0,0.0076717786
0,0,0.018944379
1,1,0.99958247
0,0,0.0033253233
1,1,0.72215265
1,1,0.9990447
0,0,0.018390534
0,0,0.0026042229
1,1,0.9680454
1,1,0.9898726
1,1,0.99940336
0,0,0.0037185804
1,1,0.98896956
1,1,0.9966455
0,0,0.011562225
0,0,0.0011538557
1,1,0.9804817
0,0,0.009684186
0,0,0.03498228
0,0,0.0014681387
1,1,0.99942267
1,1,0.99986184
0,0,0.004787048
1,1,0.9708803
0,0,0.0036247736
1,1,0.99928325
0,0,0.010138539
1,1,0.9993973
1,1,0.9996766
1,1,0.99959356
0,0,0.004039921
0,0,0.0060921805
1,1,0.99850994
1,1,0.9994018
1,1,0.93319196
0,0,0.00797846
1,1,0.9997236
1,1,0.9865529
1,1,0.9993424
0,0,0.009658319
1,1,0.9985403
1,1,0.9997423
0,0,0.004209189
0,0,0.0048506134
1,1,0.9997608
1,1,0.7697598
0,0,0.022627238
1,1,0.9977527
0,0,0.0051202592
1,1,0.9975305
0,0,0.003602545
0,0,0.0055348
0,0,0.0050854604
0,0,0.0010446516
1,1,0.99918896
1,1,0.9996147
0,0,0.009077695
1,1,0.99535525
1,1,0.99947685
0,0,0.0047801016
0,0,0.0022618284
0,0,0.015772853
1,1,0.9995339
1,1,0.51194966
1,1,0.8904606
0,0,0.0045996737
1,1,0.9977786
1,1,0.9998248
0,0,0.0064466363
0,0,0.005033689
0,0,0.0067978855
1,1,0.99066424
1,1,0.9995797
0,0,0.0097261835
1,1,0.9862467
1,1,0.9160452
0,0,0.025820024
1,1,0.9810543
0,1,0.65412945
0,0,0.0040906584
0,0,0.0043390556
1,1,0.99955446
1,1,0.94881326
0,0,0.0042436197
1,1,0.9993782
0,0,0.0026548884
1,1,0.99890554
1,1,0.9983877
1,1,0.9992489
0,0,0.0044193016
0,0,0.0020205143
0,0,0.018806146
1,1,0.99936646
1,1,0.9996687
1,1,0.99955815
1,1,0.99963987
1,1,0.9992489
1,1,0.89528
1,1,0.99918574
0,0,0.014883045
1,1,0.99969244
1,1,0.9994722
1,1,0.9981001
0,0,0.008961741
1,1,0.8924568
0,0,0.0032034486
1,1,0.9996784
0,0,0.0051406035
0,0,0.0055023497
1,1,0.979388
0,0,0.002204343
0,0,0.005416144
0,0,0.0031546014
0,0,0.0018664553
0,0,0.2349936
0,0,0.36573452
0,0,0.0063221157
0,0,0.0032398785
1,1,0.9909376
0,0,0.005640408
0,0,0.003608748
0,0,0.010843778
1,1,0.9974125
1,1,0.99963343
0,0,0.18228674
0,0,0.00255903
1,1,0.9912307
1,1,0.9997639
1,1,0.98474216
1,1,0.99692744
0,0,0.01975304
0,0,0.0017015841
1,1,0.9997826
1,1,0.9991731
0,0,0.025897782
1,1,0.9897065
0,0,0.0011474737
1,1,0.50934666
1,1,0.99963653
0,0,0.011693814
0,0,0.008259309
1,1,0.9977506
1,1,0.9994553
1,1,0.97043973
1,1,0.99683577
0,0,0.0042822305
0,0,0.0026042229
1,1,0.9952195
0,0,0.0097261835
1,1,0.99037665
1,1,0.99938357
1,1,0.9484851
0,0,0.006376515
1,1,0.99899477
0,0,0.01472438
0,0,0.0029547291
0,0,0.00605884
0,0,0.3937288
0,0,0.0025262295
0,0,0.03014165
1,1,0.9746548
1,1,0.99890673
1,1,0.99804664
1,1,0.5101211
0,0,0.007136917
0,0,0.002720614
1,1,0.99336076
0,0,0.003489012
0,0,0.0029216185
1,1,0.9982722
1,0,0.021148767
1,1,0.9539751
1,1,0.96450084
0,0,0.011996681
0,0,0.0029247594
1,1,0.99906605
1,1,0.9987256
0,0,0.0074376957
0,0,0.016981782
0,0,0.014256025
0,0,0.003942865
1,1,0.9989467
1,0,0.09696412
0,0,0.013489878
0,0,0.0048218695
1,1,0.9976775
0,0,0.0078109247
1,1,0.99979764
0,0,0.0004793484
0,0,0.000920122
0,0,0.003413014
1,1,0.9992945
0,0,0.003639009
1,1,0.948887
0,0,0.07707049
1,1,0.9995314
1,1,0.7401681
0,0,0.006573376
0,0,0.0038778968
0,0,0.0035869363
0,0,0.0025576416
0,0,0.002097552
0,0,0.00068359094
0,0,0.006396707
0,0,0.007834533
0,0,0.0031754212
0,0,0.004481453
1,1,0.99922454
0,0,0.008260814
0,0,0.01207002
1,0,0.21931998
0,0,0.017821958
0,0,0.0049903393
1,1,0.9926044
1,1,0.8855022
0,0,0.0036267494
1,1,0.9992205
0,0,0.01251687
0,1,0.8249243
0,0,0.0023638469
1,1,0.9618342
0,0,0.0051065194
0,0,0.000920122
1,1,0.9981232
1,1,0.92102486
1,1,0.98395157
0,0,0.0029027122
0,0,0.0047737677
1,1,0.9843424
0,0,0.0069133155
1,1,0.9997836
0,1,0.8593494
1,1,0.9888481
1,1,0.9979752
0,0,0.008422689
0,0,0.0036812082
1,1,0.99981934
0,0,0.0038423757
1,1,0.9993685
1,1,0.9988393
1,1,0.99970967
1,1,0.9998086
0,0,0.005913036
0,0,0.0018399731
0,0,0.0049286014
0,1,0.78670096
0,0,0.003260879
1,1,0.9998271
0,0,0.0025220744
0,0,0.00254078
1,1,0.9994974
1,1,0.97795266
0,0,0.020612786
1,1,0.99938
0,0,0.17272912
0,0,0.0015623168
1,1,0.99302375
0,0,0.009531062
1,1,0.9988908
0,0,0.0040675853
1,1,0.9845256
1,1,0.9638028
1,1,0.9989857
0,0,0.0011889102
1,1,0.99364626
0,0,0.0011840352
1,1,0.99812883
0,0,0.008732719
1,1,0.91187817
0,0,0.011085681
1,1,0.9995721
1,1,0.9987913
0,0,0.0058636065
0,0,0.011629469
0,0,0.4436968
0,0,0.0014063308
0,0,0.0073047555
0,0,0.0014469629
1,1,0.99971515
1,1,0.99228776
0,0,0.004032493
0,0,0.0038423757
0,0,0.00053501915
1,1,0.99954563
1,1,0.9989151
0,0,0.0059677404
1,1,0.9926044
0,0,0.0027935717
0,0,0.0043449765
0,0,0.0116624
0,0,0.043369535
0,0,0.23304757
0,0,0.0029571
1,1,0.9998087
0,0,0.0042599496
1,1,0.9818147
1,1,0.9972384
0,0,0.004039921
0,0,0.009777198
1,1,0.9993305
0,0,0.006057284
0,0,0.0018519916
1,1,0.99685067
1,1,0.88571066
1,1,0.9991172
0,1,0.5252694
1,1,0.96898144
1,1,0.9693853
1,1,0.9995233
1,1,0.9942848
0,0,0.0029571
1,1,0.99145526
0,0,0.0019682597
0,0,0.006465949
1,1,0.9933294
1,1,0.9924091
1,1,0.9992161
0,0,0.005785093
1,1,0.99507785
1,1,0.9847595
0,0,0.018272903
0,0,0.0052086436
1,1,0.9987942
0,0,0.005818547
0,0,0.004319382
0,0,0.0033133738
0,0,0.0031872175
0,0,0.004412526
1,1,0.99959666
1,1,0.98473907
1,1,0.99937373
0,0,0.0011359558
1,1,0.99774855
1,1,0.99830544
0,0,0.0033232097
0,0,0.06575318
1,1,0.9270905
1,1,0.99922454
1,1,0.9983064
1,1,0.9982297
1,1,0.9992009
1,1,0.9992424
0,1,0.5332454
0,0,0.0025411148
0,0,0.037122097
0,0,0.0023562517
1,1,0.9996774
0,0,0.0047663497
0,0,0.004471533
1,1,0.9555054
1,1,0.99938846
0,0,0.0034693188
1,1,0.9998677
1,1,0.99740547
0,0,0.009684186
0,0,0.0022209014
0,0,0.007967029
1,1,0.89193267
0,0,0.010131722
0,0,0.002269759
0,0,0.017681248
1,1,0.9936737
0,0,0.0042413776
1,1,0.99867463
1,1,0.99939
1,1,0.84668094
1,1,0.99941194
1,1,0.96387047
1,1,0.9993782
1,1,0.99879766
0,0,0.0037861716
1,1,0.9995117
1,1,0.9700224
1,1,0.92340755
1,1,0.98854625
1,1,0.7665848
0,0,0.0016478811
1,1,0.99944705
1,1,0.99951637
0,0,0.00095419015
1,1,0.99010897
0,0,0.033193503
1,1,0.9983309
0,0,0.003448802
0,0,0.0032053571
0,0,0.0028292346
1,1,0.9951213
0,0,0.0037300258
0,0,0.0021187337
1,1,0.8173605
1,1,0.99884295
1,1,0.9983394
0,0,0.0041262214
0,0,0.001506178
1,1,0.9992378
0,0,0.00847129
0,0,0.002664044
0,0,0.0006810088
0,0,0.004265232
0,0,0.0067301895
1,1,0.99882704
1,1,0.8184236
0,0,0.0015877064
1,1,0.9725136
1,1,0.9992085
1,1,0.97497296
1,1,0.9991208
0,0,0.009224205
1,1,0.9974038
1,1,0.9978987
1,1,0.9975319
1,1,0.99895513
1,1,0.7286516
0,0,0.0036247736
0,0,0.0032342933
1,1,0.9956364
0,0,0.010463738
0,0,0.009536506
0,0,0.0022860374
0,0,0.033368863
0,0,0.0029571
1,1,0.9995301
1,1,0.99968433
1,1,0.9995171
1,1,0.8635876
0,0,0.0029979283
0,0,0.028592307
1,1,0.96149564
1,1,0.98736864
1,1,0.99953234
0,0,0.000920122
1,1,0.9993293
1,1,0.97894543
1,1,0.99736905
1,1,0.9984169
0,0,0.0020899922
0,0,0.002664044
0,0,0.010252681
1,1,0.99857855
1,1,0.9997352
0,0,0.0052086436
0,0,0.004014522
1,1,0.99971706
1,1,0.99954695
0,0,0.0044686943
0,0,0.0069008404
1,1,0.99925405
0,0,0.0060902755
1,1,0.9990964
1,1,0.9993011
0,0,0.002011728
1,1,0.99977225
0,0,0.27676186
1,1,0.9131556
1,1,0.93745124
0,0,0.002930313
0,0,0.0046066544
0,0,0.0024051918
0,0,0.009163607
0,0,0.0020631785
0,0,0.0013039396
0,0,0.0053809322
0,0,0.005525501
0,0,0.004364288
0,0,0.0032157458
0,0,0.006890512
1,1,0.9940653
1,1,0.99259263
1,1,0.8685148
1,1,0.99880564
0,0,0.006015314
0,0,0.004474491
1,1,0.9705878
1,1,0.9996476
1,1,0.9625718
0,0,0.0009875209
1,1,0.99987864
0,0,0.003916953
0,0,0.0060194377
1,1,0.99949634
0,0,0.0022294861
0,0,0.004067483
1,1,0.9992567
1,1,0.99942964
0,0,0.003693627
0,0,0.0029429246
1,1,0.9578105
0,0,0.0021170962
1,1,0.9982495
0,0,0.007294428
1,1,0.99920815
1,1,0.9994456
1,1,0.9532805
1,0,0.36899084
1,1,0.99561644
1,1,0.99626297
0,0,0.0006579314
1,1,0.9080651
0,0,0.0033253233
1,1,0.7850564
1,1,0.8734302
0,0,0.026455145
0,0,0.003971357
0,0,0.020883167
1,1,0.9989973
0,0,0.0075134076
0,0,0.00433164
0,0,0.0009849773
1,1,0.99911875
0,0,0.002984507
1,1,0.99967015
1,1,0.9883116
0,0,0.0053317375
1,1,0.9807999
1,1,0.9082971
1,1,0.9982297
0,0,0.006875089
1,1,0.9998448
1,1,0.9988135
0,0,0.015164624
0,0,0.004555809
0,0,0.019746106
0,0,0.008917653
0,0,0.014811192
1,1,0.9969195
1,1,0.9992324
1,1,0.9994473
1,1,0.99874383
0,0,0.0035555316
1,1,0.9963045
1,1,0.93527555
1,1,0.999655
1,1,0.99971455
0,0,0.010991409
0,0,0.010134616
0,1,0.9411491
1,1,0.99930155
1,1,0.99959666
1,1,0.9989613
1,1,0.99559754
1,1,0.99805033
1,1,0.83271486
0,1,0.5088498
1,1,0.98768127
0,0,0.048382495
1,1,0.8928974
0,0,0.004088297
0,0,0.0062152045
0,0,0.0037524768
1,1,0.99982435
1,1,0.83072907
0,0,0.0020755266
1,1,0.9991042
1,1,0.99793446
1,1,0.9975318
0,0,0.008150052
1,1,0.9995828
0,0,0.005358043
0,0,0.0044869427
1,1,0.69467074
0,0,0.0044988026
0,0,0.014889967
0,0,0.0020418745
0,0,0.0046281694
0,0,0.01207002
1,1,0.9361738
0,0,0.002296112
1,0,0.40930733
1,1,0.91448885
0,0,0.0046338355
0,0,0.008953563
1,0,0.10078565
0,0,0.0044201114
1,1,0.99471056
1,1,0.98675853
0,1,0.95891535
0,0,0.005043246
0,0,0.005656772
1,1,0.7892899
1,1,0.9988488
1,1,0.995453
1,1,0.9994649
1,1,0.99909544
1,1,0.96048796
1,1,0.7492637
0,0,0.010024492
0,0,0.004317512
0,0,0.37507826
0,0,0.0106962
0,0,0.0048320806
0,0,0.005173002
1,1,0.7519466
0,0,0.044503458
1,1,0.99942315
1,1,0.98624426
1,1,0.99989736
0,0,0.0025841922
1,1,0.9091544
0,0,0.0060921805
1,1,0.9995042
1,1,0.8670119
0,0,0.019467525
1,1,0.9992723
1,0,0.18056238
1,1,0.99883264
1,0,0.26200575
0,0,0.0035550366
1,1,0.93899673
0,0,0.0034994422
0,0,0.0010568307
1,1,0.9996822
0,0,0.0004422252
1,1,0.7747703
1,1,0.99674016
1,1,0.9995009
0,0,0.02382996
1,1,0.99959856
0,0,0.03969432
0,0,0.085093014
1,1,0.99874926
1,1,0.99832135
0,0,0.0095300805
1,1,0.9995627
1,1,0.9980743
1,1,0.9981212
0,0,0.009082144
1,1,0.9551823
1,1,0.9995413
1,1,0.9995333
0,0,0.004995352
1,1,0.9682624
0,0,0.0039388575
1,1,0.9791997
1,1,0.98905903
1,1,0.9987055
1,0,0.39279526
1,1,0.9543362
1,1,0.99934214
1,1,0.9995401
0,0,0.0014397413
1,0,0.10799305
0,0,0.0040592626
0,0,0.0009653805
0,0,0.008700331
1,1,0.9990889
1,1,0.9982893
0,0,0.004905222
0,0,0.0017466082
0,0,0.0040252875
0,0,0.0045721475
1,1,0.99853325
0,0,0.003974521
1,1,0.7595613
1,1,0.99972636
0,0,0.0036750415
1,1,0.9995577
0,0,0.0041072173
0,0,0.0016591003
1,1,0.999681
0,0,0.008562467
0,0,0.0072608697
1,1,0.9996101
1,1,0.9904467
1,1,0.999468
1,1,0.939357
1,1,0.98626757
1,1,0.9020849
0,0,0.0012964328
1,1,0.99942964
1,1,0.9995004
1,1,0.99439806
1,1,0.9989724
0,0,0.040419657
0,0,0.0051579517
1,1,0.9994209
1,1,0.99947006
1,1,0.99917185
0,0,0.0032156114
0,0,0.0029876984
0,0,0.0023826656
1,1,0.9991154
1,1,0.9991999
1,1,0.99957675
1,1,0.99731714
0,0,0.0017968
1,1,0.99542904
1,1,0.9971922
0,0,0.008099003
0,0,0.010392923
0,0,0.0020803043
1,1,0.9993888
1,1,0.9996885
1,1,0.9983064
0,0,0.008899898
1,1,0.99971896
0,0,0.0016018426
1,1,0.9993536
1,1,0.99991214
1,1,0.9987814
1,1,0.9996171
1,1,0.93165195
0,0,0.008195131
1,1,0.9992834
0,0,0.012213228
1,1,0.999348
1,1,0.99954575
0,0,0.017183408
0,0,0.06639833
0,0,0.0059834714
0,0,0.0005025815
1,1,0.9993888
1,1,0.9991616
1,1,0.99727744
1,1,0.9978173
0,0,0.014024216
1,1,0.995314
1,1,0.9976592
0,0,0.14884813
1,1,0.99958414
1,1,0.9997763
1,1,0.99153405
0,0,0.007993237
1,1,0.9996673
1,1,0.9954678
1,1,0.9875644
0,0,0.003601248
1,1,0.99687743
1,1,0.99937916
0,0,0.003974521
1,1,0.99918026
0,0,0.017841492
0,0,0.002283632
0,0,0.0076848986
0,0,0.027862836
1,1,0.9952577
1,1,0.9996141
0,0,0.0043398985
0,0,0.003630784
0,0,0.0034151312
0,0,0.00522572
1,1,0.99157834
0,0,0.0030654168
1,1,0.9996592
1,1,0.9941772
0,0,0.0059834714
1,1,0.9997415
1,1,0.99917954
1,1,0.99906904
0,0,0.02446222
0,0,0.0045458595
0,0,0.0024798291
0,0,0.0048218695
0,0,0.0020628034
0,0,0.0030917136
0,1,0.72498935
1,1,0.99950504
1,1,0.9997292
0,0,0.0038834987
0,0,0.009234989
1,1,0.9682768
1,1,0.92594326
1,1,0.99927694
0,0,0.0034176852
1,1,0.97266746
1,1,0.99942434
1,1,0.84548026
0,0,0.0018926348
1,1,0.99922454
0,0,0.0029424417
1,1,0.9981863
0,1,0.889708
1,1,0.99886155
1,1,0.9740011
0,0,0.0043371343
0,0,0.013767483
1,1,0.9992555
0,0,0.006355631
0,0,0.0059525194
1,1,0.9979305
1,1,0.87053394
0,0,0.0063871164
0,0,0.0034921684
1,1,0.9111686
0,0,0.0017502634
0,0,0.43438444
0,0,0.0029770373
0,0,0.005090285
1,1,0.99953437
1,1,0.99775237
0,1,0.8049236
0,0,0.0062967427
1,1,0.9986929
1,1,0.99809736
1,1,0.9993279
1,1,0.71099067
0,0,0.0071491357
0,0,0.009224205
1,1,0.9995278
0,0,0.0037913604
0,0,0.0009875209
0,0,0.005816625
0,1,0.5980638
0,0,0.0084999865
1,1,0.99632025
1,1,0.99655885
1,1,0.86384904
1,1,0.9992555
1,1,0.6268233
0,0,0.0018044371
1,1,0.9993741
1,1,0.99853945
0,0,0.0035869363
1,1,0.999498
0,0,0.0035576303
0,0,0.005410201
1,1,0.990236
0,0,0.0028860865
1,1,0.9917216
0,0,0.087580316
0,0,0.0014649795
1,1,0.80785316
0,0,0.0011359558
0,0,0.0038641747
0,0,0.0018231354
1,1,0.9996774
0,0,0.003630784
0,0,0.006804595
0,0,0.008672599
1,1,0.9989354
1,1,0.99983215
1,1,0.98054355
1,1,0.99830127
0,0,0.0058344123
1,1,0.9995128
1,1,0.99911207
0,0,0.0036538022
0,0,0.06362897
0,0,0.026562981
0,0,0.008548222
0,0,0.36130348
1,1,0.9987888
0,0,0.0027861095
0,0,0.0032998445
1,1,0.97358626
1,1,0.9889397
0,0,0.4413744
1,1,0.99779487
0,0,0.042568315
0,0,0.00981889
1,1,0.99973744
1,1,0.99880564
1,1,0.9980975
0,0,0.004768637
0,0,0.0026731726
0,0,0.002236348
1,1,0.98716474
0,0,0.012129228
0,0,0.011946652
1,1,0.9682719
1,1,0.99715424
0,0,0.0032576988
0,0,0.0037176814
0,0,0.16201319
1,1,0.98667765
0,0,0.0011417984
1,1,0.9986083
1,1,0.9994923
1,1,0.8561098
0,0,0.0051760627
1,1,0.997983
1,1,0.9998568
1,1,0.9995561
0,0,0.0021128533
0,0,0.002930313
1,1,0.99944323
0,0,0.0055275243
0,1,0.7780619
1,1,0.9993319
1,1,0.9655132
0,0,0.0074706892
0,0,0.009833923
1,1,0.9998385
1,1,0.9984471
0,0,0.0027715256
0,0,0.0018231579
0,0,0.008088866
0,0,0.0069179265
1,1,0.9977355
1,1,0.83749694
1,1,0.9969195
1,1,0.99446684
1,1,0.9994862
1,1,0.97034734
1,1,0.9996942
0,0,0.005595977
0,0,0.004628349
0,0,0.00628039
1,1,0.9618879
1,0,0.4399314
0,0,0.0033058913
0,0,0.0034692872
1,1,0.99378926
1,1,0.98964745
1,1,0.9984101
0,0,0.005640408
1,1,0.9615264
1,1,0.9956327
1,1,0.97489697
1,1,0.9987834
1,1,0.99779737
1,1,0.9969236
0,0,0.0018009088
1,1,0.9994966
1,1,0.9986583
1,1,0.99953365
1,1,0.9994696
0,0,0.009230069
0,0,0.0045996737
0,0,0.0010806513
1,1,0.9887734
0,0,0.004175297
1,1,0.99954563
1,0,0.21219537
0,0,0.003895966
0,0,0.0027366427
0,0,0.005067061
0,0,0.008284375
0,0,0.0027142598
1,1,0.99920076
1,1,0.6462483
0,0,0.01081505
0,0,0.0049956245
0,0,0.0056555253
1,1,0.99832255
1,1,0.94554144
1,1,0.997203
1,1,0.99938107
1,1,0.99947375
0,0,0.0022739084
1,1,0.99113375
0,0,0.010689581
1,1,0.99941516
1,1,0.8896002
0,0,0.0032887738
0,1,0.7342212
0,0,0.0072983135
1,1,0.9854563
1,1,0.8619339
1,1,0.9995214
1,1,0.9995128
0,0,0.001746333
1,1,0.9983917
1,1,0.9859505
1,1,0.9994413
0,1,0.66628903
0,0,0.0029964964
1,1,0.99715424
1,1,0.99933213
0,0,0.0040077306
1,1,0.9985453
1,1,0.98479915
1,1,0.9990706
1,1,0.9993343
0,0,0.0085973
0,0,0.020519847
1,1,0.9992136
1,1,0.87176603
0,0,0.09187855
1,1,0.9982369
1,1,0.99893194
0,0,0.1514098
1,1,0.9998634
1,1,0.9879209
1,1,0.9996208
0,0,0.0050273095
1,1,0.999476
1,1,0.99906796
0,0,0.008674928
0,0,0.007059606
0,0,0.013489878
1,1,0.99882835
1,1,0.9982474
1,1,0.9993011
0,0,0.0032034486
0,0,0.0024662567
1,1,0.9927585
0,0,0.003602545
0,0,0.007826431
0,0,0.0059994427
1,1,0.9985386
0,0,0.018975306
1,1,0.8120134
1,1,0.99965096
0,0,0.005181352
0,0,0.0053406158
1,1,0.9101141
0,0,0.003278659
1,0,0.44027293
1,1,0.9982893
1,1,0.9473759
0,0,0.007278947
1,1,0.9993656
0,0,0.003602326
1,1,0.9996259
1,1,0.5436418
1,1,0.9912034
1,1,0.9993243
0,0,0.0065628905
0,0,0.16279173
1,1,0.9941644
0,0,0.0059834714
1,1,0.9675634
1,1,0.999032
0,0,0.0087814
0,0,0.0011484639
1,1,0.99929
0,0,0.0030393319
0,0,0.0040810904
0,0,0.0056736595
0,0,0.011514612
0,0,0.0020732305
0,0,0.0018930284
0,0,0.0022784707
1,1,0.9991399
0,0,0.00119556
0,0,0.0028254555
1,1,0.99991715
1,1,0.89850867
1,1,0.9283224
0,0,0.0058383937
0,0,0.003359494
0,0,0.002930313
1,1,0.8807816
0,1,0.62146354
1,1,0.9577302
0,0,0.003901284
0,0,0.06405518
0,0,0.0076163574
1,1,0.9997924
0,0,0.002388577
1,1,0.81760335
1,1,0.99898833
0,0,0.01485821
1,1,0.99816835
0,1,0.585594
0,0,0.003148681
0,0,0.0044686943
0,0,0.002647384
0,0,0.020280952
0,0,0.0039455546
0,0,0.0040421872
1,1,0.99943286
1,1,0.99977916
1,1,0.9994273
0,0,0.0029261587
1,1,0.9569098
0,0,0.003863681
1,1,0.9995883
0,0,0.004875311
0,0,0.0026625684
1,1,0.9741398
0,0,0.0039121434
1,1,0.9970932
0,0,0.0037020822
1,1,0.9997547
0,0,0.0018966096
0,0,0.004508485
1,1,0.88743347
1,1,0.9956626
1,1,0.9946185
0,0,0.01866406
0,0,0.004506572
1,1,0.99960023
1,1,0.9994147
0,0,0.03320411
1,1,0.99876034
0,0,0.00250749
1,1,0.9992557
0,0,0.0020303358
0,0,0.0010305105
1,1,0.9991141
1,1,0.999516
1,1,0.9790734
0,0,0.01891367
0,0,0.0028729732
0,0,0.0024137993
0,0,0.22854799
0,0,0.02438537
0,0,0.0023515879
0,0,0.004518977
0,0,0.0108523425
0,1,0.6472337
1,1,0.999356
0,0,0.002984507
0,0,0.0022481885
0,0,0.007971043
0,0,0.004687481
0,0,0.009032034
1,1,0.9983569
1,1,0.99884427
1,1,0.99890554
1,1,0.94622314
0,0,0.0033803903
0,0,0.0048449473
0,0,0.0065984745
0,0,0.0028292346
1,1,0.9580213
0,0,0.005018047
1,1,0.98395157
1,0,0.14686128
1,1,0.9993117
0,0,0.0022860374
0,0,0.0072273184
0,0,0.07729403
0,0,0.03037934
0,0,0.008320518
0,0,0.014121981
1,1,0.9992055
1,1,0.9995357
1,1,0.9991423
1,1,0.8967952
0,0,0.015034048
1,1,0.9845218
1,1,0.9980261
1,1,0.9998241
1,1,0.99989724
0,0,0.0029110943
0,0,0.0037771966
0,0,0.0036871503
1,1,0.9944371
0,0,0.0067464653
0,0,0.3834754
1,1,0.9611136
1,1,0.9994962
0,0,0.0053741815
0,0,0.009110723
1,1,0.9994617
1,1,0.99862456
1,1,0.9996592
1,1,0.9978064
1,1,0.9998568
1,1,0.9991431
0,0,0.004875311
1,1,0.99677116
1,1,0.999708
0,0,0.00416427
1,1,0.971458
0,0,0.004175297
0,0,0.007816818
0,0,0.0030663512
0,0,0.005969257
1,1,0.999356
1,1,0.99968517
1,1,0.954635
1,1,0.997086
1,1,0.9184817
0,0,0.0011573501
0,0,0.002649519
0,0,0.0029145014
0,0,0.12238553
0,0,0.0013421752
0,0,0.008162851
1,1,0.99736625
1,1,0.9994085
1,1,0.99930847
0,0,0.0037296042
0,0,0.002577842
0,0,0.0030448851
0,0,0.0033253233
1,1,0.9996561
0,0,0.0050095804
1,1,0.9976434
1,1,0.99663985
1,1,0.9989806
1,1,0.9979182
0,0,0.002715808
1,1,0.85149884
0,0,0.003990068
0,0,0.0013917383
0,0,0.004133006
1,1,0.9993887
0,0,0.0028569673
1,1,0.9996208
0,0,0.009879077
1,1,0.9892663
0,0,0.0048506134
0,0,0.017681248
1,1,0.9995621
0,0,0.013556855
0,0,0.0125715
0,0,0.011673667
0,0,0.004088297
0,0,0.011623672
1,1,0.9996038
1,1,0.98035794
0,0,0.015439904
0,0,0.0041629714
1,1,0.9990676
1,1,0.9994199
0,0,0.01110781
0,0,0.003458989
0,0,0.04120275
1,1,0.9983797
0,0,0.006363191
0,1,0.92932916
0,0,0.0035454351
1,1,0.96503496
0,0,0.059604216
0,0,0.005979712
1,1,0.7676465
0,0,0.005640408
0,0,0.005828759
0,0,0.002039673
0,0,0.00036581175
0,0,0.0011889102
0,0,0.0048544705
1,1,0.95593
0,0,0.006376515
1,1,0.9997316
0,0,0.008860143
0,0,0.0047374996
1,1,0.99953604
0,0,0.01758035
0,0,0.10079646
1,1,0.75276405
0,0,0.002605499
0,0,0.005038716
0,0,0.0067440667
0,0,0.012170681
0,0,0.0073878923
1,1,0.9245024
1,1,0.9992281
0,0,0.0015877064
0,0,0.0031152382
1,1,0.99954444
1,1,0.9668983
1,1,0.99954224
1,1,0.98654073
0,0,0.016767573
0,0,0.0044686943
1,1,0.81122714
0,0,0.01049266
0,0,0.43878624
0,0,0.004986711
1,1,0.999686
0,0,0.004911538
1,1,0.9974444
0,0,0.004796653
1,1,0.9995447
0,0,0.012627999
1,1,0.99845874
0,1,0.7834028
1,1,0.974098
1,1,0.9988543
0,0,0.007136917
0,0,0.0103670405
1,1,0.6356661
0,0,0.009288838
0,0,0.003519782
0,0,0.061540592
0,0,0.008152863
1,1,0.97358626
0,0,0.012206948
0,0,0.0019432192
1,1,0.9982474
1,1,0.998816
1,1,0.9983613
1,1,0.9483439
1,1,0.9958418
1,1,0.6944641
0,0,0.0015877064
0,0,0.010163031
0,0,0.023912303
1,1,0.99815816
0,0,0.00086380536
0,0,0.0063897856
1,1,0.99316037
1,1,0.727735
0,0,0.062448453
0,0,0.002431388
0,0,0.0018654322
0,0,0.004392902
0,0,0.00408345
0,0,0.46590954
1,1,0.74132633
0,0,0.00286674
1,1,0.9986621
0,0,0.0051850523
1,1,0.99966466
1,1,0.98714185
0,0,0.060259208
0,0,0.013323129
1,1,0.9987888
1,0,0.45044497
1,1,0.99880564
0,0,0.0072275344
1,1,0.998814
0,0,0.008264779
1,1,0.99928457
0,0,0.002518629
1,1,0.99700814
0,0,0.09099415
1,1,0.9992919
0,0,0.0072273184
0,0,0.0036871503
1,1,0.99981993
0,0,0.005568929
1,1,0.9996841
1,1,0.98434365
0,0,0.009127189
0,0,0.012041594
0,0,0.008400989
1,1,0.9991794
0,0,0.005038716
1,1,0.9986358
0,0,0.0077184862
0,0,0.0015161097
1,1,0.99952245
0,0,0.0011280355
1,1,0.99761814
1,1,0.99737406
1,1,0.9950729
1,1,0.9972274
1,1,0.9386606
0,0,0.01865602
0,0,0.0031238403
0,0,0.012811073
0,0,0.0051608323
0,0,0.0072269184
1,1,0.99137115
0,0,0.037319504
0,1,0.8708466
0,0,0.0069473567
0,0,0.0070247524
0,0,0.0040087034
1,1,0.9993475
1,1,0.9996513
0,0,0.0028454496
1,1,0.9858746
1,1,0.9993311
1,1,0.9993838
0,0,0.0045389207
1,1,0.99956423
0,0,0.01897259
1,1,0.99992526
1,1,0.99942374
1,1,0.9983499
0,0,0.0075822454
0,0,0.0033319278
1,1,0.99340534
1,1,0.9996383
0,0,0.00394337
0,0,0.00940614
0,0,0.22616565
1,1,0.83866054
0,0,0.004643459
0,0,0.004017667
0,1,0.53349555
0,0,0.0031491707
0,0,0.0036829312
0,0,0.011468608
1,1,0.999143
0,0,0.00628039
0,0,0.015869657
1,1,0.99904674
0,0,0.010867607
1,1,0.96584934
0,0,0.015313198
0,0,0.00031507775
0,0,0.005400445
0,0,0.003974521
1,1,0.9651764
0,0,0.0013254187
0,0,0.005736191
0,0,0.0024960393
0,0,0.002903082
1,1,0.88237494
0,0,0.006367591
0,0,0.004767329
0,1,0.57391346
1,1,0.9441994
0,0,0.23119028
1,1,0.9954472
1,1,0.999416
0,0,0.0029251447
1,1,0.990717
1,1,0.9968837
0,0,0.0076546567
0,0,0.0014818853
0,0,0.0087266825
0,0,0.008735444
1,1,0.9972446
1,1,0.94985
1,1,0.9121769
1,1,0.9917814
0,0,0.02396793
0,0,0.004632017
1,1,0.99953294
1,1,0.9994837
1,1,0.97139287
1,1,0.999655
0,0,0.0059355525
1,1,0.9995192
0,0,0.0028729732
1,1,0.99955195
0,0,0.0012324038
1,1,0.9916013
1,1,0.9948331
1,1,0.9522358
0,0,0.0041443775
0,0,0.0016505254
1,1,0.9164926
0,0,0.005808851
0,0,0.17216693
0,0,0.0067454083
0,0,0.006323568
1,1,0.999482
0,0,0.0030140167
1,1,0.99925905
1,1,0.99813604
0,0,0.0034492675
1,1,0.7068921
0,0,0.0017443466
0,0,0.0028872108
1,1,0.99683577
1,1,0.9749424
0,0,0.020070242
1,1,0.918849
1,1,0.99419
1,1,0.99980205
1,1,0.79150623
1,1,0.99951947
1,1,0.9996344
1,1,0.99883825
0,0,0.01152653
1,1,0.9259447
0,0,0.0021501172
1,1,0.8680555
1,1,0.9995414
0,0,0.0041526454
1,1,0.9990889
0,0,0.0273715
1,1,0.9068421
1,1,0.99228776
0,0,0.29719627
1,0,0.44845417
0,0,0.018574916
1,1,0.99906105
0,1,0.6045801
1,1,0.99943787
0,0,0.004190074
0,0,0.0035256643
1,1,0.99837375
0,0,0.0059834714
0,0,0.0029519307
0,0,0.002683469
0,0,0.009068538
1,1,0.998801
0,0,0.0072817877
1,1,0.99215794
0,0,0.22877854
1,1,0.9884235
1,1,0.9993311
0,0,0.026220866
0,0,0.007979063
1,1,0.9995565
1,1,0.96395123
1,1,0.99784684
0,0,0.0055470755
1,1,0.9998635
1,1,0.9854336
1,1,0.99923587
0,0,0.0075636916
0,1,0.6701589
1,1,0.9962088
1,1,0.98722607
1,1,0.99385035
1,1,0.9996519
0,0,0.0021877144
0,0,0.011265511
0,0,0.0019964457
0,0,0.014796956
0,0,0.06927608
1,1,0.99970573
1,1,0.99889684
1,1,0.96443594
1,1,0.9997836
0,0,0.00940614
0,0,0.012612473
0,0,0.083487004
1,1,0.66738194
1,1,0.94453764
0,0,0.005410201
1,1,0.9825555
1,1,0.9983064
0,0,0.010709135
1,0,0.1107299
0,0,0.006814244
0,0,0.005035581
1,1,0.9958637
1,1,0.9997483
1,1,0.9993782
1,1,0.99224347
0,0,0.041841026
1,1,0.98667765
1,1,0.92062736
1,1,0.9967384
1,1,0.9994905
1,1,0.9995365
1,1,0.99894327
1,1,0.9952054
0,0,0.009170246
0,0,0.008548222
1,1,0.99886155
1,1,0.9136742
1,0,0.4557027
0,0,0.0017482417
0,0,0.0044754767
0,0,0.0005032497
1,1,0.99820197
1,0,0.162906
1,1,0.99976236
1,1,0.999476
0,0,0.0125024095
0,0,0.0028361846
1,1,0.99861574
0,0,0.011673667
1,1,0.96177065
1,1,0.9996283
0,0,0.006461362
1,1,0.99788684
0,0,0.0034098173
0,0,0.007978425
0,0,0.0027176347
1,1,0.9997024
0,0,0.0052770795
1,1,0.9990889
0,0,0.002236348
0,0,0.0075822454
0,0,0.0029027122
1,1,0.997726
0,0,0.0011889102
0,0,0.0046644034
1,1,0.9848673
1,1,0.9996141
1,1,0.9991141
1,1,0.93347794
0,0,0.0024870774
1,1,0.99725217
1,1,0.9980038
1,1,0.9307521
0,0,0.0051470115
0,0,0.003405843
1,1,0.9757086
0,0,0.0035256643
1,1,0.7924888
1,1,0.99715
1,1,0.99738497
1,1,0.9990742
0,0,0.0051264837
1,1,0.99982005
0,0,0.001328844
0,0,0.0035631997
1,1,0.95027286
0,0,0.0044774255
0,0,0.005010075
0,0,0.0032674992
0,0,0.0059415055
0,0,0.023485249
0,0,0.0053406158
1,1,0.9989856
1,1,0.9857223
0,0,0.0060131247
1,1,0.9996099
0,0,0.012169437
0,0,0.0045089023
0,0,0.0026483033
0,0,0.010079481
1,1,0.9340669
1,1,0.9982895
1,1,0.99948275
0,0,0.0039357757
0,0,0.003519782
1,1,0.98473907
0,0,0.010305839
0,0,0.0063730213
1,1,0.9743561
1,1,0.99939585
0,0,0.0019436226
0,0,0.008819855
0,0,0.000920122
0,0,0.0023291558
1,1,0.99787295
1,1,0.9995946
0,0,0.0051706024
1,1,0.9981343
0,0,0.02404991
0,0,0.11199892
1,1,0.9638444
1,1,0.9993279
0,0,0.009393899
1,1,0.999193
1,1,0.99627787
0,0,0.003073622
0,0,0.0038751683
1,1,0.9997476
0,0,0.0056171617
0,0,0.0032742848
1,1,0.9996166
1,1,0.9992951
0,0,0.0022909313
1,1,0.999655
0,0,0.3012975
0,0,0.012489647
1,1,0.99468553
1,1,0.9996822
0,0,0.0034875001
0,0,0.110767245
0,0,0.0013321997
0,0,0.000414648
0,0,0.0050761704
1,1,0.9993148
1,1,0.88968617
0,0,0.0005032497
0,1,0.8906313
1,1,0.998464
1,1,0.997858
1,1,0.99937695
1,1,0.9987888
1,1,0.9991211
0,0,0.043227676
0,0,0.0018016308
1,1,0.8227767
0,0,0.0021692293
0,0,0.0020369221
0,0,0.029615132
1,1,0.9787476
1,1,0.9987295
0,0,0.006465949
0,0,0.01543494
1,1,0.99843603
0,0,0.014121981
0,0,0.002930313
0,0,0.0043189614
0,0,0.006342353
0,0,0.003448802
1,1,0.9991855
1,1,0.99952793
1,1,0.99751294
1,1,0.9993799
1,1,0.9971814
0,0,0.007948316
0,0,0.0075636916
0,0,0.005097951
0,0,0.00825916
0,0,0.003965175
1,1,0.9995604
1,1,0.7985313
0,0,0.0067284843
0,0,0.029334389
1,1,0.99269426
0,0,0.00203433
1,1,0.99829394
1,1,0.9994326
1,1,0.9964401
1,1,0.99790776
1,0,0.294384
0,0,0.0035166678
0,0,0.007236435
0,0,0.0006694439
1,1,0.9906831
1,1,0.9993279
0,0,0.0029247594
1,1,0.59418243
1,1,0.9998192
0,0,0.0031399573
0,0,0.0046517863
1,1,0.99838805
1,1,0.9992773
0,0,0.0032749104
0,0,0.004008212
0,0,0.0067124953
0,0,0.012041594
0,1,0.804717
1,1,0.99362916
1,1,0.9909662
1,1,0.951385
0,0,0.009082458
0,0,0.0034309325
1,1,0.50705373
1,1,0.9996362
1,1,0.9992723
0,0,0.4485675
0,0,0.007743375
1,1,0.9546059
1,1,0.9877807
0,0,0.014811192
0,0,0.007489072
0,0,0.0058045294
0,0,0.008862404
0,0,0.008961741
1,1,0.99967384
1,1,0.9985677
1,1,0.99683905
0,0,0.003982251
1,1,0.99961674
0,0,0.014796956
1,1,0.99793684
1,1,0.99736625
1,1,0.9987533
1,1,0.94669986
0,0,0.0029139232
0,0,0.0040800944
0,0,0.020418786
1,1,0.9995577
0,0,0.004719919
1,1,0.9996748
1,1,0.9996117
1,1,0.9991757
1,1,0.99952924
1,0,0.011502651
1,1,0.9988971
1,1,0.97358626
0,0,0.0027247001
1,1,0.9947495
1,1,0.99866366
0,0,0.0027646902
1,1,0.9995938
1,1,0.99855727
1,1,0.9280829
1,1,0.99036247
1,1,0.9984964
0,1,0.9995233
1,1,0.99689794
1,1,0.9993562
1,1,0.7791583
1,1,0.9982893
0,0,0.0065327566
0,0,0.1744374
1,1,0.9997292
1,1,0.999876
0,0,0.0031393424
1,1,0.9992556
0,0,0.0031212769
0,0,0.0045612007
1,1,0.9965766
0,0,0.00474615
1,1,0.9994844
1,1,0.99209166
1,1,0.9948679
0,0,0.0037913604
0,0,0.0012515886
0,0,0.0037257401
1,1,0.9998971
1,1,0.98671454
1,1,0.9995739
0,0,0.003421954
0,0,0.004484364
0,0,0.028688995
0,0,0.0040818197
1,1,0.9970091
1,1,0.9995982
0,0,0.0022592044
0,0,0.0031236398
0,0,0.014758184
1,1,0.99919957
1,1,0.99775296
1,1,0.9987243
0,0,0.0011227935
0,0,0.012695007
1,1,0.99708277
1,1,0.9992136
0,0,0.0066363206
1,1,0.99874264
0,0,0.0021205633
1,1,0.9986234
0,0,0.0039388575
1,1,0.9997837
0,0,0.01613462
0,0,0.006890512
0,0,0.0041706343
1,1,0.8465981
0,0,0.01224748
1,1,0.9995747
1,1,0.9967025
0,0,0.004260605
1,1,0.9851891
0,0,0.0036648451
1,1,0.97358626
0,0,0.001996668
0,1,0.5384024
1,1,0.9994103
1,1,0.9992324
1,1,0.6926731
0,0,0.006574163
0,0,0.051790267
1,1,0.9983405
1,1,0.99955827
1,1,0.922198
0,0,0.0101616355
1,1,0.99636096
0,0,0.0035918837
1,1,0.9827738
1,1,0.9991278
0,1,0.8548096
0,0,0.003427155
1,1,0.9998036
1,1,0.9550001
1,1,0.9986808
1,1,0.99795675
1,1,0.9997162
1,1,0.9975921
1,1,0.9991744
0,0,0.0069309934
0,0,0.316868
0,0,0.019839743
1,1,0.9974197
1,1,0.9989467
1,1,0.8518153
0,0,0.009709168
0,0,0.00067233364
1,1,0.99928457
1,1,0.99966085
0,0,0.0008276093
0,0,0.0018133259
0,0,0.0073354137
0,0,0.0051056985
0,0,0.008391207
0,0,0.002120741
0,1,0.81220514
0,0,0.0016767205
0,0,0.006679724
1,1,0.9964233
0,0,0.019498607
1,1,0.9997305
1,1,0.9979855
1,1,0.9997987
1,1,0.9899172
0,0,0.0054699336
0,0,0.003602545
1,0,0.44833377
0,0,0.0048449473
0,0,0.004484364
1,1,0.99984014
1,1,0.9732179
1,1,0.9993917
1,1,0.9924217
0,0,0.00080552767
1,1,0.9992731
1,1,0.8903073
0,0,0.004352403
1,1,0.62050235
0,0,0.004768637
1,1,0.93651026
1,1,0.99933904
0,0,0.0032342933
1,1,0.9981001
0,0,0.003172948
1,1,0.9997142
0,0,0.005053298
0,1,0.50748557
1,1,0.9992736
1,1,0.99946564
1,1,0.99959666
0,0,0.0067454083
0,0,0.23630846
0,0,0.0040592626
0,0,0.0030654168
0,0,0.0029014992
0,0,0.0029248274
0,0,0.16767907
1,1,0.98395157
0,0,0.0034580575
1,1,0.9982894
0,0,0.005969257
0,0,0.00095419015
0,0,0.0070237177
1,1,0.9996259
1,1,0.5760752
1,1,0.9274416
0,0,0.0029510187
0,0,0.0048945523
0,0,0.0016042687
1,1,0.77732277
1,1,0.9915161
0,0,0.0022497762
1,1,0.9983271
1,1,0.99035805
0,0,0.026939271
1,1,0.99693286
1,1,0.98623925
0,0,0.004814432
0,0,0.0032157458
1,1,0.9980558
0,0,0.0033374985
0,0,0.026562981
0,0,0.0029240754
0,0,0.011376646
1,1,0.99971074
1,1,0.99799454
1,1,0.98615545
0,1,0.5258049
0,0,0.018183745
1,1,0.99825484
1,1,0.95693946
0,0,0.002857743
1,1,0.99976784
0,0,0.026220866
0,0,0.005302058
1,1,0.9980261
0,0,0.0067284843
0,0,0.010761294
1,1,0.9998677
0,0,0.0017565222
0,0,0.009355249
0,0,0.0047972267
1,1,0.9636692
0,0,0.0022043642
0,0,0.0019465236
0,0,0.018336404
1,1,0.97319204
0,0,0.002554888
1,1,0.9996176
0,0,0.0085973
0,0,0.002388577
0,0,0.0040497812
1,1,0.99982005
0,0,0.0049795494
0,0,0.026038451
1,1,0.99929
1,1,0.97197276
1,1,0.99824584
1,1,0.8402995
0,0,0.0066679106
1,1,0.91867876
1,1,0.9749337
1,1,0.99955827
1,1,0.9970921
0,0,0.00339355
1,1,0.9930894
0,0,0.030308103
1,1,0.9997608
0,0,0.008672599
0,0,0.0031256746
0,0,0.0027283214
0,0,0.0009875209
0,0,0.0045458595
1,1,0.980416
1,1,0.9893572
1,1,0.99759704
1,1,0.9924838
0,0,0.002952912
1,1,0.98020786
0,0,0.0054134275
0,0,0.0074908654
0,0,0.002282308
0,0,0.0011889102
1,1,0.99783057
1,1,0.6905333
1,1,0.9992323
0,0,0.003499803
0,0,0.0038019144
1,1,0.87808317
1,1,0.9980286
0,0,0.0029085004
1,1,0.99783415
1,1,0.99813396
0,0,0.00379336
0,0,0.0069473567
0,0,0.0077802856
0,0,0.0034513415
1,1,0.9957683
0,0,0.114558384
0,0,0.0034775182
1,1,0.998013
1,1,0.9996424
1,1,0.9991371
1,1,0.99921906
0,0,0.003958971
0,0,0.004133006
1,1,0.8467179
0,0,0.003073622
0,0,0.013372186
1,1,0.99954575
1,1,0.9973544
1,1,0.9994252
1,1,0.9981205
1,1,0.99854434
1,1,0.9997639
1,1,0.9992055
1,1,0.9979305
0,0,0.0052842204
0,0,0.0036925902
1,1,0.9983254
0,0,0.0022909914
1,1,0.9983285
1,1,0.92612654
1,1,0.99959916
1,1,0.9304743
1,1,0.99882334
0,0,0.0032035627
1,1,0.99908006
0,0,0.0048945523
0,0,0.010600743
1,1,0.9996923
1,1,0.9948914
0,0,0.000920122
0,0,0.007743375
1,1,0.96100503
0,0,0.004986711
0,0,0.007195174
1,1,0.99819297
1,1,0.99913883
0,0,0.004677234
0,0,0.00867645
1,1,0.9968209
0,0,0.0027326113
1,0,0.0069309934
1,1,0.6927032
1,1,0.9997391
1,1,0.9982284
1,1,0.9461601
0,0,0.0021591904
1,1,0.99953675
0,0,0.0025494462
1,1,0.99928707
1,1,0.9996176
1,1,0.99935025
1,1,0.99813986
1,1,0.9994198
0,0,0.0009653805
1,1,0.9990005
1,1,0.9976646
1,1,0.99942964
1,1,0.9992435
0,0,0.00093910063
1,1,0.9997578
0,0,0.003716131
0,0,0.0025577936
0,0,0.0032568616
0,0,0.006505419
0,0,0.0045739557
0,0,0.0056384103
0,0,0.00991934
1,1,0.9992699
1,1,0.9771517
0,0,0.0018565304
0,0,0.00616941
1,1,0.99713576
1,1,0.98890346
0,0,0.002715808
1,1,0.7564426
0,0,0.0016055248
0,0,0.004155867
1,1,0.9994838
0,0,0.016319158
0,0,0.0010530149
1,1,0.9971565
0,0,0.0029613755
1,1,0.9995548
1,1,0.9993999
0,0,0.0039704326
0,0,0.004636645
1,1,0.99972755
1,1,0.9954656
0,0,0.002564442
1,1,0.99875283
0,0,0.008548222
0,0,0.097979166
1,1,0.9943019
0,0,0.0030684173
1,1,0.9996351
0,0,0.0057685184
1,1,0.99954563
1,1,0.99888307
0,0,0.007524873
1,1,0.99936396
0,0,0.0015942104
0,0,0.0063595646
1,1,0.9983479
0,0,0.0059553324
0,0,0.022303382
0,0,0.0082693845
1,1,0.99940896
0,0,0.0068887016
1,1,0.9949216
0,0,0.0052578715
1,1,0.99083436
0,0,0.0041984883
0,0,0.0035000474
1,1,0.68430334
0,0,0.03595625
1,1,0.9765022
0,0,0.0026154001
1,0,0.4989443
0,0,0.005785093
1,1,0.9983298
0,0,0.0062145893
1,1,0.9997551
1,1,0.9996344
0,0,0.0023179175
1,1,0.86131114
1,1,0.9664433
0,0,0.013807657
0,0,0.004317512
0,0,0.0044120736
1,1,0.99942493
0,0,0.003519782
1,1,0.9991073
0,0,0.0045089023
1,1,0.9998437
1,1,0.99901307
1,1,0.999041
0,0,0.007896963
1,1,0.99941623
0,0,0.008316962
1,1,0.9996774
0,0,0.0029687155
1,1,0.9521731
1,1,0.9982893
1,1,0.99649954
1,1,0.9981001
0,0,0.0040617054
1,1,0.9782986
1,1,0.92199266
1,1,0.99936694
0,0,0.0022739084
0,0,0.005302383
1,1,0.9986218
1,1,0.99735105
0,0,0.012125315
0,0,0.012355817
1,1,0.9994598
0,0,0.009224205
0,0,0.0023678986
1,1,0.96435136
0,0,0.0011889102
1,1,0.99958676
0,0,0.00467925
1,1,0.85264003
1,1,0.99948263
0,0,0.011562225
1,1,0.9994904
1,1,0.7855805
1,1,0.8405483
0,0,0.003489012
1,1,0.9362571
0,0,0.0022739084
0,0,0.0022138224
0,0,0.0024960393
1,1,0.99944156
1,1,0.9703589
1,1,0.9987779
0,0,0.004837936
0,0,0.008523738
1,1,0.96444094
1,1,0.9802586
1,1,0.99817693
0,0,0.0064248783
1,1,0.9992968
1,1,0.93149316
1,1,0.954282
1,1,0.99911636
1,1,0.9995621
1,1,0.99957603
0,0,0.0069567063
1,1,0.97809553
1,1,0.9998609
0,0,0.003165335
0,0,0.006047921
1,0,0.11931886
0,0,0.007619216
0,0,0.34762242
0,0,0.005081295
1,1,0.9996624
0,0,0.0036547848
0,0,0.08105737
1,1,0.99892277
0,0,0.28572145
0,0,0.0047182417
1,1,0.98307425
0,0,0.0028943813
0,0,0.0036972503
1,1,0.9996611
1,1,0.9301508
1,1,0.99215394
0,0,0.0082693845
1,1,0.93034154
1,1,0.99885213
0,0,0.004392902
1,1,0.99899346
1,1,0.99848455
0,0,0.0074376957
1,1,0.9965238
1,1,0.99985147
0,0,0.0011889102
0,0,0.011850964
1,1,0.7922075
1,1,0.99812645
0,0,0.002106928
1,1,0.9993175
1,1,0.9991399
1,1,0.9993631
1,1,0.700899
1,1,0.9988788
0,1,0.50998116
0,0,0.0044008293
1,1,0.9991554
0,0,0.0023720767
1,1,0.99964726
1,1,0.9452751
0,0,0.0035449096
1,1,0.99586487
0,0,0.00684275
1,1,0.8441229
0,0,0.003730042
0,0,0.020519847
1,1,0.7043976
1,1,0.9993316
0,0,0.004621808
1,1,0.9997503
1,1,0.9985637
0,0,0.0062634796
0,0,0.003928652
0,0,0.0029138252
0,0,0.0041262214
1,1,0.9173235
1,1,0.99987507
1,1,0.99969184
0,0,0.007678461
1,1,0.983579
0,0,0.003927154
1,1,0.99929404
1,1,0.99911493
1,1,0.9933554
0,0,0.022605546
0,0,0.0036267494
0,0,0.005736191
0,0,0.007948316
1,1,0.99818134
1,1,0.9281644
1,1,0.999303
0,0,0.0043982104
1,1,0.86168176
1,1,0.70206827
1,1,0.9995147
0,0,0.0030726446
0,0,0.0044686943
0,0,0.0037771966
1,1,0.9996613
0,0,0.0033133738
1,1,0.9987703
1,1,0.97034734
0,0,0.0039121434
1,1,0.98610175
0,0,0.002857743
0,0,0.012489647
1,1,0.996438
0,0,0.00034892012
0,0,0.0010530149
0,0,0.0016129975
0,0,0.0008276093
1,1,0.9993699
0,0,0.0022625304
1,1,0.9957106
0,0,0.0035169953
0,0,0.0045864345
0,0,0.0037172486
0,0,0.1884595
1,1,0.9700491
0,0,0.003458989
1,0,0.018264217
1,1,0.99992406
0,0,0.0055569215
0,0,0.0044774255
0,0,0.013113062
1,1,0.9996164
1,1,0.99878937
1,1,0.9597898
0,0,0.006047921
1,1,0.9996879
0,0,0.0024810173
0,0,0.0044591115
1,1,0.9979752
0,0,0.0006694439
1,1,0.96511126
0,0,0.003068012
1,1,0.9332983
1,1,0.9996879
0,0,0.002204343
1,1,0.9996581
1,1,0.9989556
0,0,0.002196953
1,1,0.9924481
0,0,0.009572573
0,0,0.0038968949
0,0,0.0057553304
1,1,0.8197756
1,1,0.99560237
1,1,0.9999113
0,0,0.0036046302
0,0,0.0020153422
0,1,0.9096232
1,1,0.9996321
0,0,0.0048762644
0,0,0.2118551
0,1,0.6186776
0,0,0.0076163574
1,1,0.99631375
1,1,0.9986621
1,1,0.99979144
0,0,0.0029240754
0,0,0.003510439
0,0,0.0034606333
0,0,0.008235631
0,0,0.010699753
1,1,0.67978805
1,1,0.99862707
0,0,0.0017936827
1,1,0.9963003
1,1,0.99880564
1,1,0.99939
1,1,0.9964922
0,0,0.0051760627
0,0,0.0049768076
0,0,0.0049591996
0,0,0.004484364
0,0,0.097005256
1,1,0.99984276
0,0,0.0020803043
0,0,0.007524873
0,0,0.0038245255
1,1,0.9995167
1,1,0.9978702
1,1,0.9553723
1,1,0.99830484
0,0,0.0020732305
1,1,0.9997608
0,0,0.008857798
1,1,0.6994373
0,0,0.0042001335
0,0,0.008062396
0,0,0.0076385657
1,1,0.9981681
1,1,0.9994313
0,0,0.0036925902
0,0,0.007619216
0,0,0.002460878
0,0,0.010419444
0,0,0.002518629
1,1,0.9650209
0,0,0.0049466644
0,0,0.0051660547
1,1,0.9819564
1,1,0.99925333
0,0,0.0043865745
1,1,0.8586221
1,0,0.28214508
0,0,0.004265232
1,1,0.99952173
1,0,0.16437002
1,1,0.99808854
1,1,0.92874223
0,0,0.0018559943
0,0,0.006663396
1,1,0.9997235
1,1,0.9984004
0,0,0.003447696
0,0,0.0049032974
1,1,0.9995426
0,0,0.0023678986
1,1,0.99970573
0,0,0.011197465
0,0,0.35160816
1,1,0.9975556
0,0,0.009063543
1,1,0.9996613
0,0,0.007266729
0,0,0.0037614305
1,1,0.9235256
1,1,0.99929
1,1,0.9615084
0,0,0.082755946
1,1,0.8385809
0,0,0.0039943717
0,0,0.0028521963
1,1,0.84697866
0,0,0.0053317375
0,0,0.004300256
0,0,0.003413014
1,1,0.9992834
1,1,0.9947649
1,1,0.9995746
0,0,0.03953186
1,1,0.99879694
1,1,0.9381479
0,1,0.961343
1,1,0.92204434
0,0,0.009059398
0,0,0.0047817873
1,1,0.9998246
1,1,0.99414635
0,0,0.062151935
1,1,0.9996592
1,1,0.9975823
1,1,0.99843544
1,1,0.91539794
0,0,0.005289158
1,1,0.9992723
1,1,0.9995974
0,0,0.0042248196
1,1,0.94567275
1,1,0.8860307
0,0,0.0135023855
0,0,0.0022851687
0,0,0.0037524768
1,1,0.9993635
1,1,0.9544296
1,1,0.96259594
0,0,0.0046517863
1,1,0.9312285
0,0,0.0071501615
1,1,0.9071785
0,0,0.0030106038
1,1,0.97783583
0,0,0.0051788627
0,0,0.00528672
1,1,0.9982893
1,1,0.96129024
0,0,0.0042660283
0,0,0.002548339
0,0,0.0010419239
1,1,0.99883586
1,1,0.9499534
0,0,0.00990935
1,1,0.9909603
1,1,0.99920964
0,0,0.0067001646
1,1,0.99976
0,0,0.0029961914
0,0,0.002715263
0,0,0.0021298383
0,0,0.0026033646
0,0,0.013451401
0,0,0.004855233
0,0,0.0049903393
1,1,0.99940133
0,0,0.00163451
0,0,0.0035887826
1,1,0.9990489
0,0,0.0017154457
1,1,0.9991906
1,1,0.9993254
0,0,0.006177727
1,1,0.97695667
1,1,0.9997142
0,0,0.0075293574
0,0,0.008259309
0,0,0.0074507883
0,0,0.0073516495
0,0,0.0041704066
1,1,0.9991524
1,1,0.9991399
0,0,0.46043915
1,1,0.992362
0,0,0.0046338355
0,0,0.016604736
0,0,0.008732719
1,1,0.9994842
0,0,0.005410201
1,1,0.9997323
0,0,0.017434364
0,0,0.011858103
0,0,0.005358043
1,1,0.9994741
0,0,0.004395027
1,1,0.9609225
0,0,0.012504129
1,1,0.9998685
1,1,0.99788684
0,0,0.0052063763
1,1,0.8556716
0,0,0.002575036
1,1,0.99760133
1,1,0.9847112
0,0,0.014796956
0,0,0.01270325
1,1,0.999203
1,1,0.998475
1,1,0.998847
0,0,0.0018354581
1,1,0.99901414
0,0,0.006278019
0,0,0.0018048434
1,1,0.99738413
0,0,0.2106447
1,1,0.9982284
0,0,0.0033232097
1,1,0.9988931
0,0,0.0025096328
1,1,0.99959666
0,0,0.004986711
0,0,0.0026731726
0,0,0.0034009733
1,1,0.99833655
0,0,0.0055569215
0,0,0.008017613
1,1,0.95076585
0,0,0.0060023665
1,1,0.931533
0,0,0.015706075
1,1,0.99793446
1,1,0.99813443
1,1,0.9993888
0,0,0.010835285
0,0,0.0074376957
1,1,0.99972576
1,1,0.9399353
0,0,0.0032253652
1,0,0.0028943855
0,0,0.0069179265
1,1,0.99966764
0,0,0.011829162
0,0,0.0012982213
0,0,0.0017466082
0,0,0.024008488
0,0,0.0048865858
1,1,0.99988925
0,0,0.00077551807
1,1,0.9003844
0,0,0.00487215
1,1,0.9978193
1,1,0.99604297
0,0,0.0069309934
0,0,0.0014916692
1,1,0.9974739
0,0,0.0028452235
0,0,0.2755669
0,0,0.005640408
0,0,0.0031593149
1,1,0.9992434
1,1,0.99974674
1,1,0.9981371
0,0,0.0039608325
1,1,0.9696232
1,1,0.8369449
1,1,0.99966013
1,1,0.9994012
1,1,0.99897873
0,0,0.005010075
1,1,0.9982053
0,0,0.0011359558
1,1,0.9997526
0,0,0.001898339
0,0,0.0022547161
1,1,0.9989312
0,0,0.0096001495
0,0,0.004155867
0,0,0.07772044
1,1,0.5425586
1,1,0.77542615
1,1,0.9991708
1,1,0.9981001
1,1,0.9999113
0,0,0.009755045
0,0,0.005300288
1,1,0.99789315
0,0,0.005910374
1,1,0.9985876
1,1,0.99739873
0,0,0.0031754558
0,0,0.0037756467
0,0,0.0043840157
0,0,0.0019112971
1,1,0.9997701
0,0,0.015505169
1,1,0.9991061
0,0,0.001534175
0,0,0.014796956
0,0,0.008296638
0,0,0.0011889102
0,0,0.0029585385
1,1,0.99927396
1,1,0.99551207
1,1,0.9480622
0,0,0.0070170998
1,1,0.99863166
0,0,0.0015480358
1,1,0.9721934
1,1,0.99880564
1,1,0.9992555
1,1,0.94437325
1,1,0.7498847
1,1,0.99832135
0,0,0.017789194
1,1,0.94763297
1,1,0.9992555
1,1,0.99824214
1,1,0.9923288
0,0,0.008793203
0,0,0.005743852
1,1,0.9981001
0,0,0.007834533
1,1,0.9993716
1,1,0.99884295
0,0,0.0008267534
1,1,0.9991001
0,0,0.0026386608
1,1,0.9987287
1,1,0.9938744
0,0,0.0028729732
0,0,0.0021874728
1,1,0.99977666
0,0,0.0017419992
0,0,0.002182841
1,1,0.99887615
0,0,0.049249828
0,0,0.006352909
0,0,0.33458656
1,1,0.9052683
0,0,0.0031118
0,0,0.0035404454
1,1,0.99963176
0,1,0.76130855
0,0,0.18659626
1,1,0.99958116
0,0,0.0069816043
0,0,0.003280793
0,0,0.005362978
0,0,0.01696688
1,1,0.5008626
0,0,0.005350458
0,1,0.67556727
1,1,0.9996561
1,1,0.99874336
0,0,0.029342413
1,1,0.9989728
1,1,0.99954224
1,1,0.9997472
0,0,0.0016764051
0,0,0.016035752
1,1,0.9483576
1,1,0.9983619
0,0,0.014220388
1,1,0.9919241
1,1,0.999461
0,0,0.0031546014
1,1,0.99935645
1,1,0.99919266
0,0,0.0125024095
0,0,0.22199832
1,1,0.973671
0,0,0.0020785648
0,0,0.0026053255
0,0,0.052802883
1,0,0.40923017
0,0,0.017324798
1,1,0.9993843
0,0,0.0036674563
0,0,0.0020153422
0,0,0.06600201
1,1,0.9992834
0,0,0.0047663497
0,0,0.01472438
0,0,0.04012128
0,0,0.0045001996
1,1,0.999413
0,0,0.0055023497
1,1,0.99951303
1,1,0.82760996
1,1,0.9914943
1,1,0.9982369
1,1,0.9995989
1,1,0.99967444
0,0,0.005909357
0,0,0.002204343
1,1,0.9922098
1,1,0.99972993
0,0,0.15150164
0,0,0.0035169953
0,1,0.8820814
1,1,0.9992467
0,0,0.012235349
0,0,0.032941245
1,1,0.999154
0,0,0.005910374
1,1,0.99929774
1,1,0.9985038
0,0,0.006323568
0,0,0.0049659642
0,0,0.014796956
0,0,0.00068864384
1,1,0.98899627
0,0,0.05978527
1,1,0.9995819
1,1,0.9165743
0,0,0.0073399353
0,0,0.008809231
0,0,0.002930313
1,1,0.9994435
0,0,0.0008872831
0,0,0.001854976
0,0,0.006465949
0,0,0.07832321
1,1,0.9978771
0,0,0.37797588
1,1,0.9901097
1,1,0.97381806
1,1,0.99862707
0,0,0.003375823
1,1,0.9981767
0,0,0.005656772
1,1,0.9982803
1,1,0.998013
1,1,0.99957186
1,1,0.99854255
1,1,0.8582834
1,1,0.99965096
0,0,0.002934875
0,0,0.36206236
0,0,0.0049707917
1,1,0.9997273
1,1,0.9979234
0,0,0.0074568414
0,0,0.08484128
1,1,0.99892175
0,0,0.0024007715
1,0,0.02361608
0,0,0.021661557
0,0,0.0060902755
1,1,0.9847099
1,1,0.9711369
0,0,0.0042233397
1,1,0.7670068
1,1,0.999468
0,0,0.002600682
1,1,0.72238946
0,0,0.004474491
1,1,0.98302656
1,1,0.9998634
0,0,0.009458459
1,1,0.9978702
1,1,0.9995161
0,1,0.75916106
1,1,0.97218275
1,1,0.9994998
0,0,0.0063897856
1,1,0.9007406
0,0,0.016993448
0,0,0.0037690592
1,1,0.99863106
1,1,0.97857016
0,0,0.0013446573
1,1,0.99832135
0,1,0.7430395
0,0,0.0018851139
0,0,0.0049032974
0,0,0.026265098
1,1,0.9995179
1,1,0.9996774
1,1,0.81535375
0,0,0.0019555748
0,0,0.0065452587
0,0,0.43886748
1,1,0.9968837
1,1,0.9996872
0,0,0.0032079616
0,1,0.55414516
1,1,0.98608506
0,0,0.0058067176
1,1,0.9940076
1,1,0.9992323
1,1,0.99962175
1,1,0.998941
1,1,0.9997142
1,1,0.948817
0,0,0.0051833997
1,1,0.8211496
0,0,0.0031373508
1,1,0.9374109
1,1,0.99984014
1,1,0.95450705
0,0,0.003264874
0,0,0.0043839724
0,0,0.007022401
1,1,0.98178184
1,1,0.9603435
1,1,0.99685824
0,0,0.006798929
0,0,0.006015314
1,1,0.9995455
1,1,0.9891451
0,0,0.006994314
1,1,0.9988954
1,1,0.98339635
1,1,0.9969236
1,1,0.99953616
0,0,0.0028405276
1,1,0.99715143
0,0,0.0033267904
1,1,0.9994531
0,0,0.0045176754
0,0,0.004350188
0,0,0.003965175
1,1,0.99742305
0,0,0.0056802644
0,0,0.00969955
1,1,0.9846257
0,0,0.004985256
1,1,0.99832135
1,1,0.99969196
1,1,0.9987754
1,1,0.9994784
1,1,0.98667765
0,1,0.5931256
0,0,0.00290608
0,1,0.8860169
0,0,0.009797986
0,0,0.0020089133
0,0,0.002833164
1,1,0.99923027
1,1,0.999703
1,1,0.99598265
1,1,0.9989262
0,0,0.0077746822
1,1,0.9991204
0,0,0.0031373508
1,1,0.99933016
1,1,0.9982126
0,0,0.005828759
0,0,0.021044277
0,0,0.0049233865
1,1,0.56377167
0,0,0.051555496
1,1,0.9993581
1,1,0.9994485
0,0,0.0018317307
1,1,0.9993223
0,0,0.0023255455
1,1,0.9998011
0,0,0.011673667
1,1,0.9765213
0,0,0.007689289
1,1,0.99963653
1,1,0.9994461
1,1,0.9843424
0,0,0.0038597886
0,0,0.024617646
1,1,0.99822944
1,1,0.999318
0,0,0.0046820357
1,1,0.9978446
0,0,0.0050960383
1,1,0.9995797
1,1,0.9965695
1,1,0.9994572
0,0,0.00030030328
0,0,0.008322497
0,0,0.0025576416
0,0,0.009347991
0,0,0.32909042
0,0,0.0030448851
0,0,0.048425544
1,1,0.9992981
1,1,0.71260595
1,1,0.9998958
0,0,0.028420724
0,0,0.0021631678
1,1,0.99939907
0,0,0.004265232
1,1,0.9993406
0,0,0.0025611937
0,0,0.0035576303
0,0,0.0027379626
0,0,0.0057910806
0,0,0.0024898066
1,1,0.7828004
0,0,0.0011359558
1,1,0.99392164
1,1,0.9955903
0,0,0.0048865858
0,0,0.006717594
0,0,0.002290175
0,0,0.0045655523
1,1,0.9986362
0,0,0.005539229
1,1,0.9973441
1,1,0.9988887
1,1,0.99992335
1,1,0.98667765
1,1,0.9987238
0,0,0.0015354429
1,1,0.91238785
1,1,0.97143
1,1,0.99661
1,1,0.9992199
1,0,0.38016534
1,1,0.9997292
0,0,0.0033586528
1,1,0.9992976
0,0,0.031667285
1,1,0.97478074
0,0,0.0032181602
1,1,0.99821955
1,1,0.9976866
1,1,0.99761546
0,0,0.006461362
0,0,0.004088297
1,1,0.9990928
1,1,0.99981993
1,1,0.9732885
1,1,0.9625116
1,1,0.9694159
1,1,0.9736884
1,1,0.9747609
0,0,0.06556755
1,1,0.9787496
1,1,0.9997664
0,0,0.004296211
1,1,0.99550664
0,0,0.0016042687
0,0,0.0015753186
1,1,0.9994479
0,0,0.0040304693
1,1,0.9983797
0,0,0.0027633694
0,0,0.028574413
0,1,0.7489975
0,0,0.0020496938
1,1,0.98493445
0,0,0.002196953
1,1,0.9996942
0,0,0.0049913554
1,1,0.999703
1,1,0.9720548
1,1,0.9997656
0,0,0.006657894
1,1,0.9854607
1,1,0.98670924
0,0,0.008612563
1,1,0.9977581
0,0,0.0045226384
1,1,0.97564065
1,1,0.9890477
0,0,0.003974521
1,1,0.99918205
1,1,0.9987832
1,0,0.33945197
0,0,0.0045458595
1,1,0.9983668
1,1,0.99687874
1,1,0.9997993
0,0,0.0032576988
0,0,0.008912331
0,1,0.59108365
1,1,0.9823037
0,0,0.0065327566
1,1,0.9981001
1,1,0.99952936
0,1,0.9797648
0,0,0.0034499033
1,1,0.9082236
1,1,0.9995432
0,0,0.00046939717
1,1,0.9438685
0,0,0.002469983
0,0,0.0055087726
1,0,0.010843778
1,1,0.99899477
1,1,0.9971629
1,1,0.99776936
1,1,0.9964265
1,1,0.99687034
0,0,0.0065327566
0,0,0.0051383167
1,1,0.9706435
1,1,0.9986076
0,0,0.0053862534
1,1,0.99982256
0,0,0.004768637
1,1,0.99958795
0,0,0.00564592
0,0,0.0026990408
0,0,0.40470684
1,1,0.99965227
1,1,0.99922764
1,1,0.9988599
1,1,0.9986131
1,1,0.9994261
1,0,0.011287903
1,1,0.999498
1,1,0.9982003
0,0,0.0041140807
1,1,0.962784
1,1,0.9996321
1,1,0.98977333
0,0,0.0065327566
1,1,0.9877384
1,1,0.99925095
1,1,0.9989563
0,0,0.01613462
0,1,0.8574095
1,1,0.98923033
0,0,0.06600201
0,0,0.008548222
0,0,0.0026731726
1,1,0.998811
0,0,0.009642901
0,0,0.0029429246
0,0,0.0042794133
0,0,0.004456959
1,1,0.98667765
1,1,0.9756345
0,0,0.0090093445
1,1,0.9993843
1,1,0.8217762
0,0,0.007117209
0,0,0.0084441975
0,0,0.060926583
0,0,0.026597248
0,0,0.0024401974
1,1,0.9995796
1,1,0.96662474
0,0,0.006989199
0,0,0.016713407
0,0,0.007525157
0,0,0.0091310805
1,1,0.6825493
1,1,0.9765891
1,1,0.98539424
1,1,0.9822693
0,0,0.004707903
1,1,0.9992248
1,1,0.99989736
0,0,0.0055569215
1,1,0.99799
1,1,0.99922097
0,0,0.02745339
1,0,0.20645764
0,0,0.049357317
1,1,0.926282
1,1,0.9958418
1,1,0.9823674
0,0,0.022046318
1,1,0.9998919
1,1,0.9947455
1,1,0.999542
1,1,0.9993223
0,0,0.004109711
0,0,0.02512989
0,0,0.0040984126
1,1,0.99957484
1,1,0.99863774
0,0,0.004175297
0,0,0.0014476762
0,0,0.003598725
1,1,0.99948263
0,0,0.009815001
1,1,0.9994247
0,0,0.006293739
1,1,0.9989802
0,0,0.00874569
0,0,0.0040035984
0,0,0.0044686943
0,0,0.0043527293
1,1,0.9734151
0,1,0.9469663
0,0,0.0010094037
1,1,0.9850049
0,0,0.0059353723
1,1,0.9993766
1,1,0.9565893
0,0,0.006194572
1,1,0.99316037
1,1,0.8789815
1,1,0.9995485
0,0,0.0032998445
1,1,0.9998233
1,1,0.99974984
0,0,0.0036468913
0,0,0.013338244
1,1,0.87088627
0,0,0.00825916
1,1,0.99803346
1,1,0.9991623
1,1,0.99917245
0,0,0.0029841536
1,1,0.9985726
0,0,0.0068615125
0,0,0.0036538022
0,0,0.0029429246
0,0,0.0021660249
1,1,0.9984962
0,0,0.0010423041
1,1,0.9996388
0,0,0.0045176754
0,0,0.001181421
0,0,0.023645332
0,0,0.02341109
1,1,0.99351573
1,1,0.9986314
1,1,0.9996146
1,1,0.9038778
1,1,0.99951994
0,1,0.5200625
0,0,0.0032034486
0,0,0.002460878
1,1,0.9993304
0,1,0.897622
1,1,0.99880564
1,1,0.735883
1,1,0.9995167
0,0,0.044819724
0,0,0.0082693845
0,0,0.14128706
0,0,0.0015490628
1,1,0.99856585
1,1,0.99960524
0,0,0.0040984126
1,1,0.9983741
1,1,0.99879766
0,0,0.38210616
1,1,0.9990121
1,1,0.99940336
1,1,0.99983215
1,1,0.87977344
0,0,0.4270369
0,0,0.0028506238
1,1,0.99941957
1,1,0.9993942
0,0,0.0039580213
0,0,0.003073622
0,0,0.020418786
0,0,0.0022497762
0,0,0.0036525459
0,0,0.0026731726
1,1,0.9990702
0,0,0.082456894
1,1,0.9990964
0,0,0.0032220033
0,0,0.0038202968
0,0,0.0019112971
1,1,0.99858356
0,0,0.0018048434
0,0,0.0048945523
0,0,0.0017594477
1,1,0.96078676
0,0,0.0006810088
1,1,0.91305363
0,0,0.005251448
0,0,0.0052308487
1,1,0.9984498
1,1,0.80813897
0,0,0.010448103
0,0,0.058094546
1,1,0.9965269
1,1,0.9966943
1,1,0.9978173
0,0,0.0019867944
1,1,0.99978083
0,0,0.009780191
0,0,0.005038716
0,0,0.0065648896
0,0,0.022238098
0,0,0.12186827
0,0,0.0030684173
0,0,0.012837338
1,1,0.99961984
1,1,0.9995746
1,1,0.965724
1,1,0.95571655
0,0,0.0034467278
0,0,0.0060594543
0,0,0.008244157
1,1,0.9990109
1,1,0.98395157
1,1,0.99933356
0,0,0.0043527293
0,0,0.0011209035
1,1,0.9983254
0,0,0.015966807
1,1,0.71813875
0,0,0.010314198
1,1,0.91531795
1,1,0.89781576
1,1,0.9944101
1,1,0.9575549
0,0,0.0025429851
1,1,0.8972914
1,0,0.41369542
1,1,0.999368
1,1,0.99904984
1,1,0.9916079
0,0,0.0021093455
0,0,0.00563144
0,0,0.0042971186
1,1,0.9993444
0,0,0.0011359558
1,1,0.9974426
1,1,0.99910116
1,1,0.9964233
0,0,0.007651115
0,0,0.00990935
0,0,0.0063468525
1,1,0.99891627
0,0,0.005743852
1,1,0.998572
0,0,0.0053862534
0,0,0.0049663647
0,0,0.007500451
0,0,0.0055961837
1,1,0.99989736
1,1,0.97083044
1,1,0.99956685
1,1,0.9996364
0,0,0.0016764051
1,1,0.9917469
0,0,0.45148015
1,1,0.9392747
0,0,0.35291252
0,0,0.039333645
0,0,0.004486112
0,1,0.66231704
0,0,0.0050672414
0,0,0.0056384103
1,1,0.98389924
0,0,0.0026731726
1,1,0.9914329
0,0,0.0032576988
0,0,0.0024749895
1,1,0.99941957
0,0,0.0019998595
0,0,0.0016807512
0,0,0.0048865858
1,1,0.999358
0,0,0.0030725366
1,1,0.9992567
1,1,0.9979182
1,1,0.9584496
1,1,0.99977785
0,1,0.7172348
0,1,0.6323538
0,0,0.008015171
1,1,0.9986051
0,0,0.0052738166
1,1,0.9085015
1,1,0.99928457
0,0,0.00466186
1,0,0.3251587
0,1,0.94637656
1,0,0.25683078
0,0,0.0029829436
1,1,0.9993773
0,0,0.0052892053
1,1,0.94468933
1,1,0.9927619
0,0,0.010158916
1,1,0.986244
0,0,0.0067633768
0,0,0.0044407058
1,1,0.99855727
1,1,0.9994357
0,0,0.00527909
0,0,0.0040572137
0,0,0.0023993591
0,1,0.9081333
1,1,0.9839648
0,0,0.0037434995
0,1,0.9612061
1,1,0.91854465
1,1,0.9918852
1,1,0.96550906
1,1,0.9925649
0,0,0.00064758403
0,0,0.0023567383
0,0,0.49389577
1,1,0.9991327
0,0,0.0034536796
1,1,0.99936086
1,1,0.9994301
0,0,0.006585337
1,1,0.99923587
0,0,0.0060010357
1,1,0.9975993
1,1,0.99763966
1,1,0.99953043
1,1,0.9997657
0,0,0.024977198
1,1,0.9984603
1,1,0.99946684
1,1,0.9993327
0,0,0.005038716
0,0,0.0034994422
0,0,0.003931254
0,0,0.0068385424
0,0,0.004993544
0,0,0.07871989
1,1,0.99926025
0,0,0.0053862534
0,0,0.0029942591
0,0,0.0037763678
0,0,0.0026869348
1,1,0.999091
1,1,0.8611388
1,1,0.9996505
0,0,0.0033586528
0,0,0.0026511059
0,0,0.0020061447
1,1,0.9987192
0,0,0.019347366
1,1,0.99632025
1,1,0.9995413
1,1,0.9986058
1,1,0.9994836
1,1,0.9982284
1,1,0.9990163
0,0,0.0040699793
1,1,0.99942386
1,1,0.9995455
1,1,0.9869017
1,1,0.99951446
0,0,0.002270055
0,0,0.0011359558
1,1,0.97918516
0,0,0.0044870637
1,1,0.9997522
1,1,0.9145302
0,0,0.013972092
1,1,0.9992773
0,0,0.00984378
0,0,0.0087873945
0,0,0.004290206
1,1,0.9901097
1,1,0.9982687
1,1,0.99939704
0,0,0.006293739
0,0,0.004059197
0,0,0.0020135217
0,0,0.0032285766
1,1,0.9997676
1,1,0.99958974
0,0,0.00932208
0,0,0.002388577
0,0,0.0013458027
1,1,0.99919325
1,1,0.9983613
0,0,0.0027716456
1,1,0.9538137
0,0,0.000920122
0,0,0.2579271
0,0,0.0044968193
0,0,0.0034849853
0,0,0.0017259931
0,0,0.003641363
1,0,0.40809494
1,1,0.9982413
1,1,0.9993999
0,0,0.0036247736
0,0,0.012811073
1,0,0.20908351
0,0,0.0041424455
0,0,0.0018044371
1,1,0.9422061
1,1,0.8610188
1,1,0.9989655
0,0,0.0070014177
1,1,0.9916998
0,0,0.002113346
1,1,0.9989236
0,0,0.0026764635
0,0,0.090854086
1,1,0.99439585
1,1,0.99983907
1,1,0.9986358
0,0,0.008475945
1,1,0.9989141
0,0,0.006089984
1,1,0.99894375
0,0,0.003489012
1,0,0.06259264
1,1,0.99946994
0,0,0.0019752355
1,1,0.99972063
1,1,0.77771866
1,1,0.76420045
0,0,0.008061031
1,1,0.99946195
1,1,0.99970716
1,1,0.9550467
1,1,0.99943274
1,1,0.9995388
1,1,0.999348
1,1,0.9774729
1,1,0.99841654
1,1,0.99754
0,0,0.002081974
1,1,0.9992323
0,0,0.09556369
0,0,0.20445164
1,1,0.8083366
0,0,0.0038968949
0,0,0.0011889102
1,1,0.99942553
0,0,0.0026768846
0,0,0.000999059
1,1,0.9993782
0,0,0.0023209907
0,0,0.06572307
0,0,0.0037771966
0,0,0.2530136
1,1,0.9998634
0,0,0.0096168835
0,0,0.0063225892
0,0,0.0033358384
0,0,0.010742984
0,0,0.0039704326
0,0,0.0025685593
0,0,0.07999644
1,1,0.79129714
0,0,0.0069473567
1,1,0.99968517
1,1,0.9977143
1,1,0.99733055
1,1,0.9853858
0,0,0.006824472
1,1,0.98973656
0,0,0.0007060455
0,0,0.0024401974
1,1,0.99908257
1,1,0.9965834
1,0,0.0068615125
1,1,0.9995982
1,1,0.9993488
0,0,0.01530233
1,1,0.8347874
0,0,0.004642644
1,1,0.9865671
1,1,0.9994491
0,0,0.0013309936
0,0,0.010589546
1,1,0.77050483
1,1,0.92042905
1,1,0.8660895
0,0,0.007632171
0,0,0.010931944
1,1,0.99949634
1,1,0.9988035
0,0,0.00497723
0,1,0.5315953
1,1,0.99911875
0,0,0.028456308
0,0,0.006583042
0,0,0.012740905
1,1,0.9995982
1,1,0.9987086
0,0,0.24531077
1,1,0.83844745
1,1,0.99826413
0,0,0.04134707
1,1,0.99757415
1,1,0.99864596
0,1,0.5197765
1,1,0.99022585
0,0,0.016794644
1,1,0.9982481
1,1,0.8940243
0,0,0.0065327566
0,0,0.0027935717
1,1,0.9986528
0,0,0.0035341596
0,0,0.012664133
1,1,0.9908166
1,1,0.9906205
0,0,0.027913911
0,0,0.004484364
0,0,0.061640166
1,1,0.9987336
1,1,0.99929893
1,1,0.99787295
1,1,0.9679061
1,1,0.99985075
0,0,0.0035631997
0,0,0.015007649
1,1,0.9985676
1,1,0.8050126
1,1,0.9978671
1,1,0.9292122
1,1,0.9982284
1,1,0.9843424
0,0,0.0013286821
0,0,0.005969257
0,0,0.0022739084
1,0,0.30762592
1,1,0.9996581
1,1,0.9989723
1,0,0.41838986
0,0,0.0074651074
1,1,0.918986
1,1,0.99951196
1,1,0.9957033
1,1,0.99366283
1,1,0.918038
1,1,0.9884235
0,0,0.0028760908
1,0,0.46190795
1,1,0.99880767
1,1,0.8918869
1,1,0.9626839
1,1,0.9954182
1,1,0.96879005
0,0,0.071371466
1,1,0.9875414
1,1,0.9985825
1,1,0.9980275
0,0,0.0028475567
1,1,0.99929917
1,1,0.9971517
0,0,0.005343763
1,1,0.99784136
0,0,0.0062099937
0,0,0.009882351
0,0,0.005283
1,1,0.9983694
1,1,0.9786017
1,1,0.9997557
1,1,0.9985637
0,0,0.009224205
0,0,0.002099817
0,0,0.005757915
1,1,0.9969432
0,0,0.0065327566
0,0,0.26887408
0,0,0.0079577025
1,1,0.9989747
0,0,0.0038999468
1,1,0.91803336
0,0,0.0035876383
0,0,0.011686223
1,1,0.9598446
0,0,0.0045612007
0,0,0.0040592626
1,1,0.997591
0,0,0.0069967913
0,0,0.0020144505
0,0,0.006749524
1,1,0.9997632
0,1,0.83782107
1,1,0.85893744
0,0,0.002664044
0,0,0.0025133993
0,0,0.007153527
0,1,0.537913
1,1,0.9993642
0,0,0.009430404
0,0,0.002649519
1,1,0.9997222
0,0,0.0014885389
0,0,0.002106928
1,1,0.99938166
0,0,0.059876736
0,1,0.83121455
0,0,0.007376575
1,1,0.9995486
1,1,0.9994646
1,1,0.9614285
0,0,0.019851021
0,0,0.0022412073
1,1,0.99619424
1,1,0.999731
1,1,0.99889225
1,1,0.99977165
0,0,0.004300256
1,1,0.99919075
1,1,0.9879209
0,0,0.0029427567
1,1,0.999731
0,0,0.0031470547
0,0,0.00430735
1,1,0.98667765
1,1,0.99627423
1,1,0.99831593
1,1,0.9994722
0,0,0.0027209464
1,1,0.9989225
0,0,0.002204343
1,1,0.99777156
1,1,0.99821246
1,1,0.9992555
0,0,0.0055961837
1,1,0.9277783
1,1,0.99968517
0,0,0.007117209
0,0,0.0020153422
1,1,0.99989736
0,0,0.0029240754
1,1,0.9993641
1,1,0.9158197
0,0,0.0038126553
1,1,0.9998568
0,0,0.0074460646
0,0,0.018544134
0,0,0.0017253072
1,1,0.9991327
0,0,0.007612214
1,1,0.99946636
0,0,0.0014150107
1,0,0.35200894
1,1,0.9992555
1,1,0.99550664
1,1,0.9858985
0,0,0.0048012305
1,0,0.015431947
0,0,0.015863739
0,0,0.004014522
0,0,0.0035000474
1,1,0.9994746
0,0,0.004479075
0,0,0.0034064113
1,1,0.99976116
0,0,0.006278019
0,0,0.0032053571
1,1,0.9578103
1,1,0.9903178
0,0,0.007117209
0,0,0.003519053
1,1,0.9989084
0,0,0.019175338
1,1,0.99689317
0,0,0.013795637
1,1,0.999696
1,1,0.9992818
0,0,0.01436513
0,0,0.0020369221
0,0,0.006323104
0,0,0.0009825082
0,0,0.0057624206
1,1,0.9971269
1,1,0.99567646
1,1,0.9877293
1,1,0.9575021
1,1,0.9981001
1,1,0.99963903
0,1,0.79078346
0,0,0.0022592044
1,1,0.99967515
0,0,0.0041816426
1,1,0.99081147
0,0,0.0011889102
0,0,0.0018740864
1,1,0.99898285
0,0,0.0037703163
1,1,0.9991535
1,1,0.93736607
0,0,0.0027034585
1,1,0.772902
0,0,0.0016362236
0,0,0.0018472932
0,0,0.0033232097
1,1,0.9502066
1,1,0.9995479
0,0,0.0079967845
1,1,0.94074005
1,1,0.9546999
0,0,0.008273464
1,1,0.9990109
1,1,0.99121547
0,0,0.0125715
1,1,0.9994253
1,1,0.9991559
1,1,0.91462725
1,1,0.9993131
0,0,0.0058241882
1,1,0.99732983
0,0,0.0045996737
1,1,0.9982743
1,1,0.99961805
0,0,0.003713297
0,0,0.002358929
0,0,0.0023058723
1,1,0.9982474
1,1,0.99965453
1,1,0.9857099
1,1,0.9575752
0,0,0.004325179
0,0,0.0016362236
1,1,0.9995165
1,1,0.9668769
1,1,0.9746902
0,0,0.004208248
0,0,0.0004972277
0,0,0.0058528176
0,0,0.0011359558
0,0,0.00048557317
1,0,0.0059834714
0,0,0.0067772577
0,0,0.048747215
0,0,0.004335374
0,0,0.0035896946
0,0,0.003730042
0,0,0.004302304
0,0,0.0044686943
0,0,0.2496767
0,0,0.009437578
0,0,0.005910374
1,1,0.9995869
1,1,0.9986784
1,1,0.99803656
1,1,0.9993155
1,1,0.99953675
1,1,0.9987828
0,0,0.006384136
1,1,0.91174626
0,0,0.0034111622
0,0,0.02607928
1,1,0.9985378
1,1,0.9993211
1,1,0.9997429
0,0,0.009137428
1,1,0.9358093
1,1,0.9995552
0,0,0.043388344
0,0,0.0068600113
1,1,0.9805534
1,1,0.99873465
1,1,0.9986594
1,1,0.6988004
0,0,0.005239505
0,0,0.010566953
1,1,0.99941254
0,0,0.0046054674
0,1,0.67783827
0,0,0.0034739675
1,1,0.9356841
1,1,0.9985642
1,1,0.9992693
0,0,0.0038717021
0,0,0.0045116856
0,0,0.03411608
1,1,0.97163796
0,0,0.0048340964
1,1,0.9996854
1,1,0.7873968
1,1,0.7951117
0,0,0.0023558561
0,0,0.0074263304
1,1,0.9987913
1,1,0.9979645
1,1,0.99963343
1,0,0.24400336
1,1,0.7727126
1,1,0.98761857
1,1,0.9994797
0,0,0.0040592626
0,0,0.011954393
0,0,0.007777077
1,1,0.99842346
0,0,0.0044686943
1,1,0.9996637
0,1,0.51107204
1,1,0.99982256
1,1,0.97985977
1,1,0.9987816
1,1,0.97720313
0,0,0.00940614
1,1,0.95034736
0,0,0.005300288
0,0,0.004168419
1,1,0.867195
0,0,0.008161682
1,1,0.9909603
0,0,0.0035169953
0,0,0.0051788627
0,0,0.016606722
1,1,0.9992555
1,1,0.9713642
1,1,0.99696285
0,1,0.909399
0,0,0.0050445716
0,0,0.009893676
1,1,0.9991937
1,1,0.7926321
1,1,0.9326744
0,0,0.0045996737
1,1,0.9997069
1,1,0.99962115
0,0,0.005239505
0,0,0.051189188
0,0,0.016943147
1,1,0.99776936
0,0,0.006212378
0,0,0.0052669393
1,1,0.9995073
0,0,0.0063344063
0,0,0.0032342933
1,1,0.97284734
0,0,0.0022739084
1,1,0.9993337
0,0,0.003182322
0,0,0.0020785648
0,0,0.00669974
0,0,0.0029717714
0,0,0.004687481
1,1,0.99861574
1,1,0.9982834
1,1,0.9840276
0,0,0.0011280355
0,0,0.0034982134
0,0,0.0070156846
0,0,0.005411089
1,1,0.9995548
1,1,0.97458726
0,0,0.007117209
0,0,0.0040108473
1,1,0.9488226
0,0,0.0032802613
0,0,0.0049032974
1,1,0.9995827
1,1,0.96815825
0,0,0.004396538
0,0,0.030605078
0,0,0.0035092097
1,1,0.99992466
1,1,0.9980147
1,1,0.96381795
0,0,0.0076269535
0,0,0.008732719
1,1,0.9995827
0,0,0.004595185
1,1,0.99880147
0,0,0.0034176852
1,1,0.99968374
1,1,0.9990496
1,0,0.4632017
1,1,0.6568745
1,1,0.99928707
1,1,0.9991615
0,0,0.0065576755
1,1,0.9971493
0,0,0.0085973
0,0,0.0075134076
0,0,0.00048557317
1,1,0.99917716
0,0,0.0013286821
1,1,0.9899142
1,1,0.9987295
1,1,0.9410406
1,1,0.9987179
1,1,0.97550803
0,0,0.006378277
1,1,0.9960788
0,0,0.0029979283
0,0,0.0011641136
1,1,0.9993749
0,1,0.5940678
1,1,0.9991092
1,1,0.99945587
1,1,0.7802665
1,1,0.9993838
1,1,0.998456
0,0,0.003019155
1,1,0.99559754
0,0,0.012442287
1,1,0.9994122
1,1,0.91323054
0,0,0.0058224266
1,1,0.99733573
1,1,0.9988432
0,0,0.0135733625
1,1,0.99918896
0,0,0.04587027
0,0,0.0037228775
1,1,0.86325395
1,1,0.99969494
1,1,0.99981374
0,0,0.0031373508
0,0,0.0030448851
0,0,0.0068012704
1,1,0.997338
0,0,0.005350458
0,0,0.005035581
1,1,0.9993887
0,0,0.0135733625
1,1,0.9987877
1,1,0.93077624
0,0,0.0040906584
1,1,0.9901097
1,1,0.99953425
0,0,0.0035000474
1,1,0.99863064
1,1,0.9994006
0,0,0.021333043
1,0,0.36946443
1,1,0.99774855
1,1,0.93078935
1,1,0.9989511
1,1,0.999268
1,1,0.9920982
1,1,0.97604275
0,0,0.0020631785
0,0,0.0045458595
0,0,0.0062281447
0,0,0.0010659696
1,1,0.98035794
0,0,0.0029411928
1,1,0.9986261
0,0,0.0025670326
1,1,0.99213904
1,1,0.9989201
0,0,0.07125034
1,1,0.9536405
1,1,0.99036074
1,1,0.9991961
0,0,0.0037790777
0,0,0.0025501966
1,1,0.9995697
0,0,0.006934066
1,1,0.9965861
1,1,0.99966216
0,0,0.00394337
1,1,0.99507785
1,1,0.99596196
1,1,0.8976044
0,0,0.0125024095
1,1,0.99663985
1,1,0.9977738
1,1,0.9746763
0,0,0.0053317375
0,0,0.005595977
0,0,0.0038999468
0,0,0.005972899
0,0,0.00540907
0,0,0.0029876984
0,0,0.0035169953
1,1,0.99970216
0,0,0.0043840157
1,1,0.9964439
0,0,0.005440328
0,0,0.007891481
0,0,0.0072275344
1,1,0.99460286
1,1,0.9988807
1,1,0.9987208
0,0,0.0029942591
1,1,0.9938152
0,0,0.001181421
1,1,0.9987949
0,0,0.003448802
1,1,0.9982893
0,0,0.16653751
1,1,0.9997216
0,0,0.0022574358
0,0,0.0073097157
1,1,0.9966893
1,1,0.9993414
0,0,0.006989199
1,1,0.99895716
0,0,0.0018231354
1,1,0.99936384
0,0,0.0059652263
0,0,0.005456632
1,1,0.99946386
1,1,0.98535454
1,1,0.7385548
1,1,0.90869254
0,0,0.0017721765
1,1,0.9292536
0,0,0.004814717
0,0,0.0009553509
0,0,0.010388222
0,0,0.005456632
0,0,0.03714115
0,0,0.054514974
0,0,0.3845474
1,1,0.99995446
0,0,0.0034033805
1,1,0.99672073
0,0,0.003608748
0,0,0.0012515886
0,0,0.0053862534
0,0,0.0057994053
0,0,0.00395892
0,0,0.0027646902
0,0,0.002106928
0,0,0.32149374
0,0,0.007856041
1,1,0.99759954
1,1,0.99920243
0,0,0.0037664066
1,1,0.99965715
0,0,0.002930313
0,0,0.009240418
0,0,0.0019256328
0,0,0.0037050906
0,0,0.0011433271
0,0,0.006047921
0,0,0.0049652336
0,0,0.004599036
1,1,0.9993293
0,0,0.021275071
1,1,0.9998609
0,0,0.010473271
1,1,0.9983425
0,0,0.008389219
0,0,0.081410766
1,1,0.9998172
1,1,0.99693286
1,1,0.99478805
1,1,0.9801595
0,0,0.0054699336
0,0,0.067310326
1,0,0.3860969
0,0,0.006513017
0,0,0.0040108473
0,0,0.0044550914
1,1,0.9991385
0,0,0.0317321
1,1,0.9992003
1,1,0.99847966
0,0,0.0062145893
0,0,0.0067301895
1,1,0.99981767
0,0,0.0040800944
1,1,0.9988493
0,0,0.004350188
1,1,0.9997639
0,0,0.001835942
1,1,0.92723304
0,0,0.002917465
0,0,0.003914028
0,0,0.004721682
1,1,0.9993843
0,0,0.0018589771
1,1,0.99837375
1,1,0.99970055
0,0,0.0023720767
1,1,0.9969773
1,1,0.9921312
1,1,0.99926573
0,0,0.005847285
0,0,0.005456632
1,1,0.99943036
1,1,0.99931467
0,0,0.0018817264
1,1,0.9997031
1,1,0.9996363
1,1,0.99942625
1,1,0.98354167
1,0,0.48577926
0,0,0.0039455546
0,0,0.002290758
0,0,0.0048865858
1,1,0.9998473
1,1,0.9987135
0,0,0.0052450704
1,1,0.99912614
0,0,0.040466614
1,1,0.99946266
0,0,0.12176756
0,0,0.003693627
0,0,0.0029027122
0,0,0.0044141454
1,1,0.99939966
1,1,0.99936515
1,1,0.9796174
0,0,0.01613652
0,0,0.0023012299
0,0,0.0076373117
1,1,0.99963415
1,1,0.9993987
1,1,0.9988689
1,1,0.98559165
0,1,0.84320307
1,1,0.99858165
0,0,0.0019867944
1,1,0.99962556
1,1,0.93853426
1,1,0.99933016
1,1,0.80367965
1,1,0.9996259
1,1,0.79857665
1,1,0.9933531
0,0,0.002738809
0,0,0.0033232097
1,1,0.99940956
0,0,0.0011280355
1,1,0.9993413
0,0,0.0076163574
1,1,0.94363546
1,1,0.97990376
0,0,0.0010770444
0,0,0.002575722
0,0,0.013411159
0,0,0.002768675
1,1,0.9993548
0,0,0.005410201
1,1,0.99439806
0,0,0.0019396159
0,0,0.0028760908
0,0,0.0020232804
1,1,0.99973744
1,1,0.99636096
1,1,0.84814405
1,1,0.9988417
0,1,0.94016385
0,0,0.07136367
1,0,0.49797907
0,0,0.0023814554
1,1,0.9967456
0,0,0.0023720767
0,0,0.00516917
0,0,0.0051039862
0,0,0.006875089
1,1,0.95645744
0,0,0.35604978
1,1,0.99978083
1,1,0.9862665
0,0,0.005442472
1,1,0.998906
0,0,0.0031745126
1,1,0.9696684
0,0,0.008330108
1,1,0.99855334
1,1,0.9992824
1,1,0.93010235
1,1,0.99824405
1,1,0.9973814
0,0,0.16725391
1,1,0.9982498
1,0,0.33459583
0,0,0.012170681
0,0,0.0070152325
1,1,0.9992737
0,0,0.1738126
1,1,0.9992169
0,0,0.00797846
0,0,0.01689126
1,1,0.99843484
1,1,0.9993523
0,0,0.14549571
0,0,0.106974356
0,0,0.004476911
0,0,0.008259309
0,0,0.024609517
0,0,0.003100282
1,1,0.9740825
1,1,0.9994265
1,1,0.99957865
1,1,0.9994318
0,0,0.0060683093
1,1,0.978795
0,0,0.0035618015
1,1,0.7482983
1,1,0.9995078
1,1,0.9997826
0,0,0.008238431
0,0,0.006798929
1,1,0.9991424
0,0,0.0033564796
0,0,0.22063121
0,0,0.010098396
0,0,0.00343593
0,0,0.0074539236
0,0,0.0023962748
0,0,0.00401464
0,0,0.0031311293
1,1,0.9994943
1,1,0.9794587
0,0,0.0035655333
1,1,0.9976927
0,0,0.30693904
0,0,0.0043562623
0,0,0.33207968
0,0,0.033999324
1,1,0.99935466
1,1,0.903178
0,0,0.0011854306
1,1,0.99973613
1,1,0.99968994
0,0,0.00046638105
0,0,0.0023255455
1,1,0.9997464
1,1,0.9997031
0,0,0.006152246
0,0,0.0053332904
1,1,0.97907215
1,1,0.9988508
0,0,0.001854976
0,0,0.0043561733
0,0,0.0053906515
1,1,0.99984014
1,1,0.9993327
0,0,0.0026148974
1,1,0.99817
0,0,0.0052086436
0,0,0.0019817848
0,1,0.5928809
0,0,0.11912109
1,1,0.81359637
0,0,0.0052856016
1,1,0.99976176
0,0,0.29083282
0,0,0.19014192
1,1,0.99881184
0,0,0.003956439
0,0,0.002204343
0,0,0.0029829436
1,1,0.99969935
0,0,0.0044183573
1,1,0.9993211
0,0,0.00430735
0,0,0.0025917927
1,1,0.98412424
1,1,0.9383339
1,1,0.99565303
1,1,0.99854976
0,0,0.09793775
1,1,0.9997527
1,1,0.9990381
0,0,0.003165335
1,1,0.99885774
1,1,0.95909846
0,0,0.00147375
1,1,0.99939644
0,0,0.0016108758
1,1,0.75005823
0,0,0.0016388594
1,1,0.9979576
0,0,0.008968829
1,1,0.9268523
0,0,0.015103288
0,1,0.8917972
0,0,0.0036925902
0,0,0.004642644
1,1,0.9994604
1,1,0.949097
0,0,0.0048218695
0,0,0.0069133155
1,1,0.9980032
1,1,0.9998349
0,0,0.0077746822
0,0,0.005170289
1,1,0.9986028
1,1,0.99847084
0,0,0.0029248274
1,1,0.9922098
0,0,0.0038113606
0,0,0.12920731
1,1,0.9994671
0,0,0.0032576988
1,1,0.9997347
0,0,0.0030135596
0,0,0.005785093
0,0,0.0057066893
1,1,0.75547385
0,0,0.004804262
1,1,0.9993026
0,0,0.0038294592
0,0,0.009816253
1,1,0.9995726
0,0,0.0046277805
1,1,0.997726
1,1,0.9979101
0,0,0.004427352
1,1,0.9836849
1,1,0.99448293
0,0,0.005384512
0,0,0.00991934
1,1,0.9985844
0,0,0.01049266
1,1,0.99933016
1,1,0.7477362
0,0,0.17261371
1,1,0.99965584
0,0,0.0070170998
0,0,0.010756209
1,1,0.99510324
1,1,0.99988246
0,1,0.5286603
1,1,0.9604011
1,0,0.25817427
0,0,0.005847285
0,0,0.0051887035
1,1,0.99926907
0,0,0.0059834714
0,0,0.005358043
0,0,0.002196953
1,1,0.95900536
0,0,0.0029248274
1,1,0.9395234
0,0,0.02726123
1,1,0.99898
1,1,0.999534
0,0,0.004768637
1,1,0.9995962
1,1,0.99833775
0,0,0.0059353723
1,1,0.99899477
0,0,0.0045004305
0,0,0.010296884
1,1,0.72186583
0,0,0.004325179
1,1,0.99929285
1,1,0.9897115
1,1,0.9966899
0,0,0.0035024649
0,0,0.013556855
1,1,0.96651846
1,1,0.9995111
0,0,0.010392962
1,1,0.99976903
1,1,0.9638708
0,0,0.0004793484
1,1,0.99924856
1,1,0.9995633
0,0,0.004921525
0,0,0.0058521517
0,0,0.0713547
0,0,0.0038160777
1,1,0.9996536
0,0,0.003974521
1,1,0.9992368
0,0,0.003644761
1,1,0.9553723
0,0,0.0038019144
0,0,0.0038288515
1,1,0.99930346
0,0,0.002985662
1,1,0.9994885
1,1,0.9771071
1,1,0.9993648
1,1,0.9995111
0,0,0.0047930013
1,1,0.9990005
0,0,0.0023678986
0,0,0.002640731
1,1,0.9608956
0,0,0.0025685593
0,0,0.3915168
0,0,0.0037505324
1,1,0.99584806
1,1,0.9990484
1,1,0.80416316
0,0,0.002640731
0,0,0.0021115388
0,0,0.0036538022
0,0,0.00479519
0,0,0.0030432905
1,1,0.9910255
1,1,0.9996146
0,0,0.002011728
1,1,0.9992447
0,1,0.94890785
0,0,0.051153433
1,1,0.9997892
0,0,0.0018898633
1,1,0.9995541
0,0,0.018183745
0,0,0.014098527
1,1,0.99759954
1,1,0.9899261
1,0,0.42115343
0,0,0.0040233913
0,0,0.0032811593
0,0,0.004265232
0,0,0.0044201114
0,0,0.002050158
1,1,0.9995455
1,1,0.9026957
0,1,0.8559419
0,0,0.00564592
1,1,0.99121547
1,1,0.9976967
0,0,0.006212378
0,0,0.0035256643
0,0,0.15597422
1,0,0.004815181
0,0,0.0031276036
0,0,0.0022484472
0,0,0.0054122875
0,0,0.0035365985
1,1,0.5307029
1,1,0.72106063
1,1,0.9909614
0,0,0.0017443466
0,0,0.0051155877
0,0,0.003149946
1,1,0.99945396
1,1,0.99880564
0,0,0.0044774255
1,1,0.99514055
0,0,0.007612214
0,0,0.0024099927
1,1,0.99907696
0,0,0.0074460646
1,0,0.009531062
1,1,0.9908921
0,0,0.003037906
0,0,0.0044291057
1,1,0.99941254
1,1,0.99833906
1,1,0.9985668
0,0,0.0017154457
0,0,0.0034693188
1,1,0.9770446
0,0,0.01949508
0,0,0.002914202
0,0,0.003974521
0,0,0.010538663
1,1,0.9983064
1,1,0.9993773
0,0,0.0007479809
1,1,0.98206884
1,1,0.9990483
0,0,0.0029248358
1,1,0.9911848
1,1,0.99802065
0,0,0.021008568
0,0,0.43097615
0,0,0.0049032974
1,1,0.9996774
0,0,0.0032576988
1,1,0.99970573
0,0,0.0082693845
0,0,0.0034393636
0,0,0.014940292
1,1,0.99961287
0,0,0.005431792
1,1,0.99228776
0,0,0.003926378
1,1,0.9169047
1,1,0.8157882
0,0,0.003538012
1,1,0.9991097
1,1,0.99918956
1,1,0.99931204
1,1,0.9993703
1,1,0.99887484
1,1,0.96980244
0,0,0.00079621613
0,0,0.004636291
1,1,0.87301743
0,0,0.003073622
1,1,0.79112244
1,1,0.99955875
0,0,0.001792929
1,1,0.99932516
0,0,0.0029027122
1,1,0.85234576
0,0,0.008862404
1,1,0.9997178
1,1,0.99928707
0,0,0.0063595646
1,1,0.9998055
0,0,0.00401464
1,1,0.9989108
0,0,0.07676585
0,0,0.0037753975
0,0,0.0022484472
0,1,0.99935573
0,0,0.0037996664
0,0,0.0041072113
1,1,0.9988966
1,1,0.8901111
0,0,0.0037790777
1,1,0.56229717
1,1,0.9984249
0,0,0.012634998
0,0,0.0053290552
0,0,0.007986355
0,0,0.007683342
1,1,0.98450005
0,0,0.014256515
0,0,0.006182106
1,1,0.9991604
1,0,0.46374452
0,0,0.0028157574
1,0,0.32578635
1,1,0.9995776
1,1,0.834092
1,1,0.97455525
1,1,0.7628663
1,1,0.9987801
0,0,0.003047299
0,0,0.006204111
1,1,0.9993774
1,1,0.9916824
0,0,0.0029571
1,1,0.99598265
0,0,0.0038423757
1,1,0.9994215
1,1,0.99971896
1,1,0.99914455
0,1,0.65779835
0,0,0.034946777
0,0,0.008969422
0,0,0.31599104
0,0,0.0022539063
1,1,0.99934345
0,0,0.0053809322
0,0,0.008548222
1,1,0.9974809
0,0,0.0032811593
0,1,0.8473923
1,1,0.99349207
0,0,0.0065452587
1,1,0.97703844
0,0,0.0017227549
1,1,0.99981993
1,1,0.9991621
0,0,0.005283546
1,1,0.99876344
0,0,0.0063603274
0,0,0.002705003
1,1,0.9992901
0,0,0.014097492
0,0,0.0022273383
0,0,0.15973629
1,1,0.999556
1,1,0.9554433
1,1,0.9999052
0,0,0.00055761746
0,0,0.0031868084
1,1,0.9980428
0,0,0.0035404454
1,1,0.99814415
0,0,0.0040108473
1,1,0.99937963
1,1,0.9073835
0,0,0.005410201
1,1,0.9886268
0,0,0.0030205962
0,0,0.0074498956
0,0,0.0021631678
0,0,0.0034098173
1,1,0.9991371
0,0,0.0065655517
1,1,0.9981096
0,0,0.10779766
1,1,0.91359735
0,0,0.26327586
0,0,0.0023076357
0,0,0.016133621
0,0,0.0014627784
1,1,0.9988625
1,1,0.9984616
1,1,0.8347199
1,1,0.95953214
1,1,0.6256235
1,1,0.99981505
0,0,0.002702875
0,0,0.0023245576
0,0,0.0013479115
0,0,0.0027283214
1,1,0.99835724
1,1,0.9988324
1,1,0.99944776
0,0,0.0040592626
0,0,0.017377121
0,0,0.005106098
0,0,0.002952912
1,1,0.8665898
1,1,0.990659
1,1,0.9995528
1,1,0.9427257
0,0,0.007117209
0,0,0.03923704
0,0,0.0022397223
1,1,0.9998332
1,1,0.98473907
0,0,0.020418786
1,1,0.9883624
0,0,0.34682474
0,0,0.0017783119
1,1,0.9996966
0,0,0.005410201
1,1,0.9998677
0,0,0.0048261066
1,1,0.999348
0,0,0.01690685
1,1,0.95040727
1,1,0.99957484
1,1,0.9984432
0,0,0.0019432192
1,1,0.9766733
1,1,0.9996019
0,0,0.004427352
0,0,0.005588936
1,1,0.9993309
1,1,0.99969184
1,1,0.9997205
1,1,0.9724292
0,0,0.0058045294
0,0,0.004405378
1,1,0.99864596
1,1,0.9998332
1,1,0.946766
1,1,0.9997415
1,1,0.9664482
1,1,0.9996834
0,0,0.005910374
1,1,0.9996321
1,1,0.99348867
1,1,0.9995679
0,0,0.021661557
1,1,0.9393029
1,1,0.95283
0,0,0.0034450446
1,1,0.99968743
1,1,0.99934775
0,0,0.0067284843
1,1,0.99761033
1,1,0.9993438
1,1,0.99911875
1,1,0.99852175
0,0,0.0022243464
1,1,0.9980118
1,1,0.99926513
1,1,0.9987791
1,1,0.99913883
1,1,0.976999
1,1,0.9988218
1,1,0.99869674
0,0,0.0031470547
0,0,0.004478203
0,0,0.0032576988
0,0,0.002138194
0,0,0.0033159887
1,1,0.99876523
1,1,0.99864954
1,1,0.99956006
0,0,0.00847127
1,1,0.96430194
1,1,0.9518532
1,1,0.9741935
1,1,0.9967032
1,1,0.98539424
0,0,0.00653111
0,0,0.030195815
1,1,0.9932374
0,0,0.0027487434
0,0,0.009662981
1,1,0.72958124
1,1,0.9845256
1,1,0.99918216
1,1,0.9861799
1,1,0.6951421
1,1,0.9994986
0,0,0.03375529
0,0,0.0035141138
0,0,0.005785093
0,0,0.0053862534
0,0,0.000920122
1,1,0.99813133
1,1,0.99931884
0,0,0.015313198
1,1,0.9978624
0,0,0.0058034975
0,0,0.007980913
1,1,0.9503846
0,0,0.006657894
0,0,0.0040227324
1,1,0.95879567
1,1,0.99942964
0,0,0.0019721282
1,1,0.9986682
0,0,0.4271201
1,1,0.9844481
1,1,0.9970276
1,1,0.9989858
0,0,0.00793365
0,0,0.0083441585
1,1,0.71850437
1,1,0.51589763
0,0,0.003630784
1,1,0.82625794
0,0,0.002229777
1,1,0.99931884
1,1,0.9987299
1,1,0.9975453
1,1,0.9981096
1,1,0.99534816
1,1,0.99954164
1,1,0.98864275
1,1,0.9730473
1,1,0.99962187
0,0,0.005999025
0,0,0.01129647
1,1,0.99951863
1,1,0.9487879
1,1,0.99941957
1,1,0.9987393
0,0,0.0032156694
0,0,0.0060594543
1,1,0.9968899
0,0,0.005847285
0,0,0.0039704326
1,1,0.9235439
1,1,0.9945543
0,0,0.4379434
1,1,0.9104123
0,1,0.8831095
1,1,0.9995041
1,1,0.9604066
1,1,0.9925585
1,1,0.7607996
0,0,0.0034784654
0,0,0.007160036
1,1,0.9989448
0,0,0.006015314
0,0,0.005358043
0,0,0.002705003
0,0,0.0123577025
0,0,0.002863261
0,0,0.1019065
1,1,0.9995215
1,1,0.9992724
1,1,0.9994987
1,1,0.99898833
1,1,0.9986524
0,0,0.002930313
1,1,0.9996444
1,1,0.9997235
1,1,0.99942636
0,0,0.0036421001
0,0,0.0055480646
1,1,0.999539
0,0,0.0050537414
0,0,0.0031311293
1,1,0.99989736
0,0,0.00867645
0,0,0.011784071
0,1,0.5417763
0,0,0.0019867944
0,0,0.008887612
0,1,0.89991015
0,0,0.00890631
1,1,0.9843486
1,1,0.99935347
0,0,0.002748725
1,1,0.9973558
0,0,0.010678271
0,0,0.011468608
0,0,0.009666258
0,0,0.01018438
0,0,0.0022294861
0,0,0.0033349681
0,0,0.0033133738
1,1,0.99894804
1,1,0.9782462
0,1,0.6003331
0,0,0.006890512
1,1,0.98667765
1,1,0.9987883
0,0,0.0010806513
0,0,0.0019643512
1,1,0.99394894
0,1,0.911641
1,1,0.9882509
0,0,0.07026298
0,0,0.29127705
1,1,0.9865546
1,1,0.97428066
1,1,0.9980038
1,1,0.9990753
1,1,0.9603841
0,0,0.110728875
1,1,0.99963653
0,0,0.00516321
1,1,0.9990676
1,1,0.9976927
1,1,0.99928695
0,0,0.0051626717
0,0,0.0035741753
1,1,0.9987766
1,1,0.9993736
0,0,0.0035576303
1,1,0.9994332
0,0,0.006465949
1,1,0.99953675
0,0,0.0024401974
0,0,0.005339456
1,1,0.9994092
0,0,0.16433746
1,1,0.9992473
1,1,0.9995708
1,1,0.9992693
1,1,0.99914753
0,0,0.0034739675
0,0,0.0035409923
1,1,0.9946136
0,0,0.011229905
0,0,0.0036247736
1,1,0.92856246
1,1,0.997143
0,1,0.6547038
0,0,0.0022528877
1,1,0.99260277
0,0,0.0018297683
1,1,0.9993143
0,0,0.0046517863
0,0,0.008674928
1,1,0.9978671
0,0,0.0031078989
0,0,0.002934875
0,0,0.0019576587
1,1,0.9981863
0,0,0.00981889
0,0,0.37527636
0,0,0.021660333
0,0,0.005042193
1,1,0.99901164
0,0,0.0033825482
1,1,0.9994842
0,0,0.0031373508
0,0,0.0033359684
0,1,0.5954721
0,0,0.014137758
0,0,0.0026738134
1,1,0.9984022
1,1,0.88535786
1,1,0.998665
1,1,0.99689317
0,0,0.16126762
0,0,0.010143077
1,1,0.9360819
1,1,0.9991093
1,1,0.9989524
0,0,0.002518629
1,1,0.99944264
1,1,0.9998524
1,1,0.99963987
0,0,0.0006441563
0,0,0.0013712647
1,1,0.9981325
0,0,0.003152085
1,1,0.9996779
0,0,0.0026042229
1,1,0.99895203
0,0,0.0024447145
1,1,0.9993685
0,0,0.0047351397
0,0,0.0006853888
1,1,0.99551094
0,0,0.0033912864
1,1,0.83275694
0,0,0.0014340421
1,1,0.9989549
0,0,0.0030287912
1,1,0.99848455
1,1,0.9039457
1,1,0.9726567
0,0,0.0036699886
0,0,0.002857743
0,0,0.001994276
1,1,0.9598276
0,0,0.008101061
1,1,0.9911705
1,1,0.84785765
1,1,0.9992555
1,1,0.97704005
1,1,0.9014775
1,1,0.99842346
1,1,0.9965834
1,1,0.99803084
0,0,0.005001938
0,0,0.0034671335
0,0,0.0037784907
1,1,0.9994413
0,0,0.002640731
1,1,0.9876337
0,0,0.004603924
0,0,0.003510439
1,1,0.9983064
0,0,0.0032576988
1,1,0.97406673
1,1,0.9993243
0,0,0.0008247442
1,1,0.90608585
1,0,0.30793762
1,1,0.9973232
1,1,0.9966912
1,1,0.90546775
0,0,0.021136371
0,0,0.0030516132
1,1,0.9979545
0,0,0.0043632397
0,0,0.0020015028
1,1,0.8726845
1,1,0.9985862
1,1,0.99953294
1,1,0.99911875
1,1,0.9988488
0,0,0.0009278971
0,0,0.0017252192
1,1,0.9225795
1,1,0.9854224
0,0,0.007962891
1,1,0.99932337
0,0,0.008809231
0,0,0.0046517863
0,0,0.0034234214
1,1,0.9991491
0,0,0.34362417
1,1,0.9997323
0,0,0.003960118
0,0,0.004628694
1,1,0.9469764
0,0,0.0037900603
1,1,0.8351141
0,0,0.050923392
0,0,0.008391207
0,0,0.00940614
0,0,0.002333941
1,1,0.9933066
1,1,0.9991358
0,0,0.0053906515
1,1,0.9988733
0,0,0.005410201
0,0,0.010303008
0,0,0.0054208883
1,1,0.99946994
0,0,0.004086808
1,1,0.9513233
0,0,0.001989077
0,0,0.0029847212
0,0,0.019839743
0,0,0.004552298
0,0,0.00559599
1,1,0.7377399
1,1,0.9714158
0,0,0.0056278203
1,1,0.9906893
1,1,0.9594633
1,1,0.9995435
1,1,0.99789965
0,0,0.0032158329
0,0,0.005609063
1,1,0.99978393
1,1,0.95894915
1,1,0.9991399
1,1,0.99949634
1,1,0.9995608
1,1,0.92679286
0,0,0.012811073
0,1,0.8869332
0,0,0.0038306543
1,1,0.95349807
0,0,0.009404483
0,0,0.014479737
1,1,0.999703
1,1,0.9962127
0,0,0.0025091686
0,0,0.0054352707
1,1,0.9992557
0,0,0.009536506
0,0,0.003264874
0,0,0.0115065975
0,0,0.019660834
0,0,0.002043855
1,1,0.9987173
1,1,0.9996966
0,0,0.003421954
1,1,0.9817426
0,0,0.003427155
0,0,0.0020785648
0,0,0.0025133993
1,1,0.9992054
1,1,0.9964322
1,1,0.9991623
0,0,0.005818547
1,1,0.99957603
0,1,0.8727015
1,0,0.013337629
1,1,0.92276406
1,1,0.9727437
0,0,0.42087266
0,0,0.005361877
0,0,0.002204343
0,0,0.004200199
1,1,0.992861
1,1,0.99977213
1,1,0.9983917
1,1,0.99959666
1,1,0.9989109
0,0,0.4186742
0,0,0.004707903
0,0,0.06263869
1,1,0.9987197
0,0,0.0070514376
0,0,0.0043189614
0,0,0.004995352
0,0,0.010392923
1,1,0.99984014
0,0,0.008011948
1,1,0.9990833
1,1,0.54834396
0,0,0.30501524
0,0,0.0020100493
1,1,0.8709468
1,1,0.98667765
0,0,0.009479685
0,0,0.0011889102
1,1,0.99947673
0,0,0.0014627784
1,1,0.99889994
1,1,0.9981597
1,1,0.9989201
1,1,0.99873453
1,1,0.95848644
0,0,0.007955354
0,0,0.006707446
1,1,0.9990119
1,1,0.985449
0,0,0.0037771966
1,1,0.9838171
1,1,0.98896956
1,1,0.988267
0,0,0.0040483447
1,1,0.9997737
1,1,0.94640976
1,1,0.9993594
0,0,0.003469162
1,1,0.9995982
0,0,0.0189436
0,1,0.6249557
0,1,0.57803637
1,1,0.9981187
0,0,0.003424355
1,1,0.9925585
1,1,0.9996724
1,1,0.9328775
1,1,0.9884235
0,0,0.06085496
1,1,0.99972874
1,1,0.9691529
0,0,0.010678271
0,0,0.008193364
1,1,0.9858409
0,0,0.39676443
1,1,0.9997898
0,0,0.0033232097
0,0,0.014811192
1,1,0.9987326
1,1,0.9994924
1,1,0.99991155
1,1,0.9806178
1,1,0.9478989
1,1,0.9912307
0,0,0.003489012
1,1,0.981043
0,0,0.0022739084
1,1,0.9940211
0,0,0.0037050906
0,0,0.032544073
0,0,0.007900972
0,1,0.82487375
0,0,0.0048218695
0,0,0.0019682597
1,1,0.9981001
1,1,0.9995982
0,0,0.003739603
0,0,0.04431826
1,1,0.8889371
0,0,0.0032135749
0,0,0.008392163
0,0,0.0011756518
0,0,0.0017555434
0,0,0.08052912
1,1,0.99832135
0,0,0.005882814
1,0,0.002382277
1,1,0.97826034
0,0,0.004768637
0,0,0.0056678546
1,1,0.9968659
1,1,0.9963419
1,1,0.9993998
0,0,0.21893108
0,0,0.014340144
1,1,0.9994399
1,1,0.9988386
1,1,0.99974114
1,1,0.9987907
1,1,0.999283
0,0,0.00990935
0,0,0.012586289
0,0,0.023927433
0,1,0.6703759
0,0,0.0047663497
0,0,0.38740405
0,0,0.0019602224
0,0,0.007323853
0,0,0.002833164
1,1,0.99955946
0,0,0.005798578
1,1,0.9989108
0,0,0.0036829382
0,0,0.005246678
1,1,0.9991763
0,0,0.010714107
1,1,0.73591524
1,1,0.9982535
1,1,0.99751556
1,1,0.9998697
1,1,0.99961096
1,1,0.9996418
1,1,0.97861725
0,0,0.008603993
0,0,0.013634539
1,1,0.9677413
0,0,0.008485781
1,1,0.9981767
1,1,0.97423697
0,0,0.004275167
1,1,0.9992574
0,0,0.004319324
0,0,0.003510439
1,0,0.2333763
1,1,0.9001092
0,0,0.003836223
0,0,0.0016042687
1,1,0.9996774
1,1,0.9992248
0,0,0.010121775
0,0,0.009117565
1,1,0.8999153
0,0,0.0032053571
1,1,0.9635889
1,1,0.9995127
0,0,0.0013894036
1,1,0.9981554
1,0,0.14735095
0,0,0.00636891
1,1,0.99969494
0,0,0.0065327566
1,1,0.9875143
1,1,0.9933564
0,0,0.002435846
1,1,0.9995759
0,0,0.017077832
0,0,0.0030412886
0,1,0.6123759
0,0,0.002138194
0,0,0.0054122875
0,0,0.00540907
0,0,0.002460878
0,0,0.0024615747
1,1,0.9943516
0,0,0.014121981
0,0,0.0028951024
0,0,0.0025050712
1,0,0.22488426
1,1,0.92469555
0,0,0.0028370505
1,1,0.7469802
1,1,0.9998685
1,1,0.9912019
1,1,0.9984547
0,0,0.003833614
0,0,0.007480765
0,0,0.0035784403
0,0,0.0060683093
0,0,0.18572333
1,1,0.9984106
1,1,0.99897265
1,1,0.9996213
1,1,0.9647015
1,0,0.46211433
1,1,0.99895155
1,1,0.9905093
1,1,0.9862769
1,1,0.9981679
1,0,0.008036049
0,0,0.001877487
0,0,0.012982791
1,1,0.99944526
1,1,0.9995134
1,1,0.7252282
1,0,0.25473768
0,0,0.00479519
0,0,0.029618632
1,1,0.9995938
1,1,0.62194467
1,1,0.99945945
0,0,0.0039608325
0,0,0.0014329364
1,1,0.93227845
0,0,0.0022909313
0,0,0.0017898056
0,0,0.0026154325
1,1,0.99779356
0,0,0.0021950128
1,1,0.9994492
1,1,0.99946266
0,0,0.006177727
1,1,0.999566
1,1,0.9998429
1,1,0.9995141
0,0,0.0060224915
1,1,0.9988649
1,1,0.9835844
0,0,0.002431388
0,0,0.4302422
0,0,0.010550803
1,1,0.971751
0,0,0.0037771966
0,0,0.0021128533
0,0,0.0015486719
0,0,0.0023519818
1,1,0.9914259
1,1,0.9996717
0,0,0.003926378
0,0,0.0029400117
1,1,0.98554
1,1,0.9992048
0,0,0.000325686
1,1,0.96214885
0,0,0.004533219
0,0,0.0048218695
1,1,0.7498313
1,1,0.89869654
0,0,0.0047663497
1,1,0.9998172
1,1,0.99950504
0,0,0.005847285
1,1,0.98395157
1,1,0.9574195
1,1,0.9425753
1,1,0.99581933
0,1,0.68344206
1,1,0.64050686
0,0,0.0033726161
0,0,0.014651692
0,0,0.0024204878
0,0,0.0026053255
0,0,0.0070733
0,0,0.00041190302
0,0,0.0050828382
0,0,0.0018726928
0,0,0.0072273184
1,1,0.97809553
1,1,0.9996916
0,0,0.0033695481
1,1,0.9997676
0,0,0.01580537
0,0,0.003759678
1,1,0.99941516
0,0,0.12003675
1,1,0.9982388
1,1,0.99954224
0,0,0.008149898
1,1,0.9883659
1,1,0.99824214
1,1,0.9983917
1,1,0.9998661
1,1,0.99838996
1,1,0.9995016
0,0,0.0008359425
0,0,0.003245672
1,1,0.9943546
1,1,0.98667765
0,0,0.0028288579
0,0,0.0059553324
1,1,0.9728857
0,0,0.2790071
0,1,0.92522186
1,1,0.99867463
1,1,0.9298278
1,1,0.99864763
1,1,0.9960181
1,1,0.99826056
1,1,0.7500508
1,1,0.9996594
0,0,0.0028364598
0,0,0.004136767
1,1,0.97437274
0,0,0.0017959516
0,0,0.0044968193
0,0,0.004973635
0,0,0.008096567
0,0,0.0036247736
1,1,0.9992508
1,1,0.98721665
1,1,0.99928194
1,1,0.982418
0,0,0.015973095
0,0,0.0024855812
0,0,0.019319616
1,1,0.999635
0,0,0.006814244
0,0,0.0037913604
0,0,0.21265121
0,1,0.5969046
1,1,0.9995191
0,0,0.0026321022
1,1,0.9995185
1,1,0.99945074
1,1,0.99942744
1,1,0.99927384
0,0,0.0020429816
0,0,0.0034033805
1,1,0.9985802
0,0,0.007069654
0,0,0.13235976
1,1,0.999564
1,1,0.91401
1,1,0.99967134
1,1,0.99932766
1,1,0.9989875
0,0,0.0044988026
1,1,0.9381946
1,1,0.9993742
1,1,0.9998233
1,1,0.99628
1,1,0.9995321
0,0,0.0060224915
0,1,0.98795056
1,1,0.8962375
0,0,0.0029868945
1,1,0.9180772
1,1,0.9770344
0,0,0.00847127
0,0,0.001501792
0,0,0.0037155997
1,1,0.88898546
1,1,0.90041727
0,0,0.016745387
1,1,0.99963343
0,0,0.004335374
0,0,0.0067311525
1,1,0.9996325
1,1,0.99888164
1,1,0.99792457
0,0,0.46145603
1,1,0.9998907
1,1,0.999648
1,1,0.89053553
0,0,0.0029714012
0,0,0.0072893635
1,1,0.9984812
0,0,0.0043148515
1,1,0.99842346
1,1,0.99772567
1,1,0.9982767
1,1,0.84541094
0,0,0.0020899922
0,0,0.005905468
1,1,0.99949586
1,1,0.7401681
0,0,0.024054341
0,0,0.03171103
1,1,0.91037
0,0,0.002715263
1,1,0.97825456
1,1,0.9996001
1,1,0.99852175
1,1,0.94119686
1,1,0.9998958
1,1,0.9991554
0,0,0.0037445668
0,0,0.0052306103
1,1,0.99843687
0,0,0.0030174071
0,0,0.006629763
1,1,0.9959125
0,0,0.009363363
1,1,0.99792814
0,0,0.0026567196
0,0,0.0044193016
1,1,0.9993243
0,0,0.0019643512
0,0,0.0017959516
1,1,0.9986337
1,1,0.9989723
0,0,0.0048762644
0,0,0.0019213494
1,1,0.8564707
0,0,0.0031122838
1,1,0.99923885
0,0,0.009363363
1,1,0.99963677
1,1,0.9919498
0,0,0.0070237177
0,0,0.0011234457
1,1,0.99938273
1,1,0.99921477
1,1,0.7169183
1,1,0.91622293
0,0,0.006536592
1,1,0.9995479
1,1,0.9992023
0,0,0.009175902
1,1,0.9997464
0,0,0.0024446307
1,1,0.99832135
1,1,0.991581
0,0,0.12561794
1,1,0.92604136
1,1,0.9435127
0,0,0.0092075085
0,0,0.0019602224
1,1,0.9765431
1,1,0.9996234
1,1,0.9963341
0,0,0.004629672
0,0,0.002925527
0,0,0.006156743
0,0,0.0024211614
0,0,0.0010530149
0,0,0.0038460884
0,0,0.0044141454
1,1,0.9996532
0,0,0.010987814
1,1,0.9997924
0,0,0.020327833
0,0,0.0021156662
1,1,0.9997205
0,0,0.01081505
0,0,0.0053415406
1,1,0.9998473
0,0,0.002857743
1,1,0.7925686
0,0,0.006303203
1,1,0.9996126
1,1,0.99969625
1,1,0.9981001
0,0,0.004911538
0,0,0.0036103912
0,0,0.0038999468
0,0,0.0041003576
1,1,0.99717194
0,0,0.0047135283
0,0,0.0056678546
0,0,0.0070311744
0,0,0.0048218695
0,0,0.014661161
0,0,0.0016851262
1,1,0.9991147
1,1,0.9991073
1,1,0.9982913
1,1,0.98568404
0,0,0.00340972
1,1,0.9996953
1,1,0.9994617
1,1,0.9983254
1,1,0.98395157
0,0,0.0043730256
1,1,0.9990988
1,1,0.8939757
1,1,0.9998349
0,0,0.008706741
1,1,0.7603265
0,0,0.003037906
0,0,0.44481444
0,0,0.005462592
0,0,0.01081505
0,0,0.002634855
0,0,0.00969955
0,0,0.00642196
1,1,0.99929297
1,1,0.99887925
0,0,0.011229641
1,1,0.9993648
0,0,0.0005621929
0,0,0.0066745435
0,0,0.00788667
1,1,0.9634706
1,1,0.94420975
0,0,0.0011359558
0,0,0.002518629
1,1,0.996366
0,0,0.0059834714
0,0,0.0057624206
0,0,0.0023848996
0,1,0.80759305
0,0,0.03573633
1,1,0.9992507
1,1,0.9995408
0,0,0.007117209
1,1,0.99893683
0,0,0.0029876984
0,0,0.004237229
0,0,0.019012768
0,0,0.0005840125
1,1,0.94422984
0,0,0.011996681
1,1,0.9680911
0,0,0.004484364
0,0,0.005410201
1,1,0.98623866
1,1,0.9984226
0,0,0.02745339
1,1,0.9845256
0,0,0.0010530149
1,1,0.95029503
1,1,0.9995609
1,1,0.9998568
1,0,0.22204322
0,0,0.0060921805
0,0,0.0050273095
1,1,0.99949443
1,1,0.9996524
1,1,0.9974809
0,0,0.0037571269
1,1,0.99958545
1,1,0.9986002
0,0,0.004719919
1,1,0.99946934
1,1,0.9996356
0,0,0.008324245
0,0,0.020574518
1,1,0.9990791
1,1,0.9993406
0,0,0.016604736
1,1,0.96349394
0,0,0.007935055
0,0,0.0022702029
1,1,0.9997695
0,0,0.0051608323
0,0,0.011623672
1,1,0.9217579
1,1,0.99779236
1,1,0.99834275
1,1,0.9997826
1,1,0.99950266
1,1,0.9997423
1,1,0.9989133
1,1,0.99630034
0,0,0.004168993
1,1,0.9985983
0,0,0.10892982
1,1,0.99965036
0,0,0.0043561733
1,1,0.998478
0,0,0.0055442327
1,1,0.9757313
0,0,0.0532056
0,0,0.0022739084
0,0,0.0012653008
0,0,0.0027918424
0,0,0.0016042687
0,0,0.0045176754
1,1,0.99939215
1,1,0.99036247
0,0,0.0016108758
1,1,0.9893044
0,0,0.012544076
1,1,0.9986028
1,1,0.9658232
0,0,0.003960118
1,1,0.996678
0,0,0.0025686217
1,1,0.99906
1,1,0.9985884
1,1,0.99951875
1,1,0.9995678
1,1,0.99964654
0,0,0.01731294
0,0,0.0038613747
1,1,0.99926835
0,0,0.00068359094
0,0,0.008732719
0,0,0.0052514756
0,0,0.0043561733
0,0,0.0011889102
0,0,0.00203433
1,1,0.99356985
0,0,0.0016099894
1,1,0.99687624
0,0,0.003131281
1,1,0.99832135
1,1,0.9991252
0,0,0.003427401
1,1,0.9993319
0,0,0.008259442
1,1,0.9993243
0,0,0.016544152
1,1,0.997827
1,1,0.99832135
0,0,0.15145597
0,0,0.0045226384
1,1,0.68696004
0,0,0.009224205
0,0,0.0046502454
1,1,0.60482335
0,0,0.0078589255
0,0,0.009755045
1,1,0.9164811
1,1,0.99922025
1,1,0.9994492
0,0,0.0026138893
1,1,0.93667525
1,1,0.9982753
0,0,0.026222322
0,0,0.002315744
0,0,0.46805015
1,1,0.99737084
0,0,0.002310717
0,0,0.0018512488
0,0,0.0043865745
0,0,0.0038423757
0,0,0.0035650912
0,0,0.0024007715
1,1,0.9981908
1,1,0.99230653
1,1,0.9996117
1,1,0.998814
1,1,0.99309033
0,0,0.0024073755
1,1,0.99412715
1,1,0.9992501
1,1,0.9909774
0,0,0.009672865
0,0,0.0031754212
0,0,0.01567864
0,0,0.002961788
1,1,0.9884235
0,1,0.9409193
0,0,0.0035463097
0,0,0.0046517863
1,1,0.9944993
1,1,0.99763966
0,0,0.0074971467
1,1,0.9686189
1,1,0.979811
1,1,0.9982894
1,1,0.99989533
0,0,0.0036267494
1,1,0.99929047
0,0,0.0013039396
1,1,0.99424344
1,1,0.99940336
1,1,0.98531556
0,0,0.0019267768
1,1,0.98171484
0,0,0.0029961914
0,0,0.0037155997
1,1,0.9989901
0,0,0.0026483033
0,0,0.003018809
0,0,0.006293739
1,1,0.9901097
0,0,0.1222267
0,0,0.0039704326
0,0,0.005728416
1,1,0.99861455
1,1,0.99924976
1,1,0.9958579
1,1,0.9005589
1,1,0.995688
1,1,0.9440035
1,1,0.99439806
1,0,0.45277667
0,0,0.013424946
1,1,0.99813396
0,0,0.007253838
1,1,0.9977537
0,0,0.044503458
1,1,0.9853941
0,0,0.009799674
0,0,0.0024898066
0,0,0.27194086
0,0,0.0055033388
1,1,0.99991155
0,0,0.0026786688
1,1,0.9974809
1,1,0.6036243
1,1,0.99803346
1,1,0.7654654
1,1,0.99900514
0,0,0.0047352836
1,1,0.9966143
1,1,0.9990326
1,1,0.9398456
0,0,0.0051608323
0,0,0.0065576755
1,1,0.94905555
0,0,0.005599066
1,1,0.99759954
1,1,0.9937336
0,0,0.008095338
0,0,0.0035000474
0,0,0.002518629
0,0,0.0030726446
0,0,0.018961456
1,1,0.99607265
0,0,0.0016129975
1,1,0.99756515
1,1,0.99957865
1,1,0.9981343
1,1,0.99871826
0,0,0.007253838
1,1,0.99925905
0,0,0.0010967802
0,0,0.1309145
0,0,0.013394676
0,0,0.0075681247
0,0,0.006396707
1,1,0.9334666
0,0,0.0029248358
1,1,0.9559705
0,0,0.19790632
1,1,0.99902487
0,0,0.07231368
0,1,0.89730525
1,1,0.9996542
1,1,0.98115104
0,0,0.00708845
1,1,0.9739864
0,0,0.002857743
0,0,0.00825209
1,1,0.9914725
0,0,0.002204343
0,0,0.0060921805
0,0,0.013355299
0,0,0.0017296291
0,0,0.0049179606
1,1,0.999519
1,1,0.99985075
0,0,0.008562467
0,0,0.00571011
1,1,0.9985715
0,0,0.0059490385
0,0,0.008735444
0,0,0.003068012
1,1,0.9946185
0,0,0.00168163
0,0,0.0047658384
0,0,0.01711251
0,1,0.6674831
1,1,0.9995819
0,1,0.7184663
1,1,0.70529795
1,1,0.97485614
1,1,0.97300017
1,1,0.99899966
1,1,0.98879355
1,1,0.9994924
0,0,0.0015917335
0,0,0.0050854604
0,0,0.0011485454
0,0,0.0067001646
1,1,0.99951446
1,0,0.201789
0,0,0.0045996737
1,1,0.99860185
0,0,0.0018838617
0,0,0.0064248783
1,1,0.9991204
0,0,0.003561578
1,1,0.9997484
1,1,0.9991917
0,0,0.016309928
1,1,0.9988386
0,0,0.0024099927
0,0,0.0014815715
1,1,0.9995408
1,1,0.9991122
1,1,0.9786316
0,0,0.0057626176
0,0,0.0022528877
0,0,0.010097838
1,1,0.782085
0,0,0.009485897
0,0,0.0024798291
0,0,0.009848257
0,0,0.0022558072
0,0,0.31078863
0,0,0.0054708053
0,0,0.0038613747
1,1,0.9991605
0,0,0.0059834714
0,0,0.007266729
1,1,0.99934775
0,0,0.0025096328
0,0,0.004209189
1,1,0.99914455
1,1,0.99972755
0,1,0.6895759
1,1,0.9995413
0,0,0.0048079407
0,0,0.05655868
0,0,0.0046517863
0,0,0.0037228775
0,0,0.0069745504
1,1,0.99832135
0,0,0.47835988
1,1,0.99876523
1,1,0.9994659
1,1,0.9794684
0,1,0.8367393
1,1,0.9801452
0,0,0.0048340964
0,0,0.003730042
0,0,0.03526335
0,0,0.008422689
1,1,0.9995359
1,1,0.9135175
1,1,0.9992557
0,0,0.0075822454
0,0,0.0030964012
1,1,0.9987232
0,0,0.03859497
0,0,0.0043119723
0,0,0.0067301895
0,0,0.0027633694
0,0,0.0010530149
1,1,0.97328633
0,0,0.0040320354
0,0,0.009994727
0,0,0.008862404
0,0,0.0059353723
1,1,0.9982284
1,1,0.73376316
0,0,0.014796956
1,1,0.9982668
1,1,0.9944542
1,1,0.9361779
0,0,0.00897977
0,0,0.0024715248
1,1,0.99941957
1,1,0.9993722
0,0,0.006054881
1,1,0.9993773
1,1,0.9982474
1,1,0.99864
0,0,0.0026731726
1,1,0.99200726
0,0,0.008809231
1,1,0.9001092
1,1,0.9913994
0,0,0.0074427878
1,1,0.9977863
1,1,0.9733912
1,1,0.9990583
0,0,0.0013792594
1,1,0.99834526
1,1,0.9993351
0,0,0.0027935717
1,1,0.99936575
1,1,0.9930633
1,1,0.9993351
1,1,0.99715614
0,0,0.0053906515
1,1,0.99847955
1,1,0.9998462
1,1,0.6501287
1,1,0.99711955
1,1,0.999718
1,1,0.9958475
0,0,0.026038451
0,0,0.003959172
0,0,0.004395027
1,1,0.9923103
1,1,0.99908626
0,0,0.010889881
0,0,0.0022294861
1,1,0.9982767
1,1,0.99632025
1,1,0.99975425
0,0,0.0076385657
1,1,0.954457
0,0,0.0026768846
1,1,0.99945384
0,1,0.6173875
0,0,0.020155054
1,1,0.9832587
0,0,0.0026333954
1,1,0.9433315
0,0,0.43476275
0,0,0.0059834714
1,1,0.9992453
1,1,0.934701
1,1,0.999551
1,1,0.9989592
0,0,0.01573787
0,0,0.0031470547
0,0,0.0031429958
1,1,0.9693062
0,0,0.053467795
0,0,0.009186131
0,0,0.003985636
1,1,0.9909603
1,1,0.9989748
1,1,0.9995974
0,0,0.010314198
1,1,0.9999367
0,0,0.008095338
1,1,0.9991455
1,1,0.999166
1,1,0.99946195
1,1,0.75749475
0,0,0.007683342
1,1,0.99898916
1,1,0.99776554
0,0,0.002595112
1,1,0.8319431
0,1,0.77004296
0,0,0.00971153
0,0,0.003510439
1,1,0.9861545
0,0,0.0014885389
0,0,0.0033727777
0,0,0.0025018656
0,1,0.9325893
1,1,0.998514
0,0,0.008953563
0,0,0.059885558
0,0,0.004986711
1,1,0.999723
1,1,0.8479234
0,0,0.0029027122
0,0,0.034442548
1,1,0.9985676
0,0,0.002848574
0,0,0.0039089373
0,0,0.0076618344
1,1,0.9992994
0,0,0.0022214456
1,1,0.99805033
0,0,0.0018066104
0,0,0.0044942754
0,0,0.0029248358
0,0,0.30266306
1,1,0.99732506
0,0,0.022605546
0,0,0.051638998
0,0,0.0061781025
1,1,0.999551
1,1,0.99927694
1,1,0.994222
0,0,0.006697319
1,1,0.9984022
1,1,0.9991009
0,0,0.0040108473
0,0,0.00178579
0,0,0.003068012
1,1,0.9993774
0,0,0.010702089
0,0,0.0013649416
0,0,0.0026077367
1,1,0.99965525
1,1,0.99972695
0,0,0.0045176754
1,1,0.7528878
0,0,0.004827412
0,0,0.016604736
1,1,0.9309191
0,0,0.0059834714
1,1,0.9917823
1,1,0.9976186
1,1,0.9975598
1,1,0.99957484
0,0,0.0033263902
1,1,0.9583321
1,1,0.999387
0,0,0.0024137993
1,1,0.9296321
1,1,0.9974809
1,1,0.9994155
0,1,0.9590303
0,0,0.0037771966
0,0,0.007059492
1,1,0.99575555
1,1,0.99717194
0,0,0.003901284
1,1,0.9996942
1,1,0.99762744
0,0,0.0025132906
1,1,0.94986445
0,0,0.002356097
1,1,0.9996736
0,0,0.005048752
0,0,0.012177677
0,0,0.007158907
1,1,0.79625005
0,0,0.002713541
0,0,0.0055881627
1,1,0.9991985
0,0,0.0040906584
1,1,0.9497705
0,0,0.0063871164
0,0,0.0008028571
0,0,0.23244847
0,0,0.0069473567
1,1,0.9479959
0,0,0.0073863086
1,1,0.99754167
0,0,0.004343576
1,1,0.9988065
0,0,0.024198415
0,0,0.0029821056
1,1,0.9989195
1,1,0.99992704
0,0,0.0032034486
1,1,0.9983277
0,0,0.008459491
1,1,0.993046
0,0,0.0018654322
1,1,0.99797875
1,1,0.99920243
0,0,0.0031256746
0,0,0.0084701525
0,0,0.009768264
1,1,0.9989901
1,1,0.99438864
0,0,0.0040631853
0,0,0.007806229
0,0,0.0017460678
0,0,0.005366087
1,1,0.99965084
1,1,0.9994344
0,0,0.004309672
0,0,0.0035337766
1,1,0.9997273
1,1,0.99627787
1,1,0.9939175
0,0,0.0043296064
0,0,0.004564146
1,1,0.9977198
0,0,0.0060683093
0,0,0.002518629
0,1,0.722749
0,0,0.0022539063
0,0,0.2827332
0,0,0.013757438
1,1,0.84215033
0,0,0.48891
0,0,0.039785687
1,1,0.9997924
0,0,0.004484364
0,0,0.0022728993
1,1,0.99832135
0,0,0.0029613755
1,1,0.9987319
1,1,0.9968166
1,1,0.9537593
0,0,0.011423249
1,1,0.99941194
0,0,0.008889595
1,1,0.99952734
1,1,0.9997415
0,0,0.015656665
1,1,0.8752029
0,0,0.0040699793
1,1,0.99918276
0,0,0.0069179265
1,1,0.8196973
1,1,0.97875184
0,0,0.009144339
0,0,0.25678596
1,1,0.9992003
0,0,0.007789697
1,1,0.9047358
1,1,0.9763332
0,0,0.009224205
1,1,0.99851114
0,0,0.006284444
0,0,0.0036972503
1,1,0.99986553
1,1,0.99929523
0,0,0.038359605
0,0,0.048871722
0,0,0.0015877064
1,1,0.9993488
1,1,0.9995097
1,1,0.9655956
0,0,0.0073051257
0,0,0.01251687
1,1,0.9991073
1,1,0.96610194
0,0,0.0040951073
0,0,0.004565522
0,0,0.00487215
0,0,0.010664689
0,0,0.0035089394
1,1,0.99247473
0,0,0.039267395
1,1,0.999348
0,0,0.0037790777
1,1,0.9966364
0,0,0.001945618
0,0,0.004303258
1,1,0.9993774
0,1,0.6867201
1,1,0.9962127
0,0,0.006633049
1,1,0.9909151
0,0,0.0055442327
0,0,0.0046277805
0,0,0.012512021
1,1,0.98688275
1,1,0.98626757
0,1,0.77565
0,0,0.0019643512
1,1,0.91172194
1,1,0.9944858
1,1,0.99918264
1,1,0.9995938
0,0,0.011946652
0,0,0.0021412168
1,1,0.99417335
1,1,0.9996164
1,1,0.9976497
1,0,0.3400006
0,0,0.007891481
0,0,0.002930313
1,1,0.99866116
1,1,0.9884235
0,0,0.005410201
1,1,0.89528567
1,1,0.99874437
0,1,0.83530676
0,0,0.076089405
1,1,0.9987172
0,0,0.0042587444
1,1,0.9989249
0,0,0.0084441975
0,0,0.0058324384
0,0,0.0037481883
0,0,0.0026731726
0,0,0.0009360112
0,0,0.0018926348
1,1,0.999348
1,1,0.9973321
0,0,0.0038306543
1,1,0.99608094
0,0,0.0024889493
1,1,0.9979097
1,1,0.9993523
0,0,0.11046721
1,1,0.9984681
1,1,0.99928576
0,0,0.002930313
0,0,0.016738173
0,0,0.0027592974
1,1,0.99892175
0,0,0.004272977
0,0,0.008095338
1,1,0.97409534
1,1,0.9995821
0,0,0.012811073
1,1,0.97143
0,0,0.012184448
1,1,0.8679814
1,1,0.9995759
1,1,0.98350555
0,0,0.0008872831
0,0,0.003981396
0,0,0.20128605
1,1,0.9847099
1,0,0.3864019
1,1,0.91903925
0,0,0.0047182417
1,1,0.9989748
0,0,0.0033232097
0,0,0.05859754
0,0,0.0068173907
1,1,0.9381479
0,0,0.012906099
0,0,0.0074914577
1,1,0.998207
0,0,0.008955222
1,1,0.9986154
0,0,0.003608052
1,1,0.99943966
1,1,0.91917795
0,0,0.0036299904
1,1,0.99944586
1,1,0.9404063
0,0,0.0075971135
0,0,0.04669358
0,0,0.0069133155
0,0,0.0043227747
1,1,0.9029348
0,0,0.27302375
1,1,0.98839337
0,0,0.0043562623
0,0,0.007441259
1,1,0.99977845
1,1,0.9984101
1,1,0.99963415
1,1,0.99906915
0,0,0.0031470547
0,0,0.005123282
1,1,0.8688014
1,1,0.9976961
0,0,0.0033803903
1,1,0.9985561
1,1,0.9989524
0,0,0.0043449765
1,1,0.9993487
1,1,0.99815184
1,1,0.9999031
1,1,0.99933356
0,0,0.0026138893
0,0,0.04228235
1,1,0.9992939
0,0,0.00087959494
1,1,0.99954444
0,0,0.006304636
0,0,0.017534593
0,0,0.0036421001
1,1,0.9507552
1,0,0.30620477
1,1,0.98872244
1,1,0.999393
0,0,0.0066435193
1,1,0.9760667
1,1,0.9996408
0,0,0.0035778726
1,1,0.99931467
0,0,0.0025833577
0,0,0.0035409923
1,1,0.99794465
1,1,0.998444
1,0,0.29436725
1,1,0.99935025
0,0,0.0047801966
1,1,0.8880297
1,1,0.99939334
0,0,0.002480386
0,0,0.002857743
0,0,0.0011756518
0,0,0.020194346
0,0,0.049754195
0,0,0.004168993
0,0,0.002236348
1,1,0.99940336
0,0,0.003879568
1,1,0.98896956
1,1,0.99880934
0,0,0.0063455477
1,1,0.99901414
0,0,0.0040980447
1,1,0.9996008
1,1,0.99967957
0,0,0.0045896047
0,0,0.0038987852
0,0,0.098204546
1,1,0.998594
1,1,0.9986577
1,1,0.7043976
0,0,0.0063603274
0,0,0.009531062
0,0,0.0026246808
1,1,0.9879018
1,1,0.9996117
0,0,0.005544966
1,1,0.8450348
0,0,0.0037492106
1,1,0.9992199
1,1,0.9988887
1,1,0.9994087
0,0,0.003499803
0,0,0.004768637
1,1,0.9989839
1,1,0.9967032
1,1,0.853476
1,1,0.99788684
0,0,0.0010251782
0,0,0.0065327566
1,1,0.99861133
0,0,0.013949819
1,1,0.99434775
0,0,0.00673319
0,0,0.0011889102
1,1,0.9435528
1,1,0.99955493
0,0,0.0036650612
1,1,0.6355205
0,0,0.0029405036
0,0,0.0026463002
0,0,0.0025375735
1,1,0.99861574
0,0,0.026032131
0,0,0.0031754558
0,0,0.011095664
1,1,0.95999825
0,0,0.0066174893
1,1,0.99939907
1,1,0.99948275
1,1,0.99969304
0,0,0.002518629
1,1,0.99929297
0,0,0.0036192774
0,0,0.0011359558
0,0,0.02241235
1,1,0.95988435
0,0,0.0408488
0,0,0.001769897
1,1,0.68807065
0,0,0.0032034486
0,0,0.2769345
0,0,0.0043483484
1,1,0.7592866
0,0,0.0033263902
1,1,0.9997663
1,1,0.9467253
0,1,0.9475107
0,0,0.01896187
1,1,0.99930847
0,0,0.0024539826
1,1,0.99925035
1,1,0.99969137
0,0,0.0022558072
1,1,0.99962604
1,1,0.9995975
1,1,0.9996203
0,0,0.0007251249
1,1,0.99812645
1,1,0.9966948
0,0,0.039621625
0,1,0.53904456
1,1,0.9994155
1,1,0.97071314
1,1,0.96674436
1,1,0.9995141
0,0,0.0011359558
0,0,0.004016486
0,0,0.003413014
1,1,0.99482095
1,1,0.99985707
1,1,0.9990121
1,1,0.99927
1,1,0.9976592
0,0,0.18647446
1,1,0.99868566
1,1,0.9991748
1,1,0.998594
1,1,0.99748
0,0,0.0031014509
1,1,0.99994636
0,0,0.004218908
1,1,0.9667799
1,1,0.99976
1,1,0.9623954
0,0,0.0023483045
1,1,0.9816813
1,1,0.9989159
1,1,0.9031028
0,0,0.004796653
0,0,0.00077551807
1,1,0.9998568
0,0,0.0032156694
1,1,0.9893205
0,0,0.0012303536
0,0,0.0022996299
0,0,0.03177742
0,0,0.004265232
0,0,0.002577532
1,1,0.9997632
0,0,0.0046459166
0,0,0.22885093
1,1,0.9991436
1,1,0.9993685
0,0,0.00092025485
1,1,0.98790514
0,0,0.006776439
1,1,0.9992834
1,1,0.99948514
0,0,0.003458989
0,0,0.008392163
1,1,0.9738791
0,0,0.0048762644
1,1,0.9994373
0,1,0.9618566
1,1,0.9996879
1,1,0.99969816
0,0,0.0043332297
1,1,0.9995894
0,0,0.0035160077
1,1,0.9993368
1,1,0.9756345
1,1,0.9997924
0,0,0.002575952
1,1,0.9983425
0,0,0.0028632486
0,0,0.3051514
1,1,0.99985707
1,1,0.981169
0,0,0.0029248274
1,1,0.9597918
0,0,0.0053434437
1,1,0.99880564
1,1,0.998448
1,1,0.9997737
0,0,0.0073878923
0,0,0.016225904
1,1,0.96096694
1,1,0.8462352
0,0,0.013468896
1,1,0.99928766
0,0,0.003148681
1,1,0.9996699
1,0,0.26527342
1,1,0.99918896
0,0,0.0028220064
1,1,0.9765355
1,1,0.98691547
0,1,0.8487755
0,0,0.0055292803
0,0,0.0036650612
0,0,0.006650793
0,0,0.003312254
1,1,0.99917835
1,1,0.9981001
1,1,0.99931717
0,0,0.004738777
0,0,0.0024001172
0,0,0.002518629
0,0,0.0040592626
1,1,0.8073747
1,1,0.99689794
1,1,0.99938
0,0,0.00788667
0,0,0.00394337
1,1,0.9954509
1,1,0.9981139
0,0,0.0030925574
1,1,0.99969804
0,0,0.009363363
0,0,0.0069179265
0,0,0.0030140167
0,0,0.15516688
1,1,0.9992656
1,1,0.93695974
0,0,0.0018963912
0,0,0.49555048
0,0,0.0017154457
0,0,0.01854844
1,1,0.99969804
1,1,0.9906844
1,1,0.99954575
1,1,0.9898663
0,0,0.0021572772
1,1,0.82986695
1,1,0.9825577
1,0,0.42036545
0,0,0.005362978
0,0,0.013280184
0,0,0.0043919026
0,0,0.013846148
0,0,0.04354179
1,1,0.99963486
1,1,0.9992861
0,0,0.005410201
0,0,0.22559394
0,0,0.0026731726
1,1,0.9986267
0,0,0.003981396
0,0,0.011960596
1,1,0.9994624
1,1,0.9746928
1,1,0.9983972
1,1,0.99872607
1,1,0.9991308
1,1,0.99810225
0,0,0.0038700346
0,0,0.0023934757
0,0,0.018183745
0,0,0.01888095
1,1,0.9997664
1,1,0.99740547
1,1,0.99928457
1,1,0.9994867
1,1,0.6501651
1,1,0.999387
1,1,0.99705243
0,0,0.0036363443
0,0,0.0029222937
1,1,0.9992951
1,1,0.99925905
1,1,0.9942199
1,1,0.81138104
1,1,0.9989919
1,1,0.9981489
1,1,0.99915385
1,1,0.99919087
0,0,0.0055569215
0,0,0.0031356898
0,0,0.008322497
1,1,0.9984101
1,1,0.95496017
0,0,0.072175995
0,0,0.0033141924
0,0,0.036392663
1,1,0.9263085
1,1,0.996516
0,0,0.004171074
0,0,0.004321726
1,1,0.99971896
1,1,0.9982413
1,1,0.99993825
0,0,0.009666956
0,0,0.002105067
1,1,0.9843424
0,0,0.0028594488
1,1,0.98288304
0,0,0.0029138252
1,1,0.58477885
1,1,0.98000205
1,1,0.99845827
1,1,0.9989197
0,0,0.0019411349
0,0,0.0028361846
0,0,0.0058344123
1,1,0.99942267
0,0,0.008548222
1,1,0.9996183
1,1,0.99963856
1,1,0.9991027
0,0,0.0031588224
0,0,0.00479519
1,1,0.6965592
0,0,0.03177742
0,0,0.0045633186
0,0,0.0018090862
1,1,0.99428576
0,0,0.010158916
0,0,0.0049032974
1,1,0.9991922
0,0,0.006385071
0,0,0.029589934
0,0,0.0018533609
1,1,0.9997632
0,0,0.0026308168
1,1,0.99968326
1,1,0.9978823
0,0,0.0022547161
1,1,0.99844307
1,1,0.99942565
1,1,0.9996946
0,0,0.0072273184
1,1,0.9993293
0,0,0.06166974
0,0,0.0070514376
0,0,0.00085317733
0,0,0.00056296174
0,0,0.034507968
0,0,0.003448802
0,0,0.0068747276
0,0,0.003679196
1,1,0.99921954
0,0,0.012482738
0,0,0.3389588
1,1,0.99928707
1,1,0.9934267
1,1,0.9968209
1,1,0.9987379
0,0,0.0013649416
1,1,0.81923467
0,0,0.026898813
1,1,0.99212235
0,0,0.0074539236
1,1,0.9999076
0,0,0.008887612
1,1,0.81815726
0,0,0.0018983905
0,0,0.0028542394
1,1,0.9603914
1,1,0.9998233
1,1,0.99935025
1,1,0.99362844
1,1,0.99924695
1,1,0.9893589
1,1,0.99949634
1,1,0.99965787
0,0,0.00032882462
0,0,0.0043160627
1,1,0.9976017
1,1,0.94329166
0,0,0.007581237
1,1,0.9575757
0,0,0.0020755266
0,0,0.07381323
0,0,0.00290608
1,1,0.99743575
1,1,0.9486078
1,1,0.9293459
0,0,0.0046046674
0,0,0.0015189709
1,1,0.99922454
0,0,0.0042407815
0,0,0.002683469
0,0,0.005906691
1,1,0.98190665
0,0,0.004349017
1,1,0.9981489
1,1,0.9621511
1,1,0.9991703
1,1,0.99951994
1,1,0.9965593
0,0,0.0029829436
1,1,0.99808264
1,1,0.99941957
0,0,0.014042617
1,1,0.99905485
1,1,0.99882156
0,0,0.003777674
1,1,0.88560396
1,1,0.9999175
0,0,0.004296721
0,0,0.0038999468
0,0,0.0038370301
1,1,0.9994956
1,1,0.99858093
0,0,0.009363363
1,1,0.99970907
0,0,0.0056917625
1,1,0.9986389
0,0,0.0035817744
0,1,0.6740427
0,0,0.0015689214
0,0,0.005816625
0,0,0.17940472
0,0,0.0022739084
0,0,0.004640817
0,0,0.007059606
0,0,0.0025611937
1,1,0.9986528
1,1,0.99886334
0,1,0.7622904
0,0,0.0058033136
0,0,0.007900972
1,1,0.99961877
0,0,0.004576874
0,0,0.031509805
0,0,0.0053992406
1,1,0.81484383
1,1,0.9985415
0,0,0.0022739084
0,0,0.002290758
1,1,0.9991366
1,1,0.9926972
0,0,0.0035256643
0,0,0.000920122
0,0,0.005410201
1,1,0.9991906
1,1,0.9994721
1,1,0.9997578
0,1,0.95237774
0,0,0.006785627
1,1,0.9614986
1,1,0.8869437
1,1,0.99860966
0,0,0.0025566772
1,1,0.9912307
0,0,0.004155867
0,0,0.0038140502
1,1,0.9997111
0,0,0.001787644
1,1,0.9993175
0,0,0.0072851935
1,1,0.92246735
1,1,0.9897885
1,1,0.999931
0,0,0.0024798291
1,1,0.9674466
1,1,0.99942964
0,0,0.012556468
1,1,0.9996592
1,1,0.9804882
0,0,0.0026033646
1,1,0.9823698
0,0,0.0055375113
0,1,0.59853005
1,1,0.95769536
0,0,0.0014916692
0,0,0.013055563
1,1,0.9983292
1,1,0.99967587
0,0,0.0062583443
0,0,0.0034510707
0,0,0.16820969
1,1,0.9996357
1,1,0.73552924
0,0,0.0022739084
0,0,0.013849809
0,0,0.0067301895
1,1,0.99812967
0,0,0.004964763
1,1,0.9982293
1,1,0.9994734
0,0,0.00981889
1,1,0.9947554
1,1,0.9395231
1,1,0.9975546
0,0,0.0045996737
1,1,0.98395157
0,0,0.0010530149
0,0,0.018282862
0,0,0.052632492
1,1,0.9993406
0,0,0.006194572
1,1,0.9870014
1,1,0.9996251
0,0,0.0034739675
0,0,0.007985384
0,0,0.0019465236
0,0,0.0040984126
0,0,0.0018559943
1,1,0.99901175
1,1,0.9995521
0,0,0.004905222
0,0,0.0045864345
1,1,0.9993944
1,1,0.9995809
0,0,0.004897333
1,1,0.9984464
1,1,0.9991417
1,0,0.1761032
0,0,0.0035576303
1,1,0.9988752
1,1,0.9997664
1,1,0.9986106
0,0,0.004188922
1,0,0.4005113
0,0,0.0026731726
0,0,0.0011627753
0,0,0.41721556
0,0,0.0049355584
1,1,0.99901354
1,1,0.9996456
0,0,0.0056678546
0,0,0.0126726795
0,0,0.004628349
1,1,0.9649081
1,1,0.9996092
1,1,0.9981267
1,1,0.9994624
0,0,0.005073464
0,0,0.008793203
0,0,0.0053290552
0,0,0.0016042687
0,0,0.00571011
1,1,0.9994905
0,0,0.02726123
0,0,0.00339355
1,1,0.9992465
1,1,0.9996057
1,1,0.99973387
1,1,0.859377
0,0,0.005777551
1,1,0.9991886
0,0,0.0044660536
1,1,0.9734248
1,1,0.9996008
1,1,0.9550001
1,1,0.9992543
1,1,0.99972063
0,0,0.0018983905
1,1,0.86190665
1,1,0.87996244
0,0,0.016599428
0,0,0.0063897856
0,0,0.0040984126
0,0,0.0009348089
0,0,0.32943422
1,1,0.99864084
1,1,0.9992723
1,1,0.8937106
1,1,0.99950576
0,0,0.0051404056
0,0,0.0721024
0,0,0.020194346
0,0,0.014098513
1,1,0.99934787
1,1,0.9870072
1,1,0.9989992
1,1,0.98395157
0,0,0.0022539063
1,1,0.9992555
1,1,0.9999571
1,1,0.8765323
1,1,0.9993406
1,1,0.9998783
1,1,0.99918896
1,0,0.4161245
0,0,0.0047663497
1,1,0.9508915
1,1,0.9983999
0,0,0.004168079
0,0,0.003427155
0,1,0.99875796
0,0,0.0023587146
1,1,0.9996228
0,0,0.0036972503
0,0,0.01081505
0,1,0.9756345
1,1,0.9996718
0,0,0.008999366
0,0,0.0044096215
0,0,0.003356937
0,0,0.002564442
1,1,0.7270934
0,0,0.008821431
0,0,0.007253838
0,0,0.013597312
1,1,0.99645895
0,0,0.005032851
0,0,0.007246325
1,1,0.9991621
0,0,0.0034018718
0,0,0.0038839877
1,1,0.9998324
1,1,0.99901795
1,1,0.9746928
0,0,0.03628669
0,1,0.5271285
0,0,0.0023364695
1,1,0.9279264
0,0,0.0036695632
0,0,0.013556855
0,1,0.52019566
0,0,0.0022739084
1,1,0.9989648
1,1,0.9948507
1,1,0.9997415
1,1,0.99893075
0,0,0.007273282
0,0,0.11406534
0,0,0.11734233
1,1,0.99840003
1,1,0.8282754
0,0,0.020519847
1,1,0.9995579
1,1,0.9986272
1,1,0.99857414
0,0,0.0057910806
0,0,0.009961711
0,0,0.0016980318
1,1,0.9991732
1,1,0.99963653
0,0,0.27360305
1,1,0.8215817
1,1,0.98140436
1,1,0.9984438
0,0,0.0057401983
0,0,0.0088786995
1,1,0.98667765
1,1,0.99561065
1,1,0.99921894
1,1,0.9963831
0,0,0.0035117185
0,0,0.0029648226
0,0,0.0035360558
0,0,0.082034454
0,0,0.0014063308
1,1,0.99957174
1,1,0.9996691
1,1,0.7635436
0,0,0.0038423757
1,1,0.9952311
1,1,0.99884295
0,0,0.0034829625
0,0,0.0035256643
1,1,0.9983309
0,0,0.00054522336
0,0,0.026220866
1,1,0.99884295
1,1,0.99432606
0,0,0.030200925
1,1,0.99760073
1,1,0.99421257
0,0,0.0026077367
0,0,0.004555809
1,1,0.99969804
1,1,0.9994931
1,1,0.86412823
0,0,0.0027776912
1,1,0.9184817
0,0,0.004572638
0,0,0.23547065
1,1,0.99942493
1,1,0.99846727
0,0,0.00085317733
0,0,0.0034536796
1,1,0.99944323
0,0,0.035211954
0,0,0.0006444713
0,0,0.002106928
1,1,0.999824
0,0,0.0007863667
1,1,0.9738549
0,0,0.0013286821
0,0,0.091712944
1,1,0.99951553
0,0,0.0031014509
1,1,0.99950564
1,1,0.99663985
1,1,0.98677224
1,1,0.9981688
0,0,0.009363363
1,1,0.9967456
0,0,0.009972632
0,0,0.0033232097
0,0,0.0039455546
1,1,0.99222374
0,0,0.0016881266
0,0,0.0075822454
0,0,0.0027935717
0,0,0.0064248783
0,0,0.004892869
0,0,0.0034019058
0,0,0.004067751
0,0,0.005513827
0,0,0.0038613747
0,0,0.0018559943
0,0,0.16057219
1,1,0.981024
0,0,0.026939271
0,0,0.015706075
0,0,0.0023678986
1,1,0.9786485
0,0,0.0028578884
0,0,0.014121981
0,0,0.003639009
0,0,0.0026523254
0,0,0.0088786995
0,0,0.0031738111
0,0,0.003601248
0,0,0.003311261
1,1,0.9993418
0,0,0.008809231
1,1,0.9002446
1,1,0.92550325
0,0,0.001854976
0,0,0.00940614
1,1,0.99838173
0,0,0.0026483033
1,1,0.9964055
0,0,0.0090093445
0,0,0.0045361253
0,0,0.005669249
1,1,0.9996426
1,1,0.9995291
0,0,0.010709135
1,1,0.99507785
0,0,0.0036870542
1,1,0.9996917
0,0,0.26290408
0,0,0.012870992
1,1,0.97541964
1,1,0.99196845
1,1,0.9893288
0,1,0.6801421
1,1,0.99951684
1,1,0.99895895
1,1,0.9954802
0,0,0.0023079067
1,1,0.9996822
1,1,0.98782766
0,0,0.009589673
1,1,0.99943286
1,1,0.9151998
1,1,0.9985898
0,0,0.0017524775
1,1,0.935975
0,0,0.043121874
1,0,0.0068681343
1,1,0.9985726
0,0,0.15160786
1,1,0.9966833
1,1,0.9988071
0,0,0.009025221
0,0,0.0056951554
0,0,0.0018352852
0,0,0.0020095424
0,0,0.006779335
1,1,0.9988732
1,1,0.96741027
0,0,0.013754547
1,1,0.99035805
0,0,0.007777077
1,1,0.9991153
0,0,0.014055873
0,0,0.001945618
1,1,0.9998301
0,0,0.0062757195
1,1,0.99902666
0,0,0.008062396
1,1,0.9991019
1,1,0.99844223
1,1,0.81543314
0,0,0.0040906584
1,1,0.99914813
0,0,0.0050273095
0,0,0.0032872485
1,1,0.99833137
0,0,0.1739496
0,0,0.007266729
1,1,0.99902475
0,0,0.011468608
1,1,0.93735844
1,1,0.9999025
1,1,0.9990808
0,0,0.004074185
1,1,0.9995633
1,1,0.99648917
0,0,0.035692804
1,1,0.9987311
0,0,0.04092612
0,0,0.012301708
1,1,0.9997247
0,0,0.0040592626
1,1,0.9982589
1,1,0.9968837
1,1,0.99590415
1,1,0.8781203
1,1,0.9980842
0,0,0.010178124
0,0,0.005640408
1,1,0.63357586
1,1,0.9513387
0,0,0.0039380454
0,0,0.008244157
1,1,0.9750529
1,1,0.99847955
1,1,0.99982435
1,1,0.9987884
1,1,0.99828374
0,0,0.002356097
1,1,0.99958116
1,1,0.9995536
1,1,0.99995446
1,1,0.98914796
0,0,0.0034622122
1,1,0.536447
1,1,0.99884725
1,1,0.99813396
1,1,0.99886346
1,1,0.97107816
1,1,0.99962544
1,1,0.9987949
1,1,0.9999224
0,0,0.0022739084
1,1,0.9637663
0,0,0.03177742
1,1,0.82791984
1,1,0.9997613
1,1,0.99959666
1,1,0.91993564
0,0,0.0032568616
0,1,0.80181926
1,1,0.999268
0,1,0.58975947
0,0,0.0020799697
1,1,0.93616533
0,0,0.0052174223
1,1,0.9985777
0,0,0.0041070986
1,1,0.99918646
0,0,0.00231584
1,0,0.0044686943
1,1,0.99950194
0,0,0.007107669
1,1,0.9991412
1,1,0.9993042
1,1,0.9793681
0,0,0.0033133738
1,0,0.3819546
0,0,0.033102944
0,0,0.0019877676
1,1,0.9991472
1,1,0.9826522
0,0,0.007896257
1,1,0.99769574
0,0,0.0074250265
0,1,0.81628543
0,0,0.117845066
1,1,0.99946684
0,0,0.00088261056
0,0,0.0069473567
0,0,0.0032299429
1,1,0.999348
1,1,0.9921301
1,1,0.84807616
0,0,0.0046284306
1,1,0.99901354
0,0,0.001989077
1,1,0.9989004
0,0,0.005100469
1,1,0.9991491
1,1,0.99086285
1,1,0.9727994
1,1,0.9899261
1,1,0.9992866
0,0,0.0033359684
1,0,0.0025594488
1,1,0.9998971
1,1,0.99851614
1,1,0.8603055
1,1,0.8806488
0,0,0.0090817325
1,1,0.9999522
1,0,0.17997222
1,1,0.99931645
0,0,0.003981396
1,1,0.9968635
1,1,0.97091395
1,1,0.9993771
1,1,0.99866855
0,0,0.00825916
0,0,0.0026836428
1,1,0.9987116
1,1,0.9996836
1,1,0.99954224
0,0,0.005067551
1,1,0.964614
0,0,0.022738006
0,0,0.0029510187
0,0,0.009234989
0,0,0.22103265
1,1,0.95548666
0,0,0.0041867546
0,0,0.010314198
0,0,0.002460878
1,1,0.9270982
1,1,0.9977863
1,1,0.8769827
1,1,0.96749777
1,1,0.8587112
1,1,0.9980849
0,0,0.0018589771
0,0,0.013919096
1,1,0.9996339
0,0,0.002930313
1,1,0.999542
1,1,0.9852583
1,1,0.9823674
1,1,0.99914265
1,1,0.8711469
0,0,0.0011889102
0,0,0.007683342
0,0,0.06456434
0,0,0.049431097
1,1,0.9878027
0,0,0.0032359033
1,1,0.999226
1,1,0.9966119
1,1,0.9979208
0,0,0.0021474375
1,1,0.9994655
0,0,0.0009348089
0,0,0.023807736
1,1,0.998816
0,0,0.026032131
0,0,0.003538012
1,1,0.99935645
1,1,0.92089695
1,1,0.94766915
0,0,0.017128516
1,1,0.9984812
0,0,0.0048079407
0,0,0.0012964328
1,1,0.9659787
1,1,0.9994923
0,0,0.0018530532
0,0,0.005034518
0,0,0.005173002
0,0,0.0016042687
0,0,0.0027534084
1,1,0.59222645
1,1,0.9993612
1,1,0.9885435
1,1,0.95562184
0,0,0.34562975
1,1,0.9989849
0,0,0.008680227
1,1,0.94541556
1,1,0.9992937
0,0,0.0008745981
0,0,0.10578809
1,1,0.99911076
1,1,0.8956437
1,1,0.9742836
0,0,0.13033555
1,1,0.9984769
0,0,0.0017154457
1,1,0.99808097
1,1,0.86269355
1,1,0.998665
1,1,0.92790264
0,0,0.017279752
1,1,0.9995414
1,1,0.99980587
1,1,0.99794465
1,1,0.94328076
0,0,0.012953915
0,0,0.004088297
0,0,0.0047135283
1,1,0.9996581
0,1,0.9833944
0,0,0.004255557
0,0,0.00860586
0,0,0.0020915929
1,1,0.99971765
1,1,0.9982894
1,1,0.99507433
1,1,0.9818755
1,1,0.99979764
1,1,0.8491851
1,1,0.99849224
1,1,0.999684
0,0,0.01110172
1,1,0.9734615
0,0,0.08414769
0,0,0.007981558
1,1,0.9997861
1,1,0.9994234
1,1,0.9920739
1,1,0.99640465
0,0,0.0011893134
1,1,0.942567
1,1,0.99944824
0,0,0.0061370563
0,0,0.009082144
0,0,0.0038483816
1,1,0.99920183
0,0,0.005910374
1,1,0.9852821
0,0,0.0045458595
0,1,0.5076199
1,1,0.99969745
1,1,0.9995981
0,0,0.0063182013
1,1,0.98972255
0,0,0.0018395775
0,0,0.003413014
1,1,0.99917346
1,1,0.65038323
0,0,0.0059450464
0,0,0.0018016308
0,0,0.0036538022
1,1,0.9598446
1,1,0.999265
0,0,0.005010075
1,1,0.99972624
0,0,0.003598725
0,0,0.016707156
0,0,0.0037756467
0,0,0.0016388594
1,1,0.9995666
1,1,0.7148641
0,0,0.009671829
1,1,0.99987876
1,1,0.99967873
1,1,0.9992009
1,1,0.99902356
0,0,0.0029698405
0,0,0.009611272
0,0,0.0057842406
0,0,0.024265047
1,1,0.99948907
1,1,0.99910647
0,0,0.0037790777
1,1,0.9993025
1,1,0.99986887
0,0,0.0031754212
0,0,0.0029247594
0,0,0.002290649
0,0,0.009790318
1,1,0.99966025
0,0,0.0035612413
1,1,0.9331412
1,1,0.9997634
0,0,0.0033564796
0,0,0.0011359558
1,1,0.9909444
1,1,0.98311806
1,1,0.6728673
1,1,0.99884605
0,0,0.0059440383
0,0,0.016604736
0,0,0.009883957
1,1,0.9978599
1,1,0.9994092
1,1,0.99610424
0,0,0.007266729
0,0,0.001237143
0,0,0.0035404454
0,0,0.032060314
1,1,0.9913617
0,0,0.002270055
0,0,0.018282862
0,0,0.002262148
1,1,0.99955004
1,1,0.84597987
0,0,0.0017859854
0,1,0.9993155
0,0,0.0019576587
1,1,0.9992555
1,1,0.93973327
1,1,0.99989736
1,1,0.99990225
0,1,0.70881057
0,0,0.05827147
1,1,0.9985103
0,0,0.0025841922
1,1,0.98518467
0,0,0.051591415
0,0,0.005657775
1,1,0.9991554
0,0,0.044007577
1,1,0.9996197
0,0,0.0055643544
1,1,0.998321
0,0,0.0021631678
0,0,0.0013866712
0,0,0.0013476143
0,0,0.0047691166
0,0,0.015019981
0,0,0.0105510615
1,1,0.99866116
1,1,0.99886835
1,1,0.9962088
0,0,0.0038054325
1,1,0.94159937
0,0,0.011229905
0,0,0.0028860825
0,0,0.018282862
0,1,0.52899784
1,1,0.9825168
1,1,0.9992569
1,1,0.88551456
0,0,0.0029950663
1,1,0.9959676
1,1,0.99982387
1,1,0.9984207
0,0,0.08752689
1,1,0.99864596
0,0,0.14093442
1,1,0.9981273
0,0,0.008161682
0,0,0.004768637
0,0,0.03530008
0,0,0.0067617274
0,0,0.047679264
1,1,0.84239846
0,0,0.032438464
0,0,0.01472438
0,0,0.0035817744
1,1,0.9985642
1,1,0.9966455
0,0,0.04491095
1,1,0.9991327
0,0,0.0037913604
0,0,0.0052450704
1,1,0.99136645
1,1,0.99984014
1,1,0.880736
1,1,0.98395157
1,1,0.9991788
0,0,0.008284062
1,1,0.86606157
0,0,0.0044870637
1,1,0.9880916
1,1,0.91524416
1,1,0.9397482
0,0,0.011686223
1,1,0.9994282
1,1,0.999316
1,1,0.9007324
1,1,0.9989498
0,0,0.003431547
1,1,0.94034046
0,0,0.083841056
1,1,0.99923515
1,1,0.9843907
1,1,0.9998505
0,1,0.8645625
0,0,0.002388577
1,1,0.98839337
1,1,0.9981001
1,1,0.999703
0,0,0.005586642
0,0,0.0033232097
1,1,0.9697332
1,1,0.7580079
0,0,0.004660619
1,1,0.99407095
1,1,0.9992976
0,0,0.0032156694
1,1,0.94512403
0,0,0.004032493
0,0,0.0036457563
1,1,0.99664485
0,0,0.005456632
1,0,0.24223837
1,1,0.9994904
1,1,0.99994457
0,0,0.0077888975
0,0,0.0013343927
1,1,0.8182397
0,0,0.0016250019
1,1,0.9994012
1,1,0.9823682
0,0,0.0036525459
0,0,0.0011128543
0,0,0.0033517182
0,0,0.05096177
0,0,0.003974521
0,0,0.063003816
0,0,0.010819934
0,0,0.117634706
1,1,0.9993293
1,1,0.9997476
1,1,0.9997446
1,1,0.9986123
0,0,0.017001145
0,0,0.027755357
1,1,0.99920005
1,1,0.9991247
1,1,0.9885415
0,0,0.0074455813
0,0,0.014269394
0,0,0.0067957
1,1,0.99885917
1,1,0.99924767
1,1,0.9988048
0,0,0.006317851
1,1,0.99965036
1,1,0.6104162
1,1,0.99940646
1,1,0.9958638
1,0,0.19399197
1,0,0.15054615
1,0,0.0057066428
1,1,0.99855083
0,0,0.013069155
1,1,0.6404333
0,0,0.0030726446
0,0,0.16729844
1,1,0.8223581
1,1,0.9998677
0,0,0.000306371
0,0,0.007117209
0,0,0.008400989
0,0,0.0010659696
1,1,0.9919084
1,1,0.99942845
1,1,0.9898732
1,1,0.9998609
0,0,0.09030677
1,1,0.9988488
0,0,0.004796653
0,0,0.0022909313
0,0,0.03299742
0,0,0.0073111067
0,0,0.0051760627
1,1,0.999742
1,1,0.9983877
0,0,0.004088297
1,1,0.99939907
0,0,0.0037943656
0,0,0.0017296291
1,1,0.9990676
0,0,0.0031754212
1,1,0.85096174
0,1,0.6650886
1,1,0.999019
0,0,0.013419907
1,1,0.9987816
0,0,0.031433977
0,0,0.002315744
0,0,0.001653565
0,0,0.0062467745
0,0,0.43421966
1,1,0.9975794
0,0,0.0067466986
0,0,0.0043773567
0,0,0.007493986
0,0,0.0005474542
0,0,0.007632171
0,0,0.0053862534
0,0,0.0018963912
0,0,0.005816625
1,1,0.9715565
1,1,0.9995154
1,1,0.99929976
0,0,0.0017428708
1,1,0.998798
1,1,0.99868995
1,1,0.98847187
0,0,0.0072274483
0,0,0.0058812886
0,0,0.013743897
1,1,0.99970514
1,1,0.9995372
0,0,0.0059834714
1,1,0.99747425
1,1,0.99795157
1,1,0.9995925
0,0,0.008389219
1,1,0.99906904
1,1,0.99834526
0,0,0.0028729732
0,0,0.02316948
0,0,0.004642377
1,1,0.996234
1,1,0.9989748
0,0,0.002168835
1,1,0.9993125
0,0,0.011790154
1,1,0.99980253
0,0,0.010532673
1,1,0.85484624
0,0,0.0028951024
1,1,0.999116
1,1,0.996684
0,0,0.007171492
0,0,0.006396707
1,1,0.9993319
1,1,0.99933016
0,0,0.001655613
1,1,0.9552336
1,1,0.99389315
0,0,0.48110515
0,0,0.001181421
1,1,0.9988959
1,1,0.98245
0,0,0.00088261056
1,1,0.9945979
0,0,0.0057401983
0,0,0.010776868
0,0,0.14904028
1,1,0.99527717
1,1,0.7657591
1,1,0.94959575
0,0,0.010715921
1,1,0.998665
0,0,0.002432486
0,0,0.0038455038
1,1,0.9511094
0,0,0.0026731726
1,1,0.9994789
1,1,0.8114935
0,0,0.0037155997
1,1,0.9019348
1,1,0.97783786
1,1,0.993588
1,1,0.99854255
0,0,0.0013894036
0,0,0.0076227537
1,0,0.3218818
0,0,0.0025375735
0,0,0.005108225
0,0,0.00532793
0,0,0.06298181
1,1,0.999592
1,1,0.99687874
1,1,0.9926099
1,1,0.9574016
0,1,0.8074509
0,0,0.010298337
0,0,0.0019576587
1,1,0.938568
1,1,0.9995216
0,0,0.006994314
1,1,0.99785125
1,1,0.9989906
1,1,0.9875377
0,0,0.0004950046
0,0,0.0028943855
1,1,0.99221146
0,0,0.00343593
0,0,0.0013343927
1,1,0.99852836
1,1,0.9986142
0,0,0.0921052
0,0,0.0011893134
0,0,0.0032889019
0,0,0.005727965
1,1,0.99939346
0,0,0.006225852
0,0,0.0033912864
1,0,0.0036084224
1,1,0.99932885
1,1,0.9983866
1,1,0.983208
1,1,0.99953353
1,1,0.9991128
1,1,0.9054992
0,0,0.3247849
1,1,0.9996506
0,0,0.003166563
1,1,0.9995111
0,0,0.0077726482
0,0,0.00014158702
1,1,0.999736
0,0,0.0035478396
1,1,0.9393127
1,1,0.9989254
1,1,0.99955994
0,0,0.0026538873
1,1,0.92015606
1,1,0.98219246
0,0,0.005956318
0,0,0.0026731726
1,1,0.9988054
0,0,0.0041270773
1,1,0.9994048
0,0,0.003965175
1,1,0.99811125
0,0,0.0027935717
1,1,0.9969331
0,0,0.0020153422
0,0,0.0046115397
1,1,0.99787414
0,0,0.0018999885
0,0,0.0073777307
1,1,0.9994541
0,0,0.0036871503
0,0,0.0056068664
1,1,0.9990258
1,1,0.9760478
0,0,0.005362978
1,1,0.9951344
1,0,0.4397797
0,0,0.0112649845
1,1,0.9846342
1,1,0.9403457
0,0,0.00854244
1,1,0.9963014
1,1,0.9987791
1,1,0.9992242
0,0,0.0039704326
1,1,0.99950504
0,0,0.0034019058
1,1,0.93303025
1,1,0.99777466
0,0,0.07351838
0,0,0.01855123
0,0,0.0041684625
0,0,0.004459914
0,0,0.0026731726
0,0,0.0016478811
0,0,0.0022734746
1,1,0.99894863
1,1,0.93287903
0,0,0.0062080165
0,0,0.009401636
1,1,0.99974984
1,1,0.9998568
1,1,0.99980456
1,1,0.9987888
0,0,0.0011889102
1,1,0.99858
1,1,0.8326469
1,1,0.99979395
0,0,0.0027919898
0,0,0.02416285
1,1,0.9983254
1,1,0.99933016
0,0,0.002050158
0,0,0.0033633488
1,1,0.94823486
0,0,0.0021464864
1,1,0.9919178
1,1,0.99576616
0,0,0.0048765605
1,1,0.9949005
0,0,0.0045036767
0,1,0.93240124
0,0,0.003836223
1,1,0.9992324
0,0,0.005829718
1,1,0.9995192
1,1,0.99903333
0,0,0.002693088
1,1,0.9973786
1,1,0.99464744
1,1,0.97970587
1,1,0.9995128
1,1,0.9997352
0,0,0.026449759
1,1,0.99956006
0,0,0.005300288
1,1,0.93241006
1,0,0.47426715
0,0,0.0068681343
0,0,0.0032275734
0,0,0.0011280355
1,1,0.9998165
1,1,0.99878234
1,1,0.9739507
0,0,0.0040592626
0,0,0.0019977535
0,0,0.0020162698
0,0,0.0075822454
1,1,0.9986934
1,1,0.9996426
0,0,0.0038898436
1,1,0.9964889
0,0,0.0052012666
1,1,0.9990534
1,1,0.99619424
0,0,0.02363967
0,0,0.01276314
0,0,0.0036972503
0,0,0.004787048
1,1,0.9995912
0,0,0.0030200793
1,1,0.9984106
0,0,0.009257625
1,1,0.9966685
0,0,0.0037913604
0,0,0.0029495305
1,1,0.97004414
1,1,0.99954456
1,1,0.9998634
0,0,0.004376457
0,0,0.028681807
1,1,0.9971424
1,1,0.85660046
1,1,0.9843737
1,1,0.9990158
1,1,0.9989747
1,1,0.59494054
0,0,0.006168419
0,0,0.0023483045
0,0,0.002146608
1,1,0.999086
0,0,0.0029613755
1,1,0.99970514
1,1,0.9989201
0,0,0.007420157
1,1,0.9909603
0,0,0.004438689
1,1,0.8246505
1,1,0.94966644
1,1,0.6997995
0,0,0.013237519
1,0,0.16347615
0,0,0.0034018718
1,1,0.9996592
0,0,0.004796653
1,1,0.91197485
0,0,0.0016129975
1,1,0.9993648
0,0,0.004255557
0,0,0.010473271
1,1,0.60040116
1,1,0.99887484
1,1,0.99033535
1,1,0.94261646
1,1,0.97116
1,1,0.9993856
0,0,0.0056717177
1,1,0.9994103
0,0,0.001766436
0,0,0.00054522336
1,1,0.99825436
1,1,0.98473907
1,1,0.95242554
1,1,0.9973937
0,0,0.010235981
1,1,0.9996101
0,0,0.003448802
0,1,0.99518377
0,0,0.003417893
0,0,0.00067233364
0,0,0.0095300805
0,0,0.012177677
1,1,0.99937975
1,1,0.9560529
1,1,0.9989511
0,0,0.08719657
1,1,0.9990503
1,1,0.96373504
0,0,0.024563272
1,1,0.7160471
0,1,0.64053184
1,1,0.9964934
0,0,0.00097652944
1,1,0.98221546
0,0,0.0124465935
0,0,0.11544745
1,1,0.9992725
0,0,0.0034549565
0,1,0.73075485
0,0,0.007236435
1,1,0.99949634
1,1,0.7700935
0,0,0.0051788627
1,1,0.9115458
0,0,0.010307293
0,0,0.0031005915
0,0,0.011912103
0,0,0.006749524
0,0,0.004364288
1,1,0.99949276
1,1,0.9143541
0,0,0.024415458
0,0,0.0048467205
1,1,0.99842346
1,1,0.99394894
0,0,0.0066055725
0,0,0.0027091752
0,0,0.035108153
1,1,0.9996346
1,1,0.9985637
0,0,0.0053290552
0,0,0.005849872
1,1,0.9998473
0,0,0.0043371343
0,0,0.06456434
0,0,0.003417893
1,1,0.9982474
1,1,0.9992199
1,1,0.9979482
1,1,0.9985191
1,1,0.8630351
1,1,0.9990903
1,1,0.9990245
0,0,0.002705003
0,0,0.0035240646
0,0,0.0048320806
1,1,0.81375176
0,0,0.31747293
1,1,0.9996117
0,0,0.011997105
0,0,0.11240024
1,1,0.9993364
1,1,0.94657594
0,0,0.0033616084
0,0,0.006566286
0,0,0.0028370505
1,1,0.974046
0,0,0.0024798291
0,0,0.00860586
0,0,0.0028391327
1,1,0.99941194
0,0,0.0061824485
0,0,0.01251687
1,1,0.99976844
0,0,0.0046820357
0,0,0.0031373508
0,0,0.24606974
0,0,0.004768637
0,0,0.043388344
0,0,0.002575952
0,0,0.012177677
0,0,0.0026356694
1,1,0.86698794
0,0,0.005695423
1,1,0.7090783
1,1,0.7072369
1,1,0.98341286
1,1,0.9993967
0,0,0.004074731
1,1,0.9997503
1,1,0.9997751
1,1,0.9997608
0,0,0.004325179
1,1,0.98582363
1,1,0.99788684
0,0,0.0073644626
0,0,0.029198013
0,0,0.009146214
0,0,0.013191196
1,1,0.9125171
0,0,0.0069133155
0,0,0.05013485
0,0,0.3362698
0,0,0.0074539236
1,1,0.9993648
1,1,0.9330755
0,0,0.0024470738
0,0,0.0026520505
1,1,0.9540664
0,0,0.015863739
0,0,0.0027545714
1,1,0.99438864
1,1,0.9993523
1,1,0.9984059
1,1,0.9970534
0,0,0.17671254
1,1,0.79181856
0,0,0.0030031276
1,1,0.9996538
0,0,0.0031593149
1,1,0.99919635
0,0,0.002469983
1,1,0.9976794
1,1,0.9990491
1,1,0.99946624
0,0,0.010600743
0,1,0.9553538
0,0,0.012004228
0,0,0.006076909
0,0,0.0115047805
1,1,0.99892694
1,1,0.99960524
0,0,0.00349328
0,0,0.0052306103
0,0,0.023654409
0,0,0.0037445668
0,0,0.0051630656
0,0,0.0062230024
1,1,0.9988937
0,0,0.010057514
0,1,0.95721835
1,1,0.98960274
1,1,0.99786025
1,1,0.9668596
0,0,0.072994515
0,0,0.0035740105
1,1,0.9980229
0,0,0.0024715248
0,0,0.0011359558
1,1,0.950478
1,1,0.99611735
0,0,0.005193579
0,0,0.03863797
0,0,0.0010094037
0,0,0.0037913604
0,0,0.0035037382
0,0,0.005816625
0,0,0.0035463097
1,1,0.99933213
0,0,0.0068681343
0,0,0.01368803
0,0,0.0038319812
1,1,0.9992787
1,1,0.9985026
1,1,0.99968517
1,1,0.9990845
0,0,0.0042196414
1,1,0.9993635
1,1,0.9981154
1,1,0.9997676
1,1,0.99932015
0,0,0.0054655205
0,0,0.23310658
0,0,0.011688195
0,0,0.00586563
0,0,0.0022904759
0,0,0.0011359558
1,1,0.9997105
0,0,0.0151764285
1,1,0.9981231
1,1,0.99890673
1,1,0.948817
1,1,0.99956626
0,0,0.004321726
1,1,0.9990289
0,0,0.38311592
0,0,0.0076037818
1,1,0.8902941
1,1,0.982928
0,0,0.007874631
0,0,0.0019240133
0,0,0.0010975657
0,0,0.01627308
1,1,0.9988386
0,0,0.012740905
0,0,0.006814244
1,1,0.99733573
0,0,0.0018963912
0,0,0.0019576587
0,0,0.30340806
0,1,0.8111417
0,0,0.001766436
1,1,0.9992848
0,0,0.06804497
0,0,0.48146522
1,1,0.99776936
1,1,0.982873
0,0,0.0023619484
1,1,0.99945885
0,0,0.004265232
1,1,0.9919593
0,0,0.0016811665
0,0,0.006465949
0,0,0.006465949
1,1,0.99926716
1,1,0.6513413
1,1,0.99921536
1,1,0.9989675
1,1,0.9993406
0,0,0.005170289
1,1,0.9983613
1,1,0.99936515
0,0,0.005038716
1,1,0.7608863
1,1,0.9991615
1,1,0.9992205
0,0,0.0057842406
0,0,0.0011128543
0,0,0.0006158301
1,1,0.99963415
0,0,0.002039673
0,0,0.0040592626
0,0,0.0035169953
0,0,0.0053142137
1,1,0.9886263
0,0,0.004088297
1,1,0.87888944
0,0,0.0052514756
0,0,0.002654122
1,1,0.99953246
0,0,0.00981889
0,0,0.00640302
1,1,0.99904054
1,1,0.97215533
1,1,0.6615555
1,1,0.99948287
1,1,0.9993783
0,0,0.0004915916
1,1,0.99153125
0,0,0.0036396922
0,0,0.0032359033
0,0,0.0031274923
0,0,0.0025611937
0,0,0.02574192
0,0,0.0030684173
1,1,0.987847
0,0,0.015586638
1,1,0.9987808
0,0,0.0044550914
0,0,0.01689126
0,0,0.00617337
1,1,0.99930525
0,0,0.0043189614
1,1,0.99925786
1,1,0.9999095
0,0,0.019928677
1,1,0.99883944
0,0,0.011946652
1,1,0.9990006
1,1,0.9993905
0,0,0.0030393319
0,0,0.0024211614
1,1,0.8380747
1,1,0.92195827
0,0,0.003466064
0,1,0.6336446
0,0,0.0032053571
1,1,0.9990503
0,0,0.0038240878
1,1,0.9996233
1,1,0.99795485
1,1,0.9882975
1,0,0.009666956
0,0,0.0030412886
0,0,0.004230045
0,0,0.05741408
1,1,0.99965096
0,0,0.0028451856
1,1,0.99448
1,1,0.999196
0,0,0.002187222
0,0,0.0040123947
0,0,0.005170289
0,0,0.003630784
0,0,0.003519053
0,0,0.003393858
0,0,0.0023678986
0,0,0.0032048146
1,1,0.9987883
1,0,0.37676832
1,1,0.9987888
0,0,0.01711251
1,1,0.91549075
1,1,0.9995196
1,1,0.99933916
0,0,0.0041728276
1,1,0.999731
0,0,0.010035405
1,1,0.9430773
0,0,0.0040369905
1,1,0.98210424
1,1,0.9933062
1,1,0.73999655
0,0,0.0029248274
1,1,0.99937576
0,1,0.5502984
0,0,0.0030898154
1,1,0.78662926
0,0,0.0018161815
1,1,0.98778397
0,0,0.0064477697
0,0,0.003884672
1,1,0.99940026
1,1,0.994406
1,1,0.99724686
0,0,0.0063086557
1,1,0.9785291
1,1,0.9996344
0,0,0.003663888
0,0,0.0035000474
0,0,0.003421954
0,0,0.025212124
1,1,0.9525538
1,1,0.9988028
0,0,0.011673964
1,1,0.96637326
0,0,0.0029905576
0,0,0.016606722
1,1,0.9926797
0,0,0.0032181602
1,1,0.66111827
1,1,0.9989236
1,1,0.98297095
0,0,0.00594541
0,0,0.009159222
1,1,0.9980447
1,1,0.99981457
0,0,0.0039983843
0,0,0.0074498956
0,0,0.0041270773
0,0,0.04499854
1,1,0.9994629
1,1,0.999673
1,1,0.9983271
1,1,0.9984518
1,1,0.9900889
0,0,0.0066922614
0,0,0.0074738148
0,0,0.0040077306
0,0,0.050090477
0,0,0.0043523675
1,1,0.9722729
1,1,0.99886155
0,0,0.0038634152
1,1,0.9997259
1,0,0.26375175
0,0,0.0022739084
1,1,0.6592235
0,0,0.003273059
1,1,0.9984902
0,0,0.003657526
1,1,0.87794435
0,0,0.015779361
1,1,0.95166993
1,1,0.5036219
0,0,0.020574518
0,0,0.006475685
0,1,0.839483
1,1,0.9975606
0,0,0.007160036
1,1,0.9991621
1,1,0.99970883
1,1,0.99956936
0,0,0.004814717
0,0,0.0044141454
0,0,0.0029248274
0,0,0.001560127
1,1,0.77856034
1,1,0.9965695
0,0,0.0049795494
1,1,0.99934655
1,1,0.996478
0,0,0.0050761704
0,0,0.0011889102
1,1,0.9995117
0,0,0.0029110943
0,0,0.006284301
1,1,0.9990398
1,1,0.98420066
1,1,0.9995622
1,1,0.9600347
0,0,0.0030868468
0,0,0.0030107228
0,0,0.007891481
0,0,0.007965871
1,1,0.9992625
1,1,0.9990158
0,0,0.014121981
0,0,0.002575952
0,0,0.020224763
0,0,0.016367128
0,0,0.003128731
0,0,0.0052668047
0,0,0.006890512
1,1,0.9992483
0,0,0.0071589444
1,1,0.99899966
0,0,0.22544259
0,0,0.002984507
0,0,0.026468446
0,0,0.0019216622
0,0,0.021159599
0,0,0.008953563
1,1,0.9988488
1,1,0.9990113
0,0,0.040487558
1,1,0.97341305
1,1,0.9882315
0,0,0.0041003576
1,1,0.937207
0,0,0.004027651
0,0,0.008562467
1,1,0.9900095
0,0,0.002914723
0,0,0.004132123
1,1,0.9459547
1,1,0.89780617
1,1,0.9974859
1,0,0.34542882
0,0,0.004787048
0,0,0.0057660197
1,1,0.9421878
0,0,0.005183331
0,0,0.0022528877
0,0,0.4597884
0,0,0.0065984745
0,0,0.011946652
1,1,0.99968684
0,0,0.009996285
0,0,0.005847285
1,1,0.96415365
1,1,0.9989839
0,0,0.0052827746
0,0,0.023248693
0,0,0.010539638
1,1,0.99863774
0,0,0.010934847
1,1,0.99903023
0,0,0.0050644055
1,1,0.9988877
1,1,0.9983425
1,1,0.9996561
1,1,0.9157363
0,0,0.044503458
0,0,0.002022933
0,0,0.004335374
1,1,0.9768076
1,1,0.9974809
0,0,0.0035256643
1,1,0.99888307
0,0,0.0011889102
1,1,0.98191136
0,0,0.009363363
0,0,0.00322159
0,0,0.00367907
1,1,0.9991703
1,1,0.96151316
1,1,0.999283
1,1,0.9996439
0,0,0.01326554
1,1,0.99957603
1,1,0.9998989
0,0,0.0070956186
0,0,0.00053501915
1,1,0.97918963
1,1,0.99906915
1,0,0.48601544
1,1,0.9997067
1,1,0.9982369
0,0,0.0019436226
0,0,0.0046274797
1,1,0.84871453
1,1,0.9994824
0,0,0.01207002
0,0,0.003968327
0,0,0.006832165
1,1,0.9997845
1,1,0.99982613
1,1,0.99902785
1,1,0.99984527
0,0,0.006715355
0,0,0.0070214635
1,1,0.94193864
0,0,0.0023848996
0,0,0.012329362
1,1,0.99952817
1,1,0.9505169
1,1,0.99968493
1,1,0.99927956
0,0,0.008239756
1,1,0.980804
0,1,0.84287524
0,0,0.0221948
1,1,0.9996165
0,0,0.0063264426
0,0,0.0050074537
0,0,0.0062099937
1,1,0.84726566
0,0,0.003945819
0,0,0.0033507051
0,0,0.027629914
1,1,0.9987122
0,0,0.005362978
1,1,0.8927191
0,0,0.003510439
0,0,0.060259208
0,0,0.0074692885
1,1,0.9978777
0,0,0.0018963912
1,1,0.9993131
1,1,0.9996934
1,1,0.9989901
1,1,0.99803346
1,1,0.9992694
0,0,0.0038455038
1,1,0.9997687
1,1,0.9989203
1,1,0.7776818
1,0,0.12751657
0,0,0.010287344
1,1,0.992814
1,1,0.9997639
1,1,0.99955875
0,0,0.0028479835
0,0,0.0011889102
0,0,0.003967417
1,1,0.89121354
1,0,0.0036650612
0,0,0.0018618983
0,0,0.0048762644
1,1,0.9994697
0,0,0.0052516097
0,0,0.01627308
0,0,0.0007863667
1,1,0.9288493
0,0,0.011629469
0,0,0.0017154457
0,0,0.0019411349
1,1,0.8668852
0,0,0.00594541
1,1,0.9948532
0,0,0.0037184462
1,1,0.9995073
0,0,0.0057100747
0,0,0.0033517182
0,0,0.005042119
0,0,0.00646628
0,0,0.0041728276
0,0,0.002315744
1,1,0.9993357
0,0,0.0044660536
0,0,0.0026731726
0,0,0.0048681935
0,0,0.02898522
0,0,0.0011234457
1,1,0.9969921
1,1,0.98025495
0,0,0.003448802
1,1,0.87762845
0,0,0.3024473
0,0,0.004300256
0,0,0.009418118
0,0,0.0034018718
0,0,0.004796653
0,0,0.0021591997
0,0,0.0031330662
1,1,0.997658
0,0,0.0031151227
0,0,0.0023364695
1,1,0.9958039
0,0,0.00860586
0,0,0.006028537
0,0,0.0067440667
1,1,0.99840397
1,1,0.9989563
0,0,0.15054615
0,0,0.009317704
0,0,0.005112657
1,1,0.99960417
0,0,0.0017932396
0,0,0.009500657
1,1,0.9976775
0,0,0.004804262
0,0,0.20660841
0,0,0.0040617054
0,0,0.004321794
1,1,0.99672276
1,1,0.9636312
1,1,0.9994823
0,0,0.004155387
1,1,0.9989795
0,0,0.006152246
1,1,0.9466857
1,1,0.99866116
1,1,0.99955636
0,0,0.002930313
0,0,0.006657894
0,0,0.0037772828
1,1,0.9997656
0,0,0.0018472932
0,0,0.008948948
1,0,0.31871617
0,0,0.010473271
1,1,0.9981219
1,1,0.799028
1,1,0.9996233
1,1,0.8388234
1,1,0.9995809
0,0,0.006814244
1,1,0.99837565
1,1,0.99892277
1,1,0.9965834
1,1,0.9994671
1,1,0.9996779
0,0,0.2325735
1,1,0.9925662
1,1,0.99615943
1,1,0.99941957
1,1,0.99918586
0,0,0.0025587878
0,0,0.028000481
1,1,0.97790045
0,0,0.0033584516
0,0,0.038155913
1,1,0.9994137
0,0,0.004986711
0,0,0.0036094855
1,1,0.98861444
1,1,0.9984499
1,1,0.99878603
0,0,0.005583355
0,0,0.008930115
0,0,0.0041270773
0,0,0.23934774
0,0,0.44969177
0,0,0.0022904759
0,0,0.0010659696
0,0,0.0061446936
0,0,0.006579874
0,0,0.00235284
0,0,0.005793338
0,0,0.0019240133
0,0,0.0018963912
0,0,0.0040592626
1,1,0.999845
0,0,0.0037524768
0,0,0.02744912
1,1,0.8177106
1,1,0.99884844
0,0,0.0031818273
1,1,0.99795157
1,1,0.9826554
0,0,0.026032131
1,1,0.9996774
1,1,0.6520153
0,0,0.0059450464
0,0,0.028574413
1,1,0.99904615
1,1,0.9951805
1,1,0.99929154
1,1,0.9994413
1,1,0.9991603
1,1,0.9953141
0,0,0.0061068367
0,0,0.00050978345
0,0,0.001945618
0,0,0.0029429246
0,0,0.05108492
0,0,0.003448802
0,0,0.0044660536
1,1,0.9993648
0,0,0.009346398
1,1,0.9631477
1,1,0.99932075
1,1,0.99984014
1,1,0.9984073
1,1,0.9970777
0,0,0.00643409
0,0,0.003630784
1,1,0.9820196
0,0,0.004814717
0,0,0.016225904
0,0,0.0032663285
0,0,0.0044020438
0,0,0.028767008
1,1,0.9987565
0,0,0.40541312
1,1,0.9993279
0,0,0.009224205
1,1,0.98935306
0,0,0.01018438
1,1,0.9668589
0,0,0.008735444
1,1,0.93585026
0,0,0.4697876
1,1,0.9996861
0,0,0.03538805
1,1,0.8199891
1,1,0.9971493
1,1,0.9845217
0,0,0.0035117185
0,0,0.0042211325
0,0,0.06012808
0,0,0.0019682597
1,1,0.9993716
0,0,0.0059353723
0,0,0.0063344063
0,0,0.006814244
0,0,0.0011280355
0,0,0.00221417
0,1,0.96726793
0,0,0.0045996737
0,0,0.15683347
1,1,0.99913555
0,0,0.0018781797
0,0,0.0069558434
1,1,0.9994124
1,1,0.9994816
0,0,0.0051331543
1,0,0.002270055
1,1,0.9835397
0,0,0.020519847
0,0,0.0064385477
1,1,0.89497614
1,1,0.99890363
1,1,0.9059759
0,0,0.009058312
0,0,0.0027186961
1,1,0.99885094
0,0,0.008651074
0,0,0.041609213
0,0,0.000920122
0,0,0.00463784
1,1,0.981859
0,0,0.012411411
1,1,0.9999137
0,1,0.8013376
1,1,0.9993327
1,1,0.9929476
1,1,0.9997278
1,1,0.72644323
0,0,0.0029248274
0,0,0.013736796
1,1,0.9981437
0,0,0.007971137
1,1,0.9847099
1,1,0.9996743
0,0,0.0060921805
1,1,0.98312736
0,0,0.0056353393
0,0,0.0056200977
0,0,0.005193579
1,1,0.5466093
1,1,0.9996382
0,0,0.0017524775
0,0,0.0008276093
0,0,0.0037297443
0,0,0.01736807
0,0,0.03058384
0,0,0.0022739084
0,0,0.00028548582
0,0,0.002496139
1,1,0.9991886
1,1,0.9786835
0,0,0.004032493
1,1,0.99522203
1,1,0.9444263
0,0,0.0022739084
0,0,0.0018559943
1,1,0.99851614
1,1,0.99972624
0,0,0.003928652
0,0,0.0019240133
0,0,0.005362978
1,1,0.9993936
1,1,0.9996879
1,1,0.9992902
0,0,0.008251392
0,0,0.008924546
1,1,0.99950266
0,0,0.004628459
1,1,0.6447426
0,0,0.0034170907
1,1,0.99890673
0,0,0.033416014
1,1,0.7863487
1,1,0.999757
0,0,0.008198232
1,1,0.99529344
1,1,0.9293419
1,1,0.9993339
0,0,0.0043730256
0,0,0.012454015
1,1,0.9872525
1,1,0.99933606
0,0,0.002083843
0,0,0.0068385424
1,1,0.6028969
1,1,0.9975648
0,0,0.03276098
1,1,0.9994986
1,1,0.9648053
0,0,0.012131901
1,1,0.88549083
1,1,0.9990959
1,1,0.9991399
1,1,0.9996824
0,0,0.013225497
1,1,0.99965227
0,0,0.0032934365
1,1,0.9461096
1,1,0.9986785
1,1,0.99801034
0,0,0.0053879907
1,1,0.9992932
0,0,0.39008322
0,0,0.042520728
0,0,0.002996834
1,1,0.99874395
1,1,0.9995727
0,0,0.005312034
0,1,0.6084307
1,1,0.9996147
1,1,0.9109351
0,0,0.0015161097
1,1,0.99447143
0,0,0.005744571
1,1,0.92891914
1,1,0.99941957
0,0,0.002315744
0,0,0.011667259
0,0,0.003466064
0,0,0.006284778
1,1,0.9993767
1,1,0.9994247
1,1,0.9991015
1,1,0.99892277
0,0,0.002857743
1,1,0.9987173
0,0,0.0056951554
0,1,0.63674253
0,0,0.0019643512
0,0,0.003510439
0,0,0.06927224
0,0,0.0063347486
1,1,0.99920434
0,0,0.0006323993
0,1,0.7627282
1,1,0.99674135
0,0,0.0074689137
0,0,0.008389219
1,1,0.99954283
0,0,0.0022618284
0,0,0.008651074
0,0,0.0023598706
1,1,0.99708277
0,0,0.005035581
0,0,0.02726123
1,1,0.99954575
1,1,0.99974424
1,1,0.99878734
1,1,0.99963665
1,1,0.98368233
0,0,0.0011889102
0,0,0.00902337
1,1,0.9997259
0,0,0.0034887283
1,1,0.96280456
1,1,0.9512789
0,0,0.0029027122
1,1,0.9992312
0,0,0.020161072
0,0,0.008422689
1,1,0.999542
0,1,0.70197237
1,1,0.9936953
0,0,0.0012666308
1,1,0.99677116
1,1,0.99881315
1,1,0.99906915
1,1,0.999571
1,1,0.99965465
0,0,0.0003882084
0,0,0.0013858527
0,0,0.007993237
1,1,0.9937348
1,1,0.97959006
0,0,0.008423705
0,0,0.0069179265
0,0,0.012041594
0,0,0.00860586
1,1,0.99736625
1,1,0.96656513
0,0,0.030902417
0,0,0.028574413
1,1,0.91507024
0,0,0.0023079067
1,1,0.9254073
1,1,0.9886839
0,0,0.015706075
1,1,0.6350754
1,1,0.999329
0,0,0.008182769
0,0,0.0011404663
0,0,0.046818778
0,1,0.8462355
0,0,0.0032576988
0,0,0.0026731726
1,1,0.8188199
0,0,0.028592307
0,0,0.0027176347
1,1,0.9848713
1,1,0.99989736
0,0,0.005339456
1,1,0.9994318
1,1,0.9857372
0,1,0.96391785
1,1,0.9968267
0,0,0.0046633584
0,0,0.003928652
1,1,0.99968207
1,1,0.999348
1,1,0.99987006
1,1,0.99938214
0,0,0.003469556
1,1,0.9975501
1,1,0.98241246
0,0,0.034613244
1,1,0.9996561
1,1,0.99806184
0,0,0.002918059
0,0,0.0024787548
1,1,0.85044366
1,1,0.99817634
0,0,0.42993668
0,0,0.0032568616
0,0,0.087463714
1,1,0.9996774
1,1,0.99983966
0,0,0.005239505
0,0,0.012174832
0,0,0.006076909
0,0,0.0035404454
0,0,0.04129432
0,0,0.002918059
1,1,0.9969909
0,0,0.0012975779
0,0,0.012170681
0,0,0.0025133993
0,1,0.9463574
1,1,0.95263535
0,0,0.11082723
1,1,0.8824875
0,0,0.01964759
1,1,0.9841298
1,1,0.9988763
1,1,0.9977816
0,0,0.0042248196
1,1,0.9991211
1,0,0.3179415
1,1,0.9991491
0,0,0.0035256643
0,0,0.0052012666
0,0,0.011562225
1,1,0.99942577
1,1,0.9992022
1,1,0.9990877
0,0,0.32152453
0,0,0.01613652
0,0,0.012454015
1,1,0.9085855
1,1,0.83986497
0,0,0.0019196019
0,0,0.016738173
1,1,0.96565396
0,0,0.00584245
1,1,0.99593395
1,1,0.9546374
1,1,0.9957854
0,0,0.005400445
1,1,0.99912566
0,0,0.00053501915
1,1,0.9789944
0,0,0.0133601
0,0,0.0047351397
1,1,0.9971493
0,0,0.003700707
1,1,0.9991818
0,0,0.0030964012
1,1,0.99925786
1,1,0.99838233
0,0,0.0036494185
0,0,0.038348008
1,1,0.9987888
1,1,0.99866116
0,0,0.0033695481
0,0,0.0037354468
0,0,0.004687481
1,1,0.99832135
1,1,0.99561065
1,1,0.9996283
0,0,0.0023530012
1,1,0.9994837
0,0,0.006228959
0,0,0.006323568
1,1,0.99980384
0,0,0.003901284
0,0,0.0054405266
1,1,0.9862467
1,1,0.99895966
1,1,0.99950814
0,0,0.0072082076
0,1,0.6673587
0,0,0.004039568
0,0,0.005456632
1,1,0.9996506
1,1,0.88830984
0,0,0.0056736595
1,1,0.9993063
1,1,0.9970797
1,1,0.9995983
0,1,0.6465034
1,1,0.99867463
1,1,0.99899167
0,0,0.0023848996
0,0,0.003944635
1,1,0.99912864
0,1,0.62355167
1,1,0.9994381
1,1,0.97230524
0,0,0.08640459
0,0,0.0029411928
0,0,0.0072626197
1,1,0.9920432
0,0,0.00559599
1,1,0.99901927
0,0,0.013656958
1,1,0.9605521
1,1,0.81385654
1,1,0.8289733
1,1,0.9996706
0,0,0.0059415055
0,0,0.038067784
1,1,0.99911517
1,1,0.9982893
1,1,0.9989994
1,1,0.99926966
0,0,0.008793203
0,0,0.0020343387
1,1,0.9863107
1,1,0.8166834
1,1,0.9075706
0,0,0.0040592626
1,1,0.99949276
1,1,0.9989201
1,1,0.9995622
1,1,0.9975648
1,1,0.9556203
1,1,0.83555967
0,0,0.0044502956
0,0,0.009058312
0,0,0.00479519
1,1,0.9596475
1,1,0.9978765
0,0,0.006890512
0,0,0.0057104947
0,0,0.009650386
0,0,0.0023814554
0,0,0.008691658
1,1,0.9986577
1,1,0.9994155
0,0,0.0009531098
1,1,0.99945146
0,0,0.0021187337
0,0,0.026220866
0,0,0.018025475
1,1,0.99837565
1,1,0.9998056
0,0,0.0017083324
1,1,0.9996593
0,0,0.001787644
0,0,0.0033803903
0,0,0.011790681
0,0,0.054826003
0,0,0.0010094037
1,1,0.8930583
1,1,0.9617631
0,0,0.015327988
1,1,0.9998054
1,1,0.99944395
1,1,0.9985714
1,1,0.9995876
1,1,0.9979305
1,1,0.999703
1,1,0.9994055
1,1,0.99881566
0,0,0.0072273184
1,1,0.99760276
1,1,0.98613447
0,0,0.09900463
1,1,0.95427936
1,1,0.94681495
0,0,0.005525501
1,1,0.9981877
0,0,0.0048012305
1,1,0.9926006
0,0,0.006022377
0,0,0.021819344
0,0,0.006376515
1,1,0.9991757
0,0,0.0033232097
1,1,0.99935025
1,1,0.9566681
1,1,0.92658186
0,0,0.004031834
1,1,0.99214983
1,1,0.81273764
0,0,0.005035581
0,1,0.78504753
1,1,0.9998029
0,0,0.0067301895
1,1,0.9838986
1,1,0.8002554
1,1,0.99843985
1,1,0.9997464
1,1,0.99866855
0,0,0.0015987792
1,1,0.9884376
0,0,0.0013286821
1,1,0.9995413
0,0,0.004376457
1,1,0.999498
1,1,0.9991198
0,0,0.012740905
0,0,0.008947066
1,1,0.9612211
1,1,0.9934441
1,1,0.999408
0,0,0.003182322
1,1,0.99985707
0,0,0.0065812333
0,0,0.0034606333
0,0,0.007775138
0,0,0.002011728
1,1,0.9993979
1,1,0.9994499
1,1,0.9989575
1,0,0.28729725
0,0,0.002474243
1,1,0.9996382
1,1,0.9992969
1,1,0.99942136
1,1,0.99895155
1,0,0.077179946
0,0,0.008354084
0,0,0.058136072
0,0,0.0070033306
0,0,0.008444573
1,1,0.9683727
1,1,0.97188276
0,0,0.0034492675
1,1,0.8228216
0,0,0.0040906584
0,0,0.0043361606
0,0,0.0018368539
1,0,0.0088786995
0,0,0.0024051918
1,1,0.982408
1,1,0.9992731
1,1,0.9993598
1,1,0.9995079
1,1,0.99742365
1,1,0.98622036
1,1,0.99966204
1,1,0.9988141
0,0,0.00807216
1,1,0.9996113
1,1,0.98938495
1,1,0.9997578
1,1,0.94563586
0,0,0.098729044
1,1,0.99931645
0,0,0.009903766
1,1,0.9981876
0,1,0.5625243
1,1,0.9991691
1,1,0.99858
0,0,0.0037900943
1,1,0.99956936
1,1,0.99812883
0,0,0.003627108
0,0,0.005048752
0,0,0.0031194182
1,1,0.9998559
1,1,0.9985207
1,1,0.9996344
0,0,0.0021780129
0,0,0.005653482
1,1,0.9763209
1,1,0.99921536
0,0,0.004317512
0,0,0.011686223
1,1,0.9988682
0,0,0.0054202685
0,1,0.580117
1,1,0.99984956
1,1,0.9983797
0,0,0.0036538022
1,1,0.99603075
1,1,0.9957266
0,0,0.00325315
1,1,0.9918583
0,0,0.011274661
1,1,0.95457125
0,0,0.25895065
1,1,0.96319747
0,0,0.0017797531
1,1,0.7424986
0,0,0.0041840356
1,1,0.9842716
1,1,0.9994987
1,1,0.975517
0,0,0.0046502454
1,1,0.96836936
0,0,0.003571997
0,0,0.0065327566
0,0,0.00490172
0,0,0.004768637
0,0,0.002498903
0,0,0.0087814
1,1,0.9988226
0,0,0.025541218
0,0,0.016852165
1,1,0.99701905
0,0,0.0032808569
0,0,0.0033232097
0,0,0.0042225295
0,0,0.00419516
0,0,0.009531062
1,1,0.8684474
1,1,0.9997687
0,0,0.005143975
1,1,0.99887794
1,1,0.998665
1,1,0.9931005
0,0,0.033457104
1,1,0.9988115
0,0,0.03684108
0,0,0.0011889102
0,0,0.004132123
0,0,0.001867125
1,1,0.9994412
0,0,0.0019465236
0,0,0.004523179
0,0,0.0047929147
1,1,0.88918334
0,0,0.49245727
0,0,0.01530233
0,0,0.009003765
0,0,0.0024917177
0,0,0.004533219
0,1,0.67189765
0,0,0.13985705
0,0,0.006629763
0,0,0.005410201
0,0,0.005176746
1,1,0.9987538
0,0,0.006342353
1,1,0.9994012
0,0,0.006152246
0,0,0.0019537385
1,1,0.99935025
0,0,0.0048945523
0,0,0.1249799
0,0,0.001565613
0,0,0.028717373
1,1,0.9994568
1,1,0.99942005
1,1,0.91530985
1,1,0.99933714
1,1,0.9880242
0,0,0.0106962
1,1,0.9993782
1,1,0.9994778
0,0,0.0037080876
0,0,0.00669974
1,1,0.9997229
1,1,0.97383636
0,0,0.015424053
0,0,0.0024960393
1,1,0.9578105
0,0,0.036889624
1,1,0.9925649
1,1,0.8521698
1,1,0.91260344
1,1,0.5776173
1,1,0.9981681
1,1,0.9849504
1,1,0.86359644
1,1,0.99946207
0,0,0.0018664553
0,0,0.005665404
0,0,0.021535149
1,1,0.99992824
1,1,0.87435406
1,1,0.99963236
0,0,0.29943663
0,0,0.005609063
0,0,0.007253838
0,0,0.0041059186
0,0,0.006004051
1,1,0.99846846
1,1,0.99559754
0,0,0.0018559943
1,1,0.99903893
0,0,0.0072273184
0,0,0.0055654603
1,1,0.99933016
1,1,0.8710075
0,0,0.0070514376
1,1,0.9997023
1,1,0.99884295
0,0,0.003489012
1,1,0.9950389
1,1,0.9965669
0,0,0.004188892
0,0,0.0074738148
1,1,0.93840104
0,0,0.002106928
0,0,0.006505419
1,1,0.98475295
0,0,0.002743859
0,0,0.005819686
0,0,0.016188808
0,0,0.002290758
0,0,0.00039003644
0,0,0.005865708
1,0,0.4397774
1,1,0.9993523
1,1,0.9992269
1,1,0.99936694
1,1,0.99982136
0,1,0.62267494
0,0,0.011755741
1,1,0.9534287
1,1,0.878187
1,1,0.9987348
1,1,0.9996176
1,1,0.9965509
0,0,0.004319115
1,1,0.98064464
1,1,0.7871068
0,0,0.007971307
1,1,0.9989825
0,0,0.025627367
1,1,0.9586353
0,0,0.0048562954
0,0,0.002649519
1,0,0.21738389
1,1,0.9994012
1,1,0.88081545
0,0,0.011739837
1,1,0.99942315
1,1,0.8990865
0,0,0.014385986
1,1,0.9983254
0,0,0.0044141454
1,1,0.99897146
1,1,0.9988649
0,0,0.010473271
0,0,0.0026543278
1,1,0.99925
0,0,0.0019465236
0,0,0.004192014
0,0,0.006004051
0,0,0.20639353
0,0,0.008201602
1,1,0.99800855
0,0,0.12382408
0,0,0.0068872073
0,0,0.009813171
1,1,0.9992834
1,1,0.9682598
0,0,0.0038999468
0,0,0.0017898056
1,1,0.9994229
0,0,0.012248692
0,0,0.0028951024
1,1,0.7667025
1,1,0.99322504
0,0,0.005362978
1,1,0.9867671
0,0,0.0029964964
1,1,0.99921715
1,1,0.9454942
0,0,0.0050074537
0,0,0.0026476032
0,0,0.007985384
0,0,0.0008872831
1,1,0.98797977
1,1,0.96405613
0,0,0.0048014354
1,1,0.9997987
0,0,0.17360906
1,1,0.99769574
1,1,0.9997676
0,0,0.44246832
0,0,0.008809231
1,0,0.35523263
0,0,0.0066581904
0,0,0.0016042687
1,1,0.6670876
0,0,0.005544966
0,0,0.0016472324
1,1,0.9408947
1,1,0.9970703
1,1,0.99922097
1,0,0.32533792
0,0,0.0019411913
0,0,0.005362978
1,1,0.99989533
0,0,0.0020561854
0,0,0.002388577
1,1,0.99860567
0,0,0.0018788107
0,0,0.05019664
0,0,0.004321726
0,0,0.004335374
1,1,0.9985461
1,1,0.99969184
0,0,0.002010188
0,0,0.0058344123
1,1,0.99137795
1,1,0.99950814
1,1,0.98073983
1,1,0.8840456
0,0,0.029972985
1,1,0.91713536
0,0,0.12274878
1,1,0.9995931
0,0,0.4424075
0,0,0.0035463416
1,1,0.9969363
1,1,0.99955624
0,0,0.0027537488
0,0,0.004787048
0,0,0.3176646
1,1,0.99847966
1,1,0.6491013
1,1,0.98326784
0,0,0.005819686
1,1,0.99687624
0,0,0.009536506
0,0,0.39107633
0,0,0.002469983
1,1,0.9611136
1,1,0.9046876
1,1,0.99588287
1,1,0.8110572
1,1,0.9995302
0,0,0.037536517
0,0,0.0029905576
1,1,0.9999031
0,0,0.002554888
1,1,0.9952311
1,1,0.9994892
1,0,0.24084084
0,0,0.0014397413
0,0,0.0050644055
0,0,0.0062076785
1,0,0.4329158
0,0,0.010584382
0,0,0.0068647754
0,0,0.008548222
0,0,0.007777077
0,0,0.012938328
0,0,0.009966688
1,1,0.99991214
1,1,0.9998221
1,0,0.46031684
0,0,0.0029248274
1,1,0.99967337
0,0,0.0029077579
0,0,0.0033517182
1,1,0.99911195
1,1,0.9489338
0,0,0.004484364
0,0,0.0024007715
0,0,0.008260814
1,1,0.59837687
0,0,0.0036436042
0,0,0.0039608325
0,0,0.44574314
1,1,0.99969375
0,0,0.12824447
0,0,0.007945057
1,1,0.999468
0,0,0.0019857301
0,0,0.006461362
1,1,0.99983156
0,0,0.0034898706
1,1,0.9930086
1,0,0.013237519
0,0,0.004456623
0,0,0.005173002
1,1,0.9832092
1,1,0.94131726
0,0,0.0034019058
0,0,0.0011927435
1,1,0.9996013
1,1,0.9983309
0,0,0.0041072173
0,0,0.0058383937
0,0,0.022614097
0,0,0.006717594
0,0,0.0036972503
0,0,0.0070237177
0,0,0.0053809322
0,0,0.0047972267
1,1,0.98106134
1,1,0.9911317
0,0,0.0015286498
0,0,0.0052072727
1,1,0.959235
0,0,0.009648741
1,1,0.99685824
0,0,0.003767185
0,0,0.007131659
1,1,0.99934
0,0,0.002469607
1,1,0.9994825
0,0,0.00712385
1,1,0.887795
0,0,0.0026548884
1,1,0.98473907
1,1,0.99839824
1,1,0.99584264
0,0,0.0024715248
0,0,0.020162707
0,0,0.0009553509
1,1,0.96874946
0,0,0.042785477
1,1,0.8812563
0,0,0.0023179175
1,1,0.99939346
1,1,0.99785256
0,0,0.0052182665
1,1,0.6132859
0,0,0.003836223
1,1,0.9990533
0,0,0.0010530149
0,0,0.0061336895
0,0,0.011071524
1,1,0.9996774
0,0,0.0051583457
0,0,0.0037156616
0,0,0.010314198
1,1,0.9992435
1,1,0.99813986
1,1,0.9999213
0,0,0.008834244
1,1,0.9995129
0,0,0.008953563
0,0,0.0023707333
1,0,0.18908805
1,1,0.98289263
1,1,0.7723322
0,0,0.0050524324
1,1,0.99902487
0,0,0.004995352
0,0,0.002899658
1,1,0.99989736
1,1,0.99736625
0,0,0.009401636
1,1,0.99949133
1,1,0.9991647
0,0,0.012415269
1,1,0.89865994
0,0,0.005013975
0,0,0.0023258275
1,1,0.97477436
1,1,0.9992617
1,1,0.958414
0,0,0.002930313
0,0,0.0061756903
0,0,0.0045974823
1,1,0.9994854
1,1,0.99721634
0,0,0.006662162
0,0,0.0045461096
1,1,0.9996637
1,1,0.99677086
1,1,0.9995479
1,1,0.9363359
1,1,0.9927781
1,1,0.923249
1,1,0.99663526
0,0,0.007724028
1,1,0.9995982
1,1,0.9988702
1,1,0.9670214
1,1,0.99973756
0,0,0.007524873
1,1,0.99966514
0,0,0.0018618983
1,1,0.9975305
0,0,0.0045588245
0,0,0.002126103
1,1,0.92165744
0,0,0.0045855725
1,1,0.97561115
0,0,0.052218124
0,0,0.008342332
1,1,0.6745027
1,1,0.9992323
0,0,0.027152449
0,0,0.007658928
0,0,0.0024684398
1,1,0.99892396
0,0,0.00511451
0,0,0.003489012
0,0,0.0019411349
0,0,0.05240396
1,1,0.99969125
0,0,0.002138194
1,1,0.9622388
0,0,0.00452601
0,0,0.04733165
0,0,0.00560701
0,0,0.0031214652
0,0,0.009363363
0,0,0.043388344
0,1,0.5006782
0,0,0.0059353723
1,1,0.99978536
0,0,0.009288838
1,1,0.9984812
1,1,0.9991148
0,1,0.7168021
0,0,0.0040906584
0,0,0.00860586
0,0,0.0046115397
0,0,0.008912331
1,1,0.9995833
1,1,0.9994137
0,0,0.0065327566
0,0,0.004265232
1,1,0.80612224
1,1,0.99922407
1,1,0.9996253
0,0,0.0020424626
1,1,0.99887604
0,0,0.003975193
0,0,0.0045669614
0,0,0.0030684173
0,0,0.005018047
0,1,0.93497753
1,1,0.9985714
1,1,0.9993591
0,0,0.0040087034
0,0,0.004995352
0,0,0.0032253652
0,0,0.0036363443
1,1,0.9996382
1,1,0.9993309
1,1,0.9996283
0,0,0.005358043
1,1,0.9998802
1,1,0.9987833
0,0,0.00717009
0,0,0.002693088
0,0,0.04491095
0,0,0.0083441585
0,0,0.0075822454
0,0,0.0023530012
0,0,0.004325179
1,1,0.95163614
1,1,0.9980275
0,0,0.001854976
0,0,0.116204225
0,0,0.003489012
0,0,0.0030964012
0,0,0.006865865
1,1,0.99948126
1,1,0.99343324
0,0,0.0036877354
0,0,0.0050854604
1,1,0.9994099
1,1,0.9999201
1,1,0.99890304
0,0,0.012454015
0,0,0.012454015
1,1,0.99984527
1,1,0.999468
1,1,0.99939
1,1,0.9965695
1,1,0.9996871
0,0,0.0075235087
0,0,0.013956275
1,1,0.90164757
1,1,0.99985707
1,1,0.99897265
0,0,0.0040906584
0,0,0.48266548
0,1,0.7555506
0,0,0.031032596
1,1,0.9989906
1,1,0.99826825
1,1,0.9623557
1,1,0.9991186
0,0,0.007123337
1,1,0.99978656
1,1,0.99980515
0,0,0.007138151
1,1,0.9978173
0,0,0.0040483447
1,1,0.99943274
0,0,0.010897156
0,0,0.004192014
1,1,0.9793493
1,1,0.9947803
0,0,0.006890512
1,1,0.8214205
0,0,0.001560127
0,0,0.0017015841
1,1,0.9988123
0,0,0.033193503
0,0,0.0029351541
0,0,0.0055470755
0,0,0.0009875209
0,0,0.046697367
1,1,0.99936205
0,0,0.00411278
1,1,0.99543613
0,0,0.006122381
0,0,0.020155054
0,0,0.014796956
1,1,0.99807847
1,1,0.9994685
1,1,0.99812967
0,0,0.0022484472
0,0,0.01613652
0,0,0.0035817744
0,1,0.71071714
1,1,0.99989736
1,1,0.99969697
0,0,0.006153485
1,1,0.998816
0,0,0.004177334
0,0,0.0037760127
1,1,0.99963963
1,1,0.99929893
0,0,0.0048218695
0,1,0.65128917
1,1,0.9968837
0,0,0.005106098
1,1,0.8779028
1,1,0.9993818
1,1,0.9994543
1,1,0.9945949
0,0,0.002050158
0,0,0.005455232
1,1,0.9995065
1,1,0.9997191
1,1,0.99920267
0,0,0.005847285
1,1,0.9993011
0,0,0.0045845886
1,1,0.91829896
0,0,0.007993237
0,0,0.00797846
1,1,0.99956053
0,0,0.0059525194
1,1,0.59769887
1,1,0.99918896
0,0,0.0048548114
1,1,0.99920386
1,1,0.99969864
0,1,0.976303
1,1,0.999686
0,0,0.003630784
1,1,0.99948716
0,0,0.0019555748
1,1,0.9167411
0,0,0.0016099894
1,1,0.81217194
1,1,0.99339384
0,0,0.0051630656
0,0,0.0019222787
0,0,0.0033232097
0,0,0.002731615
1,1,0.9998666
0,0,0.0048218695
0,0,0.0020899922
0,0,0.0011484639
1,1,0.99787617
0,1,0.93020093
1,1,0.9449786
1,1,0.99955946
1,1,0.9977082
0,0,0.0032079616
1,1,0.99914813
1,1,0.9663989
0,1,0.93317276
1,1,0.99981505
0,0,0.005939205
0,0,0.0030725366
0,0,0.030216284
0,0,0.003973338
1,1,0.8926684
1,1,0.99881905
0,0,0.0069473567
1,1,0.999863
1,1,0.98860747
1,1,0.99988246
0,0,0.0025708925
0,0,0.0010845321
1,1,0.98126376
0,0,0.0014150107
0,0,0.014662057
0,0,0.0057842406
0,0,0.004562747
0,0,0.008492547
0,0,0.0044988026
1,1,0.7951117
0,0,0.011230172
0,0,0.0071209804
1,1,0.999718
1,1,0.86709857
0,0,0.0050538923
1,1,0.99802434
0,0,0.0015098692
0,0,0.0022618284
0,0,0.002187222
0,0,0.0029055288
1,1,0.94512105
0,0,0.005239505
1,1,0.69947934
0,0,0.011890963
0,0,0.017271439
1,1,0.99947065
0,0,0.010810099
1,1,0.9975231
1,1,0.99857545
0,0,0.016462531
0,0,0.36694565
0,0,0.0056181685
1,1,0.99935347
0,0,0.005358043
0,0,0.026680088
1,1,0.9984174
1,1,0.9993304
1,1,0.98635906
1,1,0.99911565
1,1,0.9991691
0,0,0.21933661
1,1,0.9987822
1,1,0.9924426
0,0,0.008768746
0,0,0.007253838
1,1,0.9988689
1,1,0.99851924
0,0,0.006890512
1,1,0.9991997
1,1,0.9993438
1,1,0.999619
1,1,0.99889416
1,1,0.82140833
1,1,0.95034707
1,1,0.959427
0,0,0.00064758403
1,1,0.9913747
1,1,0.9177269
1,1,0.9995704
1,0,0.0062076137
1,1,0.99945706
1,1,0.9969236
0,0,0.008352022
1,1,0.9696165
0,0,0.005038716
0,0,0.010523067
1,1,0.9873111
0,0,0.00474615
1,1,0.99728775
1,1,0.98317647
1,1,0.87392914
0,0,0.0060131247
0,0,0.009833923
1,1,0.99483806
1,1,0.9940936
1,1,0.9761863
0,0,0.009561639
0,0,0.004039368
1,1,0.9994419
0,0,0.0040421872
0,0,0.0024960393
0,0,0.0059355525
1,1,0.9678224
1,1,0.99025553
1,1,0.9400176
0,0,0.0052878936
0,0,0.0037155997
1,1,0.9915222
1,1,0.99859804
0,0,0.0036901748
1,1,0.99969316
0,1,0.9102505
0,1,0.58813876
1,1,0.99868673
0,0,0.0041059186
0,0,0.0009278971
0,0,0.010396514
1,1,0.89483774
0,0,0.004705837
1,1,0.9991374
0,0,0.013814989
0,0,0.010002515
1,1,0.99874276
1,1,0.9964897
0,0,0.006708491
0,0,0.004787048
1,1,0.99951863
0,0,0.013638259
0,0,0.0035000474
1,1,0.9976017
0,0,0.0035442612
1,1,0.99728096
1,1,0.9994904
1,1,0.99267864
0,0,0.0006810088
0,1,0.9474017
1,1,0.88408166
0,0,0.0024787548
1,1,0.982928
1,1,0.9996797
0,1,0.6136793
1,1,0.9682768
1,1,0.75130713
1,1,0.99894387
0,0,0.0070514376
1,1,0.867503
1,1,0.9987313
1,1,0.9991211
0,0,0.007587112
0,0,0.003916832
0,0,0.001945618
0,0,0.0030612214
1,1,0.9970751
0,0,0.19140741
0,0,0.007214165
1,1,0.99979395
0,0,0.006890512
1,1,0.9982414
0,0,0.0019998595
0,0,0.056336038
0,0,0.0037445668
0,0,0.0035062279
1,1,0.996929
0,0,0.0044201114
1,1,0.9983045
0,0,0.0031587984
0,0,0.0048218695
0,0,0.009663725
1,1,0.9956424
1,1,0.9992161
1,1,0.89173394
1,1,0.99792767
1,1,0.9990109
0,0,0.15157731
0,0,0.021269929
0,0,0.0025232695
1,1,0.9985678
1,1,0.9984352
0,0,0.004358577
0,0,0.0026033646
1,1,0.9639325
1,1,0.99921536
0,0,0.008174047
0,0,0.011793587
0,0,0.0063865837
1,1,0.9506219
0,0,0.0024462626
1,1,0.99777454
0,0,0.025866874
1,1,0.99937123
0,0,0.007117209
1,1,0.82680464
0,0,0.003421954
1,1,0.9993581
1,1,0.8033186
0,1,0.87907255
0,0,0.003920605
1,1,0.99922967
1,1,0.9994413
1,1,0.99938416
0,0,0.0028860865
1,1,0.99991345
1,1,0.9997023
1,1,0.8034927
0,0,0.010392962
0,0,0.0018454627
1,1,0.99507785
1,1,0.99943584
1,1,0.9995584
1,1,0.99848145
1,1,0.9987801
1,1,0.9168047
1,1,0.9995505
1,1,0.9890638
0,0,0.0038375843
1,1,0.9971493
0,0,0.14988424
0,0,0.001275042
0,0,0.0037690592
0,0,0.008947066
1,1,0.9994962
0,1,0.73847085
1,0,0.47096208
0,0,0.07677209
0,0,0.013094031
1,1,0.8395647
1,1,0.9992643
1,1,0.9374963
1,1,0.9834425
1,1,0.99740356
0,0,0.002554888
0,0,0.13255231
1,1,0.9882438
0,0,0.0035169953
1,1,0.9992269
0,0,0.009650978
1,1,0.9780189
1,1,0.9954656
0,0,0.008575117
1,1,0.8672714
0,0,0.005456632
1,1,0.999648
0,0,0.002052249
1,1,0.8021711
1,1,0.999469
1,1,0.92098
0,0,0.0053317375
1,1,0.9998165
1,1,0.9893779
0,0,0.003329596
1,1,0.99986553
0,0,0.0026400464
1,1,0.9996989
0,0,0.0057253153
1,1,0.8601905
1,1,0.9992409
1,1,0.9998202
1,0,0.30745593
0,0,0.0029510187
1,1,0.94710326
0,0,0.009397898
1,1,0.99660337
1,1,0.8043282
0,0,0.003489012
1,1,0.99939346
0,0,0.009288838
1,1,0.9880298
1,1,0.98152095
1,1,0.9476856
0,0,0.004388887
1,1,0.99925715
1,1,0.99929535
1,1,0.9983902
0,0,0.0067649204
1,1,0.9943135
1,1,0.99429095
1,1,0.9989483
0,0,0.040920805
0,0,0.00401464
1,1,0.99976736
1,1,0.99766445
0,0,0.004628349
1,1,0.9991947
0,0,0.004205082
0,0,0.13387473
0,0,0.01866406
1,1,0.9253464
1,1,0.9986952
0,0,0.008260814
0,0,0.060767222
0,0,0.001501792
0,0,0.0008247442
0,0,0.013355299
0,0,0.0070279757
0,0,0.42628574
1,1,0.9994898
0,0,0.02909234
0,0,0.0023678986
0,0,0.0016252031
0,0,0.005067551
0,0,0.013192562
1,0,0.05437145
0,0,0.003777674
1,1,0.8992327
1,1,0.9967891
0,0,0.0065171374
0,0,0.01947424
0,0,0.0035169953
1,1,0.99900657
0,1,0.51058394
0,0,0.40191394
0,0,0.0025889296
0,0,0.0025018896
1,1,0.9976749
0,0,0.003713408
1,1,0.99942964
0,0,0.002683506
0,0,0.0011852381
1,1,0.99001336
1,1,0.99937963
1,1,0.9882025
1,1,0.997182
0,0,0.0034399587
0,0,0.0022739084
0,0,0.0006444713
0,0,0.0029841536
1,1,0.9987086
1,1,0.91231203
1,1,0.99598265
0,0,0.003166146
0,0,0.004523179
1,1,0.9994981
0,0,0.0028059885
0,0,0.00656355
1,1,0.99843067
1,1,0.8034569
0,0,0.004742579
0,0,0.0035192873
0,1,0.7714385
1,1,0.84982514
0,0,0.0040906584
0,0,0.0050589927
1,1,0.9994412
0,0,0.005199974
1,1,0.99759406
0,0,0.007117209
0,0,0.011790681
1,1,0.99907255
0,0,0.0026042229
0,0,0.0014206925
0,0,0.002010188
1,1,0.99913555
0,0,0.0040984126
1,1,0.998811
0,0,0.014858929
1,1,0.9999175
1,1,0.98633343
0,0,0.005358043
0,0,0.0059308894
1,1,0.99959904
0,0,0.14647734
0,0,0.2743242
1,1,0.9990951
0,0,0.005449285
1,1,0.94475
1,1,0.6063819
0,0,0.004473075
0,0,0.007468889
0,0,0.001957246
0,0,0.0020460724
0,0,0.07871507
0,0,0.0025593634
1,1,0.9835849
0,0,0.0035000474
0,0,0.0026231222
1,1,0.9990783
0,0,0.02806933
1,1,0.99794465
1,0,0.34007114
1,1,0.99962425
1,1,0.9550712
1,1,0.99906
0,0,0.002204343
1,1,0.99968517
0,0,0.006384136
1,1,0.99918574
0,0,0.0060194377
0,0,0.0033726161
1,1,0.9992632
1,1,0.998334
1,1,0.99931717
0,0,0.0034671335
0,0,0.019479869
1,1,0.98484206
1,1,0.99745816
1,1,0.9996113
0,0,0.0074427878
0,0,0.007243289
0,0,0.0025694147
1,1,0.925609
0,0,0.0040233913
1,1,0.9995035
0,0,0.23315227
0,0,0.0013293688
1,1,0.9521207
0,0,0.002564442
1,1,0.99928707
0,1,0.6900928
1,1,0.9996101
1,1,0.87843245
1,1,0.99949193
1,1,0.9996507
1,1,0.9994435
1,1,0.998833
0,0,0.00469426
1,1,0.99985766
0,0,0.17991377
0,0,0.03701978
1,1,0.99936885
0,0,0.04228235
0,0,0.003311261
0,0,0.0028860865
1,1,0.99961346
1,1,0.9862781
0,0,0.0026431796
0,0,0.0019576587
1,1,0.99893695
0,0,0.0020418745
0,0,0.00322159
1,1,0.99988174
0,0,0.00290608
1,1,0.99958116
0,0,0.0036428114
1,1,0.94555503
1,1,0.99833137
0,0,0.008166369
0,0,0.004787048
1,1,0.9859505
1,0,0.24190022
1,1,0.94999784
0,0,0.0077328593
0,0,0.0044433987
0,0,0.0023079067
1,1,0.9990158
0,0,0.013615256
1,1,0.9995678
1,1,0.9978399
1,1,0.99847084
0,0,0.0017870748
0,0,0.0033267904
0,0,0.005910374
1,1,0.99966204
1,1,0.98339164
1,1,0.99927694
0,0,0.0023680641
0,0,0.0016108758
1,0,0.2645911
0,0,0.0048218695
1,1,0.99769574
0,0,0.002518629
0,0,0.011376646
0,0,0.2149961
1,1,0.9994549
0,0,0.0022739084
1,1,0.9997849
1,1,0.99394834
0,0,0.05786142
0,0,0.008414573
1,1,0.9884235
0,0,0.0052140797
1,1,0.99911505
0,0,0.0050854604
0,0,0.00218504
1,1,0.99973124
1,1,0.9996233
1,1,0.99704415
0,0,0.00064758403
1,1,0.98473907
0,0,0.0004422252
0,0,0.0045339465
1,1,0.99931633
0,0,0.0021877144
0,0,0.0029961914
0,0,0.002930313
0,0,0.002797642
0,0,0.0063347486
1,1,0.9957683
0,0,0.0026768846
1,1,0.9983917
0,0,0.003627108
0,0,0.004075451
1,1,0.9406992
1,1,0.8103504
1,1,0.99957174
0,0,0.0054134275
1,1,0.9982003
0,0,0.0068054004
0,0,0.015936619
0,0,0.022146944
1,1,0.9767919
1,1,0.9109351
1,0,0.005085827
0,0,0.020135846
1,1,0.7371857
0,0,0.012129228
1,1,0.9976311
0,0,0.006343053
0,0,0.008860143
0,0,0.017699253
1,1,0.9991399
1,1,0.61103404
0,0,0.0029687155
1,1,0.9671803
1,1,0.93124664
0,0,0.0036428114
0,0,0.001370189
0,0,0.018025475
1,1,0.9996543
1,1,0.999099
1,1,0.99968517
0,0,0.0065877833
1,1,0.99948514
0,0,0.0037184462
1,1,0.9984333
0,0,0.00053923315
0,0,0.0039702365
1,1,0.99804664
1,1,0.98509187
0,0,0.003928652
0,0,0.0036267494
1,1,0.99931884
0,0,0.0033232097
0,0,0.006749524
1,1,0.93257076
0,0,0.0013156402
0,0,0.253114
0,0,0.010785111
0,0,0.0016221707
0,0,0.0020124842
1,1,0.828515
1,1,0.99980205
0,0,0.0032357094
1,1,0.9983277
1,1,0.9991621
1,1,0.99831593
1,1,0.991698
0,0,0.006047921
1,1,0.9993223
1,1,0.9834607
1,1,0.99954575
0,0,0.0020745124
1,1,0.999348
1,1,0.9965406
1,1,0.9806887
0,0,0.001863393
1,1,0.9981845
0,0,0.0029427567
0,0,0.0135939475
0,0,0.005289158
0,0,0.0022966145
0,0,0.0061068367
0,0,0.0053317375
0,0,0.031481195
1,1,0.9831509
0,0,0.001321364
1,1,0.99896145
1,0,0.2734492
1,1,0.9992866
0,0,0.0015480358
0,0,0.019337121
1,1,0.999498
0,0,0.016406033
1,1,0.99929297
1,1,0.9979317
0,0,0.016745387
1,1,0.99948263
0,0,0.0026543278
1,1,0.9981457
0,0,0.005067551
0,0,0.0037790777
0,0,0.0015496255
1,1,0.97435105
0,0,0.0024914772
1,1,0.9987791
0,0,0.17091523
0,0,0.0019213494
1,1,0.9996762
1,1,0.99918264
1,1,0.9995946
1,1,0.9995554
0,0,0.026032131
1,1,0.8360954
1,1,0.98279256
1,1,0.9991455
1,1,0.99890554
1,1,0.98166716
0,0,0.00479519
0,0,0.0061365156
0,0,0.0037492106
1,1,0.77160233
0,0,0.00045348756
1,1,0.99803346
0,0,0.0044988026
0,1,0.60311186
1,1,0.94434977
0,0,0.01690685
1,1,0.9985399
1,1,0.9998202
0,0,0.003019346
1,1,0.99864286
0,0,0.054088667
1,1,0.994068
1,1,0.9990889
0,0,0.005785093
0,0,0.0040800944
0,0,0.007856041
0,0,0.0019189798
0,0,0.004335374
1,1,0.9997408
1,1,0.99931407
1,1,0.9997024
1,1,0.9974764
1,1,0.9809436
1,1,0.998324
0,0,0.0019445403
0,0,0.003562057
1,1,0.978035
0,0,0.00063808094
1,1,0.99842346
1,1,0.99953055
0,0,0.01251687
0,0,0.0033194385
1,0,0.3094379
1,1,0.99946266
0,0,0.011726329
0,0,0.003960146
0,0,0.006376515
0,0,0.0037690592
1,1,0.946551
1,1,0.980773
0,0,0.002683469
0,0,0.14476943
0,0,0.0022739084
0,1,0.9578848
0,0,0.0073859133
1,1,0.991651
0,0,0.0033130525
1,1,0.9989901
1,1,0.99653614
1,1,0.99935824
1,1,0.73878896
1,1,0.99981195
0,0,0.0026154001
0,0,0.093970045
1,1,0.9998568
0,0,0.0022739084
1,1,0.9996321
0,0,0.004155387
0,0,0.001697875
1,1,0.9981845
0,0,0.0066581904
0,0,0.0038020753
1,1,0.98395157
0,0,0.007962891
1,1,0.9996275
0,0,0.007965438
1,1,0.938166
1,1,0.99685824
0,0,0.0083441585
1,1,0.99121547
0,0,0.0032811593
1,1,0.99675214
0,0,0.0074460646
0,0,0.0028044158
1,1,0.7215056
0,0,0.0036699886
1,1,0.99995863
0,0,0.008917653
1,1,0.9991542
0,0,0.0027549681
0,0,0.009191214
0,0,0.005142821
1,1,0.9591816
0,0,0.0040124115
0,0,0.0033232097
1,1,0.99954224
0,0,0.023512693
1,1,0.994503
0,0,0.0024025787
1,1,0.9989569
1,1,0.99862576
1,1,0.95322114
0,0,0.004168993
1,1,0.80289435
1,1,0.85674775
0,0,0.003375823
0,0,0.0020335712
1,1,0.9954678
1,1,0.9996822
0,0,0.026948167
1,1,0.7318131
0,0,0.0023483045
0,0,0.0029248358
1,1,0.997044
1,1,0.8618418
0,1,0.8095934
0,0,0.011244031
1,1,0.99948263
1,1,0.9966455
0,0,0.0047351397
1,1,0.9991456
1,1,0.9459337
0,0,0.2996771
1,1,0.99914896
1,1,0.9944858
0,0,0.0028405276
1,1,0.9986058
0,1,0.56627387
0,0,0.008619903
1,1,0.99897516
1,1,0.9006886
1,1,0.999099
1,0,0.44674346
1,1,0.9997727
1,1,0.9991265
0,0,0.010442035
1,1,0.9814363
0,0,0.011972352
1,1,0.82795995
0,0,0.0036972503
1,1,0.98695046
0,0,0.0024204878
0,0,0.0021906267
0,0,0.0013286821
1,1,0.99769574
1,1,0.99963343
0,0,0.002196953
1,1,0.9994784
1,1,0.99950755
0,0,0.0041984883
0,0,0.003260797
1,1,0.975521
1,1,0.9988129
0,0,0.0064248783
0,0,0.0020618495
1,1,0.96662194
1,1,0.99958247
1,1,0.90953493
1,1,0.99832135
0,0,0.0018664553
1,1,0.99979395
1,1,0.9997278
0,0,0.0035512128
0,0,0.0071622664
0,0,0.0057842406
0,0,0.24877295
1,1,0.9999031
0,0,0.0007060455
0,0,0.0038149236
1,1,0.99970263
1,1,0.99873394
0,0,0.0012982659
1,1,0.9996069
0,0,0.007160036
0,0,0.11357196
0,0,0.086421445
1,1,0.9118445
0,0,0.004155387
0,0,0.0033537066
1,1,0.99333316
1,1,0.9938611
0,0,0.008955222
1,1,0.99950814
1,1,0.6321544
0,0,0.0067301895
0,0,0.0050577805
1,1,0.9901506
1,1,0.9805534
1,1,0.99963427
1,1,0.9982413
1,1,0.98395157
1,1,0.9506831
0,0,0.00956828
1,1,0.99717194
0,0,0.0034784654
0,0,0.004128181
1,1,0.9994247
1,1,0.9668009
1,1,0.9980118
0,0,0.0030964012
0,1,0.9261915
0,0,0.0026670115
0,0,0.011960596
1,1,0.99991715
1,1,0.9858985
1,1,0.9521807
1,1,0.9994931
1,1,0.978795
0,0,0.01903568
1,0,0.4786663
1,1,0.99724686
1,1,0.99967635
1,1,0.97809553
1,1,0.9995678
0,0,0.014059569
1,1,0.99922395
0,0,0.049980607
1,1,0.9986939
1,1,0.9980261
0,0,0.117899835
0,0,0.0054598935
0,1,0.7825671
1,1,0.99835724
1,0,0.31817177
0,0,0.00422355
0,0,0.004325179
0,0,0.004001118
0,0,0.004659591
0,0,0.0067474493
0,0,0.0025897387
0,0,0.007524873
1,1,0.99884295
1,1,0.99949276
1,1,0.9991703
1,1,0.9997929
0,0,0.0032576988
0,0,0.00085317733
1,1,0.9912307
1,1,0.999243
1,1,0.99768984
1,1,0.9989955
0,0,0.0017998326
1,1,0.9979182
0,0,0.0052835015
1,1,0.99904436
1,1,0.9998258
1,1,0.9970663
1,1,0.9949944
0,0,0.0055569215
1,1,0.9993648
1,1,0.9993025
0,0,0.0029027122
1,1,0.9294762
1,1,0.9967553
1,1,0.99934286
1,0,0.28454292
1,1,0.9974809
1,1,0.9997347
1,1,0.97268784
1,1,0.99967813
1,0,0.0017155665
0,0,0.0026548884
1,1,0.988228
1,1,0.9778807
1,1,0.99851257
0,0,0.0053290552
1,1,0.9986131
0,0,0.003427155
0,0,0.0044362685
1,1,0.99747413
1,1,0.9991947
1,1,0.99967337
0,0,0.3713884
1,1,0.99985707
0,0,0.000920122
0,0,0.011219802
1,1,0.9996131
0,0,0.00940614
0,0,0.00469426
0,0,0.007489072
0,0,0.008573475
1,1,0.994638
0,0,0.009929418
1,1,0.99381655
1,1,0.9971269
1,1,0.84567535
0,0,0.0013917383
0,0,0.011673964
1,1,0.99909556
1,1,0.99989533
1,1,0.9927529
0,0,0.0030964012
0,0,0.0018664553
1,1,0.99963415
1,1,0.98897225
0,0,0.011690551
0,0,0.007236435
0,0,0.006004051
0,0,0.0058304397
1,1,0.96560127
0,0,0.32058454
0,0,0.0044550914
0,0,0.0033220819
1,1,0.99948263
1,1,0.9994573
1,1,0.96214885
0,0,0.0018747448
1,1,0.91065276
1,1,0.99649316
0,0,0.005010075
1,1,0.99969697
0,0,0.0068081697
1,1,0.9991517
1,1,0.99980766
0,0,0.006799395
1,1,0.9989335
1,1,0.9937348
1,1,0.9988689
1,1,0.99984014
0,1,0.8760659
0,0,0.0060224915
1,1,0.99922645
1,1,0.6867785
1,1,0.841784
1,0,0.21396093
1,1,0.99931633
1,1,0.9992507
1,1,0.9995353
1,1,0.99967134
0,0,0.008562467
0,0,0.015621475
1,1,0.9912307
1,1,0.99816895
1,1,0.9997023
1,1,0.99951994
0,0,0.015567504
1,1,0.9996275
1,1,0.9997812
0,0,0.0031587984
1,1,0.89390004
1,1,0.50848436
1,1,0.97163695
0,0,0.0020174205
1,1,0.9739189
0,0,0.01004083
0,0,0.004986711
1,1,0.99960285
0,0,0.035069387
0,0,0.0036801693
0,0,0.0045264205
0,1,0.89085275
0,0,0.002544869
0,0,0.0023483045
1,1,0.9982284
1,1,0.9997546
1,1,0.9978376
0,0,0.0048218695
1,1,0.99425757
0,0,0.0036857722
0,0,0.0009381939
0,0,0.0060194377
0,0,0.06833593
0,0,0.0023110218
0,0,0.0061669373
0,0,0.022146944
0,0,0.0013286821
1,1,0.79842734
1,1,0.999491
1,1,0.99773574
1,1,0.99840003
1,1,0.9634706
0,0,0.003182322
1,1,0.9983797
0,0,0.0029222937
0,0,0.0020061447
1,1,0.99961686
0,0,0.0033133738
1,1,0.91037464
0,0,0.0046277805
0,0,0.0052063763
0,0,0.0035000474
0,0,0.006840988
1,1,0.95267844
1,1,0.99933016
1,1,0.9990701
0,0,0.003990068
0,0,0.24921024
0,0,0.19803038
0,0,0.0056171617
0,0,0.0010806513
1,1,0.9997043
1,1,0.9990395
0,0,0.004325179
0,0,0.0037784907
0,0,0.002283632
0,0,0.01405306
1,1,0.9997484
0,0,0.0031165504
1,1,0.999519
1,1,0.93938905
1,1,0.997957
1,1,0.894526
0,1,0.6951421
0,0,0.0037861716
0,1,0.6201793
1,1,0.9994849
1,1,0.99969804
1,1,0.99492943
0,0,0.0030161666
1,1,0.9823674
0,0,0.0014681387
0,1,0.7362157
0,0,0.009393899
1,1,0.9983613
0,0,0.008948863
0,0,0.0035314416
1,1,0.9994998
0,0,0.0017818952
0,0,0.0009385094
0,0,0.0029714012
0,0,0.0024736596
0,0,0.0018983905
0,0,0.0037820712
0,0,0.0022834027
0,0,0.007420157
1,1,0.9994823
1,1,0.9969984
0,0,0.0059353723
0,0,0.003413014
0,0,0.001837046
0,1,0.5321698
1,1,0.9996288
0,0,0.0031075045
0,0,0.006796875
1,1,0.99963415
1,1,0.9996363
1,1,0.9990742
0,0,0.0076060966
0,0,0.013103444
1,1,0.9766252
0,0,0.0048762644
1,1,0.99864596
1,1,0.99903095
1,1,0.99866855
1,1,0.78696895
0,1,0.7927485
0,0,0.0044362685
1,1,0.9978034
0,0,0.0029783086
1,1,0.9997924
1,1,0.9996014
0,0,0.0019397
0,0,0.0040696007
1,1,0.9984559
0,0,0.021601245
0,0,0.013077485
1,1,0.7294807
0,0,0.0014827478
1,1,0.9796698
0,1,0.6994187
0,0,0.008015171
0,0,0.0008359425
0,0,0.0056200977
1,1,0.99884295
0,0,0.0048162597
0,0,0.0022636694
1,1,0.998811
0,0,0.0039410563
1,1,0.9937348
1,1,0.99956316
0,0,0.002270055
0,0,0.009159222
1,1,0.9979482
0,0,0.0020343387
0,0,0.0022922342
1,1,0.99882597
1,1,0.9981679
1,1,0.9990526
1,1,0.99950755
0,0,0.003824963
0,0,0.0006810088
0,0,0.0028391327
1,1,0.9995809
0,0,0.005665404
1,1,0.9994392
1,1,0.99761033
0,0,0.0045116856
1,1,0.9988386
0,0,0.004229239
1,1,0.998475
0,0,0.0019976194
0,0,0.33791986
0,0,0.0020628034
0,0,0.0088786995
0,0,0.0043561733
1,1,0.99660337
0,0,0.012052905
0,0,0.007987375
1,1,0.99961674
1,1,0.937082
0,0,0.044503458
0,0,0.004032493
0,0,0.0063225892
1,1,0.94510144
1,1,0.99981505
1,1,0.99892694
1,1,0.95541567
0,0,0.0027247001
0,0,0.0024007715
0,0,0.009061479
1,1,0.9706152
0,0,0.001399545
0,0,0.004111743
0,0,0.0043523675
1,1,0.9998387
0,0,0.10919044
0,0,0.006076909
0,0,0.00669974
0,0,0.0082975915
1,1,0.82577854
1,1,0.99779594
1,1,0.99885213
0,0,0.0069567063
0,0,0.0022209014
0,0,0.0011889102
1,1,0.99803656
1,1,0.9995938
1,1,0.9987913
1,1,0.9985898
1,0,0.45060933
0,0,0.042857878
0,0,0.005051905
0,0,0.0020824058
0,0,0.008840559
0,0,0.32145432
1,1,0.9699654
0,0,0.0037109621
1,1,0.98035794
0,0,0.0018898633
1,1,0.9673268
0,0,0.012841236
1,1,0.9996667
1,1,0.9991466
1,1,0.99648917
0,0,0.0028943855
0,0,0.0040906584
0,0,0.0018338043
1,1,0.80955476
1,1,0.99928457
1,0,0.2377202
1,1,0.99947006
0,0,0.0020418745
0,0,0.004175297
0,0,0.004486112
0,0,0.0017936827
0,0,0.032949917
0,0,0.0044786944
0,0,0.0043371343
1,1,0.98938495
0,0,0.018975306
0,0,0.003427401
0,0,0.0064550685
0,0,0.006091641
0,0,0.0055054035
1,1,0.86910444
0,0,0.0020063405
0,0,0.0075822454
1,1,0.81217194
1,1,0.99984014
1,1,0.9991073
0,0,0.10333444
0,0,0.003330848
1,1,0.99971896
0,0,0.0037900603
0,1,0.63205
0,0,0.029419957
0,0,0.0027776912
1,1,0.99977785
1,1,0.9999256
0,0,0.0041263956
0,0,0.003679196
1,1,0.9198414
1,1,0.9938579
1,1,0.7925138
0,0,0.0628984
1,1,0.99954283
1,1,0.99960965
1,1,0.99822944
0,0,0.002236348
1,1,0.9996007
0,0,0.011654054
1,1,0.94908035
0,0,0.017419282
1,1,0.9973539
1,1,0.99922097
0,0,0.050613888
0,0,0.0026768846
1,1,0.998555
0,0,0.002257483
0,0,0.0069668097
1,1,0.9993574
1,1,0.94216007
0,0,0.0026186784
1,1,0.9996753
1,1,0.83602417
1,1,0.99897313
0,0,0.0012228412
1,1,0.999476
1,1,0.9992447
0,0,0.0039339624
0,0,0.0029662636
1,1,0.9937348
0,0,0.0029615022
0,0,0.002750541
0,1,0.762747
0,0,0.0060149515
1,1,0.9993412
0,0,0.00214277
0,0,0.0026042229
1,1,0.92813146
1,1,0.9996878
1,1,0.99864596
0,0,0.0142811695
0,0,0.001653565
0,0,0.16341649
1,1,0.9991774
1,1,0.99948287
1,1,0.9945332
0,0,0.000920122
1,1,0.9993148
1,1,0.99899954
0,1,0.77974105
0,0,0.00807216
1,1,0.95735407
0,0,0.3135832
0,0,0.011237623
1,1,0.9994267
1,1,0.9987913
0,0,0.002634924
0,0,0.0070279757
1,1,0.99904746
1,1,0.99808097
0,0,0.002382277
0,0,0.003958971
1,1,0.9785913
1,1,0.9987991
1,1,0.9555665
1,1,0.999765
1,1,0.99855703
1,1,0.99859196
0,0,0.0039702365
1,1,0.99970216
1,1,0.99891305
0,0,0.003664485
1,1,0.9993319
1,1,0.9115891
0,0,0.0075636916
1,1,0.99934775
1,1,0.9998523
0,0,0.0019436226
0,0,0.0029868945
0,0,0.36038265
0,0,0.0075822454
1,1,0.99832135
1,1,0.829183
1,1,0.99116474
1,1,0.9999095
1,1,0.9986077
0,0,0.00862221
1,1,0.99962544
1,1,0.99860257
1,1,0.9510956
0,0,0.0026308168
0,0,0.005816625
1,1,0.8466188
0,0,0.0036814986
1,0,0.48168778
0,0,0.004986711
0,0,0.12667212
0,0,0.009429776
0,0,0.0077746822
1,1,0.998665
0,0,0.0021876155
0,1,0.98395157
1,1,0.99931717
0,0,0.0028951024
1,1,0.99889225
0,0,0.0027341843
1,1,0.9996768
0,0,0.005347698
1,0,0.0033133738
1,1,0.99913627
1,1,0.998872
1,1,0.95037204
0,0,0.002585846
0,0,0.0022904759
0,0,0.0020320476
0,0,0.0042862496
0,0,0.002649519
1,1,0.99955493
1,1,0.9161889
0,0,0.0041270773
1,1,0.9991198
0,0,0.0017064095
0,0,0.0045996737
0,0,0.0037046333
0,0,0.003148681
1,1,0.99949276
1,0,0.06509308
0,0,0.0037155997
0,0,0.0030106038
1,1,0.9991073
0,0,0.009312815
0,0,0.009485897
0,0,0.0088786995
1,1,0.9990778
1,1,0.99708027
1,1,0.9996307
0,0,0.0037020822
0,0,0.001560127
0,0,0.00056296174
1,1,0.9975527
1,0,0.40279087
1,1,0.9914585
0,0,0.002914723
1,1,0.98441374
0,0,0.003833614
1,1,0.9950729
0,0,0.0016634143
0,0,0.004313199
1,1,0.9001163
0,0,0.00054522336
0,0,0.06600201
1,1,0.9485739
0,0,0.002269759
0,0,0.005074451
1,1,0.78977054
1,1,0.90720606
0,0,0.0027534084
0,0,0.01074341
0,0,0.004814717
1,1,0.9986759
1,1,0.9997415
0,0,0.14524014
0,0,0.0011209035
0,0,0.0044362685
1,1,0.9698398
0,0,0.0016844886
1,1,0.9701741
1,1,0.99908555
0,0,0.007971043
0,0,0.022703782
0,0,0.005013975
0,0,0.0008276093
1,1,0.99977916
1,1,0.95821774
1,1,0.99937695
1,1,0.9991679
0,0,0.0022860374
1,1,0.9996363
0,0,0.011686223
0,0,0.039680973
0,0,0.004290206
1,1,0.9990989
1,1,0.9993309
1,1,0.9989806
0,0,0.007236435
0,0,0.0037524768
1,1,0.9918424
0,0,0.00401208
0,0,0.003073622
0,0,0.0035512128
1,1,0.8440517
1,1,0.89201754
0,0,0.0016099894
1,1,0.9901097
1,1,0.99963915
0,0,0.006194572
1,1,0.98473907
0,0,0.13055906
1,1,0.9970777
1,1,0.98897904
1,1,0.94805044
1,1,0.99981767
0,1,0.8894555
1,1,0.99948657
1,1,0.97749674
1,1,0.9996556
0,0,0.009630323
1,1,0.9990068
0,0,0.0066868435
0,0,0.001945618
0,0,0.0053406158
0,0,0.00085317733
0,0,0.009442889
1,1,0.99394894
0,0,0.0052306103
0,0,0.0032156114
1,1,0.99855727
1,1,0.9191043
1,1,0.9860095
0,0,0.003245672
1,1,0.99940145
0,0,0.0014627784
1,1,0.84345025
0,0,0.08436019
1,1,0.9998292
0,0,0.0011756518
0,0,0.008680227
1,1,0.9995735
0,1,0.9022838
1,1,0.998665
1,1,0.99938715
1,1,0.99972063
0,0,0.0051630656
1,0,0.08402778
0,0,0.007856041
0,0,0.007324498
0,0,0.01074341
0,0,0.0021968202
1,1,0.98860407
0,0,0.0012110526
0,0,0.2061238
0,0,0.0031808564
0,0,0.15929578
0,0,0.0037046333
1,1,0.99895155
0,0,0.0024960393
0,0,0.005442472
0,1,0.5989369
0,0,0.00017066403
0,0,0.014517709
1,1,0.9981115
1,1,0.9993944
0,0,0.07033816
1,1,0.97634476
1,1,0.9965563
1,1,0.968019
1,1,0.998898
0,0,0.0026321022
0,0,0.006047921
0,0,0.003836223
0,0,0.01224315
0,0,0.0021631678
1,1,0.92341477
1,1,0.9986614
1,1,0.9987287
1,1,0.99228776
1,1,0.887381
0,0,0.0040906584
0,0,0.02151587
1,1,0.9996076
0,0,0.01528552
1,1,0.99832135
1,1,0.9992699
0,0,0.0048079407
1,1,0.9990963
1,1,0.9949949
1,1,0.87867266
0,0,0.080660775
1,1,0.99808097
1,1,0.9996911
0,0,0.0050153835
0,0,0.002713541
1,1,0.99983084
1,1,0.9986759
1,1,0.9989667
1,1,0.9357775
1,1,0.9992555
0,0,0.1417064
1,1,0.94101876
1,1,0.99880564
0,0,0.0059553324
0,0,0.0041816426
0,0,0.0041424455
0,0,0.009768505
0,0,0.015088315
1,1,0.99925786
0,0,0.0045264205
0,0,0.0023558561
0,0,0.0022138224
1,1,0.88809276
0,0,0.0055848514
1,1,0.9989195
0,0,0.0015432311
0,0,0.14672388
0,0,0.004188152
1,1,0.9991716
0,0,0.015797753
0,0,0.001387921
0,1,0.9057512
0,0,0.0038755198
0,0,0.0018930284
0,0,0.002992621
1,1,0.99919325
1,1,0.9985611
0,0,0.0015760366
1,1,0.9986375
1,1,0.98819715
0,0,0.029723588
0,0,0.0010806513
1,1,0.9090697
1,1,0.94468516
1,1,0.998811
0,0,0.0064667338
0,0,0.0053001447
0,0,0.009951432
1,1,0.99991286
0,0,0.0070760464
1,1,0.99978346
1,1,0.9993185
0,0,0.006156743
1,1,0.9434191
0,0,0.00956419
0,0,0.0014381141
0,0,0.001389763
1,1,0.9990158
0,0,0.0016108758
1,1,0.9936093
1,1,0.9868814
0,0,0.0026186784
1,1,0.79231983
1,1,0.9777101
0,0,0.0033992573
0,0,0.02757447
1,1,0.99842346
0,0,0.0037129247
0,0,0.003836223
1,1,0.9206582
0,0,0.0049168896
0,0,0.0038999468
0,0,0.00024253718
1,1,0.9990734
1,1,0.8673401
0,0,0.24605173
1,1,0.95617616
0,0,0.0088786995
0,0,0.0017198994
0,0,0.0055532814
1,1,0.7457661
1,1,0.99960405
0,0,0.0034513415
1,1,0.98242146
0,0,0.005358043
0,0,0.0030906836
0,0,0.0061824485
0,0,0.0061096735
0,0,0.004711176
0,1,0.6262599
1,1,0.9944675
0,0,0.0053235833
1,1,0.99936885
1,1,0.9993131
1,1,0.9851177
1,1,0.9828441
1,1,0.9985611
1,1,0.9996233
0,0,0.0135710575
1,1,0.9754254
1,1,0.9909603
0,0,0.07456874
0,0,0.005509867
1,1,0.9993414
1,1,0.98549414
1,1,0.9995875
1,1,0.78477144
0,0,0.029305402
1,1,0.99930847
0,0,0.0020144505
1,1,0.9984674
0,0,0.008735444
1,1,0.9997236
1,1,0.9988819
1,1,0.99201816
0,0,0.22152382
1,1,0.9994153
1,1,0.98079866
1,1,0.9992855
1,1,0.9994543
1,1,0.98322326
1,1,0.9994986
1,1,0.99669147
0,0,0.050074957
0,0,0.004242888
0,0,0.010005022
0,0,0.0050445716
0,0,0.0067454083
1,1,0.83100545
1,1,0.99929154
1,1,0.9851479
0,0,0.0032933753
0,0,0.0043504876
1,1,0.97479475
0,0,0.0027340867
1,1,0.5211735
0,0,0.004247226
1,1,0.5986053
0,0,0.006100022
1,1,0.9978941
1,1,0.9993648
1,1,0.9986456
1,1,0.9996045
0,0,0.0035256643
1,1,0.9996118
0,0,0.0065674125
0,0,0.0022676727
0,0,0.031758394
0,0,0.0029778273
0,0,0.018658957
0,0,0.08986305
0,0,0.09999056
1,1,0.999645
1,1,0.9981679
0,0,0.008194762
0,0,0.0026483033
0,0,0.0048257746
0,0,0.020617599
1,1,0.9993148
1,1,0.9991366
1,1,0.98933965
1,1,0.99898833
0,0,0.007273282
0,0,0.0063685146
0,0,0.0050587645
0,0,0.0029813033
1,1,0.920488
1,1,0.9993794
1,1,0.9282728
1,0,0.44903627
1,1,0.9217962
0,0,0.004200199
1,1,0.9999294
0,0,0.0028447553
0,0,0.0027519632
1,1,0.99933416
1,1,0.9997162
1,1,0.99783057
1,1,0.9994553
1,1,0.99687743
0,0,0.04491095
0,0,0.002106928
0,0,0.0043561733
0,0,0.004171074
0,0,0.0055219205
0,0,0.016604736
1,1,0.99919003
0,0,0.008548222
1,1,0.99641234
1,1,0.999288
1,1,0.99951553
1,1,0.99866116
0,0,0.013956275
0,0,0.0067617274
0,0,0.0011840352
0,0,0.010024492
1,1,0.999146
0,0,0.0009553509
1,1,0.8316088
0,0,0.0070298733
0,0,0.00034378195
1,1,0.93214244
1,1,0.98966193
1,1,0.99936384
0,0,0.0055349367
1,1,0.9989109
0,0,0.23395531
1,1,0.9941941
0,1,0.85804516
1,1,0.9619119
1,1,0.9998635
0,0,0.0037358445
0,0,0.00417172
0,0,0.003973338
1,0,0.09309494
1,1,0.99946684
1,1,0.8864196
1,1,0.99928266
1,1,0.99939585
1,1,0.9981534
0,0,0.0034087251
1,1,0.9987883
0,0,0.006435919
0,0,0.0043523675
1,1,0.9994424
1,1,0.9997212
1,0,0.012938328
0,0,0.008301317
1,1,0.9101438
0,0,0.0019396159
0,0,0.033837814
1,1,0.9991703
1,1,0.8401674
1,1,0.9991534
0,0,0.003626257
0,0,0.017943535
1,1,0.9985985
0,0,0.0027041207
0,0,0.0069473567
0,0,0.0065136007
1,1,0.9992481
0,0,0.0077184862
0,0,0.0025209878
1,1,0.9997578
1,1,0.9920277
0,0,0.0031451464
0,0,0.0051406035
1,1,0.997396
1,1,0.99850994
1,1,0.9810543
1,1,0.99917716
0,0,0.0070646717
1,1,0.99180824
0,0,0.2383636
0,0,0.008404203
1,1,0.999728
0,0,0.010876647
0,0,0.005547509
0,0,0.0124633275
0,0,0.004032493
1,1,0.9991611
1,1,0.99423146
0,0,0.009025221
0,0,0.0032696319
0,0,0.0022380436
1,1,0.99978215
1,1,0.99920005
0,0,0.0021877144
1,1,0.97145057
0,0,0.003278659
1,1,0.97802013
1,1,0.99777466
0,0,0.002256854
0,0,0.4452395
0,0,0.0037790777
1,1,0.9989374
1,1,0.9995977
0,0,0.003458989
0,0,0.003469556
1,1,0.94556165
1,1,0.9981096
0,0,0.009404483
1,1,0.9996772
0,0,0.0031679496
1,1,0.9998907
1,1,0.9893991
1,1,0.99955493
0,0,0.0010020765
0,0,0.007266729
1,1,0.99984336
1,1,0.9876816
0,0,0.010742984
1,1,0.9730407
0,0,0.009485897
0,0,0.48574713
0,0,0.01160796
0,0,0.002619264
1,1,0.99853826
0,0,0.0040906584
1,1,0.9976967
0,0,0.0006810088
1,1,0.99973315
1,1,0.9994049
0,0,0.0072273184
1,1,0.99935025
1,1,0.9992555
1,1,0.99942315
1,1,0.9998827
0,0,0.0040962375
1,1,0.9992161
1,1,0.9993899
1,1,0.999084
0,0,0.045720518
0,0,0.002952912
0,0,0.006323568
0,0,0.027629914
0,0,0.0023826656
0,0,0.0063871164
0,0,0.008863075
0,0,0.15078653
0,0,0.0043448713
1,0,0.24669886
1,1,0.99968517
0,0,0.0028155767
0,0,0.042756043
1,1,0.9992824
1,1,0.9992781
1,1,0.51344055
0,0,0.007948316
0,0,0.0016018426
0,0,0.008011948
0,0,0.0040984126
1,1,0.9882854
1,1,0.9912259
0,0,0.027629914
0,0,0.0143601345
1,1,0.9943856
1,1,0.9852916
1,1,0.9998971
0,0,0.014107013
1,1,0.999592
1,1,0.9996444
0,0,0.0060902755
1,1,0.8051208
0,0,0.007427135
1,1,0.99923813
0,0,0.006079141
0,0,0.018390534
1,1,0.99961627
1,1,0.9980592
0,0,0.004088297
1,1,0.9994234
0,0,0.013638259
0,0,0.0059834714
0,0,0.009480602
1,1,0.99933857
1,1,0.9799501
0,0,0.00235284
0,0,0.009719251
1,1,0.99955803
1,0,0.39364755
0,0,0.0053906515
0,0,0.004302796
0,1,0.57556546
1,1,0.99815184
1,1,0.99528164
1,1,0.9966455
0,0,0.02389518
1,1,0.97482646
1,1,0.99518377
1,1,0.9966401
0,1,0.8860796
1,1,0.9557243
0,0,0.0050761704
0,0,0.01443704
0,0,0.004039921
0,0,0.016098108
0,0,0.010442035
1,1,0.9848808
0,0,0.0058224266
1,1,0.99973255
1,1,0.85105884
1,1,0.8851243
0,0,0.050501924
0,0,0.005956998
0,0,0.003407402
0,0,0.004738777
1,1,0.9928133
0,0,0.009715021
1,1,0.9999082
1,1,0.9812122
1,1,0.9983254
1,1,0.9994861
0,0,0.005785093
1,1,0.9993598
0,0,0.003513057
1,1,0.9989794
1,1,0.9984432
0,0,0.004787048
1,1,0.92950946
1,1,0.99931026
1,1,0.9997676
0,0,0.0054239584
0,0,0.002204343
1,1,0.9974038
0,0,0.01207002
1,1,0.998464
0,0,0.0013039396
0,0,0.0027016515
0,0,0.004300256
0,0,0.015557729
0,0,0.12525067
1,1,0.99875236
0,0,0.009811063
0,0,0.0134673
1,1,0.9994823
1,1,0.99346125
0,0,0.005770433
0,0,0.0031373508
0,0,0.02274833
0,0,0.0030612214
0,0,0.004343576
1,1,0.96072656
0,0,0.014796956
0,0,0.0038355323
0,0,0.005173002
1,1,0.999087
1,1,0.99805
1,1,0.9977708
1,1,0.999476
1,1,0.99966407
1,1,0.9246697
0,0,0.0152338855
0,0,0.0040087034
0,0,0.12479806
1,1,0.99356914
1,1,0.99939704
0,0,0.0018559943
1,1,0.99872905
0,0,0.0037784907
1,1,0.99938285
0,0,0.0032568616
0,0,0.0053317375
1,1,0.99952936
0,0,0.006355631
0,0,0.009164117
1,1,0.9988493
0,0,0.029435974
0,0,0.0046277805
1,1,0.84988284
0,0,0.0037020822
0,0,0.006025615
1,1,0.9992136
0,0,0.012169437
1,1,0.99968445
1,1,0.9992834
1,1,0.99905306
0,0,0.002693088
0,0,0.004721682
1,1,0.9993782
0,0,0.005373442
1,1,0.99757415
1,1,0.9891733
1,1,0.99968445
1,1,0.9994351
0,0,0.0055392687
1,1,0.565224
1,0,0.49574125
1,1,0.99967587
0,0,0.006355631
0,0,0.0010530149
0,0,0.00445318
0,0,0.008676503
0,0,0.0060663763
1,1,0.99921536
1,1,0.97804195
0,0,0.005362978
0,0,0.015860211
1,1,0.9993704
1,1,0.67699707
1,1,0.99946636
0,0,0.0023678986
0,0,0.0028038598
1,1,0.89296424
1,1,0.99980885
1,1,0.9994337
0,0,0.0035169953
1,1,0.71304876
1,1,0.99492943
0,0,0.0023678986
0,1,0.5708104
1,1,0.9992724
1,1,0.99977666
0,0,0.001370189
0,0,0.008192271
0,0,0.007993237
0,0,0.0020439716
0,0,0.004484364
1,1,0.97878224
1,1,0.9558944
0,0,0.44973856
0,0,0.0016585529
1,1,0.9996363
1,1,0.99974626
1,1,0.9198698
0,0,0.004986711
1,1,0.9843424
1,1,0.8598047
0,0,0.008011948
0,0,0.0054085287
0,0,0.0055230698
1,1,0.9997763
0,0,0.004640817
1,1,0.9986261
1,1,0.9997578
1,1,0.9973617
1,1,0.99955326
0,0,0.010825498
1,1,0.98395157
1,1,0.8589079
1,1,0.996425
1,1,0.99128824
0,0,0.0029717714
1,1,0.99017847
0,0,0.0007060455
0,0,0.01793719
1,1,0.901472
0,0,0.00653111
1,1,0.9998097
1,1,0.8765214
1,1,0.9986759
1,1,0.9996408
0,0,0.0023710737
1,1,0.9997129
1,1,0.9986106
0,0,0.0055230698
1,1,0.98896956
1,1,0.99928755
0,0,0.007965438
0,0,0.009892009
1,1,0.9526171
1,1,0.8109569
0,0,0.0070745493
0,0,0.0039455546
1,1,0.9912307
0,0,0.0017951269
1,1,0.9975083
0,0,0.016915904
0,0,0.010702089
1,1,0.95958287
1,1,0.89433676
1,1,0.99736303
0,0,0.007264102
1,1,0.9999534
1,1,0.9995678
1,1,0.8757207
0,0,0.008999366
1,1,0.99900573
0,0,0.006254834
0,0,0.0057381387
0,0,0.035941124
0,0,0.0016042687
1,1,0.9834198
1,1,0.99795747
1,1,0.8318937
0,0,0.0050761704
0,0,0.012127886
1,1,0.9993285
0,0,0.007266729
0,0,0.015209247
1,1,0.9997615
1,1,0.7798524
0,0,0.42157042
1,1,0.99858093
1,1,0.99715483
1,1,0.99867684
1,1,0.99888366
0,0,0.0083048185
0,0,0.006420244
0,0,0.0031232
0,0,0.002236348
1,1,0.9994326
0,0,0.005067138
1,1,0.9990489
1,1,0.98171633
1,1,0.9995623
1,1,0.9995307
1,1,0.99816906
1,1,0.9997576
1,1,0.9991079
0,0,0.0011351866
1,1,0.96396714
1,1,0.9986077
0,0,0.12003675
0,0,0.0037753975
1,1,0.97886866
1,1,0.9997924
0,0,0.0020418745
1,1,0.99939215
0,0,0.0062461114
0,0,0.006771617
1,1,0.99866414
0,0,0.004088297
0,0,0.005156785
1,1,0.92474276
0,0,0.0058331266
0,0,0.03659098
1,1,0.99863404
0,0,0.0036857722
0,0,0.003538012
0,0,0.14871144
0,0,0.004043712
0,0,0.028596653
1,1,0.9949763
0,0,0.0072269184
0,0,0.0010806513
0,0,0.006322107
1,1,0.9947438
0,0,0.0007479809
1,1,0.99832135
1,1,0.9993131
1,1,0.9979538
0,0,0.003068012
0,0,0.004642644
0,0,0.0053317375
0,0,0.0022650892
1,1,0.76996285
0,0,0.0033253233
0,0,0.016167117
0,0,0.004985256
1,1,0.9994261
1,1,0.9992623
0,0,0.06228635
1,1,0.9827808
0,0,0.00408345
0,0,0.0013286821
1,1,0.9996613
1,1,0.9999007
0,0,0.011287903
1,1,0.99977213
0,0,0.0053002406
1,1,0.88548213
1,1,0.999508
0,0,0.15371974
0,0,0.0043873703
1,1,0.9998729
1,1,0.9963798
1,1,0.99168795
1,1,0.9992055
0,0,0.009791349
0,0,0.006141499
0,0,0.010165291
1,1,0.99843603
0,0,0.004395027
0,0,0.0070170998
0,0,0.1657264
0,0,0.15575969
1,1,0.9990938
0,0,0.0040592626
0,0,0.021040289
0,0,0.0027736982
0,0,0.007499713
0,0,0.009363363
0,0,0.006194572
0,0,0.009097272
1,1,0.9934621
1,1,0.9985524
1,1,0.9992156
1,1,0.99406624
0,0,0.042705264
1,1,0.99522156
0,0,0.005727965
1,1,0.9201627
0,0,0.003749966
1,1,0.8113618
1,1,0.9884482
1,1,0.9873828
0,0,0.0033695481
0,0,0.0046054674
0,0,0.0135733625
1,1,0.9887903
0,0,0.0022209014
0,0,0.0043189614
0,0,0.0085973
0,0,0.0029613755
1,1,0.9828636
1,1,0.9994696
1,1,0.9982803
1,1,0.99930406
0,0,0.0031076004
0,0,0.046697367
1,1,0.95136976
0,0,0.002356097
1,1,0.9533155
0,0,0.013223831
0,0,0.010466844
1,1,0.9986106
0,0,0.0039695674
0,0,0.012169437
0,0,0.001957246
1,1,0.99228776
0,0,0.003365317
0,0,0.011790681
1,1,0.99947196
1,1,0.9568239
1,1,0.8613929
1,1,0.99908423
0,0,0.004973635
0,0,0.00416501
0,0,0.0060594543
0,0,0.00986494
1,1,0.8413969
0,0,0.012856296
0,0,0.0007863667
0,0,0.002925527
1,1,0.9990132
0,0,0.0054699336
1,1,0.99737203
0,0,0.0062099937
1,1,0.9982157
1,1,0.99927694
0,0,0.009732905
0,0,0.008444573
1,1,0.99954444
0,0,0.0031429958
0,0,0.0015942104
1,1,0.9997396
0,1,0.67793185
0,0,0.0022138224
0,0,0.006749524
0,0,0.0070170998
0,0,0.0035869363
0,1,0.6437381
0,0,0.000920122
0,0,0.005982156
1,1,0.9888003
0,0,0.009065098
1,1,0.98112285
1,1,0.99948263
0,0,0.004787048
0,0,0.009032034
1,1,0.827101
1,1,0.999728
0,0,0.00597602
0,0,0.002518629
1,1,0.99891305
1,1,0.99864453
1,1,0.998665
1,1,0.99992406
1,1,0.9990477
0,0,0.0022702029
1,1,0.9998615
1,1,0.9995648
0,0,0.016035752
0,0,0.008483154
1,1,0.99978334
1,1,0.99928457
1,1,0.9984106
0,0,0.0055442327
0,0,0.005777551
0,0,0.017983548
0,0,0.0028203453
1,1,0.9958418
0,0,0.02692528
0,0,0.0049396725
1,1,0.9979394
1,1,0.98381525
0,0,0.0062099937
1,1,0.99275523
1,1,0.982754
0,0,0.00902337
0,0,0.01821637
1,1,0.9189148
0,0,0.0070733
1,1,0.9976794
1,1,0.9970797
1,1,0.9973802
1,1,0.81432843
0,0,0.00056715944
0,0,0.004804114
0,0,0.35950157
0,0,0.005099562
1,1,0.99861455
0,0,0.009088159
0,0,0.009082144
1,1,0.826055
1,1,0.9974681
0,0,0.009151003
1,1,0.999913
1,1,0.99979633
1,1,0.94006914
1,1,0.97876245
1,1,0.96800005
1,1,0.9999175
0,0,0.0037753975
1,1,0.9989536
0,0,0.0036650612
1,1,0.9980147
0,0,0.009901924
1,1,0.99938
1,1,0.99884546
0,0,0.009669358
1,1,0.9655306
0,0,0.0046517863
1,1,0.99851626
0,0,0.0033319278
1,1,0.9989648
1,1,0.99813384
0,0,0.006323104
0,0,0.006152555
0,0,0.002860783
0,0,0.41231596
0,0,0.0050897878
1,1,0.9995035
1,1,0.99439806
0,0,0.0029829436
1,1,0.98164463
0,0,0.0045864345
1,0,0.23599616
1,0,0.02044389
0,0,0.01277595
0,0,0.026013833
1,1,0.99817
0,0,0.0023678986
1,1,0.99816835
0,0,0.0034692872
0,0,0.0009875209
1,1,0.9964318
0,0,0.005358043
1,1,0.99838996
0,0,0.0029783086
0,0,0.12156464
0,0,0.0043840157
1,1,0.9160567
0,1,0.944212
1,1,0.9870014
1,1,0.99883884
0,0,0.4750783
0,0,0.0061370563
1,1,0.99989736
0,0,0.105627485
0,0,0.00434692
0,0,0.010678271
0,0,0.060200408
0,0,0.0021816657
0,0,0.0029240754
0,0,0.0067284843
0,0,0.00085317733
0,0,0.0010094037
0,0,0.005035581
0,0,0.0043585296
1,1,0.9995734
0,0,0.0048511107
0,0,0.003739603
1,1,0.987223
1,1,0.9990088
0,0,0.015103288
0,0,0.0006441563
1,1,0.99933404
0,0,0.0063344063
0,0,0.0029942591
0,0,0.0040984126
1,1,0.99948007
0,1,0.60062444
1,1,0.9995455
1,1,0.9982894
0,0,0.0011359558
0,0,0.010392923
0,0,0.00045831403
0,0,0.006584249
0,0,0.009699829
1,1,0.99948263
0,0,0.0023233371
0,0,0.0012108041
0,0,0.0009278971
1,1,0.9990595
0,0,0.012556468
0,0,0.005986961
0,0,0.004321794
1,1,0.99944717
1,1,0.8077969
0,0,0.0011889102
0,0,0.003985083
0,0,0.010305839
1,1,0.9997031
0,0,0.0019602224
0,0,0.0032253652
1,1,0.9996687
0,0,0.0038613747
0,0,0.011946652
0,1,0.6379074
0,0,0.0035958623
1,1,0.999876
0,0,0.027987925
0,0,0.0045264205
1,1,0.9985857
1,1,0.9979182
0,0,0.0048973286
1,1,0.999131
0,0,0.0056171617
0,0,0.0040077306
1,1,0.7698609
0,0,0.0106962
1,1,0.9983689
1,1,0.981954
1,1,0.9980282
0,0,0.002333941
0,0,0.002518629
1,1,0.923626
0,0,0.034205835
0,0,0.0042248196
0,0,0.01622391
0,0,0.08369088
0,0,0.005544806
0,0,0.0050138105
1,1,0.9968857
1,1,0.80213636
1,1,0.9991309
1,1,0.99995446
0,1,0.85536253
1,1,0.999516
1,1,0.9988078
1,1,0.9996358
1,1,0.9984022
0,0,0.0031075045
0,0,0.0040675853
0,0,0.006465949
1,1,0.9996613
0,0,0.0028729732
1,1,0.926665
1,1,0.9993125
0,0,0.0043274257
1,1,0.99937063
0,0,0.003448802
0,0,0.0077888975
1,1,0.99805033
1,1,0.99963343
0,0,0.0039455546
1,1,0.9998104
1,1,0.99964094
0,0,0.007878454
1,1,0.99951935
0,0,0.002315731
0,0,0.0048223156
1,1,0.9994924
1,1,0.99920964
0,0,0.0031593149
0,0,0.009421157
0,0,0.016043978
1,1,0.9949005
1,1,0.99936193
1,1,0.99821824
0,0,0.39134243
1,1,0.9986314
0,0,0.017821342
1,1,0.9984101
1,1,0.9983367
1,1,0.9985569
1,1,0.99948263
1,1,0.94967496
1,1,0.6304869
1,1,0.99949706
1,1,0.96689636
0,0,0.0014138933
0,0,0.002518629
1,1,0.99882585
1,0,0.43046153
0,0,0.007117209
1,1,0.9994234
0,0,0.0015496255
0,0,0.0024539826
0,0,0.004474491
1,1,0.8853781
0,0,0.0010770444
1,1,0.8625432
1,1,0.8592836
1,1,0.9985103
1,1,0.9998217
0,0,0.0031644956
0,0,0.0012242676
0,0,0.0024798291
0,0,0.003676938
0,0,0.004905222
1,1,0.9990834
0,0,0.42603004
1,1,0.9994698
1,1,0.99831605
0,0,0.002290758
0,0,0.0030285576
0,0,0.0026321022
1,1,0.9983917
1,1,0.9136847
0,0,0.0026731726
0,0,0.0024401974
1,1,0.9967025
1,1,0.9772983
0,0,0.006302809
1,1,0.94784033
1,1,0.99865437
0,0,0.0011359558
1,1,0.99705243
1,1,0.99879444
1,1,0.99923897
1,1,0.9986141
1,1,0.99832135
1,1,0.99910635
0,0,0.0042584795
0,0,0.0030432905
0,0,0.169058
0,0,0.0029829436
0,0,0.017789194
0,0,0.005043246
1,1,0.99938
1,1,0.99991214
1,1,0.99956506
1,1,0.9884235
0,0,0.0046277805
1,1,0.9997024
0,1,0.68089706
0,0,0.0031588224
0,0,0.005410201
0,0,0.07577331
0,0,0.17319694
1,1,0.9742502
0,0,0.0053203697
0,0,0.01005995
0,0,0.0063603274
0,0,0.00238551
0,0,0.0062281447
0,0,0.004026341
1,1,0.9995695
0,0,0.1576821
1,1,0.9995009
1,0,0.23186913
0,0,0.052847106
0,0,0.002168835
0,0,0.0021067085
0,0,0.0064248783
0,0,0.0032274735
1,1,0.9998017
1,1,0.99835724
0,0,0.004364288
1,1,0.99880564
1,1,0.99991715
0,0,0.000920122
1,1,0.9898225
1,1,0.99842346
0,0,0.0034580575
0,0,0.005347698
1,1,0.9997969
0,0,0.0048218695
0,0,0.3903874
0,0,0.005339456
1,1,0.99929214
0,0,0.004319382
0,0,0.2118551
1,1,0.99808854
1,1,0.9988054
0,0,0.14992689
1,1,0.98986876
0,0,0.0063532162
1,1,0.99948114
0,0,0.0030684173
1,1,0.99836415
0,0,0.003448802
0,0,0.010305839
0,0,0.002715808
0,0,0.007606669
0,0,0.0038020753
0,0,0.00897977
0,0,0.0055037485
1,1,0.780672
1,1,0.99927
0,0,0.009404483
1,1,0.9976078
1,1,0.9795401
1,1,0.99976903
0,0,0.0031429958
0,0,0.003421954
0,0,0.005005665
1,1,0.9906871
1,1,0.7837939
1,1,0.99787414
0,0,0.0030964012
1,1,0.9997023
0,0,0.0029150208
1,1,0.9991073
1,1,0.9982893
0,1,0.6783509
1,1,0.9973911
1,1,0.99960226
1,1,0.9999459
0,0,0.010841686
0,0,0.01851415
1,1,0.954524
1,1,0.99837565
1,1,0.8085402
0,0,0.0009553509
1,1,0.99909806
1,1,0.98324054
1,1,0.9053106
0,0,0.009531062
0,0,0.0038149236
0,0,0.003601248
1,1,0.9991085
0,0,0.002229777
0,0,0.0074568414
1,1,0.9995372
1,1,0.99950266
0,0,0.0040800944
0,0,0.22121751
1,1,0.9996101
1,1,0.97331697
1,1,0.99949324
0,0,0.002894263
0,0,0.0003882084
0,1,0.86265045
0,0,0.015557729
0,0,0.0016099894
0,0,0.003165335
1,1,0.75707275
0,0,0.003763522
1,1,0.99893826
1,1,0.97358626
1,1,0.99526715
0,0,0.004986711
0,0,0.0040628514
0,0,0.008562467
0,0,0.28424624
1,1,0.96096826
0,0,0.008823528
0,0,0.005949577
1,1,0.99795157
1,1,0.99810827
0,0,0.011946652
0,0,0.0032933753
1,1,0.987936
0,0,0.0026842707
0,0,0.040840328
1,1,0.9986889
1,1,0.99833304
0,0,0.012856296
1,1,0.9992009
0,0,0.007246126
1,1,0.99688977
1,1,0.9919648
0,0,0.0014063308
1,1,0.9994012
0,0,0.0034420728
0,0,0.0061370563
0,0,0.0029961914
1,1,0.9994043
1,1,0.9996774
0,0,0.0142811695
0,0,0.008968829
1,1,0.9009362
0,0,0.00487215
1,1,0.98542976
1,1,0.99685824
1,1,0.9978376
1,1,0.9992581
1,1,0.8238908
1,1,0.99842936
0,0,0.40258914
1,1,0.6317938
1,1,0.7889762
1,1,0.9665068
0,0,0.0014268658
1,1,0.9277783
1,1,0.9647772
1,1,0.9996822
1,1,0.99424124
1,1,0.99832135
0,0,0.005379682
1,1,0.9113536
1,1,0.99788684
1,1,0.99736905
0,0,0.01041191
1,1,0.9976761
1,1,0.99847966
1,1,0.92445457
1,1,0.9757798
0,0,0.0068054004
1,1,0.999281
0,0,0.003833614
1,1,0.99952054
0,0,0.005045151
1,1,0.99985874
0,0,0.00676935
1,1,0.9995421
0,0,0.0070468257
1,1,0.9993783
1,1,0.9981232
