variant,y_true,y_pred
17_13000229_C/T,0,0
8_69831804_A/G,0,0
16_2040156_G/A,0,0
12_120993537_C/T,1,1
17_58216087_C/T,1,1
18_58341731_C/T,0,0
1_68431116_G/T,1,1
7_2922687_G/T,0,1
21_34886984_C/T,0,0
2_209933863_G/A,1,1
12_112453380_G/C,1,1
19_46755984_G/T,1,1
19_50662509_C/T,0,0
4_120811448_T/C,0,0
11_3040901_G/A,0,0
19_41984947_C/T,1,1
15_48468427_G/A,1,1
4_3105422_G/A,0,0
14_75003084_G/T,1,1
19_15544257_C/T,1,1
11_2571328_T/C,1,1
7_117559558_G/A,1,1
3_48572740_C/A,1,1
12_88129729_G/A,1,1
22_21769319_G/T,1,1
6_33164882_G/A,0,0
5_177238387_C/T,1,1
1_235788700_C/T,1,1
2_168969349_C/A,1,1
5_132588686_G/T,1,1
1_16033225_G/T,1,1
2_165313976_A/C,0,0
1_46197025_G/A,0,0
2_97737779_C/T,1,1
8_76984032_T/C,0,0
14_23418326_C/G,0,0
3_165037899_C/T,1,1
4_54733102_C/A,0,0
15_48596281_A/G,1,1
X_124063206_G/A,1,1
20_10663963_G/A,1,1
1_94060702_G/T,1,1
22_32068552_C/T,0,0
17_65558567_A/G,0,0
22_39521452_G/A,0,1
8_42048699_A/G,0,0
1_46189852_A/C,1,1
3_136422590_C/G,0,1
6_1611710_C/A,1,1
8_86628935_G/A,0,0
21_36767284_G/A,0,0
13_32336446_A/G,0,0
7_50544067_G/A,1,1
5_7886634_T/C,0,0
9_114478646_C/T,0,0
2_178751483_G/A,0,0
1_247424313_C/T,0,0
4_10097756_C/T,0,0
2_203955691_A/T,0,0
3_48568089_C/A,1,1
18_61499266_C/T,0,0
10_71828976_G/A,0,0
2_104856868_G/A,1,1
2_27456615_G/A,0,0
17_37252961_C/T,0,0
9_35072339_G/A,0,0
8_55966797_C/A,0,0
2_85553008_G/A,0,0
12_49186685_G/A,1,1
13_32330917_A/G,1,1
9_35547502_C/T,0,0
17_63941740_A/G,0,0
20_63442435_T/C,1,1
X_9759390_A/G,1,1
3_47409264_C/T,1,1
2_214780662_G/A,0,0
6_51744440_T/C,0,0
12_49040273_G/A,0,0
1_119967530_A/G,0,0
14_105382815_C/T,0,0
5_150054432_T/C,1,1
X_67722872_G/A,1,1
17_19652546_G/A,1,1
8_47863455_T/C,0,0
7_21750251_G/C,0,0
11_89284883_T/G,1,1
1_17033075_T/A,1,1
7_103630001_G/A,1,1
5_179125006_G/A,0,0
18_46529314_G/A,1,1
10_29465614_C/T,0,0
2_219473838_C/T,0,0
8_99511430_C/T,0,0
X_53382247_A/G,1,1
2_178776113_A/T,0,0
10_102509304_G/A,1,1
3_123752368_A/G,0,0
6_42722332_C/T,1,1
16_13920208_C/T,0,0
21_45984426_A/G,0,1
19_55157052_T/G,1,1
2_73450887_G/T,1,1
19_8891900_T/C,0,0
6_101928550_T/C,1,1
1_23865490_C/A,1,1
2_44942635_C/G,0,0
3_49030576_C/T,1,1
20_46726976_C/T,0,0
19_17339453_C/T,0,0
7_195685_T/A,1,1
20_63359626_C/T,0,0
2_232334654_A/G,0,0
19_4216899_A/C,0,0
1_201077902_G/A,0,0
5_1221866_C/T,0,0
2_178618768_G/T,1,1
18_2747599_A/C,0,0
1_94042766_C/T,1,1
4_6302164_C/A,1,1
22_50077503_C/T,1,1
12_52519159_A/T,1,1
X_9748618_G/C,0,0
2_55322645_C/T,0,0
16_89284816_C/A,1,1
12_47844994_C/T,1,1
15_56095948_T/C,0,0
1_114678012_C/T,0,0
8_99853502_G/T,0,0
19_2438202_C/A,0,0
5_10261616_C/T,0,0
14_73192844_T/C,1,1
3_50193802_G/T,1,1
16_81928600_T/C,0,0
16_2111726_G/T,1,1
10_63206803_A/G,0,0
6_32044477_G/A,0,0
12_56085067_C/T,1,1
17_38739241_T/C,0,0
3_49122842_C/A,1,1
8_144512185_C/T,0,0
12_101749140_T/C,0,0
22_19761086_T/C,0,0
2_47478306_G/A,1,1
5_37051871_T/G,1,1
2_151492385_A/G,1,1
11_66566348_G/A,1,1
X_108696377_A/G,0,0
19_11245879_C/T,1,1
X_31178763_T/A,1,1
5_91150029_G/A,1,1
17_50199903_G/A,1,1
4_113258390_C/T,0,0
1_47416702_C/G,1,1
6_129260730_G/T,1,1
10_63380381_G/A,0,0
1_228212536_A/G,0,0
2_29239770_G/A,0,0
6_25819909_T/C,0,0
10_96223895_G/A,0,0
6_137879139_C/G,1,1
5_112801385_T/C,1,1
21_44889318_C/A,1,1
14_104707773_A/C,0,0
19_55151898_T/C,1,1
21_44286053_C/G,1,1
X_77620442_C/T,1,1
16_30751184_A/G,0,0
11_792332_G/A,0,0
5_132589745_C/T,1,1
11_66710990_G/A,1,1
12_114681118_A/G,1,1
2_202530865_T/C,1,1
9_95477624_G/A,0,0
16_2106210_G/C,1,1
6_129349296_A/C,1,1
6_51836429_C/T,0,0
5_178989371_C/T,0,0
1_240207641_T/C,0,0
9_6587254_G/A,0,0
2_37212035_C/T,0,0
15_48425375_A/G,1,1
16_89553853_G/A,1,1
3_101732514_A/G,0,0
2_73600874_C/T,0,0
8_37749827_G/A,1,0
21_44286129_C/T,0,0
8_43158921_A/G,1,1
X_48806665_G/A,0,0
16_56899558_C/T,0,0
1_26767859_A/T,1,1
2_47463057_A/G,0,0
9_77321637_T/C,0,0
1_151401268_G/A,0,0
14_54865429_T/G,0,0
7_92522123_A/G,0,0
2_178548403_A/T,0,0
6_31969664_T/C,0,0
17_41757422_C/T,1,1
2_29383861_T/C,0,1
17_8075717_C/A,1,1
2_112001228_A/G,0,0
6_134918855_C/T,0,0
2_188994560_G/A,1,1
16_2080299_C/T,1,1
20_44424224_G/C,1,1
13_50930681_A/C,1,1
3_49125966_C/T,1,1
19_1226593_G/A,0,0
20_49511026_A/G,1,1
16_68828204_G/A,1,1
2_151569280_G/A,0,0
19_18072220_T/A,1,1
6_49457990_G/A,1,1
8_27467318_C/T,0,0
15_27755426_A/G,1,1
16_870824_G/A,0,0
7_138919222_G/T,0,0
2_26516544_C/T,1,1
13_25540386_C/T,1,1
15_48490073_G/A,1,1
20_10648640_C/T,0,1
5_37213558_C/T,1,1
14_64417949_G/A,0,0
1_161307349_A/T,1,1
6_42966449_T/C,1,1
17_82809756_G/C,0,0
14_92005101_A/G,0,0
1_226071394_A/G,1,1
16_2278023_G/A,1,1
6_35819435_A/G,1,1
10_70868394_G/A,1,1
1_150092337_A/C,0,0
3_158652144_C/A,0,0
12_53985511_C/T,0,0
10_87958020_G/C,1,1
17_67911848_C/T,1,1
14_45176480_T/C,0,0
9_77344245_G/A,0,0
15_57438965_T/C,0,0
14_104712441_T/C,0,0
6_44311507_A/C,1,1
22_19765965_C/A,0,0
2_165370228_A/G,1,1
11_47335210_C/T,1,1
19_6707112_G/A,1,1
X_124056179_G/C,0,0
X_80744188_A/C,0,0
1_160127646_C/A,0,0
6_49440354_C/G,1,1
5_56875268_G/A,1,0
4_5745236_C/T,0,0
12_57751339_C/A,0,0
19_7528251_C/T,1,1
6_137879287_T/A,1,1
5_251411_C/T,0,0
7_122471522_T/A,0,1
7_117535413_T/C,1,1
3_48898689_C/A,1,1
2_47806203_G/A,1,1
17_75949898_C/G,1,1
7_5374152_A/C,0,0
12_51687219_C/T,1,1
11_46889415_G/A,0,0
15_48497383_C/G,1,1
20_21126150_C/A,1,0
2_188985763_C/T,0,0
2_178558493_C/T,1,1
2_21012278_G/A,0,0
13_32356521_T/C,1,1
X_22114501_G/T,1,1
15_42359806_A/G,1,1
3_52746073_C/T,0,0
12_57169165_C/T,0,0
10_76949363_G/A,1,1
14_104948452_A/T,0,0
7_30922137_C/T,0,0
12_51705483_T/C,1,1
19_45145819_C/T,0,0
18_23909152_G/A,1,1
9_76332545_G/C,0,1
16_67654603_C/T,1,1
18_23540459_A/T,1,1
X_50598368_C/T,0,0
X_22094082_G/T,1,1
6_51659041_A/G,0,0
12_6527869_C/T,0,0
5_148123961_G/A,1,1
17_17795807_A/G,0,0
5_64800328_G/T,1,1
10_119676793_C/T,0,0
1_94098843_A/C,1,1
15_48452636_C/A,1,1
1_119967576_T/G,1,1
17_67911254_C/T,1,1
13_23332497_C/G,0,0
2_222297156_C/A,1,1
19_18787575_A/G,1,1
14_87949844_C/A,1,1
6_33176432_C/A,1,1
5_113064110_C/T,1,1
3_165032558_G/A,0,0
16_2103806_G/A,1,1
19_35831295_C/T,1,1
3_37025828_C/A,0,0
5_146124066_C/A,0,0
8_78804920_C/T,1,1
2_237359205_C/A,1,1
18_58535180_C/A,0,0
2_227033473_C/A,1,1
11_36573364_C/T,0,0
15_48452644_G/A,0,0
1_25811756_C/T,0,0
16_23635098_G/C,1,1
18_2927748_G/A,1,1
12_47986335_C/G,1,1
5_16478032_A/G,1,1
22_46356943_G/T,0,0
6_80171350_T/C,0,0
12_120727024_A/C,1,1
5_13769506_C/T,0,0
11_89284779_T/C,0,0
15_67184845_C/T,0,0
X_150659693_C/T,0,0
10_16899101_A/T,1,1
15_82659970_G/A,0,0
16_57950404_G/A,0,0
5_16616726_G/T,0,0
4_158706254_G/C,1,1
2_151669133_T/G,1,1
1_94062636_C/T,0,0
19_1461120_T/G,0,0
X_18931676_G/A,1,1
5_19721408_G/A,0,0
15_72580886_C/T,0,0
18_23561514_G/A,0,0
19_8589506_G/A,0,0
5_624472_C/T,0,0
1_42930766_G/A,1,1
11_47335040_A/G,1,1
2_218809701_G/A,1,1
2_47412458_T/C,0,0
2_127292718_G/C,1,1
X_150641332_T/C,1,1
15_48428390_C/T,1,1
4_150867734_T/G,0,0
X_7257273_G/T,1,1
20_6770462_C/T,0,0
17_63951866_G/A,1,1
12_109784379_G/A,1,1
1_94056688_A/C,1,1
2_32154373_G/A,1,1
4_186197583_T/C,1,1
4_25676731_C/T,0,0
17_31201471_C/A,0,0
X_41636613_G/A,1,1
8_99820123_G/A,1,1
16_2047779_C/G,0,0
10_18401986_G/A,0,0
10_71732018_G/A,0,0
17_80117724_G/C,1,1
8_118110207_C/A,1,1
17_75763111_G/A,1,1
11_112230682_G/A,1,0
6_64591880_G/A,0,0
8_143924943_A/C,0,0
6_137206214_A/G,1,1
19_1399940_T/C,1,1
11_77183092_A/T,1,1
13_100302971_G/A,0,0
2_178756358_C/T,0,0
5_132934304_G/C,1,1
2_178722437_C/T,0,0
10_86923476_A/C,0,0
16_8811660_T/C,1,1
3_47123349_G/A,0,0
2_151547480_T/A,0,0
10_110601680_G/A,0,0
7_44539736_G/A,0,0
8_60741489_A/G,0,0
X_108694921_G/A,1,1
6_109784985_G/A,1,1
9_98473290_G/A,0,0
8_20211676_G/C,1,1
13_23279480_T/C,1,1
5_177513683_A/C,1,1
7_7596370_T/G,0,0
3_139539655_G/A,0,0
2_209817086_C/T,1,1
16_50290540_C/T,0,0
10_13118910_A/T,1,1
11_108227850_C/T,0,0
11_123083728_G/A,1,1
X_101360621_A/C,1,1
4_69286832_A/G,0,0
16_88835850_C/A,1,1
5_112842293_T/C,0,0
9_128355696_C/A,0,0
4_119271786_T/C,0,0
12_66455545_G/T,0,0
19_13073497_G/A,1,1
1_156136939_T/A,1,1
1_228308137_C/T,0,0
X_153875834_C/T,1,1
X_153743036_G/A,0,0
1_33014526_T/C,1,0
1_33014549_G/A,0,0
2_219420613_C/T,1,1
20_44115839_G/T,0,0
X_41167529_C/T,0,0
17_40632236_G/A,1,1
7_35250106_C/T,0,0
9_74763037_G/A,1,1
15_40472311_G/A,0,0
2_47800641_C/T,0,0
1_6475954_C/T,0,0
1_65385899_C/T,1,1
2_178602591_C/A,1,1
12_6110879_G/A,1,1
2_178790777_T/C,0,0
X_14581406_G/C,1,1
9_124500195_G/A,0,0
19_18785699_C/G,0,1
1_108199965_G/A,0,0
1_201065934_C/T,0,0
X_22047091_T/A,1,1
15_48463177_A/T,1,1
X_49076457_C/A,1,1
19_3589891_G/A,1,1
17_519230_C/G,0,0
2_168986190_A/G,0,0
11_108289730_T/C,0,0
16_83908166_A/T,1,1
14_50302950_G/A,1,1
2_96761733_C/T,1,1
22_18078378_T/C,1,1
7_21658902_G/A,1,1
6_158117791_G/A,1,1
1_186000052_T/C,0,0
1_21563225_G/C,1,1
6_129445749_T/G,0,0
17_43091496_T/C,0,0
X_77652129_T/C,0,0
1_110604244_A/C,1,1
15_48288517_G/A,1,1
17_9635453_C/T,0,0
11_116790667_T/A,1,1
1_154602477_C/T,0,0
14_50159933_T/C,0,0
15_72735967_G/A,1,1
4_109766672_A/G,0,0
6_32067904_G/A,0,0
18_46639663_C/T,1,1
2_31580885_G/A,1,1
1_9982512_C/T,0,0
X_154953897_A/C,1,1
17_31330453_A/T,1,1
22_42628249_G/A,0,0
X_153694577_C/T,1,1
9_77226546_G/A,1,1
2_201757760_C/T,1,1
14_104712498_G/A,0,0
7_117540231_G/T,1,1
1_156138757_G/A,1,0
10_104052216_C/T,0,0
2_47429942_G/T,1,1
10_121503843_C/G,0,0
7_132180715_C/T,0,0
17_7445148_G/C,0,0
15_48481691_C/G,1,1
2_17781498_G/A,0,0
18_23556477_A/T,1,1
2_206767457_T/C,1,1
14_21325941_C/T,0,0
10_92621390_T/G,1,1
3_137010191_C/T,0,0
6_24666743_G/A,0,0
X_53380681_A/G,1,1
12_56173851_T/C,1,1
6_151405719_C/A,1,1
11_1757554_C/G,0,0
19_44010829_G/A,0,0
X_78657018_G/A,0,0
22_28711944_T/A,1,1
1_111787012_C/G,1,1
11_61446020_G/A,0,0
2_227261108_G/C,1,1
16_67842572_C/T,0,0
1_201365212_G/T,0,0
X_100407920_G/A,0,0
12_102844385_G/A,1,1
9_35556399_C/A,0,0
9_132329632_C/T,0,0
6_107245572_T/C,0,0
19_12657459_C/T,1,1
16_23410362_T/A,1,1
3_149050346_A/C,0,0
12_6592512_T/A,0,0
6_160739125_C/T,0,0
2_169204211_G/C,0,0
5_139307854_A/C,0,0
16_74727371_G/A,1,1
10_103089738_G/A,0,0
1_229432036_G/C,1,1
4_6302061_C/G,1,1
11_108229251_C/T,1,1
3_50345579_T/C,1,1
5_43675628_A/G,0,0
1_151668480_T/C,0,0
7_128395275_C/A,1,1
2_39022691_C/T,0,0
1_150799167_C/T,1,1
X_32389518_G/A,1,1
2_156329470_G/A,0,0
17_80058885_C/T,1,1
21_46416833_G/A,0,0
2_151494159_A/G,1,1
2_232524110_G/T,1,1
11_6614638_G/A,1,1
22_39230096_G/A,1,1
19_54128071_A/C,1,1
2_71665180_G/A,1,1
15_44573641_G/C,0,0
2_165314025_G/C,1,1
X_32438240_C/T,1,1
X_10206437_T/G,1,1
12_40309137_T/C,0,0
2_227282533_G/C,1,1
15_34241270_G/A,1,1
6_156778175_G/A,0,0
4_52038226_C/T,1,1
3_24127610_C/T,1,1
7_6391967_G/C,1,1
13_51942487_C/A,1,1
16_49638078_G/A,0,0
16_30996984_A/G,1,1
16_7518290_G/T,0,0
19_8133051_C/T,0,0
14_52054285_G/A,0,0
13_32332803_C/A,1,1
18_12358934_C/A,0,0
X_149498269_C/T,0,0
13_23333021_C/A,1,1
4_44688077_T/C,0,0
8_144512320_C/T,0,0
X_41542717_T/C,1,1
2_178545857_A/C,0,0
5_132370012_T/A,1,1
3_47409525_C/T,1,1
12_13608760_A/C,1,1
15_44633616_G/A,0,0
7_70790864_G/A,0,0
6_36856019_C/T,1,1
5_90778993_A/G,0,0
7_75109043_G/A,0,0
3_155160433_G/T,1,1
6_49447690_G/T,1,1
17_31338725_G/T,1,1
3_142578651_C/T,0,0
8_16993318_C/T,1,1
2_178794553_T/C,1,1
1_29230868_G/C,0,0
9_95126582_C/T,1,1
1_52771451_C/T,1,1
15_42392699_T/G,1,1
12_132754884_T/C,0,0
17_75835408_C/G,1,1
1_94040119_G/T,1,1
16_10907103_G/A,0,0
16_1209359_C/T,0,0
1_55008367_G/A,0,0
16_89285224_G/A,1,1
19_13365446_T/C,1,1
1_42929021_C/T,1,1
3_48566719_C/T,1,1
7_100102770_A/G,0,0
15_88849566_A/T,1,1
19_39486463_G/A,1,1
1_204155078_G/A,1,1
12_114679520_T/C,0,0
11_117375706_A/T,1,1
3_48575108_C/T,1,1
11_66519750_T/C,1,1
22_38748717_C/T,0,0
9_91723767_C/T,0,0
13_32363437_G/T,0,0
6_3225313_G/A,1,1
2_182957471_C/A,1,1
11_110136724_G/A,0,0
6_79518826_G/C,1,1
8_31081224_A/G,0,0
X_53559421_G/A,0,0
18_46485152_C/T,1,1
11_93793960_C/T,1,1
5_14871435_G/T,1,1
1_173853359_T/G,1,1
12_102877552_T/G,1,1
4_150302629_T/G,0,0
20_63472268_T/A,1,1
8_132625455_C/A,1,1
7_100812801_G/C,0,0
15_44663494_C/A,1,1
17_67922903_C/T,0,1
1_244055252_A/G,1,1
1_6474527_G/T,1,1
10_49470323_T/A,1,1
19_3834805_C/T,0,0
5_178989295_G/A,1,1
15_43054846_C/G,0,0
15_31038167_C/G,1,1
3_37050484_A/C,1,1
X_120534571_G/A,1,1
6_57194769_C/T,1,1
7_50470153_C/T,1,1
1_65636760_G/A,0,0
19_17778715_C/T,0,0
1_215867017_C/T,1,1
15_92972322_C/T,1,1
6_129177868_T/C,1,1
19_1219399_G/T,0,0
X_154371222_C/A,0,0
4_39228484_A/C,1,1
7_107690134_C/T,1,1
2_189007886_G/T,1,1
7_87531301_G/T,1,1
17_1771990_G/A,0,0
10_48875113_A/G,0,0
1_99891605_G/C,1,1
19_38502879_G/A,1,1
2_178591149_T/G,0,0
19_42368562_C/T,0,0
1_21577539_G/T,1,1
1_114716126_C/G,1,1
1_3834990_A/G,0,0
X_32699259_G/T,0,0
12_47983399_T/A,1,1
15_89323829_G/A,1,1
22_50626744_T/C,1,1
10_43123757_T/C,1,1
12_25245351_C/A,1,1
2_227247585_G/T,1,1
8_67217889_G/A,0,0
15_92942937_C/A,1,1
13_32336945_C/T,1,1
2_156510884_T/C,0,0
16_9822286_C/T,1,1
12_49034452_G/A,1,1
9_127824304_C/T,1,0
X_124061841_T/A,1,1
5_60887494_G/T,1,1
10_103900126_C/T,0,0
6_32042724_C/T,0,0
3_24127622_G/C,1,1
12_49055274_A/T,1,1
11_71439084_C/T,1,1
1_8360714_C/T,0,0
1_21563156_C/T,1,1
2_166056502_T/C,1,1
8_23029693_C/T,0,0
10_102835351_G/A,0,0
2_178548813_C/G,1,0
8_143925801_G/A,0,0
2_169320784_A/G,0,0
17_31221863_T/A,1,1
1_243415831_T/C,1,1
5_90781499_C/T,0,0
17_47307560_A/T,1,1
15_44613508_C/A,1,1
2_169510805_C/T,1,1
12_88084800_G/T,1,1
3_63995992_T/A,0,0
X_71111471_C/T,0,0
22_50721337_G/A,1,1
1_211669330_A/G,0,0
12_47844877_G/A,1,1
15_34237551_C/G,1,1
16_23635442_A/G,0,0
22_20053487_C/T,0,0
19_16480653_G/A,0,0
1_99891272_T/C,0,0
4_105237091_C/A,1,1
16_70523511_A/G,0,0
15_48487311_C/T,1,1
8_99511280_T/C,0,0
19_11113389_A/C,1,1
12_120738860_G/A,1,1
17_31330473_G/A,0,0
12_52651586_T/C,1,1
3_10142092_G/C,1,1
19_35651302_G/A,1,1
12_21773428_G/A,0,0
8_102224124_C/T,1,1
19_6714363_C/T,0,0
13_110173962_C/A,1,1
2_166204073_C/A,0,0
15_43082637_C/T,1,1
19_10137170_G/C,0,0
3_52402848_A/G,0,0
2_151724963_T/C,1,1
2_232024303_G/A,0,0
2_148489976_T/C,0,0
6_79487482_G/T,1,1
5_132618084_T/A,1,1
10_77993294_A/T,1,1
15_42387773_G/A,1,1
3_165043176_C/A,1,1
15_42988955_T/A,0,0
5_147831576_A/G,1,1
19_41715063_G/A,0,0
6_121447297_G/T,0,0
1_197128563_G/A,1,1
17_44007756_C/A,0,0
19_53889696_A/T,1,1
8_60741912_C/A,1,1
18_44953324_C/T,0,0
19_11116145_C/T,0,0
2_240874063_G/T,1,1
18_55229016_C/G,1,1
15_89317497_G/T,1,0
7_124841037_T/G,0,0
2_199272310_G/A,0,0
2_190978931_G/A,0,0
12_51699581_A/C,1,1
15_89274284_C/T,0,0
6_142774007_C/T,0,0
6_70294503_A/G,0,0
14_94314271_G/A,0,0
6_145627611_G/A,0,0
19_11426499_C/A,1,1
15_44648888_G/C,1,1
5_177211880_C/T,1,1
5_112835165_G/T,1,1
21_18329208_C/A,1,1
X_17687743_C/T,0,0
19_38502704_G/A,0,0
21_45989653_G/T,1,1
2_233346879_G/A,0,0
5_95513597_T/G,0,0
17_75740462_G/A,1,1
6_152189408_C/T,1,1
11_32434968_C/G,0,0
14_101980380_G/C,1,1
17_29489695_T/G,1,1
14_75752957_T/C,1,1
12_112489047_C/G,1,1
2_219501850_G/C,1,1
4_154333004_C/T,0,0
16_75656212_T/C,0,0
2_71669604_G/A,1,1
15_43047236_A/G,0,0
6_33438545_T/C,1,1
12_49043909_T/A,1,1
12_88114438_G/A,0,0
19_11089602_G/C,0,0
9_34650368_G/A,1,1
X_17727493_G/A,0,0
2_227121040_C/A,1,1
6_43520343_C/T,1,1
14_45159281_G/A,1,1
1_171636419_A/G,1,1
8_143923113_C/T,0,0
22_25955365_G/A,1,1
12_52519749_A/C,1,1
1_236482361_C/T,0,0
8_144442795_G/A,1,1
11_68812475_T/C,0,0
10_49625472_G/C,1,1
8_31076288_G/A,1,1
20_35437755_G/A,0,0
12_48783408_G/A,0,0
6_30723384_G/A,1,1
9_137233723_G/A,1,1
14_77027231_G/A,1,1
2_73386009_G/A,0,0
11_112233489_A/T,0,0
14_102905400_C/T,0,0
17_61965074_T/C,0,0
8_31083780_G/C,1,1
15_42402818_C/T,1,1
1_183218423_C/T,0,0
12_57581548_C/G,0,0
17_28740885_G/C,0,0
2_84443348_C/G,1,1
14_81139868_G/T,1,1
22_26472374_G/A,0,0
9_74634712_A/T,1,1
6_152207990_G/T,0,0
14_87947767_G/A,1,1
12_6016550_G/A,0,0
7_105547232_C/T,0,0
4_76180972_T/C,0,0
3_45828481_G/A,0,0
5_83541637_A/G,0,0
12_132673269_G/A,0,0
12_115966094_A/C,0,0
9_92285779_G/A,0,0
11_68936746_C/T,0,0
17_31219111_C/A,1,1
2_44326852_C/A,1,1
X_108666595_G/C,1,1
12_897548_G/T,0,0
14_79861868_C/T,0,0
9_36229074_G/A,0,0
2_144399753_G/T,1,1
12_49054697_G/A,0,0
17_37739486_G/A,0,0
14_91300072_T/G,1,1
2_144404020_C/A,1,1
7_44116129_G/A,0,0
1_115033507_G/A,1,1
2_156328455_A/G,1,1
16_84191266_C/T,0,0
8_142917736_C/T,0,0
X_19350033_C/T,1,1
15_28032104_T/G,1,1
21_33552135_A/G,0,0
7_193799_G/A,0,0
16_1961846_G/A,0,0
1_202596905_A/T,1,1
14_76491683_G/T,1,1
15_48463223_A/C,1,1
8_143817594_G/A,1,1
3_37004475_G/C,1,1
6_145686205_C/T,0,0
11_108229324_G/A,1,1
1_55007250_C/T,0,0
15_84864631_G/A,1,1
3_165067338_A/G,1,1
10_43100604_C/T,0,0
6_135429886_G/A,0,1
10_54079364_C/T,0,0
5_476546_C/T,0,0
5_60903718_T/A,1,1
14_23417186_C/T,1,1
X_54455785_C/T,1,1
19_38527785_G/C,1,1
1_21576591_G/T,1,1
15_39976415_T/G,1,1
X_103785700_T/G,0,0
2_227025800_A/C,1,1
7_93132069_C/T,0,0
11_118339835_G/A,0,0
17_75828985_T/C,1,1
17_50189448_C/T,1,1
3_25604808_G/A,0,0
7_94421908_G/T,1,1
5_13793935_C/T,1,1
8_18084053_C/T,0,0
19_51235675_C/T,0,0
10_113610495_A/G,0,0
16_69331012_G/A,0,0
1_228299976_C/T,0,0
19_40801064_G/T,0,0
15_84643692_G/T,0,0
X_40597637_C/T,0,0
14_81143366_G/A,0,0
14_67790731_C/A,1,1
13_32325173_T/A,1,1
6_142771024_G/A,1,1
1_229432030_G/C,1,1
19_18787644_A/G,1,1
2_85665749_G/A,1,1
2_108765573_T/C,0,0
6_109447116_C/T,0,0
9_128636324_G/C,0,0
X_153693528_C/T,0,0
9_128907488_C/T,0,0
15_89647611_C/T,0,0
4_5797073_C/T,0,0
2_233768319_G/T,1,1
9_127816013_G/A,0,0
14_64139956_G/A,0,0
3_58150157_C/T,0,0
2_165310376_G/T,1,1
9_108902944_T/A,1,1
19_1226624_C/T,0,0
X_40054268_T/G,1,0
19_49171389_C/T,0,0
1_99880731_T/G,1,1
1_210404529_G/C,0,0
17_61776536_G/T,0,0
11_36593886_C/T,1,1
8_116858367_G/A,1,1
15_31026252_C/T,0,0
8_103371787_A/C,1,0
11_6390742_T/G,0,0
4_99597225_G/C,1,1
1_11998875_G/T,1,1
2_199380478_C/T,0,0
16_15724918_C/T,0,0
7_94421036_G/A,1,1
17_8003536_T/G,0,0
2_169497690_G/T,1,1
20_18555161_T/A,1,1
1_26732722_C/A,1,1
21_33583575_G/A,1,1
X_24723234_C/T,0,0
4_44683264_G/A,0,0
11_77172793_A/T,1,1
9_137811570_C/A,1,1
15_90948268_G/T,0,0
15_48513627_A/T,1,1
6_79493752_T/A,1,1
6_87555506_C/T,1,1
6_157196281_C/T,1,1
1_46285776_G/A,0,1
18_51058402_C/T,1,1
10_104070428_G/T,1,1
12_40364875_A/G,0,0
16_56870120_G/C,1,1
7_150977881_C/T,0,0
2_55656148_T/C,1,1
1_156115012_A/G,1,1
2_240740330_T/C,0,1
19_49835551_A/T,0,0
2_178607641_G/A,1,1
17_42901107_G/T,1,1
16_2499422_T/C,1,1
1_119963704_G/A,0,0
9_137754193_A/G,0,1
11_134178742_C/T,1,1
2_3465692_G/C,0,0
2_195888285_C/A,0,0
6_51775865_A/G,1,1
3_48570886_C/A,1,1
9_104832622_A/C,0,0
9_78306452_C/G,1,1
17_63966200_G/T,1,1
1_181798472_C/T,0,0
5_78955437_C/T,0,0
4_158706835_C/T,1,1
5_37024584_G/A,1,1
2_71520883_G/A,0,0
8_38429899_G/C,0,0
X_136209896_G/A,0,0
17_41612327_A/G,1,1
16_89279398_G/A,1,1
16_8804844_G/C,1,1
19_12897787_G/T,0,0
2_42048652_C/G,0,0
1_43349308_G/A,1,1
22_37723706_C/T,1,1
2_178559769_C/T,1,1
3_193643445_G/A,1,1
7_255870_G/A,1,1
7_108079625_G/A,0,0
11_47333556_C/A,1,1
5_151507242_A/G,0,0
16_8811713_G/T,1,1
17_61480230_C/G,1,1
15_31040184_G/T,1,1
3_11025778_G/A,1,1
11_66715946_T/G,1,1
1_11794848_C/T,1,1
13_32340000_C/G,1,1
7_2958499_C/T,1,1
6_31965830_T/C,0,0
10_97744769_C/T,0,0
1_155438886_G/A,1,1
18_31535366_T/A,1,1
7_5529175_C/T,1,1
11_108301720_G/A,1,1
4_101109064_G/C,1,1
17_4898814_C/T,0,0
1_234318853_A/G,0,0
5_13701293_T/G,0,0
8_144083937_A/G,1,1
2_199272379_C/G,0,0
2_178618732_T/C,0,0
8_86611631_A/T,1,1
12_6587491_G/A,0,0
17_67975915_G/A,1,1
15_73368238_C/A,0,0
8_89953449_G/C,1,1
12_106433718_G/C,1,1
12_53060191_G/A,0,0
17_17224060_G/A,0,0
X_17726101_G/A,0,0
7_21735714_T/C,0,0
5_132604850_C/T,1,1
11_68433839_G/T,1,1
15_43048424_G/A,1,1
16_14555652_A/G,1,1
4_39454922_T/C,0,0
11_6565693_A/G,1,1
10_47350986_C/A,1,1
10_68166562_C/A,0,0
13_36995037_T/C,1,1
9_127829735_A/G,0,0
2_218814702_G/C,1,1
3_121487618_A/G,0,0
18_22997664_C/T,0,0
X_130147842_C/T,0,0
10_133298091_C/T,0,0
8_47881948_T/C,0,0
2_181677913_T/G,0,0
12_132636006_G/C,0,0
16_88646781_G/A,0,0
7_39460689_C/T,0,0
18_31595163_G/A,1,1
15_63674457_C/T,0,0
14_64052991_A/T,0,0
22_39660349_C/T,0,0
2_209957734_C/G,0,0
11_6630399_G/A,0,0
14_104703319_T/G,1,1
19_17335107_G/A,1,1
17_42536384_C/T,1,1
19_50309058_C/T,0,0
12_47984094_C/G,1,1
17_81510930_G/T,0,0
X_37805088_G/A,1,1
1_17000433_G/A,0,0
5_42713444_G/A,1,1
16_9763943_T/C,0,0
12_47982528_C/G,1,1
20_32436411_G/A,0,0
16_70466167_T/C,0,0
11_112233216_C/A,1,1
1_46277894_G/A,0,0
9_93289101_C/T,0,0
21_39198987_G/A,0,0
4_5584787_G/A,1,1
21_36765078_G/A,0,0
9_42189384_G/T,0,0
15_88843357_G/T,1,1
19_35848102_C/T,1,1
9_114092452_C/G,1,1
X_13753411_C/T,1,1
1_225424033_G/A,1,1
7_44145189_C/T,1,1
7_74063187_G/C,0,0
8_11708384_C/T,0,0
15_40202623_C/T,1,1
9_137813083_A/G,0,0
15_44663522_G/C,0,0
X_47185571_C/T,1,0
3_48575660_C/T,1,1
5_13850732_G/A,0,0
1_21564151_G/T,1,1
1_228212128_G/A,0,0
14_45155398_T/G,1,1
16_88431091_C/T,0,0
10_30026831_G/A,0,0
3_45517938_C/T,1,1
17_42329431_A/C,1,1
21_46366627_G/T,1,1
17_5024091_C/T,0,0
15_89776720_G/A,0,0
10_70598599_C/T,1,1
15_40729562_T/C,0,0
11_65543142_G/A,0,0
15_48428460_A/T,1,1
19_48800286_G/A,0,0
2_3388412_G/A,0,0
14_104949775_C/T,0,0
3_71772801_G/A,1,1
2_165996011_A/T,1,1
2_26480815_G/A,1,1
3_165023569_C/A,1,1
7_150948981_G/A,1,1
4_84780174_G/A,0,0
17_17165623_C/T,0,0
12_2691127_C/T,0,0
14_99891228_G/T,1,1
14_23417597_C/T,1,1
13_51970542_G/A,1,1
17_31221922_G/T,1,1
X_25015640_A/G,1,1
13_48380243_T/G,1,1
20_63442440_A/C,1,1
15_92972344_T/C,1,1
20_51676140_G/A,1,1
5_13727657_C/G,1,1
5_149981324_C/A,0,0
1_115738243_G/A,0,0
2_165313732_C/T,1,1
9_108897147_C/T,1,1
1_237788006_A/G,0,0
3_127022288_C/T,0,0
5_112840200_G/T,1,1
14_77025464_G/A,1,1
8_69589079_C/T,0,0
17_31327782_C/A,1,1
19_55161125_G/T,0,0
2_197706985_T/C,0,0
1_231421451_C/T,0,0
1_204155121_C/T,0,0
2_86210617_C/T,0,0
1_44828188_G/C,0,0
12_47995910_C/A,1,1
19_38489197_T/C,0,0
2_178575154_G/A,1,1
2_110667552_T/C,0,0
3_15456508_G/C,1,1
7_44149768_A/G,1,1
16_69339529_T/C,0,0
21_44906921_G/A,1,1
1_45332048_C/T,0,0
1_23820545_C/T,1,1
2_98391863_G/A,1,1
16_23635108_T/A,1,1
8_86578712_A/G,0,0
5_53108584_A/G,0,0
17_50191457_G/A,1,1
12_132642241_A/T,1,1
5_37052382_G/A,1,1
8_144054570_G/A,1,1
7_94428339_C/A,0,0
X_133025825_T/C,1,1
11_68917840_C/G,0,0
4_54729465_G/A,0,0
5_149907380_T/C,1,1
3_47411029_G/A,0,0
22_37128279_C/T,0,0
5_55221115_T/C,0,0
3_38606149_C/T,1,1
5_80854154_T/A,1,1
1_149926630_G/T,1,1
2_165139597_T/C,0,0
22_42212625_A/G,0,0
18_12337491_A/T,1,1
7_93101478_A/G,0,0
4_20598324_G/A,0,0
8_60742781_T/C,0,0
14_95103365_G/C,1,1
2_105363295_G/A,0,0
9_134701174_G/A,1,1
22_36937395_C/T,0,0
X_108598855_C/T,1,1
X_31507451_G/A,0,0
7_92510946_G/A,1,1
2_171844510_T/G,1,1
12_101768081_G/A,1,1
X_48909872_G/A,0,0
1_196726845_C/G,1,1
17_60157737_A/G,0,0
17_42543050_G/T,0,0
1_21575732_G/T,1,1
2_127261270_G/C,0,0
13_32326152_T/A,1,1
2_188994814_G/A,1,1
8_22163434_A/C,1,1
20_46725349_C/T,1,1
5_112841129_T/C,0,0
3_180663926_G/A,1,1
1_237783984_C/T,1,1
2_189565424_G/A,0,0
9_132911481_G/T,1,1
12_5981914_G/A,1,1
19_12885338_C/G,1,1
8_131978910_T/C,0,0
17_50194014_C/T,1,1
7_94910346_A/G,0,0
12_51920832_G/T,1,1
13_48380231_C/A,0,0
19_13234954_C/G,1,1
1_102961865_C/G,1,1
2_219158185_C/T,1,1
19_1453133_G/A,0,0
11_17408479_A/T,0,0
17_61780260_C/T,1,1
17_18280535_C/A,1,1
19_46755783_A/C,0,0
5_38485919_A/G,0,0
13_102807561_C/T,0,0
1_183222087_A/G,1,1
3_123296104_C/A,1,1
3_196058618_A/G,0,0
7_116700230_T/C,0,0
16_15717250_C/T,0,0
8_31147130_T/G,1,1
22_17182642_T/A,1,1
13_23340046_C/T,1,1
X_38403729_G/C,1,1
2_151499301_A/G,0,0
9_95447416_C/A,0,0
2_166306600_G/A,1,1
5_1216897_C/A,1,1
12_102844403_A/G,1,1
1_26773884_C/T,1,1
7_44147828_C/G,1,1
12_47977355_C/T,1,1
11_89178261_G/C,1,1
11_117480495_G/A,0,0
4_102689664_C/T,1,1
18_36205277_G/C,1,1
2_127292756_G/A,1,1
X_38403670_A/G,1,1
X_48823120_G/A,0,0
15_48465650_T/G,0,0
2_240763043_G/A,0,0
10_89226978_A/G,1,1
2_151625627_T/C,0,0
20_50960045_A/G,0,0
6_83179903_A/G,0,0
5_156589311_T/C,0,0
1_94042810_G/T,1,1
1_5867116_C/A,1,1
6_73077445_G/A,0,1
12_49040120_A/G,0,0
2_188990114_G/A,1,1
6_65495273_T/G,0,0
11_108292619_G/A,0,0
3_169090065_T/C,0,0
18_57695449_C/T,1,1
17_47292373_T/C,1,1
17_50186386_C/T,1,1
15_48415549_G/A,1,1
13_77263679_G/A,0,0
12_124964419_G/A,1,1
X_154532787_A/T,1,1
9_136429775_T/A,1,1
16_69692648_T/C,0,0
7_2937097_G/A,0,0
19_11237471_G/A,0,0
8_99192897_T/C,0,0
12_121814354_G/A,0,0
22_32085036_G/A,1,1
9_132905579_A/C,1,1
19_46756396_C/A,1,1
2_8779701_C/T,0,0
10_80166889_C/T,1,1
X_10449429_A/G,1,1
3_49100035_C/T,0,0
9_133422527_G/A,1,1
11_2165721_C/T,1,1
14_67783516_G/C,0,0
2_21029897_C/A,1,1
17_80111023_C/T,1,1
22_25846256_C/G,0,0
19_6710834_C/T,0,0
4_78317462_G/T,0,0
17_18121261_C/T,1,1
1_25800332_C/T,0,0
10_62813561_C/G,0,0
14_74500926_A/G,0,0
13_102627115_T/C,0,0
19_50667246_C/A,1,1
6_152151652_C/T,0,0
14_45183825_C/T,1,1
17_5033297_T/G,0,0
6_87516805_C/A,1,1
1_37540318_G/C,0,0
1_3402939_T/C,0,0
4_6301801_A/G,1,1
17_5582802_C/T,0,1
2_178728503_G/A,0,0
13_48463767_A/T,1,1
11_45914331_G/C,1,1
12_57811022_G/A,0,0
10_47325364_C/T,0,0
17_80346477_G/A,0,0
5_127454564_A/G,1,1
X_32518007_C/T,1,1
12_29755852_G/A,0,0
9_128909138_C/T,0,0
15_74722386_G/A,0,1
X_100408568_C/T,0,0
6_75184092_A/G,0,0
9_136199852_G/A,1,1
X_53320857_G/T,1,1
7_117614672_T/C,0,0
7_50528224_G/T,0,0
11_93699470_C/T,1,1
2_240573164_G/A,0,0
22_29489425_G/A,0,0
12_52573525_G/A,0,0
X_22096976_C/T,1,1
2_151663547_C/T,1,1
7_20785529_A/C,0,0
2_71555980_C/T,1,1
1_22086451_A/G,1,1
17_31163208_T/G,1,1
17_38343178_A/G,0,0
19_11035045_G/A,0,0
5_178991560_C/A,1,1
15_48768235_G/A,1,1
7_44065494_G/A,0,0
11_108257607_G/C,1,1
1_153828186_C/T,0,0
2_201636847_G/A,1,1
9_34506767_G/T,1,1
4_110621210_C/T,1,1
9_98768081_C/A,1,0
14_23422296_C/T,0,0
16_23630142_A/C,1,1
7_128841205_G/T,1,1
9_109141560_A/G,0,0
16_89133135_G/C,1,1
15_29720409_T/G,0,0
2_86089825_T/G,0,0
1_110604485_G/A,1,1
1_117996422_T/G,0,0
8_144516525_G/A,0,0
10_78009990_A/G,0,0
19_49862689_C/A,1,1
16_50104941_A/T,0,0
19_45352249_G/C,1,1
8_99143108_A/T,1,1
12_4912370_T/C,1,1
6_29588003_G/C,0,0
16_2071782_A/C,1,1
X_70927989_G/A,0,0
3_191369997_A/G,0,0
7_100641127_C/T,0,0
14_64056259_G/A,0,0
9_137162630_T/G,1,1
19_46775538_A/G,0,0
7_44147679_G/A,0,0
X_154966530_T/C,1,0
20_40688645_G/A,1,1
17_61992538_A/G,1,1
X_153866704_G/C,1,1
6_170543727_A/G,1,1
22_37733373_A/G,0,0
15_92944443_G/T,1,1
1_16049199_C/A,1,1
20_38728026_T/G,1,1
9_72821049_C/T,0,0
17_31230914_A/G,0,0
20_50959707_C/A,0,0
13_32394750_G/A,1,1
15_42411285_A/G,1,1
6_133462425_C/T,0,0
14_49634772_C/T,0,0
3_38556513_G/T,0,0
7_55202654_C/T,0,0
2_73489633_G/A,1,1
3_179199014_A/G,0,0
1_55058190_C/T,0,0
11_61393334_T/G,1,1
20_21709395_T/C,0,0
12_120737853_A/C,0,0
14_102497583_C/T,0,0
14_67650779_G/A,0,0
X_10208509_C/T,0,0
12_45924832_T/C,0,0
7_100631027_G/A,1,1
12_57563480_G/C,0,0
5_37195997_C/G,1,1
13_78602225_A/C,0,0
2_110179666_C/T,0,0
16_89771722_G/A,1,1
2_178728513_G/A,0,0
2_232520611_G/A,0,0
15_48496214_A/G,1,1
X_41215962_C/T,1,1
16_56336817_C/T,1,1
6_160741314_T/C,0,0
2_73449663_C/T,1,1
15_65639613_C/T,1,1
16_74716476_C/A,1,1
3_49099143_T/C,0,0
5_80875760_C/G,0,0
19_13081850_G/T,1,1
22_33274626_T/C,1,1
X_154534409_G/C,1,1
1_44826904_C/T,0,0
11_551919_C/T,0,0
1_226883869_G/A,0,0
1_155235193_A/T,1,1
5_14476964_G/A,1,1
8_144318459_A/C,1,1
6_44301465_C/T,1,1
3_52503534_G/A,0,0
12_47975962_C/T,1,1
2_73601204_G/A,1,1
2_151679795_T/A,1,1
6_45512277_G/A,1,1
19_45368932_T/A,1,1
15_39967347_C/T,1,1
16_88436428_C/T,0,0
1_11836063_C/T,0,0
10_100809207_C/G,1,1
2_43995879_G/C,0,0
X_53604703_G/A,0,0
17_80105133_G/T,1,1
7_152330617_C/T,0,0
8_102295766_G/A,1,1
10_69935373_G/A,0,0
15_48460299_C/A,1,1
X_132094107_A/T,1,1
X_18628470_C/T,1,1
11_68003128_C/A,1,1
7_128851540_T/C,0,0
9_93300073_G/A,0,0
1_5887320_C/A,0,0
17_1470448_G/T,0,0
5_42718821_T/C,0,0
10_43122005_G/T,0,0
20_10663987_A/C,1,1
7_70789768_A/C,0,1
19_11110729_T/G,1,1
19_41879533_A/G,1,1
9_135699040_G/A,0,1
9_128946194_G/A,0,0
17_65137561_C/G,0,0
18_31068207_C/T,0,0
1_161306853_C/T,1,1
2_98389749_T/C,1,1
2_96253931_G/A,0,0
20_25320264_C/T,1,1
7_21742076_A/G,0,0
2_178567712_A/G,0,0
19_7932690_C/T,0,0
5_112766411_G/T,1,1
3_129433147_T/C,0,0
15_40364861_C/T,0,0
2_240786473_A/G,1,1
5_150656775_G/C,0,0
5_112839163_C/A,1,1
3_42690871_C/T,0,0
9_95101852_T/C,1,1
10_95627572_G/A,0,0
16_84093814_A/G,0,0
19_11107421_A/T,1,1
1_179564690_C/G,1,1
15_78017948_G/A,1,1
14_87988169_T/C,0,0
13_49709690_A/T,1,1
16_27750219_C/T,1,1
16_83908276_C/T,0,0
3_189868629_C/T,1,1
17_17228135_C/T,1,1
19_48965866_C/T,0,0
7_55161572_C/G,0,0
1_201076998_C/G,0,0
12_49955574_C/A,1,1
18_23533518_C/G,1,1
1_216422068_T/C,1,1
2_151627014_G/A,0,0
5_134200392_T/C,0,0
1_215674546_T/C,0,0
17_31230263_T/A,1,1
5_36985602_C/T,1,1
10_89433200_T/C,0,0
9_95172148_C/A,1,1
19_38585059_C/A,1,1
22_40301180_C/T,1,1
14_23417566_C/A,0,0
17_16025021_A/G,0,0
X_68432865_A/G,1,1
X_100407092_G/A,0,0
20_49373408_C/T,0,0
4_5711555_G/T,1,1
5_132604805_G/T,1,1
16_68813339_G/A,0,0
12_116096730_C/T,0,1
9_35800474_G/A,0,0
18_46489126_C/T,1,1
X_19349953_G/A,0,0
19_33411751_T/C,1,1
1_26697364_C/T,1,1
18_23876292_A/C,1,1
11_47448788_G/T,1,1
3_133973693_C/T,0,1
12_116111485_C/A,1,1
12_51913236_C/G,1,1
4_158706746_A/G,1,1
12_49050552_A/C,0,0
17_78997464_A/G,0,0
18_74559420_C/T,0,0
15_75375847_G/A,1,1
15_89318681_C/A,0,0
13_32341084_T/A,0,0
19_53811053_T/A,0,0
19_8109345_C/T,0,0
4_25674317_G/A,1,1
7_66994283_C/T,1,1
9_2115849_C/A,1,1
19_47681188_G/C,1,0
13_40799202_C/A,0,0
X_120441748_G/A,1,1
9_95111502_G/T,1,1
15_78162332_G/A,0,0
19_45553613_G/C,0,0
10_119672311_G/T,0,0
3_25764269_G/A,1,1
6_43038575_T/C,0,0
20_21214621_A/G,0,0
3_52453998_C/T,0,0
13_51950103_A/C,1,1
17_31327632_T/G,1,1
9_35074455_T/C,0,0
12_47846374_C/T,1,1
12_102894767_T/G,1,1
15_40628637_C/T,1,1
16_68808849_G/T,1,1
6_24848103_T/C,0,0
2_32141902_A/C,1,1
11_65188042_T/A,1,1
1_94015741_A/C,1,1
13_48453028_G/A,0,0
12_47987277_C/A,1,1
2_148469386_C/T,0,0
6_73003986_C/T,0,0
10_49470386_C/A,1,1
5_127435481_G/C,1,1
2_43875415_T/A,1,1
17_75736617_G/A,1,1
11_66849815_G/A,0,0
10_47322729_C/T,1,1
9_12709068_G/A,0,0
6_73461959_G/A,0,0
5_112821936_T/A,1,1
13_32333120_C/T,1,1
4_15597463_C/T,0,0
4_165484456_C/T,0,0
10_71812532_C/T,1,1
17_31159095_T/G,1,1
1_152310342_G/T,1,1
5_157389425_T/A,0,0
6_7574197_G/T,1,1
11_68043498_G/T,1,1
7_93101408_C/T,1,1
5_93585447_C/G,1,1
10_17019833_C/T,1,1
19_14162989_C/T,1,1
17_75750775_C/T,0,0
1_23817503_G/A,0,0
X_24465506_G/C,0,0
2_227027937_C/A,1,1
2_32126956_A/G,1,0
8_132871368_C/T,1,1
14_21303544_G/A,1,1
7_92086368_A/G,0,0
2_189007913_G/T,1,1
6_49431831_C/A,1,1
14_28767513_G/A,0,0
6_157196200_C/T,1,1
5_1253740_G/A,0,0
15_41868566_G/C,0,0
13_32338194_A/T,0,0
19_38464688_G/T,1,1
1_11676130_G/A,0,0
13_32333278_T/G,1,1
X_102937387_G/C,0,0
15_89263933_A/G,0,0
15_89283183_T/C,1,1
22_20995784_G/T,1,1
2_233034830_G/A,0,0
15_65625355_A/C,0,0
12_884663_G/T,0,0
9_134784992_G/T,1,1
1_26773394_G/A,1,1
2_189002991_G/T,1,1
2_188994048_G/T,1,1
2_172484789_G/A,0,0
13_20143062_C/T,1,1
2_32137187_A/G,1,1
1_23321656_C/G,0,0
7_124823977_T/C,0,0
17_1662035_C/T,1,1
2_169292325_G/A,1,1
6_166158447_C/T,0,0
1_40818673_A/T,1,1
4_186209263_A/G,1,1
6_45512254_C/T,1,1
16_57456581_G/A,0,0
16_72060779_T/C,0,0
X_18575491_G/A,1,1
3_48585714_C/T,0,0
15_40165052_G/A,1,1
12_91055837_A/G,0,0
6_10808827_A/G,0,0
17_44349752_G/C,1,1
7_117536634_G/A,1,1
11_75430138_G/A,0,0
X_10449448_T/G,1,1
3_146124137_C/A,1,1
18_46545423_T/G,1,1
11_64805111_C/A,1,1
1_11948065_C/T,1,1
5_149836741_C/T,0,0
10_99811603_G/A,1,1
13_110187319_C/T,1,1
3_45485752_T/C,1,1
14_99940073_C/T,0,0
12_40294901_A/T,0,0
10_49524616_C/A,1,1
18_23753756_G/A,0,0
4_64314698_A/G,0,0
1_92288913_C/T,1,1
11_62694712_C/T,1,1
12_132626319_T/C,1,1
2_10048468_C/T,0,0
2_178560674_G/C,1,1
9_114403895_C/T,1,1
4_113357162_C/A,0,0
11_119090054_C/T,0,0
17_31221931_T/A,1,1
6_79487457_G/C,0,0
5_70946166_G/A,1,1
3_122257276_G/A,0,0
7_107891290_G/A,1,1
11_65185915_A/G,1,1
17_63959278_C/T,1,1
11_17463444_C/T,0,0
2_21004676_C/G,1,1
3_42688294_C/G,1,1
8_18064494_A/G,0,0
1_21568117_G/C,1,1
5_53646231_A/G,1,1
16_89227284_T/C,0,0
3_136102099_G/A,0,1
11_64805692_C/T,0,0
4_159356146_A/G,0,0
1_75762691_G/C,1,1
3_184137705_C/T,1,1
12_52519150_A/G,1,1
17_59598787_G/A,0,0
11_85654061_A/C,1,1
1_39387318_T/C,0,0
1_9975720_G/T,1,1
7_92517485_G/A,1,1
19_38460474_C/A,0,0
8_144517113_G/A,0,0
13_38688292_T/C,0,0
2_151552698_C/G,0,0
X_108559146_G/T,1,1
1_17022649_G/T,1,1
7_82955313_T/A,0,0
2_97734709_G/C,1,1
17_8015360_C/T,0,0
17_17793431_C/A,0,0
X_34656995_C/G,1,1
14_99175357_C/T,0,0
15_48465574_A/C,1,1
16_9829588_A/C,1,1
5_170079038_G/A,0,0
1_228280744_G/A,0,0
18_59697277_C/A,0,0
15_90811321_A/T,1,1
17_29534178_G/T,1,1
9_104812602_C/G,0,0
4_1348185_T/C,1,1
3_11033712_G/A,1,1
15_77032369_C/T,0,0
20_44424172_G/A,1,1
1_154586281_C/T,1,1
2_196318727_C/A,0,0
2_47429854_C/T,1,1
22_40418773_C/T,0,0
12_47986379_C/T,1,1
22_42086305_C/A,1,1
6_144533206_G/A,0,0
19_38504869_A/G,1,1
2_178533766_G/A,0,0
20_45000431_C/T,1,1
6_112060990_G/A,1,1
2_181656851_G/A,0,0
X_41542766_G/A,1,1
12_55721190_G/A,1,1
9_6602156_G/T,1,1
8_86578688_C/T,1,1
14_104801242_A/G,0,0
1_154598549_A/G,0,0
10_14936570_G/A,0,0
6_152318975_G/A,0,0
18_31326963_T/A,1,1
4_121807538_A/G,1,1
13_32376693_C/A,0,0
7_21698177_G/A,0,0
19_43511454_C/T,1,1
X_49218652_C/T,0,0
10_53995647_A/G,1,0
18_33644943_C/T,1,1
X_32697874_G/T,1,1
2_72147749_G/T,1,1
17_17816473_G/A,0,0
3_12590833_T/C,0,0
21_43058860_G/A,0,0
5_80728924_C/A,1,1
16_1587305_C/T,1,1
2_219556673_C/T,0,0
19_3980603_C/A,0,0
11_64754252_C/G,1,1
6_69713731_G/A,1,1
1_220171088_C/T,0,0
X_107218863_G/A,1,1
9_133354896_C/T,0,0
9_27185501_A/G,0,0
X_18604023_C/T,1,0
9_92764676_G/A,0,0
2_178575999_C/T,1,1
10_70598475_G/A,1,1
4_183704977_A/G,1,1
17_63420180_C/T,1,1
2_202518890_A/T,1,1
5_1294298_A/G,0,0
11_134253602_T/C,1,1
17_5034231_C/A,0,0
17_38329810_C/T,0,0
7_74338509_C/G,0,0
17_13005043_T/G,1,1
2_241871873_G/T,0,0
2_210588056_A/G,1,1
6_7558155_C/T,1,1
8_91078553_T/C,0,0
9_137243035_C/T,0,0
6_152381177_G/A,0,0
16_3738616_C/T,1,1
X_154997059_T/C,1,1
19_13230210_C/G,1,1
1_209617966_G/A,1,1
1_150805863_G/A,1,1
20_49539652_G/A,0,0
10_16933252_C/T,0,0
X_78123240_G/A,1,0
11_57602050_C/A,1,1
2_27233080_G/A,0,0
8_143821623_G/A,1,1
2_178597972_G/C,0,0
3_52395588_G/A,0,0
17_60157464_A/G,0,0
17_42543089_G/T,1,1
18_46522290_T/C,0,0
7_74060425_C/T,0,0
16_16163046_A/G,0,0
12_45836858_C/T,1,1
6_157201055_G/T,0,0
11_77213011_C/T,0,0
11_125899632_A/G,0,0
20_3908245_T/G,0,0
4_15574197_C/T,0,0
18_46522310_C/T,1,1
1_216325341_C/T,0,0
2_219571125_C/G,0,0
11_71441392_G/A,1,1
10_87952223_T/G,1,1
X_111401088_T/C,1,1
21_32694227_C/T,1,1
12_132659315_C/T,0,0
2_47799522_C/A,0,0
6_129443070_T/G,1,1
15_27983367_G/A,1,1
10_84257901_C/T,0,0
7_151033839_C/T,0,0
7_21571804_A/G,1,1
22_29349319_C/T,0,1
14_74259621_G/C,1,1
1_956139_T/C,0,0
2_27234169_T/C,0,0
9_34512387_C/T,0,0
19_8971838_C/A,0,0
12_40294895_A/G,0,0
2_178595751_G/A,0,0
20_63359608_G/T,0,0
2_47471002_A/T,1,1
2_47803605_G/T,1,1
11_94471587_C/A,1,1
9_114302099_T/C,0,0
3_46989569_C/T,1,1
20_45891567_A/G,1,1
15_101055121_C/T,0,0
3_43600472_T/C,0,0
14_23424908_T/G,1,1
9_137162197_C/T,1,1
X_38369878_G/T,1,1
4_113288387_G/A,1,1
X_108666595_G/T,1,1
2_21009537_C/T,0,0
4_78534617_T/C,1,1
1_25811694_G/T,1,1
8_42316228_G/A,0,0
15_90765415_G/T,1,1
1_154572008_G/T,0,0
1_154568062_C/T,0,0
21_46435904_C/T,1,1
20_63444664_T/C,1,1
5_177280653_C/T,1,1
4_185506594_G/T,0,0
7_69899454_C/T,1,1
2_32136876_G/A,1,1
12_88097001_T/A,1,1
7_6003713_A/C,0,0
7_140808951_T/C,0,0
X_154349836_G/A,0,0
7_96193046_A/G,0,0
1_181580682_A/G,0,1
15_42958045_A/G,0,0
X_3612296_G/A,0,0
10_89222579_T/A,1,1
10_86706675_C/T,0,0
21_44895002_T/C,1,1
7_35240944_C/A,1,1
16_2072312_C/A,0,0
20_35434122_C/T,0,0
7_150951679_C/T,1,1
3_69951884_T/C,1,1
18_31086659_G/A,1,1
22_50526343_G/A,0,0
17_50195090_C/G,1,1
7_21601514_C/T,1,1
3_38710874_G/A,0,0
7_152148565_C/T,0,0
7_98933262_C/A,1,1
X_101407802_A/G,0,0
11_108292775_G/A,0,0
6_75181126_A/C,0,0
8_99575785_G/C,1,1
3_184136738_T/C,1,1
19_50403504_C/T,0,0
1_75749536_G/C,1,1
19_1399000_C/T,0,0
3_196487398_C/A,1,1
11_45806086_C/A,0,0
14_77026166_T/A,1,1
19_35839415_A/C,1,1
17_41764750_C/T,1,1
12_886012_C/T,0,0
17_10526778_C/T,0,0
11_89178614_G/T,1,1
2_71612808_T/G,1,1
12_57764487_G/A,1,1
8_99147884_G/A,0,0
15_52153939_C/G,1,1
X_74421639_T/G,1,1
19_39505394_C/T,1,1
11_17387525_G/T,0,0
2_21019743_A/T,1,1
15_44613429_C/A,1,1
15_72344134_A/G,0,0
17_63491346_C/G,0,0
15_48427630_G/A,1,1
17_80113308_A/T,1,1
X_47626123_G/A,0,0
2_151646235_C/T,1,1
15_23647011_A/G,0,0
9_109141510_C/T,1,1
11_47349849_C/T,0,0
5_14741851_G/A,0,0
17_65536997_G/A,0,0
1_151815037_A/G,0,0
19_13073436_C/T,1,1
16_23634903_G/C,1,1
18_74631410_C/T,0,0
11_121130212_G/A,1,1
4_88056268_G/A,1,1
19_53345584_C/T,0,0
7_116755513_T/C,0,0
3_32891514_G/T,0,0
19_5714182_C/T,1,1
11_3823983_T/C,1,1
2_227263944_G/A,1,1
14_95124288_C/T,0,0
17_58696692_G/A,1,1
21_43058144_C/T,1,1
3_48573549_A/C,0,0
2_130340975_G/A,0,0
1_215648695_T/C,0,0
2_26194614_T/C,1,1
5_68280983_G/A,1,1
19_15187978_C/T,0,0
6_49440325_G/A,1,1
1_115286135_G/A,1,1
15_48428401_G/A,0,0
17_31233084_T/A,1,1
16_3770911_G/T,0,0
17_78126785_C/T,0,0
3_32165862_A/G,0,0
3_167684391_T/G,1,1
6_50823543_C/G,1,1
6_89951209_G/A,0,0
16_31459780_C/T,1,1
17_61683722_T/C,0,0
2_178616477_A/G,1,1
8_143829279_C/A,1,1
12_53309236_G/A,1,1
11_119048782_G/T,0,0
14_101985734_A/G,0,0
6_31933910_G/C,0,0
18_45916114_C/T,1,1
20_46053128_T/G,1,1
17_61847162_G/C,1,1
15_89301443_G/A,1,1
17_61801389_C/T,1,1
5_177280667_T/C,1,1
2_73449312_G/T,1,1
2_28870265_A/G,0,0
15_42726309_C/T,1,1
15_88855119_C/A,1,1
2_178614946_C/A,1,1
3_47410300_G/A,0,0
19_53898097_G/A,1,1
22_19523680_G/A,0,0
9_34513192_G/T,1,1
2_86054179_G/A,0,0
11_74095400_G/A,0,0
X_108677508_G/T,1,1
2_219448532_G/A,0,0
21_41899234_G/A,0,0
16_56192608_G/A,0,0
8_144326523_G/C,0,0
8_86229736_A/T,0,0
3_184140664_T/C,0,1
11_62690397_G/C,0,0
8_95263720_T/G,0,0
X_38401367_T/C,1,1
1_158681617_G/A,0,0
1_62618741_G/A,0,0
2_1648888_G/A,0,0
16_14609124_C/T,1,1
5_36976204_C/T,1,1
7_152163711_G/A,0,0
12_3583139_G/A,0,0
15_48488193_C/T,1,1
15_48490037_C/A,1,1
12_47978337_G/A,1,1
6_142760262_G/C,1,1
9_98293891_C/T,0,0
13_32332573_A/C,0,0
3_93898462_G/A,1,1
2_51027673_C/A,1,1
13_48345184_T/A,0,0
22_36349140_A/C,1,1
1_145926097_T/C,0,0
15_27951852_G/C,1,1
6_51659861_C/T,1,1
X_53405257_T/C,0,0
16_88427764_G/A,0,0
11_108256283_C/A,1,1
9_2718595_C/T,1,1
11_124871062_G/A,1,1
1_63406400_G/A,1,1
2_238352938_A/G,0,0
20_35001077_C/T,0,0
12_52516678_C/G,1,1
19_15170501_C/T,0,0
9_127673211_T/C,1,1
2_166038133_C/T,1,1
X_19353093_G/A,1,1
15_51222455_C/T,0,0
12_88079231_T/C,1,1
15_89295011_G/A,0,0
16_47589042_T/C,0,0
10_70875471_T/A,0,0
22_42212535_T/C,0,0
9_116697793_G/C,0,0
17_81845660_G/A,0,0
2_26727990_G/C,1,1
X_53403674_T/C,1,1
1_154225211_C/T,1,1
1_2228825_C/G,1,1
16_68829686_G/T,0,0
8_22121065_A/G,0,0
17_42691905_C/A,1,1
1_1045363_C/T,0,0
16_89280542_G/C,0,0
6_109777061_G/T,1,1
1_216325499_G/T,1,0
14_50621883_C/A,1,1
17_80118708_T/A,1,1
16_3728567_C/A,0,0
5_149038441_A/G,0,0
X_154441196_G/A,1,1
9_108881760_G/C,1,1
14_23407035_G/A,0,0
1_21221804_G/T,0,0
1_212895246_C/T,0,0
4_15527569_G/A,0,0
2_71611308_C/T,1,1
X_132956839_C/G,1,0
17_28634700_G/A,0,0
19_13135636_C/T,0,0
X_119575373_A/G,1,1
15_34238271_C/T,0,0
17_31201463_C/A,1,1
9_137716876_C/T,0,0
2_178718527_T/C,0,0
5_80665271_C/T,0,0
19_54128379_T/C,1,1
13_109140898_G/C,0,0
11_103304658_G/A,1,1
3_121489974_A/G,0,0
16_1361799_T/C,1,1
19_46756462_G/C,1,1
3_184170677_C/A,0,0
4_46928459_G/A,0,0
16_2046164_C/T,0,0
14_72938062_T/C,0,0
8_99577519_A/G,0,0
16_1195062_C/A,0,0
7_92093308_G/A,0,0
17_78997536_C/A,0,0
15_34257666_T/C,0,0
14_31102945_A/G,0,0
6_64436254_G/T,1,1
10_71800689_C/A,0,0
X_111744882_A/G,0,0
19_35849102_C/T,1,1
5_78228213_C/G,0,0
18_21844178_G/A,0,0
8_60862256_C/T,1,1
1_150806780_A/G,1,1
11_78702281_C/T,0,0
17_61801378_C/A,1,1
15_90790681_G/T,0,0
11_116857914_G/C,0,0
3_340846_A/C,0,0
2_165090847_A/G,1,1
1_236816490_C/T,0,0
2_178533103_T/C,0,0
2_21009210_C/T,1,1
2_240788112_G/A,1,1
12_47978659_C/T,1,1
2_181544757_G/A,0,0
11_68807521_G/A,0,0
X_108578291_G/C,1,1
7_107940342_G/A,0,0
X_108580715_G/T,1,1
X_7257258_C/T,0,1
5_74713530_T/G,1,1
11_108272720_A/C,1,1
14_95133371_G/A,0,0
16_31190766_T/G,0,0
21_43774701_G/T,1,1
22_50220669_C/T,0,0
7_47877551_G/A,1,1
10_75021880_G/A,1,1
10_99842094_G/T,1,1
12_47986445_T/G,1,1
11_47448890_T/C,0,0
1_11823823_T/C,0,0
2_135804971_G/A,0,0
3_185192332_A/G,0,1
18_45923310_T/C,0,0
1_156130624_A/T,1,1
15_40622742_T/C,0,0
7_98958007_T/C,0,0
19_54123454_G/T,1,1
20_63442432_A/T,1,1
11_4070141_G/A,0,0
22_27796989_G/T,1,1
X_53542446_T/C,0,0
16_56498506_T/C,0,0
17_4932701_T/A,1,1
17_75627467_G/A,0,0
9_130668257_G/T,1,1
7_45075889_G/A,0,0
21_46116019_G/A,1,1
19_11120211_C/G,1,1
9_132900728_G/C,1,1
2_178646516_A/G,0,0
6_49458020_T/C,1,1
18_44950867_C/T,0,0
13_32357771_C/A,1,1
11_17460614_G/A,0,0
4_101080624_T/C,1,1
20_33443477_G/C,0,0
14_75971629_G/A,1,1
22_20996723_C/A,1,1
11_94445841_C/G,0,0
17_41621074_G/A,0,0
9_138023327_G/T,0,0
13_32332801_T/C,0,0
6_45903148_T/A,0,0
18_70030919_T/C,0,0
X_85963792_G/T,1,1
7_94412620_G/T,1,1
11_534287_G/A,0,0
22_50084879_C/T,0,0
20_32431630_C/T,0,0
16_89745066_C/T,1,1
15_56095495_C/A,1,1
20_34291524_T/A,0,0
8_60741895_C/T,1,1
1_196725257_C/T,0,0
11_47341016_G/A,0,0
X_75075566_T/G,0,0
14_21397833_T/C,0,0
8_138716862_A/G,0,0
8_23010606_C/T,0,0
17_18149274_G/T,1,1
19_19106314_A/G,0,0
19_17881961_A/C,1,1
22_20990385_G/A,1,1
12_879854_C/T,0,0
2_140506879_T/C,0,0
19_3586915_C/A,1,1
14_62802357_G/T,0,0
18_58580308_G/C,0,0
6_109766838_C/T,1,1
8_142875289_A/C,1,1
2_182935322_G/A,1,1
17_46031489_G/A,0,1
14_20298807_T/C,1,1
11_46726564_G/A,1,1
8_71321797_G/A,1,1
3_38560397_G/A,1,1
8_20254882_C/T,0,0
2_47476382_G/T,1,1
15_44621793_T/C,0,0
2_74465170_G/A,0,0
7_152220526_G/A,1,1
19_41985090_A/T,1,1
2_26214502_C/A,1,1
5_149980400_C/T,0,0
2_151541470_G/A,1,1
16_89530792_T/C,1,1
X_128051503_C/T,0,0
11_22624986_C/T,0,0
15_100152764_T/C,1,1
14_102465250_C/A,0,0
11_118583904_A/C,0,0
2_165907753_T/C,0,0
9_34514709_T/C,0,0
7_132508493_G/A,0,0
5_177293921_C/T,1,1
17_50193977_C/T,1,1
20_36916948_C/T,1,1
2_178636144_G/A,0,0
13_23334701_T/A,1,1
17_44007590_G/A,1,1
2_151665474_C/T,0,0
3_194642165_G/A,0,0
15_31032792_C/T,1,1
7_55171214_G/A,1,1
9_136673904_C/A,1,1
3_149141035_C/A,1,1
16_89279275_T/A,1,1
15_65004919_G/A,1,1
11_72294434_C/T,0,1
5_127417770_T/C,0,0
1_53210019_C/A,0,0
15_40196599_T/C,0,0
12_88129696_G/A,1,1
5_90629290_C/T,0,0
14_104894741_G/A,0,0
11_22239665_C/G,1,1
18_23909212_C/T,1,1
5_179125093_T/C,0,0
17_31163192_A/T,1,1
1_15873105_C/T,1,1
X_101397863_A/G,0,0
7_130383788_C/T,0,0
12_45927148_T/A,0,0
18_23533475_C/T,1,1
10_87863956_C/A,0,0
12_124810287_A/G,0,0
11_108271296_T/G,0,0
X_100407808_C/G,1,1
6_75202747_G/A,0,0
11_77172886_G/A,1,1
9_94617767_C/T,1,1
19_18864198_A/G,1,1
18_50001310_G/T,1,1
14_73198072_C/G,1,1
16_30981079_C/T,1,1
2_178610089_C/A,1,1
19_55014324_G/A,0,0
10_94590452_C/T,1,1
8_43193790_G/A,1,1
11_65348868_G/A,1,1
12_115997195_G/T,1,1
13_101068725_T/C,1,1
1_209618036_A/G,0,0
7_98897749_C/G,1,1
9_6592926_A/T,1,1
2_178776875_T/A,0,0
15_42388928_G/C,1,1
7_94425209_T/G,0,0
2_73452491_C/A,1,1
7_74057402_C/T,0,0
16_68681066_T/C,0,0
20_3889364_C/T,0,0
7_21725810_G/T,1,1
20_34489326_A/G,0,0
12_132643507_A/G,0,0
10_104035284_C/A,1,1
2_178530455_G/C,1,1
2_201729184_C/G,1,1
19_35720511_G/A,0,0
5_13793588_G/T,0,0
10_103090935_C/G,1,1
5_40945326_A/G,0,0
4_80202800_C/T,0,0
1_228283280_G/A,0,0
12_132661088_G/A,0,0
3_10375493_C/T,0,0
2_237354922_G/A,1,1
19_41419216_G/A,1,1
9_128345278_C/T,0,0
15_27983469_A/G,1,1
6_5545204_G/A,1,1
2_165310413_C/T,1,1
13_100527753_G/A,1,1
3_50379540_G/A,0,0
6_107929465_C/T,1,1
11_62692798_C/G,1,1
22_50626202_C/G,1,1
5_95522308_C/A,1,1
3_184140463_G/A,1,1
19_1453025_C/T,0,0
4_660539_C/T,0,0
7_128848698_T/A,1,1
7_2543609_G/A,0,0
16_69715071_G/A,0,0
1_6468271_C/T,0,0
9_127824430_G/A,0,0
8_22415891_C/T,0,0
4_177440272_C/A,1,1
19_45488847_C/A,1,1
16_2072301_A/T,1,1
9_133433382_G/A,1,1
1_10361820_A/G,0,0
17_18119175_G/A,0,0
14_100277488_C/G,1,1
1_21577552_C/A,1,1
X_41553718_C/T,1,1
2_178553059_T/C,0,0
16_57920386_C/T,1,1
3_134604318_A/T,1,1
6_129252082_A/G,1,1
X_32501754_C/T,1,1
1_114716074_T/C,0,0
4_78245259_C/T,0,0
3_25598319_T/A,0,0
5_127398718_T/A,1,1
2_169233479_G/T,1,1
11_22279745_C/T,0,0
18_46594335_C/T,0,0
20_63415017_G/A,1,1
14_74241267_G/A,1,1
7_101213131_C/T,0,0
2_38997346_G/A,0,0
5_71646210_G/C,1,1
5_112841918_A/G,0,0
4_121861503_C/A,1,1
12_47844991_G/A,1,1
13_32341078_A/G,0,0
17_7674945_G/A,1,1
10_128108550_T/C,0,0
17_42613704_A/C,1,1
10_110591051_T/G,1,1
11_66849251_G/A,0,0
7_76057480_C/A,0,0
9_77275559_A/G,0,0
X_47916206_T/C,0,0
5_80675038_T/C,0,0
13_23335863_A/G,0,0
4_102869090_G/A,0,0
9_131068163_G/A,0,0
20_63674044_G/T,0,0
15_88851810_T/C,0,0
16_30961473_G/A,0,0
2_98396155_G/T,1,1
X_154984791_T/G,1,1
10_79292298_C/T,1,1
13_32336951_G/T,1,1
1_21880779_G/A,0,0
13_112068036_C/T,0,0
14_24259727_C/A,1,1
2_71124445_G/A,1,1
21_43065675_C/T,1,1
2_73599448_T/C,0,0
7_44147747_C/A,1,1
15_61910255_C/T,0,0
9_136200746_C/A,0,0
2_47429941_G/T,1,1
12_114355805_A/G,0,0
3_48566681_A/G,0,0
15_88849437_G/C,1,1
2_178565564_A/T,1,1
10_65920540_G/A,0,0
8_99809482_T/C,0,0
2_32136915_G/A,1,1
18_57731754_A/G,0,0
4_105237144_C/T,1,1
7_140781607_T/C,0,0
18_46593761_C/A,1,1
10_92645644_T/C,1,1
2_144389918_A/G,1,1
10_75164673_A/T,1,0
X_37728007_T/C,1,1
9_108896646_T/C,1,1
6_142769849_T/A,0,0
3_10142104_C/G,1,1
10_86921562_C/T,0,0
2_71513889_A/G,1,1
5_74720732_G/A,1,1
10_98434070_C/A,0,0
6_42194650_A/G,0,0
1_45329423_G/A,0,0
15_48508627_A/G,1,1
3_46898434_G/A,0,0
3_47410597_G/C,0,0
2_21013521_G/C,0,0
20_10640810_G/A,1,1
6_112139874_G/A,0,0
6_43046879_C/T,1,1
2_39022774_T/A,1,1
16_2079059_C/T,0,0
2_168930694_G/A,1,1
5_56856682_C/G,1,1
3_149158780_C/A,1,1
17_50626361_C/T,0,0
16_1474833_C/A,1,1
12_132643925_G/C,1,1
X_119871956_C/T,0,0
X_154030514_G/C,0,0
1_91992306_G/A,0,0
15_89268510_C/T,0,0
17_6461523_G/A,0,0
13_32394687_A/G,1,1
12_120989029_C/T,1,1
16_89270854_C/T,1,1
21_14965402_T/A,1,1
19_38204142_G/C,0,0
X_154535301_A/G,1,1
1_23846105_A/C,1,1
14_23433538_A/C,1,1
18_2770109_G/C,1,1
10_98435337_C/A,0,0
11_32435046_C/A,0,0
8_90017131_G/A,0,1
13_20036911_C/T,1,1
5_177211490_C/T,1,1
18_11881030_C/G,1,1
9_128578234_C/T,1,1
15_48596319_A/G,1,1
19_15189021_C/T,1,1
14_62950301_G/A,0,0
6_31669108_C/G,1,1
X_38367294_T/C,0,0
11_89178699_A/G,1,1
2_165100409_G/A,0,0
17_39463037_A/G,0,0
10_68174636_G/A,0,0
1_94078607_G/A,1,1
7_152148144_G/A,1,0
14_104945005_G/T,0,0
3_149167210_T/G,1,1
2_151656263_G/A,1,1
9_136509860_C/A,1,1
5_132370059_C/A,0,0
16_56879224_C/A,1,1
16_28932961_C/T,0,0
15_32798878_A/G,0,0
14_68882547_G/A,1,1
22_50222580_G/A,0,0
17_28535098_T/A,0,0
1_197477672_T/C,0,0
19_18066684_C/A,0,0
X_111757653_A/G,0,0
3_120646302_C/A,1,1
6_136825251_T/A,0,0
3_180661868_T/C,1,0
15_43253547_G/A,1,1
3_38605960_T/C,0,0
16_28902223_G/T,0,0
1_173831590_C/A,1,0
7_85022575_G/A,0,0
X_108694817_T/C,1,1
2_169018124_A/G,1,1
19_2434077_G/A,0,1
X_71140758_A/G,0,0
2_71600794_G/A,0,0
18_51078285_G/C,1,1
6_31968506_C/T,1,1
9_127682519_A/C,1,1
1_160121011_G/A,1,1
16_98270_C/A,1,1
12_57568993_C/G,1,1
16_88715960_G/A,1,1
3_184138211_T/C,0,0
9_35090671_A/G,0,0
11_1753881_C/T,0,0
16_3254281_G/A,0,0
18_45946714_G/A,0,0
16_89765034_C/T,0,0
16_67164867_C/A,1,1
7_94412094_C/T,0,0
12_32878048_G/A,1,1
3_24122984_C/T,1,1
17_31337547_G/T,1,1
12_132664426_G/C,0,0
4_52028808_G/C,1,1
17_11821936_C/T,0,0
12_6531078_T/C,1,1
21_44901527_C/T,1,1
2_31580718_G/A,0,0
15_84839742_C/T,1,1
15_89293020_T/C,1,0
6_78963185_A/C,1,1
17_8075636_T/G,1,1
14_77512305_C/G,0,0
X_74421962_T/C,1,1
8_142879036_A/G,0,0
18_62045889_T/C,0,0
2_88583431_G/A,1,1
7_21687393_T/C,0,0
10_47325761_G/A,1,0
15_48526223_A/G,1,1
2_5693232_A/T,1,1
2_227008120_G/A,0,0
9_6610334_G/A,1,1
8_118110833_C/T,0,0
17_80287950_C/A,0,0
21_18294445_C/T,1,1
2_178548460_G/A,1,1
1_216175388_A/G,0,0
5_90685996_G/A,1,1
1_150804075_A/C,1,1
8_31083698_G/A,1,1
15_33865184_C/T,0,0
11_103179151_A/G,1,1
8_99861901_G/T,1,1
9_127843092_A/C,1,1
15_82662884_C/T,0,0
17_18145929_A/T,1,1
7_259893_C/T,0,0
X_70033440_T/G,1,1
5_150256814_A/G,1,1
6_73482184_C/T,1,1
8_60741437_C/A,1,0
3_48569410_C/G,1,1
13_25837250_A/T,1,1
9_35740339_C/A,1,1
6_7583100_A/C,0,0
5_37020649_C/T,1,0
19_10718290_G/A,0,0
2_73385958_A/C,0,0
9_108908385_G/A,0,0
5_149868111_C/T,1,1
13_32336810_C/T,1,1
19_18787567_G/A,0,0
18_58611765_C/T,0,0
5_179833198_G/C,0,0
8_43147012_A/G,0,0
20_50892484_C/A,1,1
12_110642267_C/T,0,0
13_20189305_T/G,1,1
2_222220319_G/A,1,1
2_24729704_T/G,0,0
17_37739628_C/T,1,1
22_41436421_C/T,0,0
1_201060811_T/C,0,0
2_1436355_C/A,1,1
16_89784950_G/A,0,0
X_153870938_G/A,0,0
2_26466723_A/T,1,1
X_153726144_T/C,1,1
16_2102075_C/T,1,1
3_120644437_T/C,1,1
X_108602982_G/T,1,1
5_136060907_A/G,1,1
4_83462622_T/C,0,0
2_178543938_A/T,1,1
4_183697569_G/T,1,1
11_65885181_G/A,1,1
17_8003851_G/T,1,1
4_53481779_C/T,0,0
1_47416834_C/T,0,0
20_63439689_C/T,1,1
X_68111891_G/A,1,1
4_6301756_C/G,1,1
2_74378198_C/T,0,0
17_61685915_A/G,0,0
1_220195366_T/C,0,0
1_235810334_G/A,1,1
20_34942930_C/G,1,1
3_138946141_G/C,1,1
1_150806801_C/T,1,1
15_82709680_T/C,0,0
7_107690200_G/A,1,1
7_105470849_C/T,1,1
19_17339163_A/G,0,0
1_247425396_C/T,0,0
14_94379566_A/G,0,0
2_178632239_G/T,1,1
16_2081799_G/C,1,1
9_132906077_C/A,1,1
13_99238485_C/T,0,0
1_215629031_A/C,1,1
8_56074124_C/T,0,0
7_107786883_G/T,1,1
15_48460245_C/G,1,1
11_108307971_A/T,1,1
15_42727725_G/A,1,1
11_68933869_T/C,1,1
1_31732532_C/A,0,0
2_32116177_C/T,1,1
7_117614620_A/C,0,0
8_99642432_C/T,1,1
2_219490491_G/T,1,1
22_25768446_C/T,0,0
X_153770584_A/G,0,0
2_25742071_G/A,0,0
1_181757021_G/C,0,0
2_178537841_G/T,1,1
5_112775738_G/T,1,1
8_18061460_T/C,1,1
11_68936848_C/T,1,1
4_127933035_G/A,0,0
11_2585257_A/G,1,1
8_132908198_G/A,1,1
13_102862947_G/A,0,0
X_137567667_A/T,1,1
15_89314663_G/T,1,1
3_37050627_C/G,1,1
7_99185079_G/A,0,0
17_4899512_G/A,1,1
20_44414617_G/C,1,1
2_227059405_C/G,1,1
19_7526552_C/T,0,0
13_32370400_A/C,1,1
3_93886504_C/T,1,1
12_109521150_C/T,0,0
17_75830026_A/G,1,1
7_44145517_G/C,0,0
4_8601463_C/T,0,0
1_99881549_G/T,0,0
19_45770541_C/A,0,0
5_13716680_C/T,1,1
7_107694402_G/C,1,1
8_99102993_A/T,0,0
2_165911433_A/G,0,0
3_119414485_T/C,0,0
17_74289606_A/G,0,0
6_80169032_T/C,1,1
1_150081991_C/T,0,0
16_89508503_G/A,1,1
1_94055207_C/A,1,1
2_29694926_G/A,0,0
10_99956663_G/A,1,1
9_127481229_T/G,1,1
20_49254578_G/C,1,1
9_84001443_C/T,0,0
11_118141320_G/A,0,0
8_47972887_T/C,0,0
19_12897322_C/T,0,0
10_52054510_T/C,0,0
7_770484_A/T,0,0
16_3745298_T/A,0,0
5_177394029_C/A,1,1
17_63971161_C/A,1,1
2_44766438_G/A,0,0
14_96392208_G/A,0,0
X_71224222_C/T,1,1
7_150974860_C/T,1,1
2_166286410_T/A,1,1
4_41746269_T/C,0,0
16_56882446_T/C,1,1
8_89970405_A/T,1,1
22_29048432_G/A,1,1
6_63864250_T/G,0,0
6_65295945_G/T,1,1
15_45068215_A/G,0,0
14_67113017_G/A,1,1
14_36874978_G/A,0,1
22_20747671_G/T,1,1
1_93997943_G/A,1,1
5_132210348_A/G,0,0
1_228317502_C/T,0,0
2_178541440_C/T,1,1
2_216447023_C/T,0,0
5_122403846_G/A,0,0
19_11116125_G/T,1,1
11_77182126_T/C,1,1
11_17772066_G/A,0,0
4_169556075_T/A,0,0
12_13567193_G/T,1,1
6_56619867_A/G,0,0
11_95835417_G/C,0,0
11_67996673_G/A,0,0
18_31354809_A/T,0,0
17_61793687_A/C,1,1
7_21702794_G/T,1,1
6_89761673_T/G,0,1
18_46533253_T/A,0,0
8_117837107_C/T,1,1
6_35459681_G/C,1,1
17_76540217_T/C,1,1
15_26561036_A/T,1,1
17_50194409_G/C,0,0
3_49829497_G/A,0,0
14_50269166_A/C,1,1
14_74290388_C/T,0,0
2_73573256_T/C,0,0
3_58430739_G/A,0,0
1_210919658_C/A,0,0
14_53152799_C/A,0,0
22_50626228_C/A,1,1
8_117835553_T/A,1,1
5_71604412_C/T,1,1
2_178557411_C/T,1,1
1_155236409_C/T,1,1
4_118752085_A/G,0,0
7_2583700_C/G,1,1
1_10654089_G/C,1,1
16_2046320_C/T,0,0
15_91007029_C/T,1,1
1_183227657_G/A,0,0
9_133651720_G/A,0,0
X_154535249_T/A,1,1
4_113353088_C/T,0,0
15_55205697_T/C,1,1
X_153875809_G/A,0,0
2_73453883_C/T,0,0
7_2524696_C/T,1,1
2_178723139_G/A,0,0
1_62128864_T/A,0,0
14_75980642_A/G,0,0
2_168995394_C/T,1,1
2_166278185_A/G,0,0
4_186271739_G/C,0,0
9_6605155_G/A,0,0
4_110618293_A/T,1,1
3_48580029_A/G,1,1
X_22226495_G/C,1,1
2_85861294_T/G,1,1
4_5708400_G/A,0,0
18_46593598_A/G,1,1
17_61685929_C/A,1,1
8_47962213_C/T,0,0
19_8083300_C/T,0,0
15_48463200_G/A,0,0
17_81100050_G/A,0,0
18_58341694_C/T,0,0
16_1772647_C/T,1,1
8_55999509_C/A,0,0
11_61364402_C/T,0,0
X_108655413_G/A,1,1
14_23428548_G/T,1,1
6_168664103_A/G,0,0
6_31667866_A/G,1,1
16_47260633_C/T,0,0
17_5000827_C/T,0,0
3_122283896_C/T,1,1
13_32340770_G/T,1,1
14_64801402_T/C,1,1
12_114355787_G/A,0,0
11_65540255_C/T,0,0
2_71665237_C/T,0,0
15_89321194_C/G,1,1
2_237360106_C/T,0,0
15_90085305_G/A,0,0
3_48884082_C/T,1,1
5_112840210_C/A,1,1
19_11012967_C/T,0,0
19_1912158_T/G,0,0
1_207141223_C/T,0,1
2_188990344_G/A,1,1
6_35297901_T/C,0,0
14_101994671_A/T,1,1
19_38921391_C/T,1,1
20_57562863_T/C,1,1
15_40183846_A/G,0,0
2_55643215_T/C,1,1
15_48428345_C/T,1,1
15_45108787_A/G,1,1
1_26697000_G/A,0,0
11_64754741_G/A,0,0
9_72789258_C/T,1,1
2_113182899_G/A,0,0
13_36872898_C/A,0,1
X_108582882_A/G,1,1
18_55228982_G/A,1,1
13_76953656_G/T,0,0
10_88935340_G/A,0,0
17_44006041_C/A,1,1
11_96384039_G/A,1,1
4_56931429_A/G,0,0
19_616057_G/C,0,0
17_5559321_G/T,0,0
15_51450261_G/A,0,0
8_102226036_T/C,1,1
10_88947380_T/C,1,1
13_32356426_A/G,1,1
11_108297286_G/C,1,1
5_71604375_C/A,1,1
12_49185464_T/C,1,1
5_70942813_G/A,1,1
7_47831261_G/A,0,0
22_36875829_C/T,0,0
19_32862483_G/A,0,0
20_63442426_C/G,1,1
2_208248388_C/A,1,1
14_102593126_C/T,0,0
3_197954024_C/T,0,0
15_48485425_A/T,1,1
8_19953421_G/A,1,1
8_132882978_C/T,1,1
1_160129361_G/A,0,0
X_153870934_G/A,1,1
2_151548406_T/A,1,1
11_77156018_C/T,1,1
2_151518317_C/T,1,1
18_10801430_T/C,1,1
1_241508643_C/G,1,1
10_76891585_A/G,0,0
5_74720519_G/A,1,1
11_88312395_G/A,1,1
21_44292992_G/C,1,1
2_70959053_A/T,1,1
3_52388184_G/T,0,0
14_91309930_C/T,0,0
2_178677244_A/C,0,0
3_193644046_A/C,1,1
8_23043220_G/A,0,0
16_89792517_C/T,1,1
20_62328976_C/T,1,0
19_46411632_C/T,0,0
22_33650652_A/T,0,0
11_6622286_A/C,0,0
2_88452161_C/A,0,0
19_46411698_G/C,0,0
6_33171805_G/A,1,1
8_54458346_C/G,1,0
17_7557251_C/T,0,0
4_54727830_C/A,0,0
19_32864654_C/T,0,0
9_123367240_C/T,1,1
12_4379421_C/G,1,1
11_34931402_A/G,1,1
2_47408511_G/T,1,1
2_178607399_A/T,1,1
9_135786274_C/T,0,0
21_42383168_C/T,1,1
17_17221559_C/T,0,0
16_29813338_C/A,1,1
10_80283916_C/T,1,1
5_148086518_G/A,0,0
4_109463447_T/C,0,1
7_93103776_T/C,0,0
X_103786493_G/A,1,1
11_64758253_C/T,1,1
7_97856689_C/A,1,1
16_2113293_C/A,1,1
8_6406685_G/C,0,0
X_32644225_G/T,1,1
1_171636092_T/A,1,1
X_133753629_G/T,1,1
9_135792138_A/G,0,1
9_98844185_C/G,0,0
5_112838594_C/A,1,1
3_149160280_G/T,1,1
14_102007057_G/A,0,0
1_943995_C/T,1,1
19_11113639_T/A,1,1
3_15641907_G/A,1,1
X_77620452_G/A,1,1
X_24533976_C/T,0,0
X_48792151_C/T,0,0
13_48307366_G/A,1,1
17_7910904_G/A,1,0
22_50227055_C/T,0,0
12_49039614_G/A,1,1
16_78109777_G/C,1,1
3_119517257_G/A,0,0
17_80116991_G/A,1,1
X_108601885_G/T,1,1
12_88077696_C/A,1,1
16_56882469_C/T,0,0
3_193638015_C/T,1,1
11_2168180_C/T,1,1
7_70790168_G/A,0,0
1_16991759_G/A,0,0
17_28400630_G/A,0,0
6_7541999_C/A,1,1
1_99891336_C/T,1,1
4_183708410_C/T,1,1
22_18919789_G/A,0,0
19_7554985_G/C,0,0
12_52679785_G/T,1,1
11_47333717_C/T,0,0
1_75728451_C/T,0,0
12_48133460_C/T,0,0
10_84201806_G/A,1,1
3_38575300_C/A,0,0
14_94382994_C/G,1,1
5_80864858_G/T,1,1
11_6391764_T/G,0,0
16_23424852_C/T,0,0
12_120993592_G/A,1,1
4_1002113_G/C,0,0
9_26905645_G/A,1,1
13_32379896_C/T,1,1
14_23424041_C/T,1,1
2_38075173_G/T,0,0
10_93612761_C/A,1,1
8_102651162_C/T,0,0
1_158615215_C/T,1,1
22_41166649_A/G,1,1
2_240785066_T/G,1,1
2_47801115_C/G,1,1
6_39934310_C/G,0,0
6_28245301_C/T,0,1
1_21563152_G/A,1,1
2_27380226_G/A,0,0
12_51701194_A/C,1,1
X_154366377_G/A,1,1
6_43037910_G/A,0,0
17_80367777_G/A,0,0
21_37493032_C/T,1,1
18_10471767_C/T,0,0
19_7542922_G/T,0,0
5_114362493_G/T,0,0
11_45934133_G/A,0,0
12_49049159_A/G,0,0
8_31142659_T/C,0,0
11_121605480_A/G,0,0
18_21403883_C/T,1,1
12_2669001_C/A,0,0
2_216478284_T/G,0,0
17_31358623_G/T,1,1
21_46219497_T/A,1,1
8_144475653_G/C,1,0
16_49638837_C/T,0,0
12_52450462_A/G,0,0
11_66059233_G/A,0,0
11_66510705_A/T,1,1
X_8570630_C/T,0,1
14_23424085_A/G,1,1
2_29251245_A/G,0,0
1_16990236_G/C,0,0
14_92011791_G/A,0,0
17_31201430_C/G,1,1
9_132912403_C/G,0,0
17_43082440_C/T,1,1
11_47350012_A/T,1,1
3_48576549_A/T,0,0
1_207479279_T/A,1,1
17_75960360_C/T,0,0
5_61332797_C/T,0,0
7_101159106_C/T,0,0
2_110123926_A/G,0,0
16_2496778_G/A,0,0
17_82938097_C/T,0,0
1_173853384_T/C,0,0
2_32143385_T/A,1,1
18_23548004_A/C,1,1
19_54940930_C/T,1,1
3_100377852_A/G,0,0
15_92979223_T/G,1,1
18_76441302_G/A,0,0
20_44311128_G/T,1,1
7_106872569_C/T,0,0
10_53938867_G/C,0,0
22_39664776_A/C,1,1
7_129015036_C/A,0,0
1_21860003_C/T,1,1
1_54887048_C/T,0,0
X_153743023_C/A,1,1
6_72622207_G/C,0,0
11_62138902_T/C,0,0
1_31059346_C/T,1,1
X_32644315_T/A,1,1
6_152281981_C/T,1,1
11_108254036_T/C,0,0
11_134204136_G/T,0,0
4_154744465_C/T,1,1
3_180619971_C/G,1,1
18_33738995_A/G,0,0
22_20996699_C/G,1,1
13_32332615_A/G,0,0
19_11243143_G/A,1,1
22_42213089_A/G,0,0
6_83182863_A/G,0,0
19_12885372_G/T,1,1
15_80173093_G/A,1,1
4_158706817_T/C,1,1
4_67946570_T/C,0,0
11_117439273_C/T,0,0
8_93755824_T/C,0,0
13_94286462_A/T,0,0
17_41755843_C/A,0,0
1_231251062_T/C,0,0
3_164991412_T/C,0,0
7_158922462_G/T,0,0
19_38082499_G/T,0,0
20_3231148_C/T,1,1
6_112216419_G/A,0,0
1_228337020_C/G,0,0
11_6623144_G/A,0,0
5_132609339_C/T,0,0
2_165090273_C/T,0,0
16_3026865_A/G,1,1
19_7645196_G/C,1,1
4_177431809_C/A,1,1
11_121160301_G/C,1,1
12_88089410_A/G,0,0
19_2431792_C/T,0,0
1_226965161_G/A,0,0
20_3857715_C/T,0,0
20_44413709_G/A,1,1
7_96191116_C/G,0,0
12_47985937_C/T,1,1
18_23536812_T/A,1,0
1_43340036_C/T,1,1
1_6469128_C/T,0,0
15_89629058_C/T,0,0
2_178577052_G/C,0,0
12_112185266_C/T,0,0
3_155142291_C/G,0,0
17_40097216_G/A,0,0
21_46246888_T/G,1,1
15_68208391_G/A,1,1
10_119676860_G/T,1,1
1_229432033_A/G,1,1
17_5559748_G/A,0,0
1_9715640_G/A,1,1
11_108267287_C/G,1,1
3_48587940_C/G,1,1
2_188996179_G/A,1,1
9_104802111_C/T,0,0
15_92971912_A/G,0,0
16_53557_G/A,0,0
4_108033175_G/A,1,1
19_38504879_C/G,0,0
7_152138869_G/A,0,0
2_218809755_G/A,1,1
5_161873226_G/A,1,1
10_43106501_G/A,0,0
9_91757291_G/A,0,0
12_102877475_T/C,1,1
12_31097884_G/C,1,1
16_89784856_G/A,1,1
1_115705191_C/A,1,1
15_48425368_C/T,1,1
17_31325819_G/C,1,1
7_103989279_C/T,0,0
6_152236207_C/A,1,1
16_23636043_G/T,1,1
22_17207289_C/T,0,0
15_36950396_G/A,1,1
8_20253493_G/A,0,0
1_22086455_C/T,0,0
16_66511983_C/G,0,0
16_88437736_C/T,0,0
20_3230932_C/T,1,1
16_2100286_G/A,1,1
1_244055129_G/A,1,1
1_61088371_C/T,1,1
19_38572212_T/C,1,1
1_153828333_T/C,0,0
5_90805421_T/C,0,0
1_102886832_T/C,0,0
3_112130512_G/A,0,0
21_32687062_T/C,0,0
17_3624182_A/T,0,0
11_66056952_C/T,1,1
15_84858237_A/T,1,1
19_49865288_C/A,1,1
10_3163835_A/G,0,0
10_71709180_A/G,0,0
4_1816867_C/T,0,0
10_84196626_C/T,0,0
6_43625413_G/A,1,1
2_199349082_C/T,0,0
11_72308576_G/C,1,1
13_110169727_C/T,1,1
7_107978046_C/A,1,1
11_108244108_C/T,1,1
11_68048980_C/T,0,0
9_2088539_C/T,1,1
16_57897507_G/A,0,0
14_64126633_G/A,0,0
3_10048021_A/G,0,0
2_71520905_G/A,1,1
19_757465_C/T,0,0
12_88111693_C/A,1,1
2_206770182_G/A,0,0
9_34648395_A/C,1,1
17_65530021_C/G,0,0
11_108327665_T/G,0,0
16_77289360_G/A,1,1
1_43448214_G/A,0,0
X_106839310_T/C,0,0
3_32146728_G/A,0,0
2_166199671_G/A,0,0
11_103243740_G/A,0,0
X_48689371_G/T,1,1
2_227056044_C/T,1,1
17_31356470_A/G,0,0
12_8093027_G/T,0,0
6_30921235_G/A,1,1
X_20209319_A/C,1,1
5_87331408_G/A,0,0
17_65538245_C/T,0,0
16_1501749_C/T,0,0
6_107881189_G/T,1,1
7_76358752_G/T,0,0
3_9442216_A/G,0,1
11_72293511_T/C,0,0
17_78993858_G/A,1,1
1_155026376_T/C,0,0
1_237707235_G/C,0,0
22_39670118_G/A,1,1
1_162775787_G/A,0,0
21_46254403_C/T,0,0
6_129260795_A/C,0,0
1_228340544_T/C,0,0
2_178531498_A/G,0,0
18_45870714_G/T,0,0
X_53382327_G/T,1,1
15_48741698_C/T,0,0
17_8079394_A/G,1,1
19_3057742_G/A,0,0
11_2884034_C/A,0,0
X_85911260_C/T,1,1
11_2847932_C/T,0,0
6_87256319_C/T,0,0
16_84017161_G/A,1,1
19_56441798_T/G,0,0
4_105276393_G/A,0,0
7_5729510_G/A,0,0
10_99232463_G/A,0,0
7_101156714_C/A,0,0
2_96762219_G/T,1,1
X_50080592_A/G,1,1
9_131026373_C/T,0,0
16_67431290_C/G,0,0
3_15521586_G/A,1,1
10_93612976_T/C,1,1
7_117592103_G/T,1,1
5_177251844_T/C,1,1
X_55015654_C/T,0,0
7_99011385_C/T,0,0
20_50892309_G/A,1,0
1_43340023_C/T,0,0
14_102044334_C/G,0,0
1_169485611_G/A,0,0
14_77302843_G/T,1,1
10_102504170_T/C,0,0
11_678745_G/A,1,1
16_27358967_C/G,0,0
19_39503058_G/C,1,1
8_22070187_G/A,0,0
11_47342158_T/G,1,1
14_21386098_T/C,0,1
19_853021_C/G,1,1
10_132785828_T/A,1,1
16_68738368_G/T,0,0
1_155300273_C/T,0,0
10_129867141_C/T,1,1
5_1294471_G/A,0,0
10_78000116_G/C,0,0
12_95049139_T/C,0,0
5_34004667_A/G,0,0
X_108655440_G/A,1,1
2_232543306_C/T,0,0
8_144515169_T/G,0,0
1_99874695_C/T,1,1
11_77179936_C/T,1,1
4_102657763_C/T,1,1
1_237792278_C/A,1,1
1_150799670_T/A,1,1
1_147908146_T/C,1,1
9_128333627_C/T,0,0
6_83174485_T/C,0,0
X_49880595_C/T,0,0
5_149038492_T/C,1,1
9_128608918_C/T,0,0
1_18874494_G/A,0,0
19_18786145_C/G,1,1
6_12293978_A/G,1,1
11_116821751_C/G,0,0
18_46489024_G/C,0,0
8_144512710_C/G,0,0
2_44338354_T/C,0,0
14_58450676_G/A,0,0
11_57606453_C/G,0,1
2_120978500_C/G,1,0
14_102407416_A/C,0,0
4_5731424_G/A,1,1
4_41748449_C/T,0,0
3_155138225_G/T,1,1
1_43339286_C/T,1,1
17_7673765_C/T,0,0
16_13928124_T/G,0,0
16_1853135_C/T,1,1
21_45989093_G/C,1,1
13_32339084_G/T,1,1
7_140776962_A/G,0,0
1_209622655_G/T,1,1
5_140807577_G/T,0,0
10_124398099_C/T,1,1
2_178733000_C/T,0,0
6_129147000_C/A,1,1
X_135719080_T/C,0,0
1_183236467_A/T,1,1
15_92967401_C/T,0,0
16_578843_G/A,0,0
19_11129608_C/T,1,1
7_155803548_G/A,0,0
4_158682425_G/T,1,1
17_70175470_G/A,1,1
13_36314270_C/A,0,0
12_6019344_G/A,0,0
2_227283783_T/C,0,0
14_35404605_C/A,1,1
4_103591510_G/A,0,0
2_210556860_G/A,1,1
14_23422272_C/T,0,0
7_82916187_T/C,0,0
3_37011819_G/C,1,1
13_32340889_T/C,0,0
13_32398160_A/T,1,1
11_31793555_T/A,1,1
11_67608479_G/A,1,1
X_149487066_T/G,1,1
12_120978826_G/A,1,1
12_68719616_C/T,0,0
3_45491612_A/G,0,0
17_50170160_G/A,0,0
16_89284565_G/A,0,0
7_39951139_G/A,0,0
X_154532392_A/T,1,1
4_158869220_C/T,0,0
12_2691057_G/A,0,1
1_169546545_C/T,0,0
6_38917271_G/A,0,0
13_38690389_A/G,0,0
19_10984374_G/T,1,1
X_101370018_C/T,1,1
8_116847572_A/C,0,0
3_4691227_C/G,1,1
18_47848682_G/A,1,1
15_48760236_G/A,1,1
19_3600200_C/T,0,0
8_99134702_G/A,1,1
17_7497691_G/A,0,0
7_44149759_C/A,1,1
15_48247017_G/A,1,1
20_3213983_A/T,1,1
17_82084289_G/A,0,0
8_96144989_C/T,0,0
18_55228894_A/G,1,1
11_44114224_C/G,1,1
2_61842124_G/A,0,0
3_123614273_G/A,0,0
12_21471635_T/G,0,0
1_8358231_T/A,1,1
11_64299369_T/C,0,0
11_86951169_A/G,0,0
11_644614_G/C,0,0
16_58010053_C/T,0,0
11_763500_T/C,0,0
10_102830771_G/A,0,0
X_101354696_T/C,1,1
19_32862144_G/A,0,0
12_21574302_A/G,0,0
4_5731652_C/A,1,1
12_98595434_G/A,0,0
1_171636000_G/T,1,1
17_50195651_G/A,0,0
16_1208134_A/T,0,0
9_304662_G/A,0,0
12_110340724_C/T,0,0
3_138946457_G/T,1,1
12_2651738_G/A,0,0
8_140450984_G/A,0,0
5_112815497_T/C,0,0
5_128335243_G/A,0,0
10_8064037_T/A,1,1
1_46193317_G/A,0,0
11_22625607_T/C,0,0
X_75069077_T/C,0,1
15_65877860_A/G,1,1
8_41934633_G/C,0,0
1_45508847_C/G,1,1
7_99392878_T/C,1,1
13_27273366_G/A,0,0
11_5226617_A/G,1,1
6_152201901_G/A,1,1
3_170467235_T/G,0,0
14_50130691_T/C,0,0
5_95498552_G/A,0,0
1_224189911_C/T,0,0
11_68937092_G/T,1,1
4_123028199_A/C,1,1
19_18787580_T/C,1,1
14_74239563_T/C,1,1
14_74552277_C/T,0,0
8_124539250_C/A,0,0
1_94021952_C/T,1,1
16_23626273_C/T,1,1
20_63444786_T/C,1,1
3_165069137_C/T,1,1
11_77204221_C/T,0,0
17_2665376_C/T,1,1
11_119092967_C/T,0,0
3_38575452_C/T,1,1
18_44952880_C/G,0,0
17_3659869_C/A,1,1
1_40078630_A/T,1,1
2_135798055_G/T,1,1
19_7119549_A/G,0,0
2_144398649_A/G,0,0
17_8073715_T/C,1,1
15_33660412_C/T,0,0
11_123645688_G/T,0,1
12_7207733_G/A,0,0
2_47800809_T/A,0,0
3_53179746_C/A,1,1
12_119785053_C/T,0,0
14_77288772_C/A,1,1
1_3411824_C/T,1,1
19_8085469_C/T,0,0
17_80369794_T/C,1,1
6_63720965_A/G,0,0
1_53211024_A/G,0,0
1_63428802_G/A,1,1
1_69760371_A/G,1,1
1_170965170_G/A,0,0
X_149483005_T/A,1,1
X_19358963_C/T,1,1
18_23556543_C/T,1,1
12_13567068_C/G,1,1
17_42536630_G/T,1,1
12_88071780_C/T,1,1
17_72122717_A/T,1,1
X_37809614_A/G,0,0
21_46206714_C/G,1,1
4_22435434_T/C,0,0
7_66087762_T/C,1,1
14_95105070_C/T,1,1
11_128916725_G/A,0,0
5_149977791_C/T,1,1
7_128877765_C/T,0,0
19_38584986_G/A,1,1
7_94410429_G/T,1,1
7_48310046_G/A,0,0
5_132209290_C/T,1,0
X_154765954_A/G,0,0
X_153867355_C/T,1,1
17_1653822_T/C,0,1
21_33582163_A/G,1,1
4_168511684_G/C,0,0
22_30615693_C/T,0,0
5_13919265_T/A,1,1
2_29275427_G/A,0,0
7_21658973_C/T,0,0
12_109808342_T/C,0,0
7_5528558_G/A,0,0
8_99391556_G/A,1,1
16_47594189_T/A,0,0
10_113876631_G/T,1,1
3_119390895_C/T,0,0
7_94409732_G/A,1,1
7_70781618_C/T,1,1
17_43071048_A/G,0,0
2_164700666_G/A,0,0
4_56910912_G/T,1,1
11_71444952_T/C,1,1
20_10652600_T/C,1,1
16_854646_G/A,0,0
X_71224220_C/A,1,1
3_179218304_A/C,1,1
12_49028008_C/T,1,1
3_14178527_G/A,0,0
15_61915967_G/A,0,0
6_157207176_G/A,1,1
3_8745594_C/A,1,1
1_94041379_G/T,1,1
22_46399716_C/G,1,1
9_97697271_A/G,0,0
17_7703444_A/G,0,0
6_64081950_G/C,0,0
17_31334944_T/C,0,0
8_142912625_C/T,0,0
X_100407043_G/A,1,1
13_23250718_G/A,1,1
3_11033725_C/A,1,1
X_108601938_G/T,1,1
3_122007079_G/A,0,0
16_2498262_T/C,0,0
12_111341815_G/A,0,0
11_112226517_G/A,1,1
11_46728004_T/C,1,1
9_132896652_G/A,0,0
17_7221542_C/T,1,1
9_137200411_C/A,1,1
11_77198496_C/A,0,0
6_31577157_C/T,1,0
16_88436227_C/T,0,0
6_33164419_G/A,0,0
6_51934319_C/T,1,1
3_48590817_C/T,1,1
16_30736616_C/T,1,1
6_52066066_C/T,1,1
1_228371749_G/A,0,0
2_188994551_G/A,1,1
22_49910479_A/C,1,1
15_80162282_C/A,1,1
19_38519258_C/T,1,1
9_6565368_C/A,1,1
4_55364193_C/T,1,1
7_128841246_C/G,1,1
4_1799426_G/A,0,0
17_78828991_G/A,0,0
22_20992226_G/T,1,1
16_3738559_C/T,1,1
12_13611833_C/T,1,1
12_13564328_G/A,0,0
4_88008219_G/C,0,0
7_21620030_A/C,0,0
17_7673826_A/T,1,1
8_144412594_C/G,1,0
3_48592828_G/A,1,1
3_189866711_C/T,1,1
1_43443788_C/T,0,0
5_14387839_C/T,0,0
X_31478129_G/A,1,1
3_25630925_G/A,0,0
7_94427718_A/G,1,1
18_2770040_T/G,1,1
16_68687657_G/A,0,0
1_152306725_G/A,1,1
8_144319066_G/T,0,0
12_103713728_G/A,0,0
4_71451254_C/T,0,0
17_17214983_A/G,1,1
11_72237670_C/G,0,0
5_150374288_C/T,1,1
2_71454034_C/T,0,0
17_82086304_G/A,0,0
2_181566098_G/A,0,0
2_15309249_T/C,1,1
2_178559605_A/G,0,0
15_89316456_A/G,0,0
12_110919145_A/G,1,1
15_52153939_C/A,1,1
19_13025435_G/T,1,1
16_8847800_G/C,1,1
16_5084761_A/C,0,0
5_13862748_C/A,1,1
X_154999479_C/T,1,1
15_48421657_G/T,1,1
10_33180085_C/T,0,0
1_12234302_C/G,0,0
18_10671730_G/C,1,1
22_29489383_C/T,0,0
20_63495056_C/T,1,1
11_68047974_T/A,1,1
2_110164731_C/G,1,1
11_36573995_C/T,1,1
11_108510827_C/T,0,0
19_11107403_G/T,1,1
7_152676071_A/G,0,0
19_55157077_G/A,0,0
14_67727149_C/T,1,1
11_112016758_C/T,0,0
1_158845751_A/G,0,0
12_12164549_A/G,0,0
12_98594000_C/T,0,0
14_100149482_C/T,0,0
16_23635268_C/T,0,0
2_130341666_C/T,1,1
7_44145510_T/C,1,1
16_67648473_G/T,0,0
8_89964438_G/T,1,1
7_117530925_C/T,0,0
2_11765604_G/A,0,0
14_105352467_G/A,0,0
16_50711300_C/A,0,0
1_241506080_C/T,1,1
X_153690373_A/G,1,1
X_83508559_C/T,1,1
22_40418581_C/T,0,0
10_80158000_G/C,0,0
17_50187518_C/T,1,1
16_70258161_C/A,0,0
3_42686767_G/C,0,0
5_58993452_A/G,1,1
5_16477736_G/C,1,1
2_219468983_T/C,0,0
16_2286813_G/T,0,0
2_178776425_T/C,0,0
19_10351070_G/C,0,0
11_108249104_T/A,1,1
2_26479300_G/T,1,1
13_40799259_C/T,0,0
9_95479149_T/C,1,1
15_51401616_G/A,0,0
15_82345385_C/T,0,0
7_107689054_T/G,1,1
X_38401408_G/C,1,1
X_153906352_G/A,0,0
8_31154756_G/A,1,1
11_47351366_G/T,1,1
12_132664046_C/T,0,0
4_54290510_C/T,0,0
X_74741665_G/T,1,1
9_35078252_C/T,0,0
18_70020642_C/G,0,0
9_77314578_T/A,1,1
5_138925318_C/T,1,1
4_101026003_T/C,0,0
3_165055252_C/T,1,1
17_1747124_G/A,0,0
2_43851597_C/G,0,0
11_57600335_T/C,1,1
2_88586017_G/A,1,1
20_33766891_C/G,0,0
5_45262342_G/C,0,1
21_33551314_T/C,0,0
17_17797664_G/A,0,0
1_237674121_G/A,0,0
17_61961683_G/A,1,1
4_39205726_G/A,1,1
7_21588529_A/C,0,0
1_158654738_G/T,0,1
8_144512390_A/G,1,1
1_94111579_C/T,1,1
13_100089226_G/T,1,1
10_53840330_C/A,1,1
8_71215414_C/A,1,1
6_137875710_A/G,0,0
7_21570101_G/A,0,0
9_136677047_C/T,1,1
5_148402395_T/C,0,0
12_76346797_A/C,0,0
5_13830161_A/T,0,0
X_71223796_T/A,1,1
1_209623839_C/A,1,1
2_74536119_G/A,0,0
X_123185875_C/T,0,0
1_46194879_C/T,1,1
17_37283307_G/A,0,0
11_64804691_G/A,0,0
6_31967723_G/A,0,0
17_58692715_G/T,0,0
7_75984787_C/T,0,0
22_26476991_A/G,1,1
7_97853304_C/T,1,1
16_89769836_C/G,1,1
4_5584837_A/T,1,1
2_151664609_C/G,1,1
X_153550236_C/T,0,0
3_14147338_G/A,0,0
22_25847537_G/T,0,0
16_3966507_G/A,0,0
14_23118903_C/G,0,0
11_2168566_G/A,1,1
11_22218279_C/T,1,1
9_117414513_C/A,0,0
21_30166277_G/A,0,0
11_77211331_G/C,1,1
12_115980879_T/C,0,0
19_54124498_G/A,1,1
16_89282605_G/A,1,1
7_117480097_G/A,1,1
19_13919817_G/C,1,1
2_127423405_G/C,1,1
7_103407998_T/C,0,0
16_88721553_G/A,0,0
12_2457636_C/T,0,0
12_32755639_C/A,1,1
2_47800278_C/A,1,1
5_148415938_A/G,0,0
10_70598250_C/T,1,1
5_42565945_G/T,1,1
10_67180497_G/C,0,0
2_28752133_C/T,0,0
6_32089277_G/A,1,1
14_67780307_C/T,1,1
5_149041451_C/G,0,0
19_42326366_A/G,0,0
7_142751984_G/A,0,0
12_6011759_G/A,0,0
2_39067653_T/A,0,1
1_21564095_C/T,1,1
3_129476679_A/T,1,1
16_2319717_G/A,1,1
15_89292747_C/G,0,0
2_235740968_A/C,0,0
10_80274535_G/A,1,1
3_51385357_G/A,1,1
X_22038539_T/A,1,1
1_201089454_G/A,0,1
12_32877986_G/A,0,0
10_71777711_A/C,1,1
16_2116896_C/A,1,1
17_6596230_G/A,0,0
7_143303827_C/T,0,0
2_162272337_G/A,0,0
21_34449383_G/A,0,0
3_47412331_G/A,0,0
16_2040004_G/A,1,1
6_64945848_T/A,1,1
11_819809_G/T,1,1
16_57456617_G/A,0,0
1_215647521_C/T,1,1
17_31336692_T/C,0,0
1_11795166_G/T,1,1
11_65546522_C/T,1,1
10_12118905_C/G,1,1
17_7673779_C/G,1,1
16_21277529_A/G,0,0
11_6622745_C/T,0,0
X_71127914_G/A,0,0
15_48526257_T/C,1,1
9_32550819_C/T,0,0
15_98707615_G/T,1,1
16_89814596_A/T,1,1
5_35700557_C/T,1,1
15_88851845_C/G,1,1
2_37141554_C/T,1,0
6_33673722_T/C,1,1
X_108677518_G/A,1,1
9_439334_C/T,0,0
X_25012967_A/T,1,1
4_78424422_T/A,1,1
7_102197301_A/G,0,0
16_16162992_C/T,1,1
11_77207301_G/T,1,1
11_6616363_C/T,1,1
22_38123217_C/T,1,1
2_73454069_T/C,1,1
8_72047159_G/A,0,1
9_114300658_C/T,1,1
14_95103344_A/G,1,1
9_128632320_C/A,1,1
13_32363342_C/T,1,1
19_38459240_C/T,0,0
10_19165736_T/G,0,0
1_230425791_G/T,1,1
14_24261838_G/T,1,1
5_149981069_G/C,0,0
4_657374_G/A,1,1
1_209622996_G/T,0,0
13_36335294_A/G,0,0
1_6472624_T/C,1,1
12_132661035_C/A,0,0
18_51054994_G/C,1,1
11_71437823_A/T,1,1
2_60553270_T/C,1,1
14_75622198_C/T,0,0
X_32454752_T/C,0,0
22_46356051_G/A,0,0
16_8813040_C/A,1,1
11_36593699_C/G,1,1
5_74718933_G/A,1,1
15_65624242_C/T,0,0
19_49909301_G/A,0,0
17_44254600_G/A,0,0
1_6445761_C/G,0,0
16_2116892_C/T,1,1
17_31182506_A/G,1,1
2_39007163_T/C,0,0
2_11804542_C/T,0,0
7_93105258_T/A,0,0
21_18315249_G/T,1,1
5_13891113_C/A,1,1
X_67711647_A/G,1,1
1_11130580_C/T,0,0
1_226736237_A/C,0,0
11_47341033_C/T,1,1
13_48342631_G/A,1,1
16_2933516_G/A,0,0
19_11111588_T/C,1,1
6_87256806_T/C,0,0
13_51937394_C/T,1,1
7_248363_C/T,0,0
1_94078589_C/A,1,1
15_48489963_A/G,0,0
16_30067598_G/A,0,0
9_97675559_C/T,0,0
7_151568750_G/T,1,1
17_50168468_C/G,0,0
6_123570921_A/T,1,1
2_227263848_G/C,1,1
1_45508301_T/C,0,0
X_71298508_G/T,1,1
19_40612150_A/G,0,0
X_108655430_G/A,1,1
20_46725934_T/C,0,0
16_31219376_C/T,0,1
10_54346364_C/A,1,1
12_120988879_C/T,1,1
4_41746307_G/C,1,0
19_39415005_C/A,0,0
7_44107886_C/A,0,0
11_47342745_C/G,1,1
16_71067318_C/A,1,1
1_215844294_C/A,1,1
13_110178963_A/G,0,0
12_115997216_G/A,1,1
16_4800525_C/G,0,0
1_160042308_A/C,1,1
9_133424480_T/C,1,1
1_27549679_G/A,0,1
9_98577941_C/T,0,0
2_1453824_G/A,1,1
16_88646774_G/A,1,1
15_72353739_T/C,1,1
11_108287610_T/G,1,1
21_44292310_G/A,1,1
18_55261535_T/C,1,1
3_78670302_C/A,1,1
10_74111932_G/A,0,0
X_43958641_C/A,0,1
16_2081737_G/A,0,0
11_95847808_G/T,1,1
2_71611558_C/T,1,1
16_2070571_G/A,1,1
1_44978420_T/A,0,0
12_2679494_C/G,0,0
2_218809667_C/T,1,1
3_81577982_T/A,1,1
6_152347167_C/T,0,0
2_201757690_G/A,0,0
9_97473572_T/A,0,0
5_62358210_A/G,0,0
19_43506859_G/A,0,0
16_3744958_A/G,0,0
3_185204613_T/A,0,1
22_49885387_A/G,0,0
16_89739277_G/A,0,0
1_119915632_G/A,1,1
X_111173028_G/C,0,0
14_24081434_G/T,1,1
22_20751757_T/C,1,1
3_38633181_G/A,1,1
1_230710747_C/T,1,1
19_6712595_G/A,0,0
11_47333985_C/T,0,0
8_143817454_C/T,1,1
19_2444424_C/T,0,0
19_50278244_G/A,0,0
17_31249110_T/A,1,1
16_2086240_G/C,1,1
14_69952261_C/T,1,1
11_117409616_A/G,1,1
20_32429412_C/A,0,0
17_75727696_C/T,1,1
6_44304512_G/A,1,1
10_119155086_A/C,0,0
1_94055176_T/G,1,1
12_114385501_G/A,0,0
19_11113286_G/A,1,1
12_102877538_G/T,1,1
4_662172_C/T,0,0
2_178578893_C/A,1,1
13_108208881_A/G,0,0
3_78670107_G/A,1,1
14_45196396_C/T,0,0
X_53554824_G/A,0,0
21_44899163_C/G,1,1
19_33391294_C/T,1,1
X_71109390_C/A,1,1
12_6592482_G/A,0,0
11_59151978_T/A,0,1
19_8305098_G/A,0,0
1_150497715_C/T,0,0
15_71813469_T/C,0,0
20_63680686_G/A,0,0
6_41342142_G/A,0,1
12_47992930_C/T,1,1
9_77280178_T/G,0,0
5_112837971_C/T,1,1
16_88438231_C/T,0,0
2_178618334_T/A,0,0
3_142513540_C/T,0,0
1_158678400_C/T,1,1
12_49024853_A/G,1,1
4_158708484_T/A,1,1
2_73450034_G/A,0,0
22_29286941_G/A,0,0
2_151518348_G/A,0,0
7_107663357_C/T,1,1
6_157206166_G/A,1,1
13_38690018_T/C,0,0
3_48580652_C/G,1,1
4_154606797_T/C,1,1
17_43093854_A/C,0,0
1_62555942_G/A,1,1
9_14307221_G/T,1,1
6_41909308_C/T,0,0
15_89320849_T/C,0,0
7_107663435_G/C,1,1
20_45891610_G/T,0,0
15_48460271_G/A,0,0
12_57212201_C/T,0,0
11_36593038_G/A,0,0
3_47849081_T/C,1,1
7_100824275_T/A,1,1
6_1610680_C/A,1,1
7_138861200_C/T,0,1
17_8014681_G/A,0,0
8_89971292_T/C,1,1
7_100812875_C/T,1,1
2_169273000_A/G,0,0
1_156134529_G/A,1,1
17_43092150_A/G,0,0
10_102834923_G/C,0,0
11_108248977_C/G,1,1
9_114237712_C/A,0,0
15_56096209_T/C,0,0
17_31258455_A/T,1,1
17_82925027_A/G,0,0
19_5783708_G/A,0,0
9_131039216_C/A,0,0
2_237360150_C/A,1,1
4_15557474_C/T,0,0
4_125319468_A/G,0,0
9_2718834_G/A,0,0
15_74892706_G/A,1,1
4_54290366_A/G,0,0
3_48587338_T/C,1,1
X_24741489_C/T,0,0
9_135702315_C/G,0,0
15_48267563_A/G,0,0
19_11116116_G/T,1,1
11_46704801_C/T,0,0
12_57766916_G/A,0,0
21_37496124_C/T,1,1
X_100822262_A/C,1,1
14_102498124_G/A,1,1
7_76329789_T/C,1,1
9_2718684_C/G,0,0
11_16817129_G/A,1,1
10_77977578_C/T,1,1
18_57550751_G/T,1,1
11_10031119_G/A,1,1
5_138827608_T/C,0,0
12_102852920_G/A,1,1
12_57581890_G/C,0,0
15_48415540_G/A,1,1
9_6553389_G/A,0,0
4_168924391_A/G,0,0
2_209904860_C/G,0,0
2_73408672_T/C,0,0
11_117430882_G/A,0,0
X_139548449_G/A,1,1
3_169100892_G/C,1,1
4_106095574_C/A,1,1
11_64804818_T/A,1,1
7_107961644_T/C,0,0
2_202552790_T/G,1,1
9_2652898_C/T,0,0
21_36936809_G/A,0,0
2_218782365_A/C,0,0
2_178588116_A/G,0,0
2_110144532_C/A,1,1
4_662188_C/T,1,1
2_208121728_C/T,1,1
19_4157021_C/T,0,0
6_78947674_G/A,0,0
17_61465916_T/A,1,1
1_75749552_G/C,1,1
13_102604822_T/C,0,0
4_102610612_T/A,1,1
X_32501782_G/A,1,1
12_7208655_A/T,0,0
1_167896632_C/T,0,0
1_2304041_G/T,0,0
8_28717415_C/T,0,0
15_48520677_A/G,1,1
22_42693585_A/G,0,0
17_58695082_C/T,0,0
22_41168508_C/T,1,1
16_2058870_C/A,1,1
6_35506101_G/A,1,1
6_32847960_T/A,1,1
11_67995732_C/G,0,0
3_9445180_A/G,0,0
15_40199727_G/T,1,1
12_132634331_C/T,0,0
11_1254201_T/G,0,0
2_219282052_G/T,1,1
11_17442884_T/G,1,1
10_102066861_C/T,1,1
16_57655398_G/A,1,1
2_15232512_C/A,1,1
15_48437813_C/A,1,1
9_340290_C/T,1,1
19_11116888_G/T,1,1
1_12004890_C/T,0,0
12_64716783_G/A,0,0
9_134805044_C/T,1,1
1_99877750_A/G,0,0
X_32389586_A/C,1,1
X_150657971_G/A,1,1
7_2002085_G/A,1,1
12_49026325_C/T,1,1
5_139021294_T/C,1,1
17_8235142_G/A,0,0
1_46196968_A/G,1,1
22_31838811_G/A,0,0
X_120431368_A/G,0,0
10_98425817_C/G,1,1
11_77162314_A/T,1,1
2_178573625_T/C,0,0
12_32869017_G/A,0,0
15_96334573_T/C,1,1
1_169485647_G/A,0,0
6_29112564_T/C,0,0
22_46352263_G/C,1,1
2_71553190_T/A,1,1
7_55155879_C/G,0,0
1_156864779_C/T,0,0
19_15189282_A/G,1,1
4_15533277_A/G,0,0
10_75022006_G/A,1,0
1_94036740_C/T,1,1
7_143346252_G/T,1,1
1_209634515_G/A,1,1
13_101192042_T/C,1,1
16_15747653_G/C,0,0
17_31995625_C/T,1,1
4_147486035_G/A,0,0
14_21400569_G/A,1,1
3_48581159_T/C,1,1
15_45106199_G/A,1,1
11_45916305_T/C,1,1
14_75641062_T/C,1,1
2_73452200_A/C,0,0
2_70963571_G/T,1,1
7_44153363_G/T,1,1
2_178776330_A/T,1,1
18_51047269_C/T,1,1
9_128583801_T/C,0,0
12_47989283_T/C,1,1
2_15942181_C/G,0,0
8_116852089_G/C,0,0
14_67807477_C/T,0,0
5_112842570_C/A,0,0
18_51047079_A/T,0,0
12_49038449_C/T,0,0
14_23420207_G/A,0,0
3_196660760_G/T,1,1
X_108680956_G/A,1,1
22_28734446_G/C,0,0
16_2106204_G/C,0,0
12_57564458_A/G,1,1
20_10284758_T/C,1,1
11_67611914_C/T,0,0
7_25123724_G/A,1,1
20_13782597_C/T,0,0
3_128879787_C/T,0,0
2_227295267_A/G,1,1
X_111744741_A/C,0,0
7_21779083_C/T,0,0
4_122947232_G/A,1,1
2_47800776_A/G,0,0
3_120633145_A/T,1,1
15_76311349_C/A,1,1
8_99642395_C/T,0,0
2_24840025_C/T,0,0
1_94121011_C/T,1,1
8_41940847_G/A,1,1
2_47799717_T/C,0,0
21_37486465_A/G,1,1
17_80212171_G/A,0,0
17_7676565_G/A,0,0
19_35848318_C/A,1,1
12_124957115_C/T,0,0
X_101353193_C/A,1,1
4_95123871_G/A,0,0
16_89742893_C/T,1,1
22_18173843_G/A,1,1
15_28272230_G/A,0,0
9_6620259_G/T,1,1
14_21385985_T/C,0,0
13_49549528_G/A,0,0
19_11116883_G/C,1,1
5_90777920_A/G,0,0
7_21558920_A/C,0,0
15_84857294_G/A,0,0
4_1001564_G/A,1,1
20_36209856_G/A,0,0
19_38455489_T/G,1,1
X_154031114_C/T,0,0
22_28725338_T/C,1,1
2_46361025_C/T,0,0
9_93289413_C/T,0,0
10_102833075_A/G,1,1
2_24834577_C/T,0,0
6_21594815_G/A,1,1
14_95091210_T/C,0,0
8_42436989_C/T,1,1
5_150118765_C/T,0,0
2_21005538_G/T,1,1
10_79306301_G/A,0,0
19_35851779_C/A,1,1
12_88092680_C/T,1,1
22_37725976_C/T,0,0
14_50591599_C/T,1,1
1_74369533_A/G,1,1
11_63409845_G/A,0,0
9_35744408_A/G,0,0
14_95124633_C/G,0,0
1_68438941_C/T,1,1
10_79304049_G/C,0,0
17_65537394_C/A,1,1
2_11249688_G/A,0,0
17_44008448_G/A,1,1
5_150364254_T/A,1,1
8_22123648_C/T,1,1
12_112486477_G/A,0,0
X_150645767_A/T,1,1
4_2830127_G/A,0,0
2_169175372_C/T,1,1
8_107347038_T/C,0,0
7_107701998_G/C,1,1
13_32394898_C/T,1,1
11_112086960_G/A,1,1
2_178564600_C/A,1,1
14_64415735_G/A,0,0
15_63062585_C/T,1,1
X_19353169_C/T,1,1
22_39243900_C/T,1,1
9_137139513_C/T,0,0
19_38515105_A/G,0,0
6_32040206_G/C,1,1
1_11801401_T/C,1,1
1_35113329_C/T,0,0
X_53234816_A/G,0,0
7_90271959_G/A,1,1
3_49532056_G/A,0,0
8_143924520_G/A,0,0
6_6248328_C/T,1,1
2_178757633_A/G,0,0
16_2102156_A/T,1,1
2_98608322_C/G,0,0
10_71807767_G/A,1,1
2_71570692_G/A,1,1
3_38755830_G/A,0,0
X_100406731_C/A,1,1
13_110462132_G/A,1,1
17_63959272_A/C,1,1
1_1049979_C/T,0,0
14_54845787_C/T,1,1
9_133433500_C/T,0,0
18_58535704_G/A,0,0
5_112840658_T/C,0,0
13_51935592_C/A,1,1
12_57044132_C/T,1,1
4_121811672_G/A,1,1
7_5987178_C/G,0,0
1_241508606_C/T,0,0
1_173914570_G/A,1,1
15_42410646_G/A,1,1
8_22192047_A/G,1,1
1_235777246_C/T,0,0
8_30846888_A/C,1,1
3_192335441_C/T,1,1
15_48468521_G/C,1,1
12_2909557_C/T,1,1
7_92510943_C/T,1,1
3_53122524_C/T,1,1
16_68823466_G/A,0,0
5_177269672_G/A,1,1
15_48495122_C/T,1,1
19_1218427_C/T,0,0
9_116698231_G/A,0,0
8_72034369_T/C,1,0
14_74551262_G/A,0,0
22_45729527_C/G,0,1
4_119186098_C/A,0,0
12_6019256_G/A,1,1
3_149162767_C/G,0,0
16_84170131_G/A,0,0
10_54664256_G/A,1,1
X_108187939_C/T,0,0
12_132675773_G/T,0,0
17_7223208_C/T,1,1
16_72797522_T/G,0,0
5_112839824_C/T,0,0
16_2117488_C/G,1,1
9_132342706_A/C,1,1
21_31659789_G/T,1,1
15_84840218_G/A,0,0
14_30878911_C/G,1,1
10_79298405_G/C,1,1
2_43934211_T/C,0,0
19_6361868_G/C,1,1
2_203868047_C/A,1,1
14_24151253_G/A,0,0
3_18352183_C/G,1,1
14_24255988_C/G,1,1
2_178564274_A/G,0,0
3_7461632_G/A,0,0
14_50591588_G/T,1,1
2_178776481_T/A,1,1
6_80168949_C/T,0,0
7_73341321_C/T,1,1
17_63483494_C/T,1,1
20_58909805_G/C,1,1
16_30188029_C/T,1,1
9_127819899_C/T,1,1
2_238347471_T/G,0,1
19_40849944_A/G,0,0
16_89282236_C/A,1,1
5_132603312_T/C,0,0
19_38457631_G/C,1,1
15_71813635_G/C,1,1
2_151537195_A/T,0,0
11_108295014_G/T,1,1
11_26537455_A/G,0,0
1_12002028_C/T,1,1
19_13307845_G/A,0,0
X_49231830_C/T,0,0
12_13616503_C/A,1,1
16_57660868_C/A,1,1
11_62705357_G/A,0,0
3_9447870_T/G,1,1
9_77307943_A/G,1,1
19_32353900_A/G,0,0
7_6005944_A/G,0,0
1_230685095_G/A,0,0
19_35721699_G/A,0,0
16_88731711_C/A,1,1
17_44255205_A/G,1,1
5_177388370_C/T,1,1
2_206308351_A/G,0,0
9_2115848_C/G,1,1
9_131067009_G/T,0,0
X_108586614_G/A,1,1
3_42176812_A/G,1,1
20_59301692_A/G,1,1
17_44070986_G/T,0,0
11_77093729_C/T,0,0
8_139885922_G/A,0,0
X_153905812_C/T,0,0
19_11252250_T/C,1,1
19_14097604_A/C,1,1
16_23406263_C/A,1,1
7_151040582_G/A,0,0
20_49374343_G/A,1,1
6_10529594_G/A,1,1
2_237360086_A/C,1,1
13_32394738_A/T,0,0
7_100823743_C/T,0,0
15_92953495_A/G,0,0
10_71739716_G/T,1,1
2_165924586_T/C,0,0
4_5685481_T/G,1,1
12_49185770_T/C,1,1
7_128401075_C/A,0,0
11_2768908_A/G,1,1
2_169238121_A/G,0,0
2_43875322_C/G,0,0
2_151666403_T/C,1,1
8_60849132_C/T,0,0
7_21717853_C/T,0,0
18_27992811_T/C,0,0
6_152367263_C/T,0,0
9_128539637_A/T,1,1
2_197487156_G/A,0,0
5_13824335_T/C,1,1
10_71707009_C/T,0,0
X_32809596_G/A,0,0
5_179345271_G/A,0,0
14_95130146_C/T,0,0
3_33016818_C/T,1,1
17_65534028_C/T,0,0
3_120641636_T/C,1,0
X_70033520_C/T,1,1
21_45497621_C/T,0,0
11_110264848_C/T,0,0
2_188994314_T/A,0,0
14_91294180_G/A,1,1
9_127661140_C/T,1,1
19_15188286_C/A,1,1
9_114478598_G/A,0,0
6_51847832_G/A,1,1
4_3493219_T/C,0,0
3_48594469_G/C,0,0
11_108271062_A/C,1,1
12_2115249_C/T,0,0
12_112450354_C/A,1,1
14_102039224_C/T,0,0
1_241508758_T/C,1,1
6_51659853_G/A,1,1
2_219236340_G/A,0,0
3_165067405_A/T,1,1
1_40818238_C/G,1,1
7_92076999_T/C,0,0
19_41984934_A/C,1,1
18_3581968_G/A,0,0
11_65557825_C/G,0,0
13_101073659_C/G,0,0
22_23833681_C/A,1,1
3_30691504_C/T,1,1
2_227244951_G/T,1,1
2_1666392_C/T,0,0
2_178570892_C/G,0,0
X_53413395_C/T,0,1
16_2116064_C/A,1,1
14_22812976_G/A,0,0
19_1221243_C/T,0,0
1_151133355_T/C,0,1
14_91297481_G/A,0,0
X_54309127_A/G,1,1
4_5756263_G/A,1,1
11_5226928_A/G,1,1
12_57232235_C/T,0,0
2_178531024_G/T,0,0
3_48459396_A/G,0,0
5_34953951_A/G,0,0
15_48496113_T/C,0,0
11_64804498_T/C,1,1
6_133462414_C/T,1,1
6_56463631_G/A,0,0
8_143728200_C/A,1,1
13_32340413_G/T,1,1
9_95482133_C/T,1,1
8_41981837_A/G,1,1
15_38511694_A/G,0,0
8_132184338_G/A,0,0
1_179551389_C/T,0,0
19_49692291_G/A,0,0
1_24157850_G/A,0,0
9_130466800_G/C,1,1
14_95116462_A/G,0,0
15_32730945_G/A,0,0
19_44973171_C/T,0,0
19_49861607_C/T,1,1
5_149028354_G/A,1,1
Y_2787278_A/G,1,1
1_119917705_A/T,1,1
12_49051286_A/G,0,0
15_48430701_G/A,1,1
19_38543621_G/T,0,0
12_120988849_G/T,1,1
6_7559391_G/A,0,0
1_45507454_C/T,0,0
X_154350940_C/G,0,0
12_109501480_C/T,1,1
1_68449896_G/A,1,1
12_65169902_G/A,0,0
14_74522866_G/A,0,0
1_203180641_C/T,0,0
22_50466219_C/T,0,0
2_178568840_C/T,0,0
12_57567515_G/A,1,1
8_6444871_G/A,0,0
12_32722509_C/T,0,0
3_177047515_T/C,1,1
19_41422715_C/T,1,1
8_86726551_G/T,0,0
1_220143003_G/A,1,1
10_77985961_G/A,1,1
12_132642220_G/A,0,0
18_31087781_A/T,1,1
20_64207986_G/C,1,0
11_20607653_G/A,1,1
21_46115909_G/A,1,1
1_202942139_G/A,0,0
17_11937501_G/T,0,0
15_89776550_G/T,1,1
8_99784313_A/C,1,1
10_79302109_C/T,0,0
19_40515398_C/T,0,0
1_235454155_C/G,1,1
8_143917260_G/A,0,0
15_48600236_T/G,1,1
5_56865424_A/G,0,0
15_65198995_G/A,0,1
9_14150267_T/C,1,1
5_78885784_A/G,0,0
10_71793610_G/T,1,1
10_102630140_C/T,0,0
11_124029817_G/C,0,0
4_145646043_A/G,1,1
12_45403153_C/A,1,1
20_63442459_T/G,1,1
16_3769205_G/A,0,0
22_46534236_G/A,1,1
11_9816981_A/C,0,0
1_21872282_G/C,0,0
14_50595576_C/T,1,1
16_2062544_C/T,0,0
10_49472948_G/A,0,0
5_80654826_C/T,0,0
2_27233408_C/T,1,1
1_155904499_C/G,1,1
7_150950422_T/C,1,1
21_46119101_C/T,0,0
X_136659139_T/A,1,1
13_20189406_C/T,1,1
14_74508083_C/A,0,1
X_41148460_C/T,1,1
17_28737437_C/T,0,0
4_54707195_C/G,0,0
2_227088733_C/A,1,1
11_26598387_G/T,1,1
12_89467677_G/T,0,0
16_89799620_G/A,1,1
4_120818432_G/A,1,1
9_132905819_T/A,1,1
7_66088866_C/T,1,1
1_11838576_G/A,0,0
15_84840030_C/T,1,1
5_74696740_G/C,1,1
9_77366793_C/T,0,0
5_126559274_G/C,1,1
16_89749730_C/A,1,1
14_104948786_A/G,0,0
2_214809564_C/A,0,0
10_67539626_G/A,0,0
7_107672137_G/A,1,1
17_18145876_T/C,1,1
17_8087442_T/C,1,1
2_25282607_C/T,0,0
15_89323460_C/G,1,1
9_94319019_C/T,0,0
12_121847089_T/C,1,1
3_69951846_A/G,0,0
X_53433829_G/C,1,1
15_74897102_C/T,0,0
20_34291497_C/T,0,0
13_32338238_C/T,1,1
1_147908092_G/A,1,1
2_237352537_G/C,0,0
14_58487963_A/C,0,0
4_83426090_A/G,0,0
8_10611975_G/T,1,1
X_134475285_A/T,1,1
3_39407707_C/T,0,0
12_47983420_C/A,1,1
6_131872102_G/T,1,1
12_48918331_G/A,0,0
X_72605331_G/A,1,1
1_10321815_C/T,0,0
10_60071788_A/G,0,0
2_205794872_C/A,0,0
15_90749775_T/C,0,0
3_184143482_C/T,0,0
2_239066809_C/A,0,0
18_21513885_G/A,0,0
X_37805129_C/G,1,1
2_215376643_T/A,0,0
19_18162203_G/A,0,0
4_139361829_C/T,1,1
2_215349586_T/C,0,0
2_232024331_G/A,1,1
19_11033519_T/C,1,1
1_6094458_G/A,0,0
X_14859300_A/G,1,1
3_78717880_G/A,1,1
15_100261556_C/G,0,0
16_88430377_G/A,0,0
6_36294375_C/T,0,0
X_31146412_G/T,0,0
14_23384982_C/T,0,0
13_48342715_G/A,1,1
17_63606346_C/T,1,1
3_38926819_T/A,0,0
15_48485463_C/A,1,1
3_38599030_T/C,0,0
16_2286726_G/A,0,0
11_17395187_G/A,0,0
2_196847946_C/G,1,1
9_137161374_G/A,0,0
9_72700528_G/T,1,1
5_154896303_C/T,0,0
9_35740942_C/A,0,0
16_31191030_C/T,0,0
3_58143614_G/A,1,1
15_90809219_G/C,0,0
14_24240615_G/C,1,1
1_215782805_C/T,0,0
7_44145496_C/T,1,1
1_152305291_G/A,1,1
4_1213482_G/A,0,0
15_42730706_G/T,1,0
19_7467306_G/C,0,0
1_21573782_T/G,1,1
17_31349251_G/A,1,1
17_31229388_T/C,0,0
4_121036716_C/T,0,0
19_7554664_C/T,1,1
16_13930803_C/T,1,1
7_37909681_C/T,1,1
12_57511722_T/C,0,0
11_95838093_C/T,1,1
2_111994382_G/A,0,0
4_101108957_A/G,0,0
7_117531083_G/T,1,1
1_27551646_G/A,0,0
1_209627394_G/A,1,1
2_151545945_C/T,0,0
6_75950561_C/A,1,1
12_40243599_T/C,0,0
5_177238273_C/T,1,1
1_169529783_G/A,0,0
11_66848959_C/T,0,0
16_30713687_A/G,0,0
5_112775739_T/A,1,1
21_45468600_C/T,0,0
20_3230221_C/A,0,0
22_29125411_T/C,1,1
2_214986673_G/T,0,0
1_161306737_G/C,1,1
15_98911385_G/A,0,0
2_151723399_G/A,1,1
17_31259069_A/C,1,1
2_178776692_G/T,1,1
5_78969049_C/A,0,0
14_24099590_G/A,0,0
11_2583433_A/G,1,1
19_7558864_A/T,1,1
11_72317152_C/T,0,0
X_32463439_C/T,1,0
15_51236924_G/A,0,0
17_50191853_G/A,1,1
21_42762083_G/T,0,0
10_17068279_T/C,0,0
18_58580071_C/T,0,0
17_75960273_G/A,0,0
15_45112684_G/A,0,0
16_8806385_A/T,1,1
6_152441144_G/A,0,0
2_227057492_C/T,1,1
8_31124618_G/A,0,0
6_152471667_G/C,1,1
X_154861762_C/T,1,1
10_73252016_G/A,0,0
2_21033514_A/G,0,0
4_150282482_G/A,1,1
5_110761338_T/C,0,0
15_28081838_C/T,0,1
1_158849213_G/A,0,0
1_186001305_A/G,0,0
8_142912529_C/G,1,1
3_100316188_G/C,1,1
1_7746088_C/A,1,1
19_18072116_G/A,0,0
5_149028041_T/C,1,1
16_2519725_C/T,1,1
2_165381140_C/G,1,1
2_47799838_G/T,1,1
20_10640842_G/T,1,1
1_160041452_A/G,0,0
1_244863788_G/A,1,1
2_178601900_G/A,0,0
X_71108278_G/T,1,1
2_55308972_T/C,0,0
4_121835245_T/C,0,0
8_63086009_G/A,1,1
12_1801627_C/A,0,0
3_128902573_C/T,0,0
12_102843750_G/C,0,0
8_37766296_C/T,1,1
19_18785987_G/T,1,1
11_6619382_A/T,1,1
2_178527509_C/A,1,1
2_227266509_G/T,1,1
5_112837773_A/C,0,0
7_116700119_G/A,0,0
1_1523838_G/T,1,1
1_1046929_G/A,0,0
5_95536927_T/C,1,1
X_139561913_G/C,1,1
8_25377406_A/G,0,0
4_84733562_G/T,0,0
9_132921882_G/T,0,0
6_135427225_A/G,0,0
2_1484843_T/G,1,1
5_119506855_A/T,0,0
10_71819623_C/G,1,1
9_13186291_G/C,0,0
17_31223532_T/C,0,0
11_36592708_A/C,0,0
2_178533793_A/G,0,0
11_125635460_T/C,0,0
16_21687449_C/T,1,1
15_48425771_T/C,1,1
12_51699665_A/C,1,1
1_25543722_G/A,0,0
13_100330559_A/T,1,1
3_146073326_A/G,0,0
2_165388937_A/G,1,1
13_32339489_G/T,1,1
2_178614935_C/T,1,1
9_126690928_G/T,1,1
15_89317400_C/T,1,1
2_178552677_G/A,1,1
6_51906267_C/A,0,0
2_26483488_C/A,1,1
2_178535729_C/T,1,1
2_26209891_T/C,1,1
19_6361932_A/T,1,1
2_176093460_A/T,0,0
14_23431639_A/G,0,0
2_178560622_C/A,1,1
17_75765107_C/A,0,0
2_215019335_C/T,1,1
2_178562787_G/C,1,1
7_128844870_T/C,0,0
12_120996261_G/C,1,1
1_63371031_A/G,0,0
2_216447159_G/A,1,1
1_46189540_G/T,1,1
11_117430747_C/T,0,0
16_55485372_T/C,0,0
6_52042958_T/A,1,1
12_52519086_A/G,0,0
6_131581249_C/G,0,0
11_89191214_C/T,1,1
2_238349364_C/A,0,0
X_150614696_T/C,0,0
X_49075567_T/C,0,0
11_64805153_C/G,1,1
1_236686691_C/A,0,0
22_17108347_G/A,0,0
2_175937343_C/G,1,1
7_150947639_C/T,0,1
2_227254151_G/A,0,0
15_57273247_G/T,1,1
1_237806250_C/G,0,0
6_49457718_A/G,0,0
2_218812559_C/T,0,0
9_132327520_T/G,0,0
X_78029335_C/T,1,0
2_96277602_C/T,0,0
11_6169423_G/A,0,1
X_80692995_G/A,1,1
16_70466880_A/G,1,1
16_89550546_G/A,0,0
13_76995229_G/A,1,1
7_117592622_G/T,1,1
2_98391958_C/T,1,1
8_67086021_T/C,0,0
14_24255470_G/A,0,0
3_49132135_T/C,1,1
10_28590718_A/G,1,1
6_52025652_T/G,0,0
11_66688239_C/A,1,1
X_21754245_C/A,1,1
16_56502407_G/A,0,0
18_36251285_T/C,1,1
X_101362241_C/T,1,1
1_43448416_C/T,0,0
17_8044834_G/A,0,0
11_2572055_C/A,1,1
9_136434823_A/G,0,0
10_47325604_G/A,0,0
7_65979499_A/G,0,0
10_5001531_T/C,1,0
17_44005044_C/T,0,0
X_18604314_C/T,1,1
2_97732892_G/C,0,0
2_178531111_C/G,0,0
1_94044630_G/A,0,0
2_27235251_C/T,1,1
5_90777999_C/T,0,0
15_89263930_G/A,0,0
5_72195741_G/A,0,0
9_32989840_T/G,0,0
16_21753113_G/T,1,1
11_73311644_G/A,0,0
12_48141829_T/A,1,1
19_18786019_C/G,1,1
15_48415558_C/A,1,1
12_49037392_G/A,1,1
9_35076566_G/T,1,1
9_74642816_G/A,1,1
7_23143934_G/A,0,0
2_219284717_G/A,0,0
11_103177555_G/A,1,1
16_2060768_G/A,1,1
12_131916513_C/T,0,0
10_71790406_C/T,0,0
11_57598295_A/C,0,1
2_165307846_A/G,1,1
6_155130034_G/A,0,0
11_112094808_C/A,0,1
18_2707806_G/A,1,1
1_1044215_G/A,0,0
4_5625899_G/T,1,1
5_126550294_C/G,1,1
2_47800407_T/A,0,0
12_896214_G/T,0,0
17_31156060_T/C,0,0
14_64141957_T/C,0,0
11_134176350_G/A,1,1
17_76626389_C/T,0,0
16_23634871_G/A,1,1
X_154533044_C/T,1,1
14_23419288_C/G,0,0
3_10342948_G/A,0,0
11_64754756_G/A,0,0
15_26580421_G/A,1,1
6_152269227_G/C,0,0
14_102012435_T/C,0,0
2_74461701_G/A,0,0
16_655080_G/A,0,0
17_42686969_T/C,1,1
21_43426088_G/C,0,0
12_47976540_C/G,1,1
6_105159820_C/T,1,1
6_135453354_C/T,1,1
1_63406390_T/A,0,0
X_32614368_T/A,1,1
2_71590260_G/A,0,0
X_32565829_G/C,1,1
22_41172511_C/T,1,1
17_47274457_C/T,1,1
5_112767391_G/A,1,1
17_75953467_A/G,1,1
5_74715632_G/T,1,1
12_56004841_G/A,0,0
X_123886019_C/G,0,0
21_46256908_G/A,0,0
X_100407680_G/C,1,1
9_127818834_T/C,1,1
15_51576110_A/T,0,0
22_20052511_C/T,0,0
12_110641151_T/C,1,1
9_136438673_G/C,0,0
2_190999647_A/G,1,0
X_53412127_C/T,0,0
5_112839836_A/G,0,0
X_71224185_T/C,1,1
16_56336757_C/T,1,1
10_31524004_G/A,0,0
X_9746079_G/T,1,1
16_2110646_C/T,1,1
10_27907681_T/G,0,0
11_89191378_G/A,1,1
13_110512038_C/T,0,0
3_177047498_A/G,1,1
12_47974797_C/A,1,1
3_142524023_A/T,0,0
5_149012634_G/A,1,1
17_37744653_C/A,1,1
12_20616336_G/A,0,1
5_126583993_C/T,1,1
2_32136611_G/T,1,1
1_19156920_G/A,0,0
12_6019474_C/T,1,1
9_132264607_A/T,0,0
8_140450945_C/T,0,0
11_89191419_G/A,1,1
3_179218305_G/T,1,1
6_112069485_T/C,0,0
2_178770093_G/A,1,1
1_12142498_A/C,0,1
6_111310090_C/T,0,0
19_41341951_C/T,0,0
X_19588741_T/C,0,0
17_47945963_C/T,1,1
12_88111717_G/A,1,1
1_237707057_A/G,1,1
13_23354578_G/A,0,0
X_24575238_A/G,0,0
1_224433832_C/A,0,1
6_152230594_G/A,1,1
X_100406450_C/T,1,1
14_102434851_C/T,0,0
12_49049983_G/C,0,1
2_165373331_G/C,1,1
1_241508722_G/A,0,0
X_41134822_G/T,1,1
2_209937610_C/T,1,1
3_9473269_G/T,1,1
7_40189543_G/C,1,1
3_78614684_G/A,1,1
12_47987295_C/T,1,1
5_131165176_G/T,0,0
16_2281455_C/T,1,1
1_186048772_T/C,0,0
2_240783105_C/A,1,1
17_31330457_T/A,1,1
2_31529398_C/T,1,1
16_23630420_A/G,0,0
6_1611483_C/G,0,0
5_41739432_C/T,0,0
4_186273154_A/G,1,1
13_110209409_C/G,1,1
19_11111583_G/A,1,1
20_34291428_G/A,0,0
1_21828885_G/A,0,0
12_88064064_T/A,1,1
19_50323694_C/T,1,1
1_23797139_G/A,0,0
13_32336268_T/G,1,1
11_47351296_A/T,1,0
1_241517297_C/G,1,1
17_42466508_G/A,1,1
11_118436815_A/G,0,0
12_51765937_G/T,1,1
4_182799856_G/A,0,0
4_16038944_A/G,1,1
2_240720973_G/A,0,0
8_47888611_G/A,0,0
14_23321562_C/G,0,0
12_132673583_G/A,1,1
20_19975450_C/A,0,0
3_169115610_C/T,0,0
9_6534778_T/C,1,1
7_76611572_G/A,0,0
2_178622729_G/A,1,1
17_44862778_G/T,1,1
7_22978449_C/A,1,1
2_3575685_G/A,1,1
2_188990126_G/A,1,1
17_6999456_A/G,0,0
11_113779963_T/C,0,0
11_118504857_G/A,0,1
17_7557263_G/T,0,0
18_58537190_A/C,0,0
1_10360980_T/G,0,0
2_233331683_C/G,1,1
1_216078111_A/T,1,1
11_118472981_C/T,1,1
4_3489676_G/C,1,1
19_50402517_C/A,0,0
12_80328738_C/T,1,1
1_183556139_T/C,0,0
14_64795525_G/A,1,1
20_45001165_A/G,1,1
21_46145471_C/T,0,0
7_93102753_G/A,0,0
10_8064051_C/T,0,0
1_160042042_G/A,1,1
X_71250089_C/G,0,0
7_100627576_C/A,1,1
X_41210540_C/T,1,1
6_129297759_C/T,0,0
16_2084227_G/A,1,1
10_74095708_T/C,0,0
1_215640557_C/G,1,1
3_32158983_G/A,0,0
X_108614997_G/C,1,1
9_35813727_T/C,0,0
6_51870596_C/T,1,1
16_20738962_A/C,1,1
X_108606847_G/C,1,1
14_75017184_A/T,0,0
19_17839566_C/T,0,0
5_13820448_G/A,1,1
16_57916161_G/A,1,1
16_88434985_G/C,0,0
6_129270722_T/A,1,1
15_44565974_C/T,0,0
5_69420251_G/A,1,1
1_26696914_C/T,1,1
13_48349025_T/G,1,1
16_1207841_C/T,0,0
4_186603201_G/A,0,0
14_75047163_T/C,0,0
16_31139186_C/A,0,0
17_18172212_C/T,0,0
4_1806149_C/T,0,0
11_102944335_C/T,0,0
15_80180145_C/T,1,1
17_62602140_G/A,1,1
2_189010732_C/T,1,1
17_8798076_A/G,0,0
10_27217996_A/G,0,0
X_150470162_G/T,1,1
12_131986597_G/A,0,0
14_67756007_G/A,1,1
8_6444727_C/T,0,0
1_185734905_G/A,0,0
8_105803520_A/G,0,0
4_168891027_C/T,0,0
8_143920227_C/A,0,0
1_161340629_G/A,1,1
2_178617130_G/A,0,0
3_38606689_A/C,1,1
2_178790117_T/C,1,1
15_45108127_G/A,0,0
5_87374204_C/T,0,0
18_59448077_A/T,0,0
20_53576151_G/T,0,0
4_127895091_C/T,1,1
15_40625001_A/G,0,0
7_21590947_T/A,1,1
22_37738720_G/A,1,1
2_227088711_C/T,1,1
2_188990307_G/A,1,1
9_133456541_A/C,1,1
22_19178635_G/C,0,0
1_116390217_G/A,1,1
1_215798907_C/A,1,1
5_119514980_G/A,1,1
13_50949501_C/G,1,1
X_2946073_T/C,1,1
X_153736126_A/T,1,1
5_38528776_T/C,0,0
17_61716054_T/A,1,1
1_180196487_C/T,0,0
1_215675342_A/G,1,1
2_174753609_G/A,0,0
1_11800251_G/A,1,1
4_105261815_T/A,1,1
6_75132084_T/G,1,1
16_68801833_G/A,0,0
2_165994210_G/A,0,0
8_67118311_T/A,1,1
19_11111549_C/T,1,1
6_49457873_C/T,1,1
2_227273082_G/T,1,1
12_120994171_T/C,1,1
7_5715132_G/A,1,1
12_132673261_G/A,1,1
X_77998596_G/T,0,0
17_16313558_C/A,1,1
12_47986444_C/T,1,1
13_20989224_G/T,0,0
12_114366267_C/A,1,1
2_151727721_G/A,0,0
14_50182564_A/G,0,0
10_71790364_C/A,1,1
16_81377419_C/T,0,0
2_73451270_C/G,1,1
1_12283628_C/T,0,0
17_31349211_C/T,0,0
16_13922064_G/T,0,1
8_63064304_A/G,0,0
2_189005359_G/C,1,1
7_92079555_T/C,0,0
16_71179026_G/A,1,1
11_1246328_C/T,0,0
1_215998902_A/T,1,1
13_110178064_C/G,1,1
X_108577989_T/C,1,1
10_98431235_C/T,0,0
13_40808473_G/A,1,1
9_126615418_T/C,1,1
7_95984960_G/A,0,0
4_102601010_G/A,1,1
9_130862933_G/A,0,0
16_56879154_G/A,1,1
X_139548383_A/C,1,1
12_109516771_C/T,0,0
22_28699859_G/C,1,1
7_103542756_G/A,1,1
17_44910629_T/C,1,1
11_118145213_G/A,0,0
2_127427140_C/A,1,1
7_44149822_G/A,1,1
1_93996107_A/T,1,1
19_8142127_C/T,0,0
1_44822418_C/T,0,0
22_41178754_A/G,0,1
19_41414149_G/A,1,1
19_38473604_C/T,0,0
2_178567114_C/A,1,1
10_78009953_G/A,1,1
3_52441864_G/A,0,1
1_147759116_A/T,0,0
12_112453279_G/C,1,1
12_48776427_C/T,1,1
17_46171325_A/T,0,0
16_31094558_T/C,1,1
14_102886203_C/T,0,0
4_127920630_T/C,0,0
2_1917244_G/A,1,0
12_88121168_T/C,1,1
4_13484075_C/T,1,1
6_31962438_G/A,1,1
11_17526443_T/A,1,1
19_15188277_A/C,1,1
19_38467782_C/T,0,0
10_53822920_G/T,0,0
X_153743031_G/A,1,1
6_57207631_G/A,1,1
19_50401911_C/G,0,0
14_24254264_G/A,1,1
12_114399548_G/A,0,0
19_54115798_G/T,1,1
22_39649532_G/A,0,0
22_35761272_C/T,0,0
11_55774041_T/A,0,1
16_74774654_G/C,1,1
1_226982676_A/G,1,1
20_51789112_G/A,1,1
2_165899882_T/C,1,1
14_28767577_C/T,1,1
17_7196757_C/T,1,0
15_92978354_C/T,1,1
15_48513593_C/T,1,1
2_151610768_G/T,0,0
1_225403403_C/A,1,1
10_99729551_A/C,1,1
17_31336884_C/G,1,1
19_38483502_C/T,0,0
13_101083761_A/G,1,1
22_42214609_G/A,1,1
8_117830243_A/C,1,1
15_48444563_A/G,0,0
14_71047951_G/C,0,1
16_88835835_G/C,1,1
1_94030447_G/A,0,0
17_76007283_G/A,0,0
11_66514646_C/T,0,0
2_73489664_A/T,1,1
2_189051410_A/T,0,0
8_99121236_T/C,0,0
6_49448883_T/G,0,0
16_13920294_G/A,0,0
2_189003010_G/A,1,1
12_115997164_G/A,1,1
7_87462765_G/A,0,0
X_19359624_C/T,1,1
9_130872961_G/A,1,1
2_171449951_C/T,0,0
10_419150_C/A,0,0
3_193407378_C/T,0,0
11_2885466_G/A,0,0
9_35077082_T/C,0,0
9_35801155_G/T,1,1
3_123347866_G/A,1,1
2_29920390_C/A,0,0
X_105220239_T/G,0,0
13_48453070_T/A,0,0
1_40307473_G/T,0,0
11_57611879_C/G,1,1
14_23424095_T/G,1,1
X_108625741_G/A,1,1
X_108591590_G/A,1,1
8_142912596_G/A,0,0
5_149886354_G/C,1,1
17_31265242_G/T,1,1
21_45456721_C/T,0,0
13_40793227_A/G,1,1
10_104050847_C/T,1,1
17_18119595_C/T,0,0
14_100239771_G/A,1,1
1_10647925_T/C,0,0
16_56351478_A/T,1,1
1_150559763_T/A,1,1
X_108577980_G/A,1,1
1_117870598_T/C,0,0
19_11107516_T/C,1,1
14_54845799_G/C,1,1
3_10142050_C/A,1,1
16_2080164_G/A,1,1
15_78485706_T/G,0,0
X_154462261_G/A,0,0
1_237660878_T/C,0,0
14_67802224_G/C,1,1
1_11965594_G/A,1,1
8_22173627_G/A,0,0
2_178790092_T/G,0,0
16_9938519_C/T,0,0
3_129533640_C/A,1,1
21_43416943_G/A,0,0
9_6605129_A/T,1,1
1_40078647_C/T,0,0
16_56334858_G/A,1,1
1_45332820_G/A,0,0
12_1886328_C/T,0,0
7_98955278_C/T,0,0
2_15232439_G/A,0,0
X_153743328_C/T,1,1
9_4118585_G/T,0,0
1_228323539_C/T,0,0
8_86743626_A/T,1,1
3_127027975_C/T,0,0
4_186196010_T/G,1,1
11_93793847_G/A,1,1
15_48301320_C/T,0,0
19_18786597_C/G,1,1
6_33437756_T/C,1,1
14_91359680_A/T,1,1
11_61437717_C/T,0,0
17_44260441_G/A,1,1
16_89769842_G/T,1,1
9_95907107_C/G,0,0
8_119791397_C/G,0,0
9_91724978_T/A,1,1
16_4337299_G/A,0,0
6_131882474_C/T,1,1
1_193122296_G/A,1,1
16_57657493_T/A,1,1
2_47373962_C/T,0,0
2_26467234_C/T,1,1
5_74685407_G/A,0,0
8_47933074_C/T,0,0
8_99135035_T/C,0,0
1_23077326_T/C,0,0
1_220094485_T/A,1,1
6_149378686_T/C,0,0
10_71702212_G/T,1,1
2_237380931_G/A,0,0
6_64822800_T/C,0,0
6_30160707_A/G,0,0
17_61686161_A/G,0,0
19_38290215_A/G,1,1
15_26621535_C/T,1,1
15_40176674_G/T,1,1
19_48587246_G/A,1,0
16_28486577_C/T,1,1
7_21690830_C/A,0,0
22_19761101_G/A,0,0
1_210683614_C/T,0,0
5_37048500_A/C,1,1
11_121145762_G/T,0,1
13_32355111_G/T,1,1
6_32039423_T/A,1,1
5_177211437_C/G,1,1
12_14882181_A/G,0,0
15_82664854_G/A,0,0
8_87353732_A/G,0,0
21_37512343_T/C,0,0
8_132929074_A/T,1,1
14_95096108_G/T,1,1
1_237759808_T/C,0,0
9_114292212_T/A,1,1
2_178613750_C/A,1,1
10_75028495_T/A,0,0
19_38505805_G/A,1,1
18_31524791_G/A,1,1
3_48585688_A/G,1,1
4_102722876_G/A,1,1
X_119903585_C/T,0,1
19_58549842_C/T,0,0
2_27312499_G/A,1,1
12_6374618_G/A,1,1
7_42025300_A/G,0,0
12_132673695_C/T,0,0
X_71141283_G/A,0,0
13_39727508_T/C,0,0
6_24495341_C/G,0,0
11_66233040_C/T,0,0
17_28360528_G/A,1,1
17_40819117_T/G,0,0
4_127949803_C/A,1,1
19_11024372_A/T,0,0
7_35202442_C/T,0,0
6_133528781_A/G,0,0
9_2635519_G/A,1,1
4_99557399_A/G,0,0
22_31619626_G/A,0,0
1_77942160_A/G,0,0
8_142879079_C/G,1,1
1_228292683_G/A,0,0
21_34449481_C/T,1,1
2_29073017_T/A,0,0
16_2039939_G/T,0,0
X_22247850_G/A,1,1
18_10696257_G/A,1,1
17_44558437_C/T,0,0
15_25681005_T/C,0,0
11_94478878_T/C,1,1
8_115587513_G/A,1,1
11_68937055_C/T,1,1
6_32043807_G/A,0,0
14_24262222_C/T,1,1
11_103117857_T/A,0,0
4_105234977_G/A,0,0
3_184346630_G/A,0,0
12_57004214_G/A,0,0
X_149498239_G/C,0,0
12_122377740_C/T,0,0
7_107689164_T/C,0,0
17_61780966_G/T,1,1
19_13073498_T/G,1,1
12_96519007_G/A,1,1
12_8606929_T/C,1,1
12_76347406_C/T,0,0
12_52520195_G/A,0,0
10_119672569_G/A,0,0
22_28695205_G/A,1,1
12_47984580_C/T,1,1
7_66638276_C/G,1,1
2_15379763_G/A,0,0
2_151697619_T/C,0,0
9_136198755_C/T,1,1
16_89740846_G/A,0,0
22_50626051_T/C,1,1
17_42337566_C/T,0,0
6_3225124_G/A,1,1
2_71503221_G/A,1,1
X_139560820_G/A,1,1
3_170998317_G/A,1,1
14_23385958_G/C,0,0
12_76347712_G/C,1,1
X_154532269_C/T,1,1
11_17118644_C/G,1,1
20_54169591_C/T,1,1
18_47845403_T/C,1,1
9_20820347_A/C,0,0
7_26196408_T/A,0,0
12_14622080_G/A,0,0
13_100262832_G/A,1,1
2_178545917_G/A,0,0
12_132661046_T/A,1,1
19_15265500_G/A,1,1
1_119916055_G/A,1,1
6_51659320_A/G,0,0
3_38846832_C/T,0,0
2_47478488_G/A,0,0
6_46710660_T/C,1,1
14_23429030_A/G,0,0
18_31538750_G/A,1,1
19_50414910_C/G,0,0
6_123393643_A/T,0,0
15_23644221_G/A,0,0
11_17453170_T/C,0,0
17_31352303_G/T,1,1
2_32136890_C/A,1,1
17_18143564_A/C,1,1
3_18386560_G/A,1,1
8_67137542_T/C,0,0
3_93973749_T/A,1,1
5_180621214_G/C,0,1
1_1232279_A/C,1,1
16_88431266_G/A,0,1
X_37008690_A/C,0,0
8_119731981_G/A,0,0
4_92590245_C/T,0,1
11_46374213_C/T,0,0
12_49041251_C/T,0,0
1_40089417_G/C,1,1
11_66521275_C/T,0,0
15_42387763_A/G,1,1
19_10986193_C/T,0,0
9_95480552_A/C,0,0
2_29072746_G/A,1,1
5_151342902_G/A,0,0
22_41178368_C/T,0,0
15_45110493_G/A,0,0
20_36916992_T/A,1,1
4_1025056_C/T,0,0
5_80656409_A/G,1,1
11_108227664_C/T,1,1
12_49185197_C/T,1,1
17_50188741_C/T,1,1
21_14964738_G/A,0,1
2_120982719_G/A,0,0
8_3219328_G/A,0,0
13_32398396_C/T,1,1
13_30463266_G/A,0,0
17_42909382_C/T,1,1
2_216415413_C/T,1,1
9_734778_A/G,0,0
14_23424846_C/T,1,1
19_58511846_A/C,0,1
6_51659381_T/G,1,1
10_68422699_T/C,0,0
5_68273995_C/T,1,1
4_4860223_G/T,0,0
8_132175457_C/A,1,1
X_101362587_C/T,1,1
9_35074159_G/A,0,0
17_44913334_G/A,1,1
5_1221181_C/G,0,0
11_108189260_A/G,0,0
11_77156006_G/T,1,1
9_74842165_C/T,1,1
7_5528684_G/A,0,0
1_102878097_A/C,0,0
1_218437421_A/G,0,0
16_68304055_C/T,0,1
17_31233211_T/C,1,1
12_52367391_G/C,0,0
1_23081524_G/C,0,1
19_54143732_C/A,1,1
11_108247128_G/C,1,1
14_23424854_T/C,1,1
15_48420795_A/T,1,1
1_181733623_C/T,0,0
4_102689613_A/G,0,0
X_18604387_G/C,0,1
18_62101148_A/C,1,1
13_32356522_G/A,0,0
1_235808755_C/T,1,1
16_75545351_C/T,1,1
12_112482157_C/T,0,0
12_49039221_C/T,1,1
3_4467054_C/G,0,0
12_132657971_C/G,1,1
6_33440966_G/C,1,1
6_42722223_C/A,1,1
3_33053509_A/T,1,1
17_61921814_T/C,0,0
14_21429336_C/G,1,1
2_71681046_G/T,1,1
3_52403299_C/T,1,1
4_108014481_G/A,0,0
8_142875151_A/G,0,0
2_216482887_C/G,0,0
19_4123831_G/A,0,0
17_7849549_C/T,0,0
7_94409384_G/A,0,0
16_67169060_C/T,1,1
19_49200769_C/G,0,0
16_1349479_C/T,0,0
7_116795660_C/G,0,0
1_244856085_G/A,0,0
12_32822583_C/A,1,1
6_118632513_T/A,1,1
12_88117067_A/T,1,1
5_38523521_T/C,0,0
4_87662609_T/C,0,0
9_92268249_T/C,0,0
2_108912677_C/A,1,1
17_50194778_C/T,0,0
22_50625630_C/A,1,1
8_99720414_G/T,1,1
11_64753878_C/A,1,1
8_99442580_T/A,1,1
1_209618555_G/A,1,1
11_88334952_C/T,1,1
21_32334292_C/T,0,0
1_21573718_G/T,1,1
12_88083110_T/A,1,1
1_196745995_C/G,1,1
16_23636071_C/A,1,1
9_124860195_C/T,0,0
2_178775183_G/A,0,0
20_49374746_G/A,1,1
15_66703987_C/G,0,0
6_43655692_G/C,1,1
9_124493143_C/T,1,1
1_236543617_G/A,0,0
14_67725161_C/T,1,1
15_89305637_A/T,0,0
15_31035573_C/A,0,0
7_551459_G/A,0,0
12_47995919_C/G,1,1
18_49163789_T/C,1,1
16_3597522_C/A,1,1
1_39965253_C/T,0,0
5_55963394_A/G,0,0
18_46507605_A/C,0,0
5_151664109_G/T,0,0
15_48483899_G/A,1,1
16_2072985_T/C,1,1
15_76295594_G/A,0,0
9_132901697_C/G,0,0
6_79491642_T/C,0,0
17_8007930_G/C,1,1
4_102582880_C/T,1,1
13_32340262_C/G,0,0
12_8605225_C/A,1,1
2_178533187_T/C,0,0
19_8499585_C/G,0,0
3_195868687_G/A,0,0
2_169173214_G/C,0,0
9_128994901_T/C,0,0
22_29073208_C/G,0,0
12_88545773_A/C,1,1
5_149931117_G/A,1,1
22_50528510_A/T,1,1
19_1455236_C/T,0,0
17_48726820_G/A,0,0
4_67740625_G/A,1,0
5_1264451_G/C,0,0
4_113341745_A/G,0,0
20_63439617_G/A,1,1
1_161305953_C/A,1,1
3_133948701_C/T,1,1
19_41410771_C/A,0,0
1_22086671_G/T,1,1
1_54853562_T/C,0,0
7_117603609_C/A,1,1
10_93626842_T/C,0,0
14_45198649_A/G,0,0
9_137776636_C/T,1,1
3_37025913_G/T,1,1
2_202514980_G/A,1,1
X_153688700_A/T,0,0
13_101104420_C/A,1,1
1_41007518_C/T,0,0
17_59041899_C/G,1,1
1_1041294_C/T,0,0
19_41869704_G/T,1,1
7_100627389_G/A,1,1
5_7870881_T/C,0,0
1_216422150_G/A,1,1
1_241502490_C/T,1,1
X_74521008_C/T,1,1
X_41337410_T/C,0,0
6_43045403_C/G,1,1
X_100407401_A/C,1,1
X_154535247_G/A,1,1
13_48463761_A/T,1,1
14_74510090_C/A,1,1
8_99875448_C/T,1,1
6_3104279_G/A,1,1
1_102888722_C/G,1,1
4_113264996_G/A,1,1
2_73452153_A/G,0,0
2_209972258_C/T,1,1
12_8521225_T/C,0,0
8_60742357_C/A,0,0
16_681468_A/T,1,1
11_66848989_C/G,0,0
2_178601731_A/G,0,0
4_5797233_G/A,1,1
4_5731577_C/T,0,0
6_144186984_C/T,0,0
16_30738192_C/T,1,1
2_216467974_A/G,0,0
2_241071687_A/G,0,0
15_90749700_A/G,0,0
6_159232456_C/G,0,0
2_165354477_A/T,1,1
5_138444421_C/T,0,0
21_33875497_C/T,0,0
5_112843712_G/C,0,0
9_99221591_G/A,0,0
8_99853523_C/T,0,0
16_13947903_C/T,0,0
10_117543382_G/T,0,0
5_168506801_C/A,1,1
1_172659403_C/T,0,0
16_2097765_G/A,1,1
7_44150036_A/C,1,1
18_57554426_T/C,1,1
9_35806163_T/C,1,1
2_46380352_C/A,0,0
22_18083514_A/T,1,1
6_152316941_A/G,0,0
9_35092720_T/C,0,0
6_6182121_G/T,1,1
13_114325610_C/T,1,1
5_75590368_G/A,1,0
17_31223442_A/G,1,1
15_38351112_C/A,1,1
17_42543329_G/A,0,0
17_75740376_T/C,1,1
5_169714105_G/A,0,0
3_123328687_C/T,1,1
1_94008299_T/C,1,1
20_765592_G/C,0,0
15_27951821_G/A,0,0
1_40080464_T/C,1,1
17_44915252_G/C,1,1
6_42178374_A/G,1,1
19_36094101_C/T,0,0
2_62222628_T/A,0,0
2_47429776_G/T,1,1
22_20988835_A/T,1,1
16_2077616_C/G,0,0
7_92001296_T/C,0,0
20_10656450_G/A,1,1
2_165890867_T/C,0,0
11_125900007_A/T,0,0
19_1627383_G/A,0,0
17_31230840_A/G,1,1
6_31963927_C/G,1,1
8_10616527_C/T,0,0
22_36289096_C/T,1,1
12_102844353_A/T,1,1
2_189006377_C/T,0,0
3_37050523_G/A,1,1
13_32379399_T/A,1,1
3_184056925_A/G,0,0
17_44383630_C/T,1,1
9_92855817_G/A,0,0
5_134608488_C/A,1,1
1_150806109_C/T,1,1
19_38565180_C/T,0,0
1_197090299_C/T,0,0
5_148091229_G/A,1,1
2_54928348_C/T,0,0
3_181712393_G/T,0,0
19_10136136_C/A,1,1
1_244053806_A/T,1,1
7_135617108_A/G,0,0
19_50403072_G/A,0,0
2_69812692_G/A,0,0
2_151675286_C/G,1,1
6_45422736_C/T,1,1
11_108299887_T/A,1,1
2_189005441_G/A,1,1
3_37004475_G/T,1,1
19_55165972_G/A,0,0
19_15165826_C/A,0,0
5_122077898_G/A,1,1
11_103185032_G/A,1,1
8_144317333_C/T,1,1
5_149883511_C/T,1,1
1_209622987_G/A,1,1
X_108606784_G/C,1,1
5_13891012_C/T,0,0
16_88438969_C/T,0,0
9_137081998_C/T,0,0
11_77016778_A/C,1,0
20_44419795_G/T,1,1
X_11765519_C/T,1,1
9_134417218_G/A,1,0
17_2300168_T/C,0,0
10_124997984_G/A,1,1
7_92517276_C/T,1,1
7_117504336_C/A,1,1
20_63472222_A/G,1,1
4_6300669_C/T,1,1
7_94424399_G/A,1,1
16_89767162_T/C,0,0
1_9982571_G/T,1,1
10_133370759_T/C,1,1
10_88948816_G/T,1,1
7_255912_G/A,1,1
2_151561109_C/A,1,1
1_216325342_A/T,1,1
19_38420932_C/T,0,0
11_77204183_G/A,1,1
11_70485363_C/A,1,1
15_80168050_A/G,1,1
18_7043329_A/G,0,0
19_47839555_G/A,1,1
1_63414137_T/A,1,1
13_38690521_C/T,0,0
14_22775938_T/C,1,1
16_84033399_C/A,0,0
3_155481076_C/T,0,0
22_23791827_C/A,0,0
11_72235205_T/C,1,1
17_8122397_T/C,1,1
15_43371415_A/T,1,1
1_94063160_A/G,1,1
3_49123559_G/A,0,0
7_27199622_T/C,0,0
5_233625_T/A,0,0
1_56867662_G/A,1,1
19_38469115_C/T,0,0
18_33743237_C/G,0,0
12_95980836_C/T,0,0
X_31209497_C/A,1,1
X_31147314_C/T,0,0
2_219057532_G/T,1,1
10_124408955_T/C,0,0
2_238329111_C/T,0,0
2_98396825_T/C,1,1
13_36335138_A/G,0,0
19_10987694_G/A,0,0
2_189004302_G/T,1,1
16_77289378_G/T,0,0
2_214781067_A/C,0,0
15_40210168_C/T,0,0
12_88111311_G/T,1,1
X_49226025_C/T,0,0
11_77115560_C/T,1,1
4_78363978_C/T,0,0
9_113283419_C/G,0,0
1_40089445_C/G,0,0
2_158634231_C/T,0,1
1_155237579_C/G,1,1
17_44908075_G/T,0,0
5_90674071_T/C,0,0
1_155291913_G/T,1,1
2_85362254_A/G,0,0
6_80127608_C/T,0,0
19_50792338_G/A,1,1
11_2445311_C/A,0,0
18_33743198_G/A,0,0
10_133625156_G/A,0,0
3_125233809_G/C,1,1
9_26978264_G/C,1,1
3_33072628_C/T,1,1
9_134913134_T/G,0,0
9_19332142_A/C,0,0
12_51915240_A/G,1,1
17_50186832_T/A,1,1
12_49027278_G/T,1,1
2_43947729_A/G,1,1
10_49532656_G/A,0,0
21_46416068_G/T,1,1
X_108601912_G/T,1,1
2_237357374_A/G,0,0
1_215779841_A/C,1,1
2_230212822_G/A,0,0
13_102627133_C/T,0,0
2_188996171_G/A,1,1
X_31323660_T/C,1,1
11_6622717_G/A,1,1
15_89281179_C/A,1,1
9_77369385_A/C,0,0
10_26201306_G/A,1,1
2_219563506_G/A,0,0
1_5948253_T/C,1,1
18_44953342_T/G,1,1
2_178549802_C/T,1,1
11_17413460_T/C,0,0
2_227293246_G/A,1,1
16_2118196_G/A,1,1
2_172427890_C/T,0,0
2_178725967_C/G,0,0
17_31169997_G/T,1,1
12_57489029_C/T,0,0
1_43437628_G/A,1,1
15_68211853_C/T,1,1
19_50417058_G/A,0,0
17_31201161_T/C,1,1
5_168687089_C/T,0,0
2_74135611_G/A,0,0
10_13172762_C/G,0,0
12_7208571_C/G,1,1
1_247424145_C/A,0,0
X_37809624_C/T,1,1
6_56594056_C/T,0,0
2_127423096_G/C,1,0
2_178611610_C/T,1,1
12_114401914_C/A,1,1
3_49131128_C/T,1,1
1_52692797_C/T,0,0
11_78478446_G/A,1,0
17_72122767_G/A,0,0
18_46541906_C/T,0,0
9_92729099_C/T,0,0
12_76347293_G/C,1,1
12_109784341_C/G,0,0
X_18806486_T/C,0,0
2_166051718_C/T,1,1
2_110658717_G/A,0,0
16_69718195_T/C,0,0
1_215674901_G/A,1,1
6_49459190_G/T,1,1
2_168970156_C/T,0,0
22_25028863_G/A,0,0
13_32376762_A/T,1,1
3_48585617_G/T,0,0
11_47337732_G/A,1,1
17_3950739_G/A,0,0
15_27955156_A/G,1,1
16_53619048_C/T,1,1
5_102373459_T/C,0,0
12_80255074_A/C,0,0
14_49634097_C/T,0,0
20_13794912_T/C,0,0
11_108172539_T/C,0,0
14_95111316_C/T,1,1
11_108227625_A/C,1,1
18_58367764_G/T,1,0
5_37038700_G/C,1,1
2_178570984_C/A,1,1
1_161306706_A/C,1,1
2_208335319_C/T,0,1
2_39035477_T/C,0,0
2_1644631_G/A,1,1
16_1460466_C/T,0,0
15_48489947_A/T,1,1
2_178802175_A/G,0,0
2_74370654_A/G,0,0
20_57564529_C/T,1,1
5_132867576_C/T,0,0
17_67894143_C/T,1,1
21_34859494_T/A,1,1
21_44903492_G/C,0,0
16_30961462_G/A,1,1
20_10649580_G/C,0,0
10_86917145_T/C,0,0
2_151633708_C/T,0,0
16_20987358_A/G,1,1
3_10060321_C/T,1,1
9_132902778_A/G,0,0
12_40321114_A/G,1,1
5_178994497_C/T,1,0
17_68555587_G/A,0,0
22_28734517_G/A,1,1
1_215674953_C/T,1,1
X_107218871_T/C,0,0
1_156866946_G/A,1,1
8_86644621_C/G,1,1
5_132934305_T/C,1,1
18_23895060_T/C,1,1
5_177516135_A/G,0,0
11_119025190_C/T,1,1
14_95094011_C/T,0,0
22_28699939_T/C,1,1
X_53985147_G/C,1,1
5_80875829_C/T,0,0
13_41194238_A/G,0,0
1_151812993_G/A,0,0
1_99902707_C/T,1,1
10_75028911_G/T,1,1
17_4932821_C/T,1,1
X_154966120_C/A,1,1
1_8339614_G/A,0,0
20_8727343_G/C,0,0
21_46351474_C/T,1,1
3_120682109_C/G,1,1
1_207759671_G/A,1,1
2_8736919_T/A,0,0
5_13754294_T/C,0,0
8_107264279_G/A,0,0
2_178712137_G/A,0,0
8_60830375_G/A,0,0
2_26364370_G/A,1,0
4_41260754_A/T,0,0
22_28786297_A/G,0,0
15_66703540_G/A,0,0
18_3131472_A/G,0,0
19_13452977_G/A,0,0
14_24239914_A/G,0,0
7_98949492_C/T,0,0
6_33171558_A/G,0,0
1_3412255_G/A,0,0
1_1341687_G/A,0,0
1_241512144_C/G,1,1
19_11003339_G/C,1,1
2_178585348_C/T,1,1
19_4432008_G/A,1,1
17_31325833_C/T,1,1
1_205096875_A/C,1,1
1_114679612_G/A,0,0
15_34245862_C/T,1,1
7_120788601_C/T,0,0
10_98430643_G/T,0,0
X_111410284_G/A,1,1
12_51914476_G/A,1,1
9_36229058_G/A,1,1
19_35831680_C/T,0,0
10_80280195_A/T,1,1
8_19951767_A/C,1,1
17_80113292_C/G,0,0
14_49633749_G/A,0,0
16_2111183_C/G,1,1
17_8231816_C/T,1,1
11_7987533_C/T,1,1
6_31860183_G/A,1,1
19_8097377_G/A,0,0
X_120538712_T/C,0,0
9_127651654_T/C,1,1
19_12897423_G/A,0,0
19_2211147_T/C,0,1
16_15724969_C/T,0,0
17_18132556_A/C,1,1
8_144517492_G/C,1,1
Y_2787395_C/T,1,1
3_160226325_A/G,0,0
18_23882007_C/T,0,0
8_119732109_T/C,0,0
17_31233146_T/G,1,1
12_14686190_G/A,0,0
21_44289773_C/T,1,1
3_30691465_G/A,1,1
1_8358232_G/A,1,1
14_45137199_T/C,0,0
9_36147874_C/T,0,0
22_20802010_C/A,1,1
9_106930651_C/T,1,1
17_31326176_T/A,1,1
20_10641462_G/C,1,1
2_206127954_C/T,1,1
17_17793954_C/T,1,1
X_149483024_C/A,1,1
19_10224264_G/A,0,0
4_118815130_G/A,0,0
2_27313096_G/T,0,0
9_133352110_G/A,1,1
7_100110044_C/T,0,0
3_78688647_C/T,1,1
6_33166733_T/C,0,0
14_24262193_G/A,1,1
18_57661282_G/A,1,1
4_88065761_G/A,1,1
7_117610664_C/A,1,1
3_123657190_G/A,0,0
6_3104280_A/G,1,1
7_116559035_G/A,0,0
12_8222358_C/G,0,0
3_138946079_T/C,1,1
9_92719103_G/A,0,0
12_47978740_C/A,1,1
10_71741888_C/T,0,0
15_78497146_C/T,0,0
X_48688829_T/G,0,0
2_178560419_C/T,1,1
18_23543529_A/G,1,1
7_117559476_A/G,1,1
15_48515501_A/G,0,1
19_10984202_C/A,0,0
19_35907227_C/A,0,0
1_2406719_C/T,1,1
22_20990476_G/A,1,1
5_36141108_A/G,1,1
14_91339460_C/T,0,0
19_15160965_G/C,1,1
16_2106090_C/T,1,1
19_7643242_G/A,0,0
12_49051644_G/A,0,0
6_33169836_C/T,0,0
6_31968685_G/A,1,1
9_108929799_G/A,0,0
7_150958117_G/A,0,0
8_99275173_A/T,1,1
16_51140269_G/A,0,0
4_634799_C/T,0,0
17_37733611_C/G,1,1
9_136377807_C/T,0,0
14_58488038_G/A,1,1
16_67648434_C/T,0,0
9_133459123_A/G,0,0
8_93803657_G/A,0,0
17_65549609_A/G,0,0
5_132603456_C/T,0,0
X_31679527_G/A,1,1
1_19222726_G/A,1,1
1_94044697_A/C,1,1
13_32339258_T/C,0,0
10_53903261_A/T,0,0
7_66082912_C/T,0,0
14_50445164_A/G,0,0
12_80367665_G/T,1,1
5_161895762_C/T,1,1
2_170965956_C/T,0,0
11_64807945_G/C,0,0
19_45352565_A/G,1,1
2_70230771_C/T,0,0
19_40504075_C/T,0,0
5_38511912_C/T,1,1
X_111333113_A/C,1,1
5_132589714_T/A,0,0
13_110155361_G/A,0,0
8_93815375_G/C,0,0
12_102855224_G/C,1,1
2_113129592_C/T,1,1
16_9829598_A/T,1,1
3_46860970_C/T,0,0
11_17427940_G/A,0,0
5_38510718_C/T,1,1
11_66872073_G/T,0,0
7_107919100_G/A,1,1
4_41746029_T/C,0,0
16_71761511_C/A,1,1
1_196679655_G/T,1,1
9_34648370_C/A,1,1
11_66710612_T/A,1,1
14_20447489_G/A,1,1
11_47333963_T/A,1,1
1_109631122_G/A,0,0
5_13717356_G/A,1,1
X_24531758_C/T,0,0
3_46860805_G/A,0,0
8_60742263_G/A,0,0
10_49483384_G/A,1,1
5_13830146_C/T,0,0
13_32363372_G/T,1,1
9_96252911_C/G,1,1
1_225867899_C/T,1,1
20_35556221_C/T,1,1
2_127428587_G/A,1,1
19_42344449_C/A,0,0
15_48463129_C/T,1,1
1_8466018_A/G,0,0
14_64214316_G/C,0,0
4_92304709_G/A,1,1
X_154371227_G/A,0,0
2_215018007_C/A,1,1
18_45876281_G/A,1,1
2_47838979_T/C,1,1
15_48791347_G/A,1,1
X_32389499_A/C,1,1
17_67909694_A/G,0,0
9_128626571_C/T,1,1
8_67086020_A/T,0,0
6_38883999_G/A,1,1
4_122199380_G/A,1,1
18_27952177_G/A,0,0
1_150559144_G/A,1,1
18_46485153_T/C,1,1
7_44113841_G/A,0,0
19_13025357_C/T,1,1
X_106207404_G/A,0,0
17_8312977_T/C,0,0
20_63442429_C/A,1,1
5_37049302_G/A,1,1
11_2445135_A/T,1,1
1_186086364_T/C,0,0
4_1978837_C/T,0,0
18_26501146_C/A,0,0
11_74168614_C/G,1,1
2_96285183_C/T,0,0
6_32837964_G/A,0,0
2_71674297_G/A,1,1
7_44116856_G/A,0,0
X_132078387_G/A,1,1
X_20194232_T/A,1,1
17_77488808_C/T,0,0
12_47980616_C/G,1,1
5_141576755_C/T,1,1
9_93261852_C/T,0,0
6_56735227_C/T,1,1
16_21678606_G/T,1,1
17_82251400_G/A,0,0
16_30997563_C/T,1,1
13_23339483_T/A,1,1
8_132906786_T/C,1,1
18_70142287_C/T,1,1
2_73986647_C/T,1,1
11_17772290_C/T,1,1
1_109630710_G/C,1,1
5_80629105_T/C,0,0
11_118167027_G/A,0,0
22_50720935_C/A,0,0
2_151600481_A/G,0,0
2_227098790_C/T,1,1
2_232263308_T/C,0,0
6_129478814_G/A,1,1
9_121310692_T/G,0,0
3_136327643_G/T,1,1
2_178532995_A/C,1,1
17_80390178_G/A,0,0
17_8013919_G/A,1,1
19_13025340_G/C,1,1
16_2076490_G/C,1,1
16_70466182_C/T,0,0
16_88427788_A/G,0,0
10_99808231_T/A,1,1
1_64841272_G/A,0,0
19_55151892_C/G,1,1
15_71813445_G/A,1,1
2_61838555_G/A,0,0
2_151565509_G/A,1,1
12_27969493_A/G,1,1
8_125056817_C/A,1,1
1_43443762_C/T,0,0
13_110170669_C/T,1,1
1_110604146_G/A,1,1
15_27851382_C/T,1,1
16_2074340_C/T,0,0
7_47858778_G/A,0,0
X_31774002_C/T,0,0
17_48728585_G/C,0,0
16_68819325_G/C,0,0
17_59647621_A/G,0,0
10_71819856_C/T,0,0
3_52370814_G/T,1,1
9_137142111_G/T,0,0
7_152222000_C/A,1,1
18_51048790_G/A,0,0
5_90628817_G/A,0,0
7_140807984_A/G,0,0
12_120988945_C/G,1,1
9_133352060_C/T,1,1
12_6598427_T/C,1,1
16_1362289_C/T,0,0
6_152319017_T/C,1,1
6_63762510_T/C,0,0
16_83906986_G/C,1,1
7_73442784_C/T,0,0
13_32339402_C/T,1,1
17_44350280_G/A,0,0
17_17215184_C/A,1,1
6_63720737_G/A,0,0
17_47287135_T/C,0,0
6_156779472_G/A,1,1
16_83912365_C/T,1,1
2_27225057_C/A,0,0
1_42931047_G/A,1,1
14_75820027_A/G,0,0
20_44651574_C/T,1,1
5_180625982_C/T,0,0
1_31740362_C/T,0,0
1_230706154_C/T,1,1
9_108878728_T/A,1,0
7_44147776_C/T,1,1
15_92979220_T/C,1,1
18_49507_G/C,0,0
16_75479447_C/T,1,1
10_90912950_C/T,0,0
7_128840036_C/T,0,0
5_96741301_G/A,0,0
1_31584896_C/T,0,0
17_60663461_T/G,0,0
19_3811310_C/G,0,0
X_128051332_T/C,0,0
X_154966522_G/T,1,1
11_95836223_A/G,0,0
X_154956991_C/A,1,1
1_64846659_G/A,0,0
X_32644293_T/C,0,0
19_50408821_C/G,0,0
X_11139265_C/T,0,0
6_35452704_C/G,0,0
7_98890436_A/G,0,0
6_80106777_C/T,0,0
7_66087733_C/T,0,1
1_161506590_C/T,0,0
5_132604805_G/A,1,1
16_2102258_T/C,1,1
2_72887471_C/G,0,0
14_28767916_A/T,1,1
11_64809693_G/A,0,0
3_114350944_G/A,0,0
12_7069913_T/C,0,0
12_57751064_G/A,0,0
9_137816012_G/A,0,0
9_114168485_G/A,0,0
9_137813515_T/C,0,0
10_104164250_T/C,0,0
16_57964129_C/T,1,1
7_117509127_C/A,0,0
2_227254716_G/C,1,1
X_154362129_G/A,0,0
2_151491745_G/T,1,1
5_87385347_A/G,0,0
5_177257068_T/C,0,0
1_241502441_A/C,1,1
1_65570525_G/A,1,1
1_68440956_G/T,1,1
12_56004978_G/A,1,1
19_6825061_G/A,0,0
X_108539772_A/G,0,0
9_6534726_C/G,1,1
10_78035597_G/T,0,0
11_65867029_G/C,0,0
11_6622733_T/C,0,0
2_58165779_C/T,1,1
X_50086780_G/A,0,0
X_22038501_C/T,1,1
2_21010069_G/A,1,1
10_77981431_G/A,0,0
3_10149893_C/T,0,0
3_98585550_G/A,1,1
11_6627444_C/T,0,0
1_150559046_G/T,1,1
8_47934046_G/A,0,0
15_48437361_C/A,1,1
20_35502971_A/G,0,0
12_6034812_C/T,1,1
2_47806454_A/C,0,0
6_32975509_C/T,0,0
1_243316758_A/G,0,0
X_18604299_C/T,1,1
10_68175380_T/C,0,0
5_13824204_T/A,1,1
5_88729344_G/A,1,1
5_132640707_T/C,0,0
3_129528777_A/T,1,1
3_129530917_C/G,1,1
14_64784313_C/T,1,1
5_112841981_G/A,0,0
1_31731043_C/T,0,0
2_84441330_G/A,1,1
6_129059786_A/T,1,1
1_201112235_G/A,0,0
5_37114984_G/A,1,1
1_215888776_C/A,1,1
4_183677489_G/T,1,1
10_123053160_G/A,1,1
X_153505952_G/C,1,1
17_82929140_C/T,0,0
2_21029973_G/A,0,0
15_45108202_G/A,0,0
2_227307886_C/T,1,1
1_214614865_A/T,1,1
11_17576598_C/T,0,0
21_43062397_T/A,1,1
11_46726823_C/T,0,0
17_7900901_C/T,1,1
10_1077997_T/A,0,0
10_63214687_G/A,0,0
2_181604033_G/A,0,0
2_210595505_C/T,0,0
10_71819464_C/T,1,1
2_55363949_C/T,1,1
17_75742591_G/A,1,1
2_237380979_G/T,0,0
8_23702571_G/C,0,0
10_68150045_G/A,0,0
14_67725140_G/T,1,1
16_88722285_C/A,1,1
1_97549676_G/A,1,1
19_13303772_C/T,1,1
13_32357883_C/T,0,1
1_108901944_A/T,1,1
6_32056104_G/A,0,0
16_67164818_G/T,1,1
15_42399640_C/G,1,1
14_64771117_G/A,1,1
7_80217423_T/A,1,1
1_158612816_C/T,1,1
12_51913237_G/A,1,1
3_81578000_G/C,1,1
7_96121215_T/C,0,0
2_151579521_C/T,0,0
4_99583482_C/T,1,1
13_32337160_T/C,0,0
14_92021554_A/G,1,1
14_91937080_G/A,0,0
10_103049788_C/T,1,1
1_229431731_A/T,1,1
7_128854050_C/G,0,0
18_10671658_A/G,0,0
9_35806491_G/A,0,0
14_77026233_T/G,0,0
9_77403265_C/G,1,1
9_136515550_G/A,0,0
11_64807554_G/A,1,1
X_13767228_C/T,0,0
16_89764965_T/C,0,0
14_58482697_T/C,0,0
3_122262209_C/T,1,1
12_117558512_G/A,1,1
18_2743806_G/C,1,1
11_93796451_A/T,1,1
15_50949905_A/T,0,1
X_133754147_T/C,0,0
12_49024578_C/T,1,1
4_56491434_T/G,0,0
8_144056465_G/A,1,1
5_132579344_T/C,0,0
21_46353306_T/A,0,0
19_4688818_G/T,0,0
17_50359988_C/T,0,0
16_2519701_G/T,1,1
13_23338289_C/T,0,1
14_24260028_C/T,1,1
19_11113300_C/A,1,1
2_127642175_G/T,0,0
19_35841868_T/C,1,1
7_127615503_C/T,0,0
12_120993612_G/T,1,1
14_87945633_T/A,0,0
13_76995230_T/A,1,1
2_70088293_C/T,1,1
X_111401139_G/A,1,1
2_151494160_C/G,1,1
5_13752166_T/A,1,1
12_111347631_C/T,0,0
13_32332680_C/G,1,1
16_56904402_G/A,1,1
10_100824945_G/A,0,0
16_70262454_T/C,0,0
8_64604820_A/C,1,1
X_64190400_G/A,0,0
12_102844371_C/T,1,1
8_99819508_G/A,0,0
2_98396382_G/A,0,0
9_101425044_T/C,1,1
2_165919404_G/A,1,1
13_110181361_C/T,0,0
9_93292660_G/A,0,0
17_75960282_C/T,0,0
16_88427761_G/A,0,0
20_63488415_G/T,0,0
12_57750983_G/C,0,0
19_13261526_C/T,1,1
17_50193048_C/T,1,1
3_49124287_C/G,1,1
18_2694683_C/T,1,1
3_69119338_C/T,0,0
13_101062069_C/T,1,1
19_7540173_A/T,0,0
19_53889710_C/T,1,1
X_134498643_G/T,1,1
3_93893004_G/A,1,1
7_117603574_T/C,0,0
20_34294103_G/A,0,0
13_38851093_C/T,1,1
6_30924449_C/T,0,0
13_29025918_A/T,0,0
5_1216654_C/T,0,0
4_105236978_A/C,0,0
1_237798078_C/T,0,0
9_132911033_T/G,0,0
19_10137874_C/G,0,0
21_32665045_A/G,0,0
14_76082368_G/A,1,1
2_240774253_A/G,1,1
8_27792724_T/G,0,0
11_18310848_G/A,1,1
17_75521773_C/T,0,0
18_46557391_G/A,0,0
12_49054921_T/C,0,0
1_45332783_G/A,0,0
8_31065023_T/A,1,1
3_58138357_G/A,1,1
6_56628005_T/C,0,0
11_2167864_A/T,1,1
12_5981983_T/A,1,1
18_44950798_T/C,0,0
10_74970049_T/C,0,0
6_52028242_C/T,1,1
5_37182993_G/A,1,1
5_78162826_G/A,0,0
15_31038077_A/G,0,0
12_51789397_C/G,1,1
10_89223832_T/A,1,1
14_102032453_T/C,0,0
19_47540323_G/A,0,0
5_138424251_C/T,0,0
17_31336729_T/A,1,1
13_20189108_G/C,1,1
1_91380954_T/C,0,0
6_137878580_C/T,1,1
11_20646889_C/T,0,0
17_78425386_A/G,0,0
22_43933070_G/A,0,0
7_93101818_T/C,0,0
6_35506070_C/T,1,1
6_41161570_C/T,0,0
3_41225208_G/C,1,1
6_30158587_C/T,0,0
15_63044056_G/A,0,1
1_16055759_G/A,1,1
13_76995066_C/T,0,0
2_219489718_G/A,0,0
10_68446381_T/C,0,0
5_78955294_C/A,1,1
3_101276674_T/C,0,0
12_51915274_G/A,1,1
13_102861617_C/T,0,0
1_99896326_A/C,0,0
18_23554875_C/G,1,1
15_74183871_C/G,1,0
6_135318517_A/G,1,1
10_49662643_A/G,1,1
1_151142531_G/A,0,0
2_43948151_C/A,1,1
21_46381692_A/C,1,1
19_856047_C/T,0,0
6_129280131_G/T,1,1
15_101178181_G/C,1,1
6_111591880_A/G,0,0
1_156136438_T/G,1,1
8_144516300_T/C,0,0
6_118632492_C/T,1,1
9_136513073_C/G,0,0
7_21735706_G/T,1,1
X_23989019_T/A,0,0
12_109591271_T/C,1,1
17_40642506_G/A,0,0
1_46408574_C/T,0,1
12_64721697_G/A,0,0
5_169803107_G/A,0,0
4_99589649_G/T,1,1
14_23432647_A/G,1,1
19_13138208_C/T,0,0
7_107789587_G/A,0,0
1_9982504_G/T,1,1
19_11100311_C/A,1,1
19_49807304_C/A,0,0
5_179833096_A/G,0,0
6_64593120_G/A,1,1
2_189006956_G/T,1,1
20_64025980_G/A,0,0
11_103321028_G/A,1,1
3_4449275_A/G,0,0
8_10611454_G/A,0,0
8_30837200_A/T,1,1
19_8603870_C/T,0,0
19_15161381_T/A,1,1
14_67887087_T/G,0,0
5_150396745_C/T,0,0
10_27077676_G/A,0,0
11_66295004_T/C,1,1
2_25806334_C/G,0,0
8_89958724_C/T,1,1
6_89951662_C/A,0,0
17_35577532_G/A,0,0
15_84840933_G/T,1,1
11_124756271_G/A,0,0
2_15461339_T/C,1,1
11_22257753_G/A,1,1
12_21470272_C/T,0,0
15_42387799_T/A,1,1
12_114682827_A/T,1,1
4_165299626_C/G,0,0
14_23418398_G/A,0,0
4_113343143_G/T,1,1
1_43305342_C/T,0,0
14_64802299_G/A,1,1
3_179210291_G/A,1,1
22_19523733_T/C,0,0
14_24261884_C/A,1,1
1_27547712_G/A,0,0
X_123885782_T/C,0,0
11_108299838_G/A,1,1
3_48593355_C/A,1,1
1_44140337_C/T,0,1
8_22163548_T/C,1,1
11_89284853_G/A,1,1
5_119493831_G/A,0,0
8_28717559_C/A,0,0
6_49459358_G/A,1,1
2_27367147_G/A,0,0
16_30738899_C/T,0,0
7_93134499_T/C,0,0
12_39332236_A/G,1,1
20_62328872_G/A,0,0
11_6614625_G/T,1,1
X_48482485_G/A,0,0
3_11360579_A/T,1,1
19_32842191_T/A,1,1
12_115987269_G/A,0,0
16_88716877_G/A,1,1
13_39660809_G/A,1,1
3_121488005_C/T,0,0
12_88068647_T/C,1,1
12_40314097_A/G,0,0
11_94471708_G/A,0,0
7_128851596_T/A,1,1
1_10653480_G/A,0,0
X_148652027_A/T,1,1
15_92956511_G/C,1,1
7_128837158_A/C,1,1
14_50738152_A/G,0,0
1_43432376_G/A,0,0
16_1457714_C/T,1,1
10_26202986_G/T,1,1
15_73367959_G/A,0,0
17_7675992_A/T,1,1
15_89318542_T/C,1,1
9_137776776_C/T,0,0
13_51937342_G/A,1,1
14_36519020_C/T,1,1
16_56887057_C/G,0,0
15_30407401_C/T,0,0
9_93262704_C/T,0,0
13_85796086_C/T,0,0
3_136256625_T/C,1,1
12_109581461_C/T,0,0
19_7526505_C/T,1,1
12_32796159_A/G,0,0
Y_2787401_A/G,1,1
6_80168895_G/A,0,0
13_32332588_A/T,0,0
11_44130097_C/T,1,1
7_124827301_C/T,0,0
9_130480446_C/T,1,1
16_2496834_T/C,1,1
1_171116280_G/A,1,1
X_71297900_C/T,1,1
3_187241511_A/G,0,0
2_70943657_G/T,1,1
8_143920242_G/A,0,0
17_64480303_T/C,0,0
2_31580732_C/G,1,1
16_13935249_C/T,0,0
22_36349071_C/A,0,0
5_42719001_T/C,0,0
12_116019853_T/A,1,1
19_13918819_T/C,1,1
18_55279658_T/C,1,1
17_65537830_T/C,0,0
13_60008592_T/C,0,0
8_47927873_C/T,0,0
11_95888201_T/C,0,0
2_96278288_T/C,0,0
3_129529063_C/G,1,1
15_40008196_G/T,1,1
13_32376779_A/G,0,0
10_28617774_C/T,1,1
12_6939058_C/T,0,1
7_2541036_C/T,0,0
6_52035654_G/C,1,1
9_114168956_T/C,0,0
12_53308959_C/A,1,1
17_7702751_G/A,0,0
17_70175471_C/A,0,0
5_132591876_G/A,1,1
6_49451518_C/T,1,1
6_79513328_A/G,1,1
4_102635919_C/T,0,0
3_38139871_T/C,0,0
12_132510251_G/A,0,0
7_82966125_G/A,0,0
1_151408715_C/T,0,0
12_88117059_T/A,1,1
12_109798819_C/T,1,1
7_70790653_G/A,0,1
22_39350070_G/A,0,0
1_215650647_C/T,1,1
X_32441258_C/T,1,1
9_108897234_G/A,0,0
22_25763338_C/T,0,0
11_68158584_C/T,0,0
19_33301479_C/T,1,0
5_900531_T/C,0,0
16_23635625_T/C,0,0
7_99011511_G/T,0,0
4_71557732_G/C,0,0
6_32040584_G/A,1,1
19_41422164_C/T,1,1
11_22625809_A/C,1,1
6_64066463_A/G,0,0
4_41745942_T/A,0,0
4_177433302_T/A,0,0
17_72123617_C/T,1,1
13_32341040_G/T,1,1
11_110247788_C/T,0,0
11_108227593_A/G,1,1
1_247434112_C/A,0,0
8_47776930_A/G,0,0
12_7208554_C/T,1,1
5_177397809_C/T,0,0
17_75517036_G/A,1,0
5_88804767_T/G,1,1
18_49843382_G/C,0,0
1_172589435_A/G,0,0
7_76302838_G/A,1,1
16_8813108_T/C,1,1
17_58703195_G/C,1,1
2_214781202_T/C,0,0
5_179825177_T/C,0,0
X_38403698_C/A,1,1
19_8592068_C/G,0,0
12_64747799_C/T,0,0
12_112178966_C/T,0,0
14_77616507_C/G,0,0
9_132900750_C/A,1,1
5_69432953_C/T,1,1
X_77717150_A/C,0,0
11_95862306_G/A,1,1
16_5072950_G/C,1,1
11_121105952_C/T,0,0
X_54449211_A/G,1,1
16_2107940_G/C,1,1
16_67285059_G/A,0,0
19_35732992_C/G,0,0
19_40614379_C/T,0,0
2_169013482_C/T,1,1
19_10991308_C/T,0,0
X_100407211_G/A,1,1
15_84864541_G/A,0,0
19_17842391_A/G,0,0
14_104952324_T/C,0,0
9_27229182_G/T,1,1
20_6041808_G/A,0,0
7_94406295_G/T,1,1
7_5989921_C/T,0,0
19_13025180_G/A,1,1
10_70598826_G/A,1,1
1_15444694_C/T,0,0
19_13359768_A/T,1,1
2_231738097_G/A,1,1
15_71811972_C/T,1,1
8_89955353_T/A,1,1
2_27312590_C/A,1,1
5_180613032_G/A,1,1
12_2691091_G/T,0,0
3_121467606_T/G,0,0
9_127678525_T/C,1,1
12_132664396_C/T,0,0
14_73173591_A/G,1,1
3_58130824_C/T,1,1
16_13935513_A/G,0,0
16_67940428_G/A,1,1
2_177697411_G/A,0,0
22_41172557_T/G,1,1
21_34792240_G/A,0,0
17_31233001_G/C,1,1
14_21428242_G/A,1,1
13_49549483_G/A,0,0
1_94029570_G/A,1,1
19_11176610_C/G,0,0
7_105506188_C/T,1,1
13_32355172_A/G,0,0
10_87960974_T/C,0,0
16_23626350_T/C,0,0
2_19966836_C/T,0,1
7_23174199_A/G,0,0
5_6625612_C/T,0,0
20_50892681_G/C,1,1
20_49374572_C/G,1,1
16_69693575_C/T,0,0
12_113177061_T/C,1,1
22_18925175_G/T,1,1
5_149884514_A/T,0,0
10_51074848_C/T,0,0
17_42693523_A/G,0,0
X_154364280_G/C,0,0
12_51919008_C/A,1,1
6_51619315_C/G,0,0
5_483278_G/A,0,0
1_75761221_C/T,1,1
20_34294083_G/A,1,1
3_47121117_A/G,0,0
22_50233357_C/T,1,1
4_52038225_A/T,1,1
19_13298881_C/A,1,1
19_11113743_G/A,1,1
1_116400864_T/G,1,1
14_39158404_T/C,1,1
4_5708487_G/C,0,0
14_53054490_G/A,0,0
16_68680995_C/T,1,1
19_1220395_G/C,1,1
8_22192075_C/T,0,0
11_118505031_C/T,1,1
22_50218826_C/T,0,0
5_90642634_A/G,1,1
10_87958014_A/T,1,1
17_61456674_C/T,1,1
6_38913932_G/A,0,1
10_89010575_C/T,0,0
20_56536365_G/A,0,0
1_225847111_C/T,0,0
5_13885968_A/G,0,0
14_88433134_G/A,1,1
4_102664757_G/A,0,0
17_81653267_G/A,0,0
X_32441203_C/A,1,1
3_38904054_T/C,0,0
6_33179459_A/G,0,1
5_78985004_A/C,1,1
X_24821550_A/G,0,0
12_121453166_C/T,1,1
2_84431532_T/C,0,0
19_11123263_C/T,1,1
9_13188900_G/A,1,1
5_32712106_C/T,0,0
12_102866597_G/C,1,1
1_155140199_C/T,0,0
1_99900687_T/C,0,0
12_21933781_C/T,1,1
10_68946391_G/A,0,0
2_29070704_A/C,0,0
19_55361197_C/T,0,0
7_96189580_C/A,1,1
3_24143511_C/T,1,1
2_224502964_C/G,1,1
16_1208056_G/A,0,0
15_55432567_A/G,0,0
22_32483896_G/C,1,1
22_17182733_G/A,0,0
5_78141321_T/C,1,1
11_66424369_G/C,0,0
22_28689200_T/A,1,1
11_5226690_C/T,1,1
9_137161947_G/A,0,0
15_48468456_C/A,1,1
19_22392903_G/C,0,0
11_103209896_T/C,0,0
10_27086594_A/G,0,0
8_144414753_G/T,0,0
6_35500125_G/A,1,1
2_165365178_G/A,0,0
11_103186398_C/T,1,1
X_69616581_C/T,0,0
8_71215632_A/C,1,1
X_154357593_T/C,0,0
5_13811719_G/A,0,0
7_117592288_T/A,0,0
4_78419017_T/C,0,0
1_119737267_G/T,1,1
17_31182595_T/C,1,1
19_7143072_C/A,1,1
7_44147818_G/T,1,1
17_80369795_C/T,1,0
17_31358526_C/T,1,1
19_2994093_G/C,0,0
16_53658441_T/C,0,0
20_3912539_T/C,0,0
2_210608490_C/G,0,0
5_112837600_T/G,1,1
11_6511424_C/T,1,1
10_49472942_A/T,1,1
19_10154771_G/A,0,0
12_53307639_C/T,0,0
1_15935384_G/A,0,0
7_107915694_T/C,0,0
5_150120908_T/A,1,1
7_105106557_C/T,1,1
2_27311898_C/G,1,1
3_33018540_G/A,1,1
2_169205595_C/T,0,0
1_94098866_G/C,0,0
16_77362211_T/C,0,0
5_80873205_A/T,1,1
17_50194738_C/T,1,1
X_71121744_G/A,0,0
12_120988900_G/A,1,1
9_106923535_C/T,0,0
8_1903403_T/C,0,0
5_96421905_G/A,1,1
9_135503698_G/A,0,0
17_31227238_A/T,1,1
14_104714597_C/T,0,0
8_99275218_C/T,1,1
2_1496602_G/A,0,0
2_88448770_A/C,1,1
14_67798291_G/C,1,1
11_47333238_C/A,1,1
8_144512064_T/G,0,0
X_100408595_C/T,1,1
19_45584622_C/T,1,1
12_21815796_C/T,0,0
1_43898279_C/T,0,0
10_71807695_C/T,1,1
5_172358873_C/T,1,1
1_161766443_G/T,1,1
15_90794310_T/C,1,1
2_162273804_G/A,0,0
1_54404915_G/A,0,0
13_32394723_T/A,1,1
5_80670280_A/T,1,1
16_67942683_G/A,1,1
10_99804134_G/A,1,1
3_38622401_C/T,1,1
17_42224851_G/T,1,1
1_1213697_G/A,0,0
16_2105435_C/A,1,1
1_21577541_A/T,1,1
16_2040034_C/A,1,1
X_53412085_C/T,0,0
5_60898350_C/T,1,1
12_51702881_G/C,1,1
2_65001454_G/A,0,0
2_43844563_C/A,1,1
15_89321242_C/A,1,1
9_114169313_C/A,0,0
3_48582512_C/T,1,1
2_178799824_C/T,1,1
20_10648590_G/A,1,1
1_152309700_G/C,1,1
5_32415093_T/C,0,0
2_149571135_G/A,1,1
7_100632999_A/G,1,1
20_10652490_C/T,1,1
2_71602807_T/A,1,1
3_177047307_A/C,1,1
17_37744882_C/A,1,1
14_77288832_C/G,1,1
2_232768353_G/A,0,0
8_51408678_G/A,0,0
19_10987859_C/T,0,0
20_62338350_A/G,0,0
2_219483670_C/G,0,0
7_87453137_T/C,1,1
1_110604147_G/C,1,1
4_39270053_G/T,1,1
19_38504891_C/A,0,0
X_71555223_G/T,1,1
12_123256813_T/C,1,1
12_6587898_G/A,1,1
8_41942817_G/T,1,1
X_108625714_G/A,1,1
15_40471423_C/T,0,0
2_195808809_A/G,0,0
15_48534130_C/T,1,1
14_58492203_A/G,0,0
14_24151307_G/T,0,0
19_17658224_C/T,1,0
21_46116046_G/A,1,1
8_142879646_C/T,1,1
6_109732653_C/T,1,1
15_73329719_C/G,1,1
2_168986164_G/C,1,1
6_73451762_G/T,0,0
17_67825859_C/T,0,0
5_150539290_C/T,0,0
19_50406433_C/G,0,0
2_178739259_T/C,0,0
17_7674893_C/G,1,1
5_1814337_A/T,1,1
17_50186485_G/A,0,0
11_57602106_C/T,1,1
18_23907656_G/A,0,0
20_34945973_G/A,0,0
2_144389947_G/C,1,1
10_99724013_C/T,0,0
11_46895972_A/G,0,0
1_229431870_A/G,1,1
2_178589616_A/T,1,1
6_90523736_T/G,0,0
1_25812764_G/A,1,1
11_30906554_T/C,0,1
2_222297158_G/C,1,1
9_34648159_C/A,1,1
11_17526346_C/T,1,1
18_34877786_T/A,0,0
3_52402306_G/A,0,0
16_74719154_G/A,1,1
9_96244360_T/C,1,1
2_165911343_A/G,0,0
X_20132224_C/T,1,1
9_114275666_C/T,0,0
9_101424878_C/A,1,1
2_181539265_C/A,1,1
6_80167677_G/A,1,1
11_103168877_C/T,1,1
1_150559147_C/A,1,1
12_101764815_G/T,1,1
7_94428349_T/A,1,1
19_12884903_G/T,1,1
17_50168573_G/A,1,1
15_33644381_C/G,0,0
9_85547151_T/G,0,0
14_96855307_T/A,1,1
7_5529545_G/A,1,1
2_26444757_G/A,1,1
6_42965791_T/C,1,1
11_10484827_C/T,0,0
12_52469248_G/A,0,0
13_23358419_C/A,1,1
5_112839113_G/A,0,0
8_99511119_C/T,0,0
11_71435724_A/G,1,1
16_177308_C/A,1,1
X_149486961_C/T,0,1
17_3656703_G/A,1,1
5_168753889_G/A,0,1
21_42395322_A/G,1,1
9_135768847_C/T,1,1
15_48610793_C/A,1,1
3_93893118_A/G,1,1
2_168930752_T/G,0,0
14_74071235_G/T,0,0
14_73206385_G/A,1,1
1_21831720_G/A,0,0
16_31261753_C/T,0,0
1_99913549_T/C,0,0
14_65076530_C/T,0,0
12_98544247_A/G,0,0
2_207768285_C/T,0,0
6_41161540_A/C,1,1
2_168969377_G/A,1,1
17_75834411_G/A,1,1
21_43066379_T/C,1,1
2_21011630_A/C,1,1
11_65868568_G/A,0,0
19_38565562_G/T,1,1
5_256332_A/G,1,1
8_41692767_T/A,1,1
13_48307319_A/G,0,0
19_13231797_A/G,0,0
17_43047705_T/A,1,1
1_36466479_A/G,0,0
21_32688314_A/G,0,0
17_31249006_G/T,1,1
1_156154680_C/T,0,0
1_241506100_G/T,0,0
20_50892547_C/G,0,0
6_32061455_G/A,0,0
1_103074669_G/A,0,0
14_21523209_G/C,0,1
X_74525758_T/C,0,0
11_117392225_G/A,1,1
X_22178285_G/T,1,1
16_69711027_A/G,0,0
2_209939470_A/G,1,1
5_36241640_G/A,0,0
10_102615370_G/A,0,0
1_169586251_G/T,0,0
17_10692777_G/A,0,0
12_115991459_A/G,0,0
9_14841537_A/G,0,0
2_165770500_T/C,0,0
8_67227493_G/A,1,1
17_50185860_A/G,1,1
1_160685067_A/G,0,0
16_28477868_G/A,0,0
2_188999516_G/A,1,1
5_112840131_G/T,1,1
2_178775891_A/C,0,0
8_143933099_C/T,0,0
19_15192118_C/T,1,1
19_16903848_C/T,0,1
9_128220030_A/T,1,1
11_56232597_T/C,0,0
2_27224375_C/A,0,1
2_227254140_G/A,1,1
1_244859307_C/A,1,1
X_154961120_C/T,1,1
22_42215221_C/A,1,1
1_68431116_G/C,1,1
9_137717066_C/T,0,0
16_89746830_C/A,1,1
19_35225081_T/C,0,0
6_30921606_G/A,1,1
11_18300864_G/A,1,1
12_6095586_T/C,1,1
20_59254220_T/C,0,0
17_82091328_G/C,0,0
6_7565469_C/A,1,1
X_49075945_C/T,1,1
1_183563508_G/A,0,0
X_133985274_C/A,1,1
2_74534386_G/A,0,0
12_100536611_G/T,1,1
9_35555400_T/C,0,0
1_2303966_C/T,0,0
16_84033327_C/T,1,1
5_138904390_T/C,0,0
15_61882652_C/A,1,1
X_101254562_G/A,1,1
Y_2787284_C/T,1,1
1_193142001_C/T,1,1
16_15782460_C/T,0,0
5_150375858_A/G,0,0
7_66086599_T/C,1,1
X_18926514_C/T,0,0
19_1491275_C/T,0,0
16_16177610_G/C,1,1
17_7897263_T/C,1,1
2_24216179_A/G,0,0
6_10801946_C/T,0,0
9_101425482_A/G,1,1
10_63176468_T/C,0,0
11_44109285_T/C,1,1
2_29232353_C/T,0,0
7_70789871_G/A,0,0
8_144317195_C/T,1,1
21_33552957_A/G,0,0
12_55703094_G/A,0,0
2_25742851_T/C,0,0
14_67724472_G/A,1,1
17_4933909_C/T,0,0
3_177038361_G/A,0,1
8_47936475_C/T,0,0
13_110705538_C/G,0,0
6_7577044_T/C,1,1
2_231370088_C/A,0,0
1_179900161_G/T,1,1
1_186171407_T/C,0,0
19_49909367_G/C,0,0
6_12122467_G/A,0,0
12_51721794_C/T,0,0
16_89769965_A/C,0,0
12_121823191_C/T,1,1
19_13235222_A/G,1,1
6_7584112_C/T,1,1
11_47333566_G/A,1,1
7_30912043_C/T,0,1
19_35848293_G/A,0,0
17_63944787_C/G,1,1
X_41344238_G/C,1,1
2_151643882_C/T,1,1
2_178564976_C/T,0,0
19_38528320_C/A,1,1
12_47994048_C/G,1,1
21_34792357_G/C,1,1
6_152236208_T/C,0,0
6_131890466_T/C,0,0
11_8098876_G/T,1,1
14_94769048_G/C,0,0
5_39306616_C/T,1,1
20_35502989_C/T,0,0
17_75750110_G/T,1,1
6_64590227_A/T,0,0
7_47908092_G/A,1,1
16_3589777_C/T,0,0
6_32062272_T/C,0,0
1_42929595_C/G,1,1
20_48632539_C/T,0,0
16_1945516_C/T,1,1
6_136866661_A/G,0,0
13_26012623_G/C,1,1
4_67558827_C/T,0,0
2_202467610_C/A,1,1
X_103788469_G/T,1,1
15_42394289_C/T,1,1
20_3195342_C/T,0,0
2_169510312_A/G,0,0
22_32084965_T/C,0,0
11_61779347_G/A,1,1
19_929812_G/A,0,0
X_53405345_G/A,1,1
15_42389049_A/G,1,1
2_178573023_C/T,1,1
21_42383168_C/A,1,1
16_9798375_C/G,1,1
9_132900747_G/A,1,1
13_114324185_C/T,1,1
1_11791302_C/A,1,1
19_1398961_C/G,0,0
2_47482934_A/C,0,0
5_72197966_C/T,0,0
5_177513028_G/A,1,1
17_65558540_T/C,0,0
X_149487057_T/A,1,1
17_13016872_C/T,0,0
2_178570601_G/T,0,0
9_134730352_C/A,1,1
19_11023580_C/T,0,0
14_24259795_A/C,1,1
2_47799674_C/G,1,1
5_13735231_C/T,0,0
2_47410217_G/T,1,1
18_23538608_C/G,1,1
11_119026602_C/A,1,1
16_88814488_C/T,1,1
19_41422680_A/G,1,1
X_111728202_T/A,0,0
6_41932698_G/A,0,0
4_113255780_G/T,1,1
4_792463_G/A,0,0
2_55684953_A/G,0,0
2_44312653_T/C,1,1
4_102537957_G/C,1,1
1_94051699_C/T,1,1
20_10649081_G/A,1,1
6_31862732_C/T,1,1
18_58504073_T/C,0,0
8_73976339_A/C,0,0
13_99983038_G/A,1,1
16_56878105_C/A,1,1
5_90757098_A/C,0,0
X_634731_G/T,1,1
3_10074541_G/A,0,0
2_29197664_C/T,0,0
8_54459404_G/A,0,0
6_49453742_C/T,1,1
5_254488_G/A,0,0
7_107663366_C/T,1,1
11_61430173_T/C,0,0
4_47425874_G/A,0,0
8_56980056_C/T,1,1
14_22813381_C/T,0,0
18_12337435_G/T,1,1
17_43758686_C/T,0,0
19_43774415_G/A,0,0
3_122005338_G/A,0,0
X_77618812_A/G,0,0
17_80112621_C/G,1,1
X_70033499_G/T,1,1
5_138425569_C/T,0,0
6_75130207_T/A,1,1
9_137013186_G/A,0,0
X_56565571_C/T,0,0
4_26424454_G/A,0,0
7_100640846_G/A,1,1
19_54278510_G/C,0,0
1_156136393_A/T,1,1
18_62161345_C/T,0,0
14_33215287_A/C,0,0
16_2091594_G/A,0,0
1_236816460_G/C,0,0
17_38326603_G/C,0,0
12_121825271_C/T,1,0
2_71611483_C/T,1,1
19_38283640_G/A,0,0
4_145642366_T/A,1,1
7_138107506_C/T,1,1
5_37245845_C/A,1,1
6_57207714_C/G,1,1
1_152310858_A/G,0,0
2_127261315_G/A,0,0
17_44148521_C/T,1,1
12_52676296_A/G,1,1
17_64492697_C/T,1,1
2_47478483_G/T,1,1
17_75751112_G/C,1,1
17_18148130_G/T,1,1
17_49994684_G/A,0,0
11_59151912_T/A,0,1
2_189039318_G/A,0,0
X_153565099_C/T,1,1
16_16165767_C/A,0,0
12_49038462_T/C,0,0
1_215674918_A/T,1,1
1_119422432_C/T,1,1
18_34858312_T/C,0,0
17_67894157_A/T,0,0
19_11237542_G/A,1,1
16_70282656_G/A,0,0
16_23635585_A/G,0,0
11_108189245_A/T,0,0
19_50416638_G/A,0,0
18_46618235_A/G,0,0
7_117587738_G/A,1,1
X_53198976_C/A,1,1
15_66481771_C/T,0,0
12_48981590_G/T,1,1
9_99221799_C/T,0,0
9_137200160_A/G,0,0
9_114237703_C/G,0,0
19_1221948_G/C,1,1
1_150806018_T/G,1,1
17_58696861_T/A,1,1
14_102497607_C/A,0,0
3_52389575_C/T,1,1
2_227270915_C/T,0,1
6_44232906_A/C,1,0
2_165312085_C/T,1,1
12_110342429_A/G,1,1
17_746458_T/A,0,0
4_3493066_G/T,0,0
2_219077273_G/A,0,0
19_5110762_C/T,0,0
10_70598675_A/G,1,1
12_102844432_C/A,1,1
2_73572357_C/T,1,1
5_177235928_C/T,1,1
13_32319154_G/T,1,1
22_39861846_A/G,0,1
8_143329434_G/A,0,0
17_7670653_A/G,0,0
2_26254429_G/C,1,1
11_72434462_G/A,0,0
6_32220520_G/A,0,0
15_84840125_C/T,0,0
1_247424658_C/T,0,0
17_31265264_T/A,1,1
22_38145490_G/A,0,0
8_22115744_G/A,1,1
12_109591262_C/T,1,1
3_14132927_A/T,0,0
22_50218564_G/C,0,0
2_148929338_A/G,1,1
2_188995065_G/A,1,1
18_23560371_A/G,0,0
2_178570364_A/G,0,0
X_153740091_G/T,1,1
4_78464076_T/C,0,0
20_63661497_G/A,1,1
4_16000620_C/T,1,1
2_178588983_A/C,1,1
8_67132075_C/T,1,1
16_1518320_A/G,1,1
9_136396984_G/A,0,0
1_42757842_A/G,0,0
22_49909281_C/T,1,1
1_94011274_A/T,1,1
15_92979272_A/G,0,0
6_1610899_T/G,1,1
17_50190008_C/G,1,1
11_61779291_C/A,1,1
19_45553673_G/A,0,0
17_18173855_C/A,1,1
1_229432357_T/C,1,1
X_20176998_A/C,1,1
22_19516634_G/T,0,0
17_31221848_A/G,1,1
17_44351585_C/T,0,0
17_42538349_C/A,0,1
1_1342109_G/A,0,1
5_149038491_C/T,1,1
8_66128351_A/T,0,0
15_48474528_C/A,1,1
12_34024160_G/T,1,1
22_38120798_A/G,1,1
7_94427188_G/A,1,1
4_73587889_C/A,0,0
15_43048390_A/C,1,1
14_24261778_C/G,1,1
5_35873503_G/A,0,0
3_169127867_G/A,0,0
1_229432591_G/T,1,1
1_215647573_C/T,0,1
15_48534123_G/T,1,1
2_151656432_C/T,0,0
17_6477202_G/A,0,0
17_34991956_A/G,1,1
18_45866870_A/T,1,1
2_240874055_A/T,1,1
12_132754714_C/A,1,1
1_204979483_C/A,1,0
15_48463943_C/T,1,1
1_1228668_C/T,0,0
11_2572056_C/A,1,1
9_135770962_C/T,0,0
6_106583422_T/C,1,1
12_57750739_G/A,0,0
2_208245354_G/C,0,0
13_51950384_G/A,0,0
5_112843102_G/A,0,1
19_12896936_C/T,0,0
15_44651648_T/C,0,0
2_178576321_C/A,1,1
17_31235916_A/G,1,1
3_149178467_G/A,0,0
16_88814481_T/C,0,0
9_35063005_T/C,1,1
9_132326573_T/A,0,0
10_121500851_G/A,0,0
4_78466222_A/G,0,0
9_21333507_T/C,0,0
3_37007021_C/T,0,0
2_178568869_G/A,1,1
4_39447144_C/T,0,0
10_49745810_A/G,1,0
12_6057995_T/C,1,1
12_116003049_G/A,0,0
21_33554790_G/A,0,0
5_148124764_G/A,1,1
6_157181179_G/A,1,1
15_44613537_C/A,1,1
2_201632169_T/C,0,0
X_119089397_A/C,0,0
2_55643318_C/A,1,1
6_75102596_C/T,1,1
X_149498106_C/A,1,1
1_115744826_A/C,1,1
16_3770809_G/A,1,1
3_38726720_C/T,0,0
7_74219965_G/A,0,0
14_77377704_C/T,0,0
12_49051490_C/A,0,1
5_90646052_C/T,0,0
X_129560647_A/G,0,0
2_210660634_T/G,0,0
6_42698490_C/T,0,0
1_10267469_T/G,0,0
1_241504087_C/A,1,1
19_5680090_G/A,0,0
10_124398061_C/A,1,1
19_17778766_C/G,0,0
15_85741275_G/A,0,0
10_27935137_G/A,1,1
17_63948626_G/A,0,0
18_2697958_A/T,1,1
6_87518740_C/T,1,1
15_48505102_C/G,1,1
7_150948855_C/T,1,1
17_44886751_C/G,1,1
16_16173283_C/A,1,1
12_13615535_A/T,1,1
14_39170066_G/A,0,0
2_222934572_G/A,0,0
9_27212764_G/A,1,1
12_109498331_A/T,0,0
X_32464588_T/A,1,1
14_24261783_T/C,1,1
7_21901170_C/T,0,0
6_49459406_C/A,1,1
7_5394468_C/T,0,0
2_178554517_G/T,0,0
7_150959738_T/C,1,1
12_13567234_G/A,1,1
3_142499706_T/C,0,0
2_151562629_G/A,0,0
2_169504481_C/T,1,1
17_13017896_G/A,1,1
15_48474259_A/G,0,0
1_216190239_T/C,0,0
14_94378610_C/G,1,1
16_72104062_T/C,0,0
2_240873996_C/T,1,1
2_203955638_G/T,1,1
1_228212113_G/T,0,0
17_31258502_G/C,1,1
X_48520381_G/C,1,0
17_3941493_C/T,0,0
5_37020878_G/A,1,1
19_38500858_C/T,0,0
4_1975333_G/T,1,1
2_47475129_C/A,1,1
14_23400826_T/C,0,0
19_38464723_G/A,1,1
1_44001494_G/A,0,0
5_45262248_T/C,0,0
22_41137657_A/G,0,0
20_63963816_A/G,0,0
7_99425257_G/T,0,0
16_68823598_G/C,0,0
1_203698305_C/T,0,0
4_5694359_T/C,0,0
X_154534431_G/C,1,1
17_37577591_G/A,0,0
1_235787333_G/A,0,0
3_93886468_A/G,0,0
4_107947388_A/G,1,1
3_52409845_G/T,1,1
2_29920432_G/C,0,0
1_111787060_A/G,1,1
17_31159094_G/A,1,1
15_48452603_C/G,1,1
6_78963172_C/A,1,1
3_49057471_T/C,0,0
3_52406337_C/G,0,0
2_108751880_C/T,0,0
3_69119656_C/T,0,0
8_41932489_C/T,0,0
6_64626199_C/A,1,1
1_45327242_C/T,1,1
1_68439560_C/A,1,1
2_222221369_G/A,1,1
8_60865835_G/T,1,0
8_86625982_C/A,1,1
20_63444712_G/C,1,1
17_42544051_T/G,1,1
2_151678061_T/A,1,1
14_100276648_G/A,1,0
2_202556044_A/C,0,0
9_5069078_G/A,0,0
15_48220998_T/C,1,1
15_51212525_A/T,1,1
6_65334979_C/A,1,1
7_6003794_T/C,1,0
11_95836184_T/C,0,0
14_23535252_G/A,0,0
15_89273383_C/T,1,1
3_48640286_C/G,1,1
12_123630395_A/C,1,1
19_18080992_G/A,0,0
5_13714455_G/A,0,0
2_86263971_A/T,1,1
4_99613014_T/C,0,0
9_128508950_C/G,0,0
1_193142060_A/G,0,0
2_86264043_T/A,1,1
4_99608864_A/C,0,0
7_117542109_G/A,1,1
17_8012573_C/T,1,1
1_6085213_G/A,0,0
10_49740709_C/T,1,1
7_107689201_G/T,1,1
3_142458957_C/A,1,1
19_40800869_G/A,0,0
1_68439297_A/C,1,1
2_227089904_C/A,1,1
18_46604185_G/C,0,0
2_151562202_C/T,0,0
9_133067184_G/A,0,0
15_48448881_C/G,1,1
15_90760861_A/G,0,0
1_26696625_G/A,0,0
6_168652996_G/A,0,0
2_181678810_T/C,0,0
11_108294926_G/A,1,1
4_47952581_A/C,1,1
7_5989837_C/T,0,0
1_146020157_G/A,0,0
17_8006388_A/G,1,1
6_35509723_G/C,1,1
17_17796104_C/T,0,0
14_23425735_A/G,1,1
10_689570_G/A,0,0
19_13227476_C/T,0,0
22_20990424_C/G,1,1
17_61955465_A/C,1,1
5_90755167_C/T,0,0
1_241500435_A/C,1,1
5_177397833_C/A,1,1
5_119474441_G/A,0,0
12_47981387_C/T,1,1
5_1208820_G/A,1,1
16_2071510_G/C,1,1
11_66515538_A/G,1,1
11_549946_C/T,0,0
X_54467797_G/A,1,1
13_101067927_A/G,0,0
X_5903337_G/A,0,0
19_54983105_T/C,0,0
10_47353462_G/A,0,0
13_111267623_G/A,0,0
1_181772147_A/G,0,0
21_26844710_T/C,0,0
9_94603504_A/G,0,0
15_89649177_C/T,0,0
5_177257104_G/A,1,1
5_41161776_T/A,1,1
6_64439228_G/T,0,0
15_48537668_G/A,1,1
18_12720641_G/A,0,0
11_71442315_C/T,0,0
16_28900841_C/A,1,1
1_21564210_C/T,0,0
5_128332911_C/T,1,1
7_117611664_G/T,1,1
17_44759765_C/T,0,0
2_188993389_G/A,1,1
2_26537776_T/C,1,1
2_73449963_C/T,1,1
15_48483816_A/G,1,1
13_23339452_G/T,1,1
10_14953901_C/A,1,1
X_77682190_T/C,0,0
3_136343930_T/C,0,0
11_77213859_G/A,1,1
2_188997746_G/A,1,1
20_13801584_G/A,0,0
5_90781484_A/G,0,0
4_113517631_C/T,1,1
7_41966098_A/G,0,0
20_3200020_C/A,0,1
11_77201639_G/A,1,1
1_108157482_G/A,1,1
X_32287695_T/A,1,1
7_128844024_C/T,1,1
2_201746749_C/T,1,1
19_1037767_G/A,1,1
9_35095370_G/A,1,1
12_94312949_T/C,0,0
11_68043853_G/A,0,0
16_56870699_T/C,1,1
9_137971543_T/C,0,0
3_196052113_G/A,0,0
10_86680145_C/A,0,0
9_6605209_T/A,0,0
19_1456115_C/T,0,0
9_78308413_G/A,1,1
5_74720672_T/C,1,1
7_47904437_C/T,1,1
17_31338777_T/G,1,1
11_2167014_C/G,0,0
1_945633_A/C,0,0
15_48481743_T/G,0,0
9_34514544_T/G,1,1
16_88433131_C/T,0,0
14_74260611_C/T,0,0
1_44828141_C/T,0,0
X_130051971_A/G,0,0
17_68525876_G/A,1,1
4_113274550_A/C,0,0
21_36765011_C/T,1,1
17_74301169_G/A,1,1
X_154359482_A/C,1,1
5_14389399_G/A,1,1
12_1885968_T/C,0,0
11_101504534_A/G,0,0
1_197090328_G/A,1,1
17_36537941_A/G,0,0
3_3102726_C/A,0,0
15_67165034_A/T,1,1
3_189864392_A/G,1,1
10_70598553_G/A,1,1
9_95249226_C/T,1,1
X_154904999_G/C,1,1
22_50233478_G/A,0,0
2_165331560_G/A,1,1
3_37025635_A/G,1,1
17_44258590_G/A,1,1
12_51765672_T/A,1,1
12_5969377_C/T,1,1
19_40397497_G/A,0,0
9_2718384_G/C,0,1
12_25227343_G/T,1,1
2_135788483_G/C,0,0
5_136055795_T/G,1,1
12_51806887_C/G,1,1
19_38502548_C/A,0,0
6_73482087_T/C,0,0
9_136497511_G/A,0,0
19_18787500_C/A,1,1
14_104701583_G/A,1,1
2_237368729_G/T,0,0
5_37048660_C/T,1,1
15_64963704_G/A,0,0
12_50353211_G/T,0,0
1_171117149_G/T,1,1
7_141651591_C/A,1,1
4_122934545_C/A,1,1
16_89562383_G/A,0,0
17_31338806_G/C,1,1
3_52407956_A/G,1,1
11_64759747_T/C,1,1
3_142542719_A/G,0,0
12_101786136_G/A,0,0
15_44595461_T/C,1,1
12_69587543_T/G,0,0
9_132905780_G/A,1,1
12_57765212_C/T,1,1
17_7674263_A/G,1,1
20_46725431_G/C,1,1
1_113895191_T/C,0,0
8_43122599_C/T,0,0
21_45998960_G/A,1,1
19_46756537_G/C,1,1
3_38739612_T/C,0,0
X_133027336_G/A,0,0
11_57598305_T/G,1,1
10_60073270_A/G,0,0
18_12356822_G/A,1,1
16_87904785_C/G,1,1
1_152306769_G/C,1,1
5_74720491_A/G,1,1
2_189011733_C/T,1,1
16_89279782_C/A,1,1
13_100111864_T/C,0,0
5_134201069_G/A,0,0
X_32518024_A/T,1,1
7_116739958_T/G,0,0
6_51868057_T/C,0,0
7_100817303_C/A,1,1
3_49421549_C/T,0,0
20_10644385_C/T,1,1
3_196503054_G/A,0,0
11_116791677_G/T,0,0
2_47805025_C/G,1,1
8_143925642_C/T,0,0
9_136197343_T/C,0,0
1_21568117_G/T,1,1
X_11772246_C/T,1,1
14_21393744_G/A,0,0
X_32364642_A/G,0,0
11_47342578_C/T,1,1
2_61839516_C/T,0,0
1_42929603_C/T,1,1
3_50342442_C/T,0,0
18_2750123_G/A,1,1
X_55015623_G/A,1,1
3_142562694_C/T,0,0
1_11213489_A/G,0,0
15_72353067_C/T,1,1
8_30842753_G/A,1,1
11_119278269_T/G,1,1
4_169697529_G/T,1,1
3_53749325_C/T,0,0
3_10048046_C/T,1,1
5_112775738_G/C,1,1
2_88627260_G/A,0,0
6_52025995_C/T,1,1
6_160024661_C/T,0,0
2_178621517_G/A,1,1
19_43511536_T/A,1,1
12_102840461_G/T,0,0
2_165388765_G/C,1,1
3_52454008_T/A,1,1
20_32795464_C/T,0,0
2_210608502_T/G,0,0
1_201364336_G/A,1,1
3_93877110_C/A,1,1
12_115987290_T/C,1,1
4_967566_C/T,0,0
14_21461208_A/G,0,0
9_127854305_G/A,0,0
3_149902115_T/C,0,0
7_21717895_C/T,0,0
16_68813360_A/G,0,0
2_209877962_C/T,0,0
10_101015689_G/A,1,1
3_171014573_A/T,0,0
17_31201068_C/G,1,1
8_19951894_G/A,0,0
4_2198713_G/A,0,0
1_171092791_G/T,1,1
17_8013144_C/T,0,0
11_68386644_C/G,0,0
2_227276465_C/T,1,1
2_168979968_A/G,0,0
6_32042353_G/A,1,1
17_30894625_G/T,0,0
X_30308773_G/T,1,1
1_216327589_A/G,1,1
2_178620880_C/A,1,1
10_102504215_T/C,0,0
6_87541972_C/T,0,0
X_31209656_C/T,0,0
16_89100801_G/C,0,0
11_2585213_G/A,1,1
12_12717902_G/A,0,0
21_33582046_G/A,0,0
1_92480736_C/A,0,0
19_13275867_C/T,0,0
1_2303383_G/A,0,0
6_32067791_C/G,0,0
9_126693602_G/A,1,1
6_79491686_G/A,1,1
X_31507314_C/T,1,1
22_20431972_A/G,1,1
1_12825503_G/T,0,0
15_89320821_G/A,1,1
12_102852845_T/C,1,1
9_133352516_C/T,1,1
12_47984121_C/T,1,1
7_107563837_C/T,0,0
6_63999180_G/C,1,1
19_7122658_G/T,1,1
19_11107480_C/A,1,1
3_38586015_T/G,0,0
14_50182521_A/C,1,1
18_49837561_G/C,0,0
12_132643234_A/G,0,0
6_39026553_C/T,0,0
17_8003752_C/T,0,0
8_132869747_C/T,0,0
3_169121105_C/T,0,0
17_18249159_A/G,0,0
7_117603542_C/T,1,1
X_85956379_C/A,1,1
17_59697927_C/T,0,0
1_161781974_G/A,1,1
1_39293508_T/G,0,0
12_4912803_T/A,0,0
9_104845506_G/A,0,0
7_94404702_G/A,1,1
1_68444592_G/T,1,1
2_178795021_G/A,0,0
2_178561325_C/T,0,0
6_80203100_A/G,1,1
2_25161546_G/A,0,0
11_108189161_T/C,0,0
8_74351372_C/T,0,0
3_48588932_C/T,0,1
5_132272091_C/T,0,0
X_29399160_C/A,1,1
5_177995888_G/A,1,1
2_170859819_C/T,0,0
12_65171119_G/A,1,1
17_59890847_A/G,0,0
10_80163573_T/A,0,0
X_46613391_G/A,0,0
12_2691043_A/G,0,0
20_18560673_C/A,1,1
16_3729806_C/A,0,0
7_44149814_T/C,1,1
19_50406211_G/A,0,0
9_135714649_G/A,0,0
6_42721856_T/G,1,1
4_625917_C/A,1,1
17_18119847_C/T,0,0
21_46115908_G/A,1,1
7_21880764_C/T,0,0
3_129528783_C/T,1,1
2_96809338_C/T,1,1
17_31206373_T/C,1,1
13_32346896_G/A,1,1
17_8147253_C/T,0,0
16_56888029_C/T,0,0
16_2072364_G/T,1,1
3_120674957_A/T,1,1
X_32484931_C/A,1,1
11_61951875_C/T,0,0
X_100408063_T/A,1,1
2_73601265_T/A,1,1
9_32550894_C/T,0,0
18_23857990_T/G,1,1
15_89317375_C/T,1,1
1_108200067_G/A,0,0
11_108365437_T/C,0,0
10_71819112_C/A,1,1
14_67798080_G/A,1,1
16_2297330_G/A,0,0
3_179198938_G/A,1,1
5_149978006_G/T,0,0
1_201085533_C/T,0,0
17_80118359_T/A,1,1
16_89280818_G/A,0,0
11_103173177_G/A,0,0
2_38997323_G/C,1,1
12_102852868_G/T,1,1
X_70035361_T/G,1,1
1_156134481_C/T,1,1
10_71789044_T/C,1,1
17_17216379_C/G,1,1
8_76983511_C/T,1,1
11_108244922_G/A,1,1
15_51536542_A/G,0,0
5_13829693_A/C,1,1
X_154535344_G/A,0,0
9_95111564_G/A,1,1
19_47839658_G/A,0,0
X_67717559_G/C,1,1
5_228235_C/T,0,0
9_126615499_T/A,1,1
17_44071157_C/A,0,0
9_135758435_C/T,0,0
6_7575339_T/C,0,0
19_39825778_A/C,0,0
2_151561067_G/A,0,0
2_240758419_G/A,0,0
2_44326930_T/G,1,1
22_38116155_C/T,1,1
8_143922189_T/C,0,0
11_36592829_G/C,1,1
X_133305825_G/A,0,0
6_63806229_G/A,1,1
10_102832565_C/T,1,1
11_60462440_T/C,0,0
1_12257053_C/T,1,1
4_145112254_G/A,0,0
10_102504335_G/A,1,1
1_45332311_C/T,1,1
X_85981736_C/A,1,1
17_18148495_G/A,1,1
16_88435840_G/A,1,1
5_128261849_C/T,0,0
4_113358143_G/A,0,0
X_50072487_A/T,1,1
16_1205143_C/A,0,0
11_17393009_G/A,0,0
5_159316802_G/A,0,0
19_48230594_G/A,0,0
2_178611592_A/G,0,0
12_117476514_T/C,0,0
1_156136094_G/T,1,1
2_208248495_A/G,0,0
11_108282815_G/T,1,1
4_54699640_T/C,0,0
2_178597751_G/A,1,1
16_2100567_C/G,1,1
12_49050612_G/A,0,0
X_108595507_A/G,1,1
3_12416775_C/A,0,0
2_47805010_C/G,1,1
14_105051155_C/G,0,0
16_88810480_C/A,1,1
2_178580113_G/A,1,1
1_22491403_G/A,0,0
9_130885185_G/A,0,0
6_136826387_G/A,1,1
3_49022925_G/A,0,0
19_48398636_C/T,0,0
21_45999193_G/A,1,0
9_35095149_G/T,0,0
5_112839506_A/C,0,0
10_102835343_T/A,1,1
5_14374345_T/C,1,1
7_117664861_G/A,1,1
2_218344522_G/A,0,0
2_232523942_T/C,1,1
17_61743136_T/C,1,1
1_11661162_C/T,0,0
1_197102228_G/A,0,0
1_169728076_C/G,0,0
5_112819283_T/A,1,1
14_22780020_G/C,0,0
6_160741317_C/A,0,0
8_86611624_G/T,0,0
22_50448582_C/T,0,0
9_93293129_C/G,0,0
9_137162210_G/C,0,0
8_103328400_C/T,1,1
17_62600689_T/C,1,1
10_71344292_G/A,1,1
1_209792378_G/T,1,1
7_94420568_G/C,1,1
1_151290801_C/T,0,0
6_42704564_G/T,1,1
6_69741788_C/A,1,1
12_47974273_A/T,1,1
7_44107645_C/T,0,0
15_34250351_T/C,0,0
15_48425791_A/G,0,0
2_231276663_A/G,0,0
7_94425759_G/A,1,1
3_129586630_G/C,0,1
2_127286716_C/T,0,0
2_28752151_C/T,0,0
X_19351324_A/G,1,1
6_33438920_G/C,1,1
16_10902099_C/A,0,0
13_20188941_A/C,1,1
5_37048502_G/A,1,1
5_112839474_C/T,1,1
X_38369811_C/T,1,1
11_78676311_C/T,0,0
9_134820224_G/C,1,1
13_23339181_A/G,0,0
1_115738281_C/A,1,1
2_26450086_G/A,1,1
20_49374430_G/T,1,1
6_70232770_T/C,0,0
19_15187976_C/T,1,1
1_9720762_C/T,0,0
9_136510714_G/A,0,0
4_15502924_G/A,1,1
14_105380974_G/A,0,0
3_148741977_C/G,0,0
1_39966851_C/T,0,0
12_47975970_C/G,1,1
11_5841870_G/A,0,0
8_99854183_C/T,0,0
19_16495785_C/T,0,0
7_147132243_A/C,1,1
13_110170688_C/G,1,1
12_114394894_C/G,1,1
18_23535524_A/C,1,1
1_150557943_A/G,1,1
X_129569367_C/T,1,1
11_64809689_G/A,1,1
13_87677903_G/C,1,1
12_13616467_C/T,0,0
X_32645080_G/A,1,1
19_38585981_G/A,0,0
12_123734003_T/A,1,1
7_94425660_C/T,0,0
11_71437850_C/T,1,1
17_45271070_C/G,0,0
8_143923047_C/A,0,0
11_66052425_A/C,0,0
1_241504106_A/C,0,0
2_240875134_A/T,1,1
14_104947978_C/G,0,0
X_32390142_C/A,1,1
9_127676730_C/T,1,1
6_129315918_C/T,1,1
5_74715533_T/C,1,1
9_127818818_G/T,1,1
2_215312580_C/T,0,0
17_8542201_A/G,1,1
13_38876384_T/C,1,1
18_57554894_A/G,1,1
16_89280929_G/A,0,0
1_109263669_G/A,0,0
1_155521194_C/T,1,1
6_49451496_G/A,0,0
5_132595572_G/A,1,1
9_128325882_G/A,1,1
6_42978893_C/T,0,0
9_93259527_C/T,0,0
2_178654485_C/T,0,0
13_32339737_A/T,0,0
1_17005530_T/C,0,0
7_128846744_G/C,1,1
18_31531217_T/C,0,0
13_23338866_A/C,1,1
16_23398045_C/T,1,1
9_95480590_T/C,1,1
13_32331031_G/C,1,1
19_38573197_G/A,0,0
14_77320450_C/A,1,1
6_156779171_G/T,0,0
11_68047787_C/T,0,0
2_185805377_A/C,0,0
18_27990264_G/T,0,0
7_92001540_G/A,0,0
3_48586973_T/G,1,1
11_124895650_C/T,0,0
9_136432562_C/T,1,1
11_93675577_G/A,0,0
22_20996802_G/C,1,1
17_82437317_G/A,0,0
X_14607147_T/A,0,1
10_86923600_C/T,1,1
2_96797084_G/A,1,1
4_2061052_C/T,0,0
5_37036452_T/G,1,1
2_169206901_A/G,0,0
10_99799353_G/T,0,0
17_8014700_C/G,1,1
2_219448472_G/A,0,0
17_11757651_C/T,0,0
2_241651023_C/T,0,0
20_36951560_T/C,0,0
9_441315_C/G,0,0
2_32115774_A/T,1,1
3_37012100_G/T,1,1
16_89957654_G/A,0,0
21_25911925_G/A,0,0
17_37731729_C/G,1,1
3_77550886_C/T,0,0
1_226882036_C/T,0,0
14_102042271_C/T,0,0
6_152201950_C/T,1,1
7_10938852_T/C,0,0
7_157385556_T/G,0,0
6_52025952_C/T,0,0
11_47347669_C/T,0,1
16_23635111_G/A,1,1
12_108788877_G/A,0,0
6_32040685_T/A,1,1
16_2072353_T/C,1,1
15_89333187_G/A,1,1
1_40310734_G/A,1,1
7_100629355_C/G,1,1
16_89761953_C/A,1,1
8_144515041_A/C,0,0
17_65530093_G/A,0,0
6_143471007_T/G,0,0
12_52367238_G/A,0,0
16_23635180_C/A,1,1
2_127428485_G/A,1,1
14_91321162_C/T,0,0
10_96207901_T/C,1,1
6_170561958_A/G,0,0
1_235809960_C/T,0,0
12_78197280_C/T,1,1
7_12377920_G/A,0,0
19_45352505_C/G,1,1
12_80678605_C/T,1,1
5_1801504_G/A,0,0
6_75151866_C/T,1,1
8_47854118_A/G,0,0
20_18473448_A/C,0,0
5_177994153_G/A,1,1
9_6534789_C/G,1,1
7_117530951_A/G,1,1
8_19505817_C/A,0,0
6_10796262_C/T,0,0
16_1511014_C/T,0,0
2_206124248_C/T,1,1
17_39530653_C/T,0,0
8_47826787_T/C,0,0
9_37745443_G/A,0,0
16_28902352_T/C,0,0
17_80099740_A/G,0,1
19_13912411_C/G,0,0
4_118768222_G/A,0,0
8_142917058_C/A,1,1
2_26191256_G/A,0,0
10_102645067_C/T,0,0
15_90761157_C/A,1,1
12_40225616_T/C,0,0
15_71898114_A/G,0,0
17_59666899_C/T,1,1
1_94077748_C/T,1,1
11_47359953_T/G,0,0
8_99520916_G/T,1,1
3_14168364_C/T,0,0
8_18069873_C/T,0,0
2_26537731_C/T,0,0
17_8312306_T/C,0,0
14_23389600_G/T,0,0
2_178560364_G/A,1,1
1_244863839_C/T,0,0
5_151859943_G/T,1,1
2_135807131_A/T,1,1
16_2099955_G/A,1,1
1_31739501_G/C,0,1
12_4912363_C/T,1,1
12_14683119_G/A,0,0
19_13299020_G/A,0,0
19_847877_C/G,0,0
14_94383094_G/A,0,0
16_67647767_G/C,1,1
11_5226789_C/A,1,1
19_11243077_G/A,1,1
17_82079236_G/A,0,0
1_119940567_C/T,0,0
6_135442683_G/C,1,1
10_87957866_G/T,0,0
9_27202872_A/G,0,0
3_11017910_C/T,0,0
1_12282758_C/T,0,0
7_21749788_C/T,0,0
14_67724543_G/A,1,1
16_67649860_G/A,0,0
6_31960461_T/C,0,0
21_34792366_G/A,0,0
3_127007853_C/T,0,0
1_202756393_G/A,1,1
1_63419380_C/T,1,1
17_31327783_T/C,0,0
8_38426247_T/C,1,1
14_23424968_C/G,1,1
12_132748238_C/T,1,1
16_89694713_C/A,0,0
14_45173132_A/G,0,0
2_27480124_G/A,1,1
14_28768449_C/A,1,1
16_2111063_C/T,0,0
5_71643827_C/T,1,1
1_99892583_C/T,1,1
13_32326284_T/G,1,1
11_64808014_C/T,0,0
16_2106178_A/C,1,1
3_10142968_G/A,0,0
12_13571825_G/A,1,1
X_154365206_C/A,1,1
11_20601326_G/A,0,0
16_89305346_T/C,1,1
7_117559491_G/A,1,1
X_11772188_C/A,1,1
18_70092703_A/G,0,0
12_109511304_G/A,1,1
17_50199949_T/C,1,1
1_197477696_C/T,0,0
15_48121070_G/A,1,1
17_80112049_A/T,1,1
17_50190110_T/C,1,1
13_23339307_C/T,1,1
5_140557220_C/T,0,0
2_127289399_G/A,1,1
2_227103146_T/A,1,1
7_103556983_T/C,1,1
X_31180483_T/G,1,1
3_25733901_G/A,1,1
15_48494245_C/G,1,1
12_57766084_G/A,0,0
16_3254471_G/C,0,0
15_89648330_G/C,0,0
1_161306776_C/G,1,1
2_43947372_T/C,1,1
3_48589669_T/G,0,0
12_115991414_A/G,0,0
17_7674251_A/G,1,1
22_50627330_C/A,1,1
3_181712637_G/T,1,1
X_154420705_C/G,0,0
2_202467641_A/G,1,1
4_5808288_C/T,0,0
16_47596398_T/G,1,1
19_38291845_G/C,0,1
11_108304759_C/T,0,0
7_107702026_T/C,1,1
20_9384283_C/T,0,0
8_142876242_G/A,1,1
20_46689243_C/A,0,1
2_29920033_G/A,0,0
6_87255301_C/T,1,1
12_2581667_T/C,1,1
7_92503105_A/T,1,1
12_65239970_C/T,1,1
2_44326724_C/G,0,0
2_229769293_G/A,0,0
16_57752799_C/T,0,0
6_73003943_T/G,1,1
2_178567060_C/T,0,0
22_50455050_G/A,0,0
18_657838_G/A,0,0
12_47976539_C/A,1,1
20_63674095_T/C,1,1
5_126570780_A/G,1,1
17_42219829_C/T,0,0
7_94416504_G/A,1,1
6_43222790_C/T,0,0
7_55198760_T/A,1,1
10_102065929_C/G,1,1
16_2090591_C/A,1,1
8_86632768_G/A,1,1
X_153954241_G/C,0,0
5_127445495_C/T,1,1
6_117703632_T/G,1,1
6_160711189_T/G,0,0
4_127700059_A/C,1,1
1_225381539_T/G,0,1
1_45329356_G/T,0,0
2_178620848_G/T,0,0
X_48792374_G/C,1,1
2_85888870_A/G,0,0
17_35106479_T/C,0,0
5_55964180_T/G,0,0
3_114236765_G/A,0,1
14_74516943_T/A,1,1
16_29813240_G/T,0,0
1_204198489_C/T,0,0
1_169541022_G/A,0,0
1_247424227_C/T,1,1
1_35893727_C/T,1,1
2_177680861_G/A,0,0
X_153954680_G/A,0,0
5_126568271_G/A,1,1
8_68192442_G/A,0,0
5_177515722_T/C,0,0
12_40225233_G/A,0,0
22_46353868_G/C,1,1
16_19071951_A/C,0,0
15_48448813_A/G,1,1
2_47373506_G/C,0,0
19_13308481_A/G,0,0
11_121118355_C/T,0,0
4_83264287_A/G,0,0
6_157200951_C/T,1,1
17_44071133_G/T,0,0
9_133639910_A/G,0,0
13_48376986_G/A,0,0
7_92213343_A/T,1,1
2_165770481_T/A,1,1
4_17492328_T/C,1,1
2_43877679_A/G,0,0
12_121923628_C/T,1,1
1_161307426_T/G,1,1
11_64746731_G/C,0,0
15_57438044_T/C,0,0
14_101986358_C/T,0,0
16_68829669_C/T,1,1
9_84723616_G/A,0,0
13_32363500_A/C,0,0
2_169014321_T/C,0,0
8_43197696_A/T,1,1
9_78262943_G/T,1,1
2_240757369_G/A,0,0
15_48495504_T/A,1,1
4_2639842_A/G,0,0
16_2111261_G/A,0,0
16_89935314_A/C,1,1
2_29197600_G/A,0,0
2_161418935_A/C,1,1
11_108281062_T/A,1,1
1_17024076_T/C,1,1
14_67793657_G/C,1,1
7_82012235_C/T,0,0
12_112450358_G/A,1,1
17_78133543_G/A,1,1
8_89955453_T/C,0,0
6_29672739_G/C,1,1
X_32386378_C/A,1,1
8_41695220_A/T,1,1
2_160137686_C/T,0,1
15_89321192_A/G,0,0
3_53801198_G/A,0,0
1_102914407_T/C,1,1
11_2583453_G/A,1,1
2_28778852_A/G,0,0
2_47835997_G/A,1,1
17_7224808_G/A,1,1
5_224509_T/C,0,0
5_128330578_C/T,1,1
4_108019546_A/G,0,0
3_33018483_C/A,1,1
12_108568856_C/T,0,0
17_42543848_C/T,0,0
1_36471617_C/T,0,0
11_121168135_C/T,1,1
X_154031105_T/C,0,0
1_183023781_C/T,0,0
10_69924962_G/C,1,1
17_80210620_C/T,0,0
9_130458582_C/T,1,1
11_17772006_G/A,0,0
1_228288773_G/C,0,0
13_114324326_G/T,0,0
1_172442212_C/T,0,0
2_47429742_A/T,1,1
16_89281496_G/T,0,0
13_77901208_C/T,1,1
7_45083528_C/T,0,0
6_136822797_T/G,1,1
3_48590815_C/A,0,0
12_68741842_T/C,0,0
18_63362787_G/A,1,1
X_38408984_A/T,1,1
22_19883334_G/A,0,0
17_74299716_A/C,1,1
2_227290039_A/G,0,0
13_23375271_T/C,1,1
8_144412598_C/G,0,0
8_22163435_G/C,1,1
3_81642991_C/T,1,1
4_168711915_A/G,0,0
3_52399009_C/T,0,0
15_74367433_G/T,0,0
4_15553306_G/A,1,1
X_153726158_G/A,1,1
4_76169975_G/A,0,0
2_189572942_C/T,0,0
6_136846171_T/G,0,0
2_38075011_C/T,0,0
16_68828209_A/T,1,1
21_32646391_A/C,1,1
9_72754809_C/T,0,0
4_25127321_A/G,0,0
X_100406973_G/C,1,1
11_47347872_G/T,1,1
3_4452904_A/C,1,1
20_33021776_G/A,0,0
22_50675158_G/T,0,0
11_22250372_G/T,1,1
3_69938010_C/T,0,0
2_178657535_C/T,0,0
7_128854520_G/A,0,1
5_13900376_A/G,0,0
5_150367876_C/A,0,0
9_2096704_G/A,0,0
22_50627004_C/A,1,1
15_62819582_G/A,0,0
X_107645201_G/A,0,0
17_31349244_C/G,1,1
19_48966367_G/A,0,0
1_154273450_C/T,0,0
2_178602285_G/A,1,1
2_47799168_A/G,0,0
3_127014710_G/A,1,1
1_11800323_C/T,1,1
11_89227955_A/G,1,1
1_225886863_T/G,0,0
17_68523817_G/A,1,1
1_235809156_G/T,0,0
6_42698419_C/T,1,1
10_99831724_G/A,1,1
2_240630328_G/A,0,0
X_100408470_G/A,1,1
21_32684059_C/T,0,0
6_64945792_C/G,1,1
15_48797394_G/A,0,0
10_34341696_T/C,1,1
2_190902026_G/A,1,1
11_36574690_C/G,0,0
12_104251602_G/C,0,0
X_22221705_C/T,1,1
20_63495907_A/G,0,0
5_126577145_T/C,1,1
2_190252289_C/T,1,1
3_50342964_G/A,0,0
3_128893553_A/G,1,1
2_162306767_G/C,0,0
5_119129380_C/T,0,0
12_47983685_G/A,1,1
22_50722004_G/T,1,1
17_45845825_C/T,0,0
19_7682306_C/T,0,0
9_131073265_C/T,0,0
15_38351504_C/A,1,1
11_6616313_A/C,1,1
12_115982526_A/T,1,1
11_617620_C/T,0,0
15_89329021_G/T,0,0
6_78946118_G/A,1,1
12_4912363_C/A,1,1
12_32755623_T/G,0,0
10_99718436_G/C,0,0
8_27294212_G/A,0,0
2_25251930_C/G,0,0
8_42316261_C/T,0,0
X_154957013_G/A,1,1
7_21543325_T/G,0,0
8_99871590_C/T,1,1
16_72104077_C/T,0,0
11_6570008_G/A,1,1
2_215424162_G/A,0,0
13_32332879_G/A,0,0
16_68823557_C/T,1,1
9_137453084_G/A,0,1
1_119422501_C/T,1,1
10_99793969_A/T,0,0
13_110195023_C/A,1,1
5_225960_C/T,0,0
11_123634167_G/A,0,0
2_3388407_C/T,0,0
9_128608048_A/C,1,1
X_108575911_G/T,1,1
12_47974312_T/C,0,1
8_144413541_C/T,0,0
1_94041352_C/T,1,1
11_68044292_G/A,1,1
15_67187457_C/T,1,1
15_89315318_C/T,1,1
15_91006990_G/A,0,0
18_79410872_C/T,0,0
17_46038560_G/T,1,1
14_91976178_G/A,1,1
5_131199530_G/A,1,1
12_49046416_G/C,1,0
5_90629215_G/A,0,0
11_65554151_G/A,0,0
2_201728616_G/A,1,1
7_94409795_G/A,1,1
9_137236233_G/A,0,0
2_47813318_T/G,1,1
9_12694382_G/C,1,1
8_23007411_G/C,0,1
X_49122469_C/T,0,0
1_17027779_A/T,1,1
4_78430326_G/T,0,0
7_138747566_T/C,1,1
2_102386892_G/A,0,0
2_165307893_A/G,0,0
22_35393583_G/A,0,0
11_64739447_C/T,0,0
14_64051725_A/G,0,0
6_64066439_T/G,0,0
8_99778903_C/T,1,1
8_132900235_A/G,1,1
2_191036251_G/A,0,0
X_37809605_T/G,1,1
5_55968353_C/T,0,0
6_33171822_T/A,1,1
X_22077578_G/A,1,1
2_64636617_C/T,0,0
13_38878133_G/C,1,1
12_123256939_A/T,1,1
11_66704945_G/A,0,0
1_215970652_C/T,0,0
20_46725990_C/T,0,0
2_196844575_C/T,1,1
6_33164891_C/G,0,0
6_43008385_C/T,0,0
1_161307403_A/G,1,1
2_199368604_C/T,1,1
17_50078051_G/A,0,0
1_216078142_C/A,1,1
6_51744440_T/A,0,0
9_135765732_C/A,1,1
19_38500991_G/A,1,1
7_107701110_G/T,1,1
6_152458913_G/C,0,0
5_149944388_G/A,0,0
10_122572320_C/T,0,0
X_71223979_T/C,1,1
10_133368960_C/G,1,1
8_143215033_T/G,1,1
12_132664399_G/T,0,0
20_63693285_T/C,1,1
2_151656177_C/T,0,0
2_74461772_C/T,0,0
17_50192797_A/G,0,0
13_20189332_C/T,1,1
12_120516644_C/T,0,0
1_154273853_T/C,0,0
2_151562674_C/T,1,1
19_43527142_C/T,0,0
9_127818733_G/A,1,1
7_105551664_A/G,0,0
11_6626168_C/A,1,1
11_66564632_A/G,1,1
22_32191184_C/T,0,0
9_101425528_T/A,1,1
9_2081902_G/C,1,1
15_69426160_G/A,0,0
X_100406942_G/A,0,0
7_107962998_G/A,0,0
2_43825007_T/C,0,0
11_72195389_G/A,1,1
2_151696724_T/G,0,0
14_100277530_A/C,1,1
18_46547033_G/A,0,0
11_6626616_T/A,0,0
6_51911798_C/T,1,1
8_133133591_C/T,1,1
21_42485780_G/T,1,1
X_72627051_T/A,1,1
2_232459101_G/A,0,0
17_75758113_C/G,0,0
4_122344561_G/A,1,1
5_112828888_G/A,1,1
12_88086096_A/G,0,0
3_136261951_G/A,1,1
2_151640034_C/T,1,1
11_47339705_G/A,0,0
5_40936337_G/T,1,1
1_197142886_C/A,1,1
15_48487074_C/A,1,1
1_179561347_A/C,1,1
2_217817739_G/A,0,0
17_44378413_G/A,0,0
17_59666825_C/G,1,1
6_33438439_C/T,0,0
6_51903728_C/A,1,1
5_87268892_G/C,0,0
X_53409260_T/G,0,0
13_47988685_A/G,0,0
1_237783938_G/A,1,1
6_110101791_G/A,1,1
17_80112966_G/A,1,1
19_17339005_G/T,1,1
10_71732120_G/T,0,0
4_157360103_A/G,1,1
15_48596379_C/T,1,1
7_124829279_C/G,0,0
6_129366359_A/T,1,1
10_14934428_A/G,0,0
5_150372017_A/G,0,0
2_178602591_C/G,1,1
1_94062581_C/A,1,1
3_39411706_C/T,1,1
18_51048738_G/A,1,1
5_148416041_C/T,0,0
7_5527873_G/A,1,1
3_136329946_C/T,1,1
7_148817297_A/G,0,0
2_169243443_A/G,0,0
4_78507599_A/G,0,0
17_31181775_T/G,0,0
6_116627892_A/C,0,0
15_48738668_A/G,0,0
2_71612727_C/T,0,0
2_32128480_G/A,1,1
19_52001831_A/G,0,0
17_50197776_C/G,1,1
1_40831229_C/T,1,1
16_57656569_C/A,0,0
11_95849673_C/T,1,1
8_130909797_G/A,0,0
17_31995763_G/A,1,1
1_42929316_T/G,1,1
19_32933659_A/G,0,0
6_43045995_T/C,0,0
22_50455407_C/T,0,0
8_143728601_G/T,1,1
15_48513612_C/A,1,1
12_13615212_C/A,1,1
1_154992772_C/T,0,0
17_75754595_G/A,0,0
16_57904851_A/G,0,0
12_49954647_C/G,1,1
10_71810570_G/A,1,1
2_88575017_C/T,0,0
2_165380660_T/G,1,1
19_8390449_A/G,0,0
13_48465218_C/G,1,1
16_89112091_G/A,1,1
16_27773211_T/C,1,1
19_4171888_C/T,0,0
12_117234641_G/A,0,0
4_122923227_G/T,1,1
8_41932581_G/T,1,1
X_154987302_C/T,1,1
1_152310100_G/A,1,1
6_152430650_G/T,0,0
19_38502552_C/T,0,0
11_95827873_C/T,1,1
1_244860386_T/G,0,0
13_23356008_C/T,1,1
12_18640452_C/T,0,0
2_178756694_A/G,0,0
15_56094645_G/A,1,0
3_58105134_G/A,1,1
1_11790785_C/T,0,0
9_127663353_G/T,1,1
20_58669389_G/A,0,0
17_60158069_C/G,0,0
2_189561896_T/C,0,0
X_32217062_G/A,1,1
X_130013837_G/A,0,0
8_28717418_A/G,0,0
11_128840250_T/A,0,0
7_44145570_G/T,1,1
1_23077281_G/A,0,0
X_150598597_G/T,1,1
X_83509240_C/T,1,1
9_34647260_T/C,1,1
2_178569068_C/T,0,0
7_117531076_C/T,1,1
22_50221008_G/T,0,0
2_178563527_G/A,0,0
X_41671498_G/A,0,0
6_24533564_T/A,1,1
2_227059598_C/G,0,0
4_113358506_T/C,0,0
6_31860260_T/C,1,1
22_19880628_G/A,0,0
10_53809481_T/C,0,0
19_590165_C/A,0,0
3_24133461_G/A,1,1
7_82953888_C/T,0,0
5_177995824_C/T,1,1
15_34792255_T/C,1,1
10_110781880_T/C,0,1
7_150945497_C/A,0,0
11_2583434_G/A,1,1
19_39268684_T/C,0,0
5_485233_T/C,1,1
17_31360485_A/T,1,1
16_30756237_T/C,0,0
3_155084178_C/G,1,1
3_52402608_G/A,1,1
7_33264375_G/T,1,1
10_25396011_G/A,0,0
2_178613052_T/A,1,1
11_108272853_G/A,1,1
8_41974777_A/G,0,0
11_46890364_G/A,0,1
12_51915501_G/A,1,1
12_47989768_C/A,1,1
7_158923722_C/T,1,1
9_77220083_T/G,1,1
2_178575677_G/A,0,0
10_110965018_T/C,0,0
5_80654754_C/T,0,0
X_48512659_G/C,1,1
17_31169957_T/G,1,1
19_38463746_G/A,1,1
16_53672953_G/A,1,1
8_133262114_G/A,1,1
14_75047186_T/C,0,0
13_32376792_G/T,1,1
19_8589354_G/T,1,1
8_143817103_G/T,1,1
1_214620653_A/C,1,1
2_85539362_C/T,0,0
2_227103143_C/G,1,1
16_28495765_G/A,0,0
7_44145228_T/A,1,1
X_71148115_G/A,1,1
6_49458034_G/C,1,1
7_124863434_A/G,0,0
1_94019592_A/G,1,1
1_193125142_C/G,1,1
5_128333022_C/A,1,1
16_30988015_C/G,0,0
6_152330582_G/A,0,0
17_31357092_T/C,1,1
11_10752740_C/T,0,0
6_1610901_G/T,1,1
2_178715071_G/C,0,0
12_885427_T/C,0,0
11_108250872_G/A,0,0
12_132668702_G/A,0,0
2_177497744_A/G,0,0
12_88083127_G/T,1,1
4_20617634_G/A,0,0
12_85280443_A/G,0,0
3_142453126_A/G,1,1
7_47866472_G/A,1,1
19_35732122_C/G,0,0
3_113798246_T/A,1,1
4_41746020_C/A,0,0
2_29071440_C/T,1,1
8_100162421_G/A,1,1
17_65558018_C/T,0,0
10_122643299_G/A,0,0
15_100455977_G/T,1,1
14_21414340_G/A,0,0
10_101771522_G/A,1,1
3_9470804_G/A,0,1
6_51746728_G/A,1,1
3_186739369_G/A,1,1
22_37983641_T/G,0,0
6_43038985_G/A,1,1
12_69610314_C/T,0,0
12_56346844_G/T,1,1
12_114399622_G/A,1,1
17_31201463_C/G,1,1
2_232847532_G/A,0,0
2_151570351_G/T,1,1
1_58681847_C/T,0,0
1_228286204_C/A,0,0
17_31235657_T/G,1,1
2_227080495_C/T,1,1
20_63698461_G/A,0,0
2_165386846_A/G,1,1
17_28552453_G/C,0,0
13_32376744_G/T,1,1
1_21847446_G/T,1,1
17_18159973_C/A,1,1
7_97852292_C/A,0,0
19_2121763_G/A,0,0
17_49619338_T/C,1,1
17_41624230_G/A,1,1
5_45696001_C/A,0,0
9_108901626_A/T,1,1
5_60904799_C/T,0,0
15_89215123_A/T,1,1
1_17044834_C/G,1,1
5_132608663_C/T,1,1
7_78127233_G/C,0,0
15_48415695_C/G,1,1
1_229431626_T/G,1,1
12_6570891_G/A,0,1
16_2056650_C/T,0,0
1_11790746_C/T,0,0
17_40636487_A/G,0,0
1_6425024_C/T,0,0
1_183239564_G/A,1,1
2_178795038_C/A,1,1
11_17460487_C/A,1,1
21_45489488_G/A,0,0
20_763677_C/T,0,0
2_178571864_C/T,0,0
19_10315462_G/A,0,0
10_32035651_C/T,1,1
9_114264939_C/T,1,1
9_130464148_C/A,1,1
9_104837091_G/A,0,0
2_61826533_G/A,0,0
17_37739541_G/C,1,1
1_52383883_G/A,1,1
19_8886832_A/G,0,0
16_89784891_G/C,1,1
3_50342439_C/T,0,0
15_51486128_G/A,0,0
12_114674639_C/T,0,0
1_166849024_A/G,0,0
5_80678988_C/G,1,1
1_97691775_C/T,1,1
2_71665165_T/C,0,0
10_86716395_G/C,0,1
2_214953883_T/C,0,0
6_52046064_G/A,0,0
16_89752202_G/C,1,1
12_51916116_G/A,1,1
2_219568188_G/T,1,1
X_108624316_G/A,1,1
3_77522868_A/C,0,0
9_128352659_A/G,1,1
17_31235746_A/C,1,1
10_43105186_G/T,1,1
2_218890039_C/T,0,0
11_5226622_A/G,0,0
11_86276982_T/A,0,0
1_161206477_G/A,0,0
19_48443101_G/T,0,0
9_6556188_G/A,1,1
1_216292372_T/C,1,1
9_133454478_G/A,0,0
10_124774764_T/C,0,0
11_66565856_C/T,0,0
1_100218625_C/T,1,1
5_150376126_G/A,0,0
X_25010284_C/A,0,0
2_166058569_T/C,1,1
7_107701999_T/C,1,1
1_153812108_G/A,1,1
6_45437946_G/A,1,1
3_128483960_C/T,1,1
4_102673935_G/A,1,1
14_64458246_C/G,0,0
9_13126698_C/T,0,0
17_8007112_G/A,0,0
17_31200433_G/C,0,0
12_47998202_C/T,1,1
1_15935076_C/T,1,1
2_218812337_C/T,1,1
3_4417178_C/A,1,1
9_137145846_G/A,1,1
17_42565225_A/G,1,1
5_13871719_C/T,1,1
4_25156050_G/C,0,0
2_237334717_T/C,0,0
5_138824617_C/T,1,1
17_2670162_G/A,1,1
17_37739589_T/A,1,1
13_20189284_G/A,1,1
9_137232928_G/A,1,1
11_94476296_G/A,1,1
2_166012283_C/G,1,1
8_76707967_T/A,1,1
21_45486980_C/T,0,0
4_5691319_T/G,0,0
4_186620247_G/A,0,0
8_132887188_C/T,1,1
3_130980591_T/C,1,1
9_66986995_T/C,0,0
18_12720648_G/A,0,0
3_37047605_A/G,0,0
17_41612310_G/C,1,1
2_227263900_G/T,1,1
10_100235720_T/G,0,0
19_45489549_C/T,0,0
10_86921608_A/T,1,1
5_150253456_G/A,1,1
2_188994321_C/T,1,1
1_44831717_G/A,0,0
4_56495366_T/C,0,0
X_108571811_G/C,1,1
3_62532942_A/G,0,0
1_154588125_C/T,1,1
1_230710674_G/A,0,0
7_106905332_A/G,1,1
15_27926236_C/A,1,1
6_108064292_G/C,1,1
X_153715636_G/A,1,1
7_128843523_G/A,0,0
5_14487783_C/T,0,0
4_5753837_G/A,0,0
8_99818535_G/C,1,1
17_80038132_G/A,0,0
16_89112247_G/C,1,1
6_51870640_C/G,1,1
20_18515737_G/A,1,1
4_6301529_C/T,0,0
11_94799904_T/C,0,0
6_33438513_T/G,1,1
11_108272601_G/A,0,0
5_119118992_A/G,0,0
20_6779008_G/C,0,0
4_119267319_G/A,1,1
9_35548060_G/A,0,0
19_40396756_C/T,0,0
8_41692647_C/T,1,1
5_157326210_C/A,0,0
X_53255812_C/A,0,0
12_2115324_G/A,0,0
12_88117037_G/T,1,1
1_942934_G/C,0,0
7_117611809_G/T,1,1
11_68047762_C/A,1,1
4_125319561_T/C,0,0
2_189049456_T/C,1,1
3_131487679_C/T,1,1
10_99834536_G/A,1,1
15_93024492_C/T,0,0
16_57960839_C/T,1,1
1_169542547_C/T,0,0
11_72015019_G/A,0,0
2_73424706_A/G,0,0
1_11204617_T/C,0,0
14_102033362_A/G,0,0
7_76058018_C/T,0,0
19_39507331_G/T,0,0
7_139147207_A/G,0,0
17_58363582_G/A,1,1
4_1395030_A/T,0,0
2_54629269_C/T,0,0
14_21429086_G/A,1,1
7_50400468_C/G,1,1
19_15187129_A/G,1,1
4_5697648_C/A,1,1
13_32356531_A/C,0,0
9_2086853_G/A,1,1
11_108332031_T/A,0,0
13_76995927_T/C,1,1
1_237493019_C/T,0,0
2_227010312_C/A,1,1
1_102962713_G/A,0,0
12_6019501_C/G,1,1
7_93132747_A/G,0,0
11_68158495_T/G,0,0
3_186669945_G/A,1,1
17_44351774_G/A,1,1
18_49853580_G/A,1,1
4_38796796_A/G,1,1
5_126546341_G/T,1,1
2_189003055_G/C,1,1
2_47475153_G/T,1,1
4_157332981_A/T,1,1
8_60865585_A/C,0,0
10_69572816_T/G,0,0
9_131087599_C/T,1,1
14_23426842_G/T,1,1
17_45274150_G/T,0,0
12_88545783_A/G,1,1
14_104884204_G/T,0,0
1_152351898_C/A,0,0
11_116790464_T/C,0,0
6_116627815_G/T,1,1
16_1511137_A/G,1,1
X_129569374_C/T,1,1
1_17033097_A/G,0,0
13_23332599_C/T,0,0
6_65344158_G/T,1,1
4_1002772_C/G,0,0
12_111446755_T/C,0,0
16_21269799_G/A,0,0
7_44153339_A/C,1,1
21_44889437_C/G,0,0
11_94437218_G/A,1,1
21_34886864_C/G,1,1
1_216200122_C/T,1,1
17_8161664_G/A,1,1
X_55015583_G/C,1,1
10_71807925_T/C,0,0
3_120641694_C/T,1,1
2_25749716_G/A,1,1
X_71141334_G/T,0,0
21_46125463_A/C,1,1
11_74074252_C/A,1,1
4_1001803_G/T,0,0
16_177111_G/T,1,1
12_47986334_A/T,1,1
19_45766465_T/C,0,0
X_31836721_C/T,0,0
17_50353650_A/G,0,0
7_94600845_T/A,1,1
12_89604348_T/C,1,1
3_50503265_C/T,0,0
16_2057179_G/A,1,1
11_70203480_G/C,0,0
12_48979467_G/A,1,1
1_218441279_C/T,0,0
16_89283963_G/A,0,1
13_23335242_C/G,0,0
3_58201072_G/A,0,0
X_154030756_C/T,0,1
9_134835126_C/T,0,0
5_78020777_A/G,0,0
1_17053975_G/A,0,0
8_6621546_C/T,0,0
15_63696341_T/G,1,1
1_94015742_T/C,1,1
X_80707437_T/C,0,0
1_47417197_C/G,0,0
13_51974995_G/A,0,0
1_94001106_C/G,1,1
1_26794910_A/G,0,0
17_18143904_T/A,0,0
6_87155639_C/A,0,0
19_3771742_T/C,1,1
3_149155206_C/G,1,1
9_132905877_C/T,0,0
2_21007529_G/A,0,0
X_74744478_C/A,1,1
16_8813042_G/C,1,1
22_28711996_C/T,0,0
2_178568189_T/C,0,0
9_135765099_G/A,0,0
2_232526268_G/A,1,1
21_34792161_C/A,1,1
12_47989807_T/C,1,1
15_50748187_T/C,0,1
10_86921649_C/T,0,0
2_232542992_C/T,1,1
2_47820376_C/T,1,1
15_51212563_T/C,1,1
14_92004112_T/C,0,0
15_48448881_C/T,1,1
3_129095014_C/T,0,0
7_74246709_A/T,0,0
5_55220520_A/T,1,1
1_62602361_T/C,0,0
7_76063530_C/T,1,1
1_3763323_G/A,0,0
12_25245277_T/C,1,1
12_21766286_C/T,1,1
2_188997390_G/C,1,1
8_47817455_T/C,0,0
14_88437597_G/T,1,1
2_178575431_A/T,1,1
2_158661387_G/T,0,0
16_89752140_G/A,1,1
4_95129916_C/A,1,1
15_90760768_T/C,0,0
8_19951825_A/C,1,1
8_132129532_C/A,0,0
11_78658368_T/C,0,1
3_186539495_C/T,1,1
2_21009863_A/G,0,0
X_71464028_C/T,0,0
6_170284030_C/T,1,1
17_2672742_G/A,1,1
1_19239842_C/G,0,0
10_4968380_A/G,0,0
12_7207667_G/A,0,0
5_179154054_G/T,1,1
X_77684569_C/G,1,1
9_134835108_C/T,0,0
2_188984896_A/G,0,0
3_9745639_C/T,0,0
6_136825272_G/A,1,1
19_16890298_G/A,0,0
1_6460105_C/T,1,1
16_1362489_G/A,1,1
17_5020577_C/T,0,0
X_108625740_G/T,1,1
12_6034738_C/T,1,1
2_113241670_G/A,1,1
14_95094008_C/T,0,0
12_47981351_C/T,1,1
7_21873298_C/T,0,0
11_108250879_C/T,0,0
17_56904470_C/T,0,0
14_67776031_G/A,1,1
15_48246938_C/T,0,0
19_11116144_G/T,1,1
14_95103993_G/A,1,1
16_15732603_C/T,0,0
7_2930046_G/A,0,0
4_125321367_A/G,0,0
1_237667918_T/C,0,0
1_204410635_G/A,0,0
X_49255804_T/C,1,1
19_5041252_G/A,1,1
19_18161337_G/A,0,0
X_32362833_G/A,0,0
9_95149948_C/A,1,1
1_215817127_C/T,1,1
15_72346624_G/C,0,0
1_46194291_C/A,1,1
3_183022555_C/A,1,1
12_11869601_C/T,1,0
1_186076618_G/A,0,0
3_119413976_C/T,1,1
15_48415768_C/G,1,1
2_27222865_G/A,1,1
19_12885549_G/T,0,0
9_132349421_G/A,1,1
11_65186254_C/T,0,0
6_79513641_A/G,0,0
2_151518368_C/T,0,0
16_88741514_T/A,0,0
6_7585402_A/T,1,1
10_89228199_C/T,1,1
21_33550467_G/A,0,0
X_153592710_G/A,0,0
22_36929656_C/T,0,0
16_89748672_A/C,1,1
21_34834431_G/A,1,1
11_61769309_C/T,1,1
2_161419052_T/C,1,1
15_69423198_A/G,0,0
2_169209511_A/T,0,0
10_49524446_C/T,0,0
2_151627095_G/A,0,0
21_32311762_G/A,0,0
19_38494594_C/T,1,1
X_48689021_G/A,0,0
5_141583280_T/C,0,0
15_59178464_G/A,1,1
15_28014886_G/A,1,1
5_37206334_A/T,1,1
X_100407445_G/C,1,1
6_42188687_G/A,0,0
X_18604594_C/G,1,1
19_42353502_C/T,0,0
12_6019297_C/T,1,1
15_72709780_G/A,1,1
16_88643570_G/A,1,1
15_67181277_G/A,1,1
5_42711291_C/T,1,1
7_92099845_A/G,0,0
16_15776099_C/G,1,1
1_69986342_T/C,1,1
9_66919848_G/A,0,0
1_19146992_G/A,0,0
1_237828388_T/C,0,0
X_78046516_C/T,0,0
10_79293478_C/T,0,0
19_12897701_A/C,1,1
15_84862718_C/T,1,1
11_108142500_C/T,1,1
16_23629962_A/C,1,1
11_68812526_G/A,0,0
2_227047518_A/T,0,0
17_31225205_T/G,0,0
17_44350528_C/T,0,0
2_32116214_T/A,1,1
2_189006346_G/T,1,1
11_66850673_C/G,1,1
12_47977616_C/T,1,1
5_13841011_A/G,0,0
2_178560959_C/T,1,1
X_154931163_A/T,1,1
1_11998861_T/A,1,1
14_67807692_G/A,1,1
12_47974092_G/T,1,1
5_132579986_C/T,1,1
13_20189338_T/C,1,1
5_90810365_C/T,0,0
20_49374439_G/A,1,1
17_81544121_C/T,1,1
3_129439759_G/C,0,0
9_98480995_C/T,0,0
8_23007251_C/T,0,1
X_32364636_T/G,0,0
7_75984959_G/T,1,1
5_112844030_C/T,0,0
17_8003227_C/T,0,0
12_112916614_G/A,0,0
4_186284091_G/C,1,1
11_108510494_G/A,0,0
7_158316880_G/A,0,0
2_144400137_C/A,0,0
2_47806322_T/C,0,0
16_72787821_C/A,1,0
18_58537329_A/G,0,0
19_38466202_G/A,0,0
2_231926198_G/A,0,0
11_57606414_G/A,1,1
19_7470297_A/G,0,0
21_36461093_G/T,0,0
9_13206045_G/A,1,1
17_61857218_A/G,0,0
12_101764988_A/C,0,0
3_38562414_C/A,1,1
22_28710004_A/C,1,1
7_107710080_T/C,1,1
18_31519898_G/A,0,0
X_133754151_A/T,0,0
19_44708024_A/G,0,0
9_130494981_G/T,1,1
14_101987557_C/G,0,0
1_43427714_G/A,0,0
1_200048592_C/T,0,1
9_132896664_C/T,0,0
1_32280084_A/T,1,1
15_48610743_A/G,1,1
10_98417611_G/A,1,1
7_16406338_C/G,1,1
1_111982448_G/A,0,0
12_49024697_C/T,0,0
11_67490816_C/T,0,0
4_105938354_G/T,1,1
X_21985183_C/T,1,1
X_48904641_C/T,0,0
16_23215216_G/A,1,1
12_101771094_C/A,1,1
9_95476161_T/G,1,1
4_169479457_C/T,0,0
X_71384060_A/G,0,0
6_12122606_C/T,0,0
16_3731774_A/G,1,1
16_89795905_C/A,1,1
1_78492766_A/T,0,0
19_18134637_G/A,1,1
9_99137924_G/A,1,1
9_95135503_C/T,1,1
19_855614_G/A,0,0
10_71712768_G/A,0,0
2_188996134_G/A,1,1
6_33443316_C/T,1,1
22_20989684_T/C,1,1
5_13721170_C/A,1,1
1_5961888_C/T,0,0
4_109851555_C/T,0,0
20_35504813_G/T,0,0
18_8786014_G/T,0,0
13_32329468_T/C,0,0
17_80110814_C/T,1,1
17_17216378_A/T,1,1
3_114351357_C/A,1,1
22_50464730_C/T,0,0
12_115987289_C/T,1,1
2_178567680_G/C,1,1
19_13906465_G/A,0,0
22_31792041_C/T,0,0
2_73453771_C/A,1,1
12_2581761_C/T,0,0
17_43071228_A/G,0,0
2_178534672_G/C,1,1
1_94063298_A/C,1,1
17_44352457_T/A,0,0
4_120821174_T/A,1,1
1_42929719_C/G,1,1
2_169212104_T/C,0,0
X_154030502_G/C,0,0
16_89811047_G/C,1,1
17_28524625_C/A,1,1
16_9829581_C/T,1,1
14_67772194_A/G,0,0
19_38580437_T/C,1,1
1_160279569_T/C,0,0
16_84498058_C/A,0,0
8_38148640_C/G,1,1
7_143323308_G/A,1,1
2_73452083_A/G,0,0
13_32337409_G/A,0,0
9_77209443_C/T,1,1
12_57516272_G/A,0,0
6_156778970_G/A,0,0
6_78947689_C/T,0,0
4_186280386_G/A,1,1
6_156778040_C/T,0,0
1_156873822_G/C,1,1
5_13793573_C/T,0,0
8_144516218_C/T,0,1
X_53399714_G/A,1,1
2_86075192_C/T,0,0
21_44296447_T/A,1,1
13_110176505_C/T,1,1
15_48515392_C/T,1,1
1_150558472_G/C,1,1
3_48595115_C/T,0,0
8_144435520_G/A,1,1
3_24190093_C/T,0,0
2_151493865_C/T,0,0
17_82809780_C/T,0,0
19_11116973_A/G,1,1
6_106551852_A/G,0,0
17_82083809_G/A,0,0
1_196742014_C/T,0,0
1_236686691_C/T,0,0
16_21278117_G/T,0,0
20_25296483_C/T,0,0
22_37297591_C/T,0,0
20_43594758_C/T,0,0
4_113355722_G/A,0,0
1_208038880_G/A,0,0
5_37227803_G/A,0,0
4_71453584_C/T,1,1
17_43093713_A/C,0,0
15_100988800_G/A,0,0
8_144414876_G/A,0,0
14_50595594_A/G,1,1
5_36225571_T/C,0,0
17_39673194_G/A,0,0
13_109782391_G/C,0,0
16_67842902_A/G,0,0
10_71356178_G/A,0,0
13_102648999_A/G,0,0
19_7440306_C/T,0,0
19_50398935_A/G,0,0
7_143332874_G/A,1,1
3_9744462_G/A,0,0
19_38499731_G/A,1,1
1_155293527_C/T,1,1
14_101979388_T/C,0,0
3_123649024_G/A,0,0
8_56010090_C/T,1,1
14_104774947_G/A,0,0
4_186286496_A/G,1,1
7_87426864_G/A,0,0
20_42756571_G/A,0,0
12_52675277_T/A,0,0
7_97854579_C/G,1,1
8_89958809_G/C,1,1
11_77156702_C/A,0,0
2_151526032_G/A,1,1
2_29920306_T/G,0,0
17_40636055_G/C,1,1
19_22181019_G/C,0,0
4_25159036_G/A,0,0
3_48575373_C/T,1,1
14_28767974_A/C,1,1
1_75761146_G/C,1,1
17_10396582_G/A,0,1
12_32850789_A/T,1,1
2_55343689_C/T,1,1
11_124887023_C/A,1,1
20_64027644_C/T,0,0
14_50620724_A/T,1,1
X_154987242_T/A,1,1
3_41236673_C/T,0,0
2_26461798_T/A,1,1
5_71641018_G/A,1,1
8_144513570_C/T,1,1
6_158982592_G/A,0,0
19_18134641_T/C,1,1
11_610204_C/T,0,0
16_23629231_G/A,1,0
2_27449801_C/T,1,1
X_154533636_C/T,0,0
19_15192092_A/T,1,1
6_10874468_G/A,1,1
9_95485761_G/A,0,0
12_21766230_G/A,0,0
18_27952327_A/C,0,0
10_74114312_A/G,0,0
19_55140904_G/C,0,0
8_86643810_C/T,1,1
17_7674206_T/C,1,1
2_189002996_T/C,0,0
4_154744807_T/C,1,1
2_29251116_G/T,0,0
18_10789175_G/T,1,1
3_48590493_G/A,0,0
2_215372023_G/A,0,0
16_8811077_A/C,1,1
17_63948716_A/G,0,0
7_75982223_G/T,1,1
1_45500374_C/T,0,0
19_35719957_C/T,1,1
2_169157504_T/C,1,1
X_154969361_G/C,1,1
17_75757255_C/T,0,0
7_117536629_C/G,1,1
16_56870109_C/T,0,0
10_54378914_G/A,0,0
1_99913664_A/T,1,1
14_75048608_G/T,0,0
10_102837113_C/T,0,0
1_197090236_A/C,1,1
10_102599473_G/A,0,0
12_56004525_A/G,1,1
3_48584909_C/T,1,1
6_129391654_G/C,1,1
6_38723094_A/G,0,0
14_24260059_C/T,1,1
8_41940841_C/A,1,1
18_48040188_T/C,0,0
4_76174142_A/G,1,1
11_2166495_G/A,0,0
5_33984344_C/A,0,0
7_92517856_G/T,1,1
19_8303874_G/A,0,0
17_75957567_C/T,1,1
6_152376497_G/A,1,1
X_53414992_C/G,1,1
1_6451926_A/C,1,1
5_148124824_C/A,1,1
X_17376165_C/T,0,0
1_161958567_G/A,0,0
X_38403695_G/C,1,1
14_28767922_T/C,1,1
1_19233077_T/G,0,0
10_113590635_G/A,0,0
1_155237453_C/T,1,1
2_127289459_G/A,1,1
1_94098862_G/A,1,1
9_113390592_C/A,1,1
19_13212742_T/C,1,1
4_106212783_A/G,0,0
14_67807912_A/T,1,1
2_165770552_G/C,1,1
X_154966063_G/T,1,1
1_94077736_A/G,1,1
16_68810331_T/G,0,0
17_49619031_C/T,1,1
4_15570447_G/A,1,1
X_32362826_G/A,1,1
1_212885369_T/G,1,1
11_102083171_A/G,1,1
16_23626254_A/T,1,1
19_13303865_C/T,1,1
1_21560746_G/A,1,1
9_135771079_C/T,0,0
1_21577421_C/T,1,1
11_108289016_G/A,0,0
13_20189326_T/C,1,1
1_215634458_C/A,1,1
X_70276266_C/A,1,1
18_62138990_T/G,1,1
14_67789501_C/T,0,0
2_159438457_A/G,0,0
2_72888364_C/T,1,1
X_53413350_T/C,0,1
X_77971722_G/A,0,0
16_173548_T/G,1,1
10_116911832_C/T,0,0
1_17388422_C/T,1,1
5_62451753_C/G,0,0
16_15737465_G/A,1,1
12_56355313_C/T,0,0
7_96321942_C/T,1,0
5_36995620_A/G,1,1
6_3156114_G/A,0,0
3_155118744_A/G,1,1
9_422095_G/T,1,1
19_11116151_T/A,1,1
2_166043957_T/C,0,0
2_32147244_A/G,1,1
1_94083388_T/A,0,0
22_23834153_T/C,0,0
2_238332822_A/G,1,1
17_80108528_A/T,1,1
7_2923225_C/A,0,0
13_23331848_G/A,1,1
19_12893523_C/T,0,0
7_103566669_A/G,0,1
12_49032220_C/T,0,0
2_71613360_G/T,1,1
7_21558945_A/G,0,0
1_167905114_C/T,0,0
10_47350486_C/T,0,0
8_99854025_C/T,1,1
X_67722955_C/T,1,1
20_32800916_G/A,1,1
4_47937366_G/C,0,0
6_7582738_A/T,1,1
18_62101139_C/T,0,0
17_7848736_C/G,1,1
18_57652544_G/T,0,0
4_47937761_G/A,1,1
11_72294414_G/C,1,1
1_169520531_C/T,1,1
6_49440289_C/T,1,1
4_16023325_C/T,1,1
19_50406262_G/C,0,0
10_4995770_A/C,1,0
16_8813028_G/A,1,1
11_77158374_G/A,1,1
1_26889734_G/T,1,1
19_15197569_C/A,1,1
4_6301256_C/T,0,0
16_88837766_C/T,1,1
12_112911173_C/G,1,0
6_47580901_G/A,1,1
5_150134985_G/A,0,0
3_55479458_A/G,1,1
1_150804058_C/A,1,1
7_150959582_C/T,1,1
1_197135184_C/T,1,1
16_3850663_G/A,0,0
9_74739786_A/G,0,0
X_22178271_A/G,1,1
1_94063110_A/G,1,1
7_117542034_G/T,1,1
19_39486429_C/T,0,0
17_7903038_T/C,1,1
11_17150624_G/A,0,0
2_73450712_G/A,0,0
14_96343194_G/A,0,0
5_148120328_G/C,0,0
11_119026985_A/G,1,1
22_50722327_C/T,0,0
17_41822354_C/T,0,0
1_205066538_C/T,0,0
17_47286300_G/A,1,1
16_89275193_T/C,1,1
10_79613898_G/A,1,1
16_8811674_C/T,1,1
X_154030915_T/C,1,1
12_114366214_G/T,1,1
10_68121576_T/C,0,0
2_223966983_T/C,0,0
2_227283765_A/C,1,1
11_65539763_G/A,0,0
3_10142041_C/A,1,1
7_44150015_C/G,1,1
X_108586711_G/A,1,1
15_55350726_G/A,1,1
6_26204750_C/T,1,1
2_178747205_A/G,0,0
X_154381053_G/C,0,0
2_227059478_C/T,0,0
2_230269924_C/T,0,0
9_130452281_C/T,1,1
7_107915550_A/G,0,0
13_101376957_G/A,1,1
9_34649548_A/G,1,1
1_2405835_C/T,1,1
2_47403398_G/C,0,0
2_47408433_A/T,1,1
X_77988331_C/T,0,0
19_52156217_C/T,0,0
11_77175393_C/T,1,1
X_129589001_G/A,0,0
1_15732481_C/T,0,0
3_189984566_G/A,1,1
11_118498374_G/A,1,1
4_46303466_C/A,1,1
17_42564735_C/G,0,0
15_44566011_T/C,1,1
3_14178497_C/T,0,0
4_83470340_T/C,0,0
5_137637324_G/A,1,1
19_38308791_C/T,1,1
10_20888166_A/G,0,0
10_70600426_G/C,0,0
16_89792054_C/T,0,0
2_151697244_G/A,0,0
15_51488068_T/C,0,0
2_218882423_G/A,1,1
5_177280765_T/A,1,1
1_224190269_C/T,1,1
17_15260660_G/T,1,1
13_23336367_G/T,0,1
20_59024265_C/T,1,1
11_26516883_G/A,0,0
10_133366925_C/T,1,1
9_27055623_C/T,1,1
6_73133502_T/C,0,0
1_196983032_G/T,0,0
19_18080847_G/A,1,1
X_134475191_C/T,1,1
18_31592992_G/C,1,1
8_41933142_G/A,0,0
11_62627047_C/T,1,1
2_214781064_T/C,0,0
13_32379495_C/G,1,1
19_8399886_G/A,1,1
6_7570477_C/T,1,1
21_31668556_G/A,1,1
X_37453318_C/T,0,0
14_91416737_C/T,1,1
22_50627285_G/A,1,1
2_178607686_C/G,1,1
X_154360127_G/A,1,1
1_12031786_A/G,0,0
2_160172635_G/A,0,0
12_12266697_G/A,0,0
11_2585278_C/T,1,1
2_199308842_T/C,0,1
16_89284970_C/T,0,0
15_101027354_C/T,0,0
8_37762707_A/C,0,0
1_68431117_G/C,1,1
5_112838589_C/T,1,1
12_88131203_C/A,1,1
17_7902982_G/A,1,1
17_31206286_C/A,1,1
3_49723016_T/C,1,1
17_7845870_A/G,1,1
3_11028848_G/A,1,1
17_19651678_C/G,0,0
1_244055081_G/A,1,1
5_76600932_G/A,0,0
14_93347379_G/T,0,0
17_31352256_G/T,1,1
1_43435200_C/T,1,1
11_118584640_G/T,1,1
9_69239944_A/T,1,1
7_21720829_T/A,0,0
X_37803995_C/A,1,1
12_6036492_C/G,1,1
3_142466447_G/A,0,0
15_33838442_C/T,0,0
2_47403347_G/A,0,0
9_34517283_A/G,1,1
1_942151_G/A,0,0
7_107674302_G/C,1,1
11_119067868_G/A,0,0
1_120069350_G/C,0,1
9_34517468_G/A,1,1
20_44651574_C/G,1,1
9_127730861_G/A,0,0
18_49257065_T/A,1,1
20_45949542_A/G,0,0
5_74685536_C/T,0,0
16_68811682_A/C,1,1
17_7222038_T/C,1,1
10_110783368_C/T,0,0
7_21543464_G/A,0,0
8_47890290_C/T,0,0
2_98395916_T/C,1,1
5_132393812_G/A,1,1
1_161206558_A/G,0,0
3_48583616_C/A,1,1
16_8750490_C/T,0,0
15_77615633_C/T,0,0
4_82429375_G/T,0,0
9_136496800_C/G,0,0
14_45176035_T/G,1,1
1_11022469_C/G,1,1
7_2538528_C/A,0,0
1_42958633_C/T,1,1
9_91724229_G/T,1,1
16_89281957_T/A,1,1
19_38564957_A/G,1,1
9_32526110_G/C,0,0
1_2387432_G/A,0,0
14_24242228_C/T,0,0
20_33410319_T/C,0,0
18_36215814_C/A,1,1
10_93629257_G/C,1,1
16_70474845_C/T,0,0
17_61847100_C/T,1,1
21_43063912_A/T,1,1
15_34237434_T/C,0,0
5_147828024_A/G,0,0
9_108901664_C/T,0,0
15_40405854_G/T,0,0
3_177051570_G/A,1,1
4_150277867_C/A,0,0
X_111410166_C/T,1,1
1_94083350_A/T,1,1
6_30926169_C/T,0,0
2_178539742_G/A,0,0
X_108598793_G/T,1,1
7_138745255_C/T,1,1
2_27368110_A/G,1,1
2_26484634_C/G,1,1
7_41966367_G/A,0,0
16_2111519_G/A,0,0
10_101694497_G/A,0,0
2_151621002_C/A,1,1
16_84093187_C/T,1,1
18_45967239_T/C,1,1
10_102597259_C/T,0,0
5_128361838_T/C,0,0
22_17108851_G/A,0,0
X_100407113_C/A,0,0
16_2496150_T/C,1,1
9_124857945_C/T,0,0
11_108257543_C/T,0,0
16_57884407_G/A,0,0
16_2090883_C/G,1,1
13_108210422_T/C,1,1
4_78475573_T/G,0,0
19_3789323_G/A,0,1
2_27472256_T/C,0,0
2_178579279_C/T,1,1
20_44414657_G/T,1,1
17_31159076_G/T,1,1
6_52065975_C/G,1,1
1_228340733_C/T,0,0
2_43875343_C/A,0,0
8_99575657_G/C,1,1
12_132672825_G/C,0,0
19_48596914_G/A,1,0
11_113758626_T/C,0,0
14_67793731_C/A,0,0
16_89283352_C/A,1,1
5_61332409_C/G,0,0
5_235340_G/T,1,1
19_18783115_C/G,0,0
22_41168463_A/T,1,1
10_26154784_A/G,0,0
1_12363107_T/C,0,0
1_145912245_A/C,0,0
19_12899514_A/T,0,0
11_4091384_C/A,0,0
X_129569363_C/T,0,0
2_201633381_G/A,1,1
11_47339323_C/T,1,1
6_157201130_G/A,1,1
19_40397713_G/C,0,0
20_63442479_A/G,1,1
X_20176272_C/T,0,0
14_35008787_A/G,0,0
11_108289733_C/T,0,0
2_178564833_C/T,0,0
2_165354220_T/G,1,1
16_67653256_T/C,1,1
14_81143878_C/G,1,1
20_765670_G/A,0,0
1_8422808_C/T,1,1
17_18151460_C/T,1,1
9_99144730_A/G,1,1
X_38401410_T/G,0,0
13_32338450_T/A,1,1
2_38995144_G/A,0,0
14_67778250_T/C,1,1
9_92717826_G/A,0,0
12_114674288_G/A,0,0
19_36908015_T/C,0,0
16_31109289_A/T,0,0
14_94062271_C/T,0,0
1_151423540_T/C,1,1
11_119298375_G/A,0,0
15_89305631_G/A,0,0
1_220210454_C/T,0,0
8_144511983_G/C,1,1
7_21658921_C/T,1,1
17_43093977_G/A,0,0
12_101764420_C/A,1,1
14_74292757_C/T,0,0
11_17641070_C/T,0,0
9_94606939_A/G,1,1
17_31336675_T/A,1,1
11_89227903_A/G,1,1
12_47976883_C/T,1,1
3_52360309_A/G,1,1
2_70964968_G/A,0,0
7_5527884_G/T,1,1
15_65625691_C/G,0,0
11_64808003_T/C,1,1
3_48566544_C/T,1,1
19_38289186_A/G,1,1
2_238328697_C/T,0,0
12_120978934_G/T,1,1
19_36008368_C/A,1,1
22_39658218_A/G,1,1
12_56083904_T/C,1,1
12_8654459_A/T,0,0
X_37783508_A/G,1,1
19_49960859_G/C,0,0
4_122313689_T/C,1,1
3_122283992_C/T,1,1
7_107672249_G/C,1,1
5_62352608_C/T,0,1
9_135753979_C/G,0,0
14_99175513_A/C,1,1
2_178534074_C/A,1,1
1_215888561_A/T,1,1
11_6624236_C/G,0,0
2_151492147_C/T,0,0
9_101426625_G/C,1,1
19_41869036_A/C,1,1
3_147390969_C/A,0,0
4_6302281_T/C,1,1
17_62010653_T/A,1,1
11_10764628_C/T,0,0
2_227280908_C/T,1,1
11_674551_G/A,0,0
11_118436617_C/T,0,0
22_50626675_T/A,1,1
1_25808624_C/T,0,0
12_52567115_C/T,1,0
5_95583059_T/A,1,1
X_154999483_C/T,1,1
1_92833636_G/A,0,0
2_178764681_C/A,0,0
14_102027625_G/A,1,1
18_7008584_A/C,0,0
2_47799460_G/T,1,1
19_40700318_G/A,1,1
6_24495113_C/G,0,0
2_148489754_T/C,0,0
20_35000461_G/A,0,0
16_89185219_G/T,0,0
12_109769241_C/T,0,0
15_65077185_A/G,0,0
19_58129406_C/A,0,0
7_21787497_G/C,0,0
16_57949352_C/T,1,1
X_74741758_G/T,1,1
2_43905691_C/T,1,1
11_94435869_C/A,1,1
22_30935108_G/T,0,0
18_31519880_C/T,0,0
6_75313167_G/A,1,1
16_574693_C/T,1,1
X_53382595_G/T,1,1
16_75648464_G/A,0,0
19_15537903_C/T,0,0
16_56499892_T/C,0,0
15_38351012_A/G,1,1
18_50036995_C/G,1,1
12_56173791_G/A,1,1
5_39341611_T/G,0,0
21_44900319_C/T,1,1
12_88141294_A/G,1,1
20_1002101_G/A,1,1
11_108271249_A/G,1,1
20_10673460_A/C,1,0
X_149496346_C/T,1,0
9_127501011_G/A,1,0
2_21034815_C/T,1,1
3_42685648_G/A,0,0
8_1771125_G/T,1,1
13_32340859_A/T,0,0
4_4863052_C/T,0,0
17_41845426_C/T,1,1
17_31200509_A/T,1,1
17_17796470_C/G,0,0
2_169238277_C/T,0,0
2_227304035_T/C,0,0
2_151662237_A/G,0,0
9_137162675_A/T,1,1
19_38477784_C/G,1,1
3_38560404_C/T,1,1
2_227254175_G/C,1,1
7_66088829_G/T,0,0
6_31967013_C/T,1,1
16_31109543_C/G,0,0
4_99600709_T/C,0,0
2_237829497_G/A,0,0
4_1805820_C/A,0,0
15_40183822_A/G,0,0
2_47832767_A/G,1,1
8_144413957_C/A,1,1
2_159448318_G/A,0,0
X_150598681_G/T,1,1
12_53424414_G/A,0,0
20_36930830_T/C,0,0
6_31860225_G/A,1,1
15_34791201_T/C,0,0
1_212888571_G/A,1,1
16_31330542_G/C,0,1
20_25320318_C/T,1,1
3_39412039_G/T,0,0
4_87659219_G/A,1,1
1_186087960_G/A,0,0
1_200603929_G/A,0,0
6_116120142_C/T,0,0
15_45366193_G/A,0,0
16_31377034_A/G,0,1
6_156778689_C/T,1,1
5_150057556_A/G,0,0
20_32806241_G/A,0,0
7_30612186_C/A,0,0
17_80348169_C/T,0,0
19_35904614_C/T,0,0
19_50407000_C/G,0,0
2_71539202_T/C,0,0
3_58534046_G/A,0,0
12_51786643_G/C,1,1
1_155238273_G/A,1,1
10_110820178_T/C,1,1
6_32097313_T/A,0,0
6_18121814_G/A,1,1
12_56003849_C/T,1,1
1_236482414_A/T,1,1
1_236850355_A/T,0,0
7_5987097_T/C,0,0
7_1500224_G/A,0,0
21_46283614_C/T,1,1
5_69432677_T/C,1,1
2_29239743_G/A,0,0
11_108292680_C/T,1,1
5_13917185_A/T,1,1
16_89803258_C/T,1,1
5_87376541_A/G,0,0
12_132642819_C/G,1,1
12_110619957_G/A,1,1
11_119232504_C/T,0,0
21_32349464_G/A,0,0
22_41527983_G/A,0,0
9_108901532_T/G,1,1
20_62836534_T/C,1,1
2_74530367_T/C,0,0
4_16009093_A/T,1,1
5_43656729_C/T,0,0
5_140114659_A/T,1,1
19_5748181_G/A,0,0
9_2081995_C/G,1,1
1_235762781_G/A,0,0
8_117835454_A/T,1,1
1_16986346_G/A,1,1
20_34438477_G/T,0,0
7_92222907_G/A,0,0
X_108591559_A/G,1,1
14_64786574_G/A,1,1
21_45477469_T/C,0,0
X_71223966_C/G,1,1
1_156115061_G/C,1,1
X_8699739_C/T,0,1
6_64230635_T/C,0,0
13_32398191_T/A,1,1
9_127675942_G/A,1,1
7_21543530_A/G,0,0
2_240868971_C/G,1,1
19_886082_G/A,0,0
21_44063631_C/T,0,0
8_41974780_C/A,0,0
11_46723179_G/A,1,1
19_605092_C/T,1,0
19_10802328_C/G,1,1
12_128544000_C/A,0,0
6_7555797_C/T,1,1
19_19193967_A/C,0,0
19_12706244_G/A,0,0
13_110186420_C/T,1,1
11_66193492_C/T,0,0
12_32868926_C/T,1,1
9_36246118_G/A,1,1
9_136500735_G/A,0,0
14_76462646_G/A,1,1
20_63433882_T/C,1,1
1_155904733_G/C,1,1
5_119531405_G/A,1,1
1_228283238_G/T,0,0
7_39988235_G/T,0,0
1_114716123_C/T,1,1
2_191064839_T/C,0,0
17_74962275_G/A,0,0
2_214990804_A/T,0,0
17_58599127_T/C,0,0
15_90760865_A/T,1,1
7_44149813_G/A,1,1
15_38253186_A/G,1,1
19_13283319_C/A,1,1
9_128605334_G/T,0,1
1_42758862_G/A,0,0
2_32252441_T/C,0,0
11_5226598_G/T,1,1
17_3660242_G/A,1,1
1_23695905_G/A,0,0
1_11972977_C/T,1,1
2_151723381_C/T,1,1
X_153725925_T/C,1,1
7_152194121_G/A,0,0
X_32386412_C/T,0,0
15_48428423_C/G,1,1
4_105474006_A/C,0,0
2_178727601_C/A,0,0
3_149150614_T/A,1,1
3_113420052_G/A,1,1
9_18889673_A/G,0,0
7_21606434_T/A,0,0
18_58579010_G/T,0,0
21_46416608_C/T,0,0
12_79788752_G/A,1,1
11_46889496_C/G,0,0
20_48989612_C/T,0,0
7_65967767_G/A,1,0
18_51048862_T/C,1,1
11_71442354_C/G,1,1
1_11803115_A/G,1,1
1_215647731_C/A,1,1
19_1221948_G/A,1,1
2_39051202_A/C,1,1
2_120989374_G/A,0,0
12_102852844_A/C,1,1
14_52519293_A/G,0,0
X_70806711_C/T,1,1
13_42600917_G/A,0,0
17_17793035_T/C,0,0
17_7676060_G/T,1,1
4_159342979_T/C,0,0
8_11748976_C/T,1,1
X_129565881_C/T,1,1
15_40471924_T/A,1,1
3_10065905_T/C,0,0
13_51946373_T/C,1,1
2_32136567_G/A,1,1
19_38500900_T/G,0,0
11_66530908_C/T,0,0
4_25124008_C/A,1,1
1_240178007_A/G,0,0
15_38324807_C/T,1,1
14_23378444_C/G,0,0
X_13762445_G/A,1,1
1_198741931_C/T,0,0
6_33444540_G/T,1,1
2_178680045_C/G,0,0
12_101830664_C/T,0,0
7_107674164_G/T,1,1
4_150908672_T/C,0,0
14_88185637_C/T,0,0
16_23215218_C/T,1,1
16_286909_G/A,0,0
5_141487579_A/G,0,0
8_43192302_A/G,1,1
9_104831058_G/A,1,1
2_219236060_C/T,0,0
3_133973758_A/C,1,1
11_71437909_G/A,1,1
12_120996570_T/C,0,0
1_94030453_G/A,1,1
2_48962959_G/A,1,1
9_32467832_G/A,0,0
11_2527959_A/G,1,1
20_10649545_C/T,1,1
16_55489804_G/A,1,1
8_100213367_C/T,0,0
3_78617761_C/A,1,1
20_32787364_C/T,0,0
3_193667191_T/A,1,1
1_99881660_C/A,1,1
14_23425295_G/A,0,0
17_80372731_C/A,0,0
7_857924_C/G,0,0
8_132137956_C/T,0,0
11_64755526_C/T,0,0
1_211671210_A/G,0,0
10_73998213_A/C,0,0
15_45110525_C/T,1,1
17_8086159_T/G,1,1
5_80679061_A/C,0,0
X_129576363_T/C,0,0
16_89748692_G/T,1,1
17_31229976_T/C,1,1
6_51772701_C/A,1,1
13_32339497_T/G,1,1
2_178615705_A/G,0,0
11_22250772_C/T,1,1
7_55191810_C/T,1,1
16_1564026_G/A,1,1
6_53508688_G/C,0,0
3_191275299_G/A,0,0
9_137232131_C/T,1,1
14_64786763_G/A,1,1
1_151807517_C/T,0,0
13_59911825_C/T,0,0
5_177273672_C/A,1,1
22_28725116_A/G,0,0
3_136262016_G/C,1,1
11_118502752_C/G,1,1
17_59693804_C/G,0,0
2_151490495_C/A,1,1
4_516124_A/G,0,0
1_182586632_C/T,0,1
3_142466432_T/C,0,0
12_120979066_C/T,1,1
17_35353066_C/T,0,0
17_2680272_C/T,1,1
1_156868503_A/G,1,1
9_98542029_T/G,0,0
14_77279822_C/T,1,1
15_48432956_A/C,1,1
2_181678533_C/G,1,1
18_46541774_A/G,1,1
2_169013382_G/T,1,1
8_100630353_C/T,0,0
6_1610850_C/A,1,1
7_116740968_G/A,0,0
12_51794414_C/A,1,1
12_49048063_A/G,1,0
16_23424756_G/A,0,0
6_129177776_C/A,0,0
13_32336641_T/C,0,0
15_48436986_A/T,1,1
1_1049326_G/A,1,1
19_11113383_C/G,1,1
19_8144959_G/A,0,0
16_67652474_T/C,0,0
10_47630_G/C,0,0
17_82091032_G/A,0,0
12_49031750_T/A,1,1
7_94618757_C/G,1,1
5_45353220_T/C,0,0
11_103133609_G/T,1,1
X_152970535_C/G,0,0
2_47378986_C/T,1,1
12_51915419_A/G,1,1
6_31356754_C/T,0,0
1_68448694_A/G,0,0
5_112841297_C/T,0,0
19_49181413_C/T,0,0
3_193643051_T/G,1,1
7_843468_C/T,0,0
6_65334996_C/A,1,1
2_47783338_C/A,0,0
12_102846942_G/C,1,1
14_78645241_C/T,0,0
16_9763947_C/G,0,0
2_165389476_A/C,1,1
15_48425866_T/C,1,1
12_47984104_C/A,1,1
18_46601409_G/T,0,0
X_139956478_T/A,0,0
1_21564188_A/C,1,1
1_224419598_T/C,1,1
17_31232831_T/C,1,1
4_78534522_C/T,1,1
X_31478105_C/A,1,1
11_66295073_C/T,1,1
22_50526697_C/A,0,0
7_124863448_A/G,0,0
12_131930003_C/T,0,0
2_110201420_C/G,1,1
2_47806812_A/G,0,0
15_90769587_G/T,1,1
2_178738119_A/C,1,1
19_35848085_A/G,0,0
12_47980968_C/A,1,1
8_133248765_G/T,0,0
X_154534440_T/A,1,1
13_20189154_C/A,1,1
X_153688803_C/A,1,1
9_34371360_G/A,0,0
1_68431282_C/A,1,0
17_61715970_A/G,0,0
16_89746619_G/A,1,1
16_30700842_C/G,0,0
17_8087366_A/G,1,1
18_31524765_T/C,0,0
1_158654667_G/A,1,1
16_89280677_C/T,0,0
X_153952965_G/A,0,0
6_64886766_A/T,1,1
2_25235826_C/A,1,1
11_2778006_T/C,1,1
10_49655139_G/A,1,1
5_71649180_G/C,1,1
12_51913347_G/T,1,1
16_47698486_C/T,0,0
10_53959731_C/A,1,1
6_79487085_T/G,0,0
12_2595907_C/T,0,0
16_56510035_C/G,1,1
17_50193029_C/T,1,1
18_10784904_A/T,1,1
8_86739737_C/T,1,1
5_39311225_G/A,0,0
2_26191322_A/T,1,1
7_76329610_C/T,0,0
11_64810133_C/T,0,1
6_106640465_G/A,0,0
12_2691166_C/G,0,0
1_215888906_A/G,0,0
17_42691403_C/T,0,0
17_81905065_C/T,1,1
12_109786827_G/A,1,1
21_34880714_C/T,1,1
6_26094214_T/A,0,0
6_64306987_A/C,1,1
X_49210636_G/A,1,1
X_41184528_G/A,0,0
6_18122014_A/T,1,1
10_1072171_G/T,0,1
12_102912823_C/T,1,1
7_105112670_G/A,0,0
11_89191245_T/C,1,1
17_69083312_C/T,0,0
12_111347559_C/T,0,0
19_35126416_G/A,1,1
1_197435466_A/T,0,0
20_3582219_A/G,0,1
16_88808203_G/A,0,0
16_28486393_G/A,1,1
4_154589505_T/C,1,1
15_74367535_C/T,0,0
15_67184846_G/T,1,1
6_110446928_G/A,0,0
16_2065588_T/C,0,0
15_43403775_C/T,0,0
15_40185187_C/T,0,0
20_62821201_G/T,0,0
21_45504431_C/T,1,1
19_7557185_G/A,1,1
X_55013577_G/A,0,0
20_419399_C/G,0,0
9_136429722_G/A,1,1
19_15192202_C/T,1,1
16_2094108_C/T,0,0
12_57749263_A/G,0,0
16_8801826_C/T,0,0
14_50267752_C/T,1,1
9_77366725_A/G,1,1
10_49482714_C/T,0,0
2_47475227_C/T,0,0
2_227263845_C/T,1,1
5_132604927_A/G,0,0
2_227098707_C/T,0,0
6_104811355_G/A,0,0
1_99851064_C/T,1,1
13_48465326_C/G,1,1
2_151508101_G/C,1,1
5_177239755_G/A,1,1
6_33438561_T/G,1,1
17_8080978_T/C,1,1
9_2652779_G/T,1,1
1_99862347_T/C,0,0
10_119676769_T/C,0,0
18_45949547_G/A,0,0
21_31668548_G/T,1,1
14_23425302_G/A,0,1
16_89550607_A/T,1,1
8_127738281_T/C,0,0
12_5994429_G/A,0,0
18_51058455_C/G,1,1
6_35503808_C/T,1,1
3_47869238_A/G,0,0
8_99642330_C/A,0,0
2_29071079_G/C,0,0
21_33584744_G/A,1,1
8_47897216_T/C,0,0
15_100152654_C/T,0,0
3_191380244_T/A,0,0
17_68385173_G/A,1,1
X_152850285_C/A,0,0
15_90769521_G/T,0,0
15_48412647_G/C,1,1
16_88429735_G/C,0,0
1_186065422_T/C,0,0
2_178775133_G/T,0,0
12_115991663_G/A,0,0
17_80105069_C/G,0,0
2_237348370_G/A,0,0
17_42690122_C/T,0,0
9_77238074_T/C,0,0
17_61953035_G/A,1,1
17_48728081_A/G,0,0
20_45824594_C/A,1,1
7_73702969_G/C,1,1
12_112450352_A/G,1,1
1_1042164_T/C,1,1
11_68042984_G/C,0,0
17_44350251_C/T,1,1
3_38586012_C/T,1,1
2_43963602_G/A,1,1
1_8356101_G/A,0,0
X_100407898_T/C,1,1
1_152311876_G/A,1,1
18_45727373_C/A,0,0
X_119871995_G/A,0,0
15_43522919_A/G,0,0
2_47905626_G/A,0,0
5_161890946_G/A,1,1
7_107932309_G/A,0,0
14_77299508_G/A,0,0
2_38995147_C/T,0,0
1_237617426_C/T,0,0
1_158667975_G/A,1,1
3_136327185_G/A,1,1
20_63696800_G/C,0,0
2_70961616_A/G,0,0
2_190986924_C/T,1,1
17_72123931_G/A,0,0
21_46256935_A/G,0,0
X_153740189_G/A,1,1
X_22190446_G/A,1,1
10_12100264_T/C,1,1
6_144488835_G/A,1,1
5_151544769_G/A,0,0
15_23647081_T/G,1,1
5_151347314_C/T,0,0
15_43002688_G/A,1,1
1_186015325_A/G,0,0
10_84208379_T/C,1,1
14_102923730_C/T,0,0
9_134754272_G/A,1,1
4_102668961_A/T,1,1
2_47046432_G/A,1,1
X_115649435_A/G,0,0
X_49249509_G/A,0,1
6_51619198_C/T,0,0
11_32389064_C/T,0,0
14_104942580_T/C,0,0
2_127426144_C/T,1,1
14_95103805_G/T,1,1
7_33505516_A/G,0,0
5_132609137_G/A,0,0
5_150297725_T/C,0,0
13_101395246_T/C,0,0
11_64750468_C/A,0,0
18_45663790_G/A,0,0
18_46524602_C/T,1,1
1_186940027_A/T,0,0
9_136511242_A/T,0,0
1_97699430_T/G,1,1
11_108268408_A/T,1,1
X_19357708_C/G,1,1
9_122750269_A/G,0,0
7_158945623_T/C,0,0
8_117807283_C/T,1,1
14_45176717_A/G,0,0
2_178575380_G/A,0,0
3_48573330_C/T,1,1
6_156779249_C/A,1,1
16_10906536_G/A,0,0
4_146294038_T/C,0,0
1_228293447_C/T,0,0
14_74286716_C/T,0,0
9_6534741_C/T,0,0
3_58208241_G/A,0,0
2_120988533_C/T,0,0
15_38299420_C/G,1,1
16_23607983_G/A,0,0
1_215844348_C/A,0,0
13_31317606_G/A,0,0
4_99608979_T/C,1,1
14_91343659_T/C,1,1
16_2117019_G/A,1,1
16_14482789_G/A,1,1
4_102760844_G/T,0,0
7_107694620_G/A,1,1
22_28703567_C/T,1,1
15_48495237_G/A,1,1
5_78839427_C/G,1,1
18_49864186_G/T,0,0
1_11027493_C/T,0,1
X_21878100_G/A,0,0
1_147759134_G/T,0,0
1_119741882_A/G,0,0
2_178586701_G/A,0,0
X_108615026_T/G,1,1
14_102041617_T/G,0,0
2_209954098_A/C,1,1
14_102434910_G/A,1,1
12_47987176_C/T,1,1
1_45330515_C/A,1,1
19_45553640_C/T,0,0
X_47607199_C/T,1,1
19_55014934_C/T,0,0
14_95096303_C/A,0,0
4_39224887_G/C,1,1
5_71602621_T/C,1,1
5_233634_C/A,0,0
9_121050232_T/C,0,0
6_148534849_G/A,0,0
3_38581153_G/A,0,0
6_78963096_C/T,1,1
19_1622141_G/A,0,0
16_88428772_C/T,0,0
1_150804023_G/A,1,1
2_71517006_T/C,0,0
2_27239783_T/C,0,0
9_114324031_A/T,0,0
11_64219969_C/G,0,0
6_79487628_T/G,0,0
X_18619867_G/A,1,1
11_59212168_C/T,0,0
12_2688579_C/G,0,1
6_31667867_G/A,1,1
19_11116150_A/G,1,1
7_42148341_T/C,0,0
17_50192852_T/G,1,1
12_132665412_G/A,0,0
15_48441813_C/A,1,1
12_15499494_T/C,0,0
2_74378120_G/A,0,0
2_74462037_G/A,0,0
14_20474576_G/A,1,1
3_122261606_G/A,1,1
1_23863245_G/C,1,1
11_2776985_G/T,1,1
14_67772148_G/A,1,1
5_179113906_A/G,0,0
4_102690753_C/T,1,1
2_55646414_C/T,1,1
4_105446497_G/A,0,0
17_17223930_C/A,1,1
11_47349875_T/A,1,1
17_61784364_C/A,1,1
14_24163109_C/T,0,0
2_148469350_T/C,0,0
5_13751201_G/C,0,0
21_41743950_G/T,1,1
6_131583836_A/C,0,0
19_10994962_G/A,0,0
10_71615520_C/T,0,0
12_54542601_C/G,0,0
2_165131245_A/G,1,1
2_165941164_G/A,0,0
2_196217017_C/A,1,1
5_161411026_G/A,0,0
5_128395237_A/G,0,0
16_56893000_C/T,1,1
17_5002779_C/T,0,0
20_62279184_G/A,0,0
12_4299953_G/T,1,1
7_94427646_G/C,1,1
16_79599718_G/A,1,1
9_35075278_C/T,1,1
16_2072337_C/T,1,1
18_44701808_A/G,0,0
13_110174650_C/T,1,1
1_108157501_T/G,0,0
7_107362329_A/G,0,0
7_97868998_A/C,0,0
8_6444418_C/T,0,0
7_117642548_A/T,0,0
12_123253947_C/T,0,0
15_48427756_A/C,1,1
17_39492754_T/A,0,0
20_35479426_T/C,1,1
11_6641437_T/C,0,0
2_98380244_G/A,0,0
2_27378588_A/T,0,0
9_133573988_G/T,1,1
6_31947505_G/A,0,0
18_33742954_C/T,1,1
12_47984086_C/T,1,1
19_18162041_T/C,0,0
1_179882651_C/A,1,1
15_89323437_G/A,0,0
16_14609113_C/A,1,1
17_10524834_C/A,1,1
18_10699013_C/T,0,0
3_149145502_T/C,0,0
11_67365224_C/A,1,1
2_113246853_C/T,1,1
3_53497279_T/C,0,0
1_43437648_C/T,0,1
16_69693938_T/C,0,0
6_64590891_A/C,1,1
9_132328499_G/A,0,0
15_89652864_G/A,1,1
19_13307855_C/T,1,1
2_73573426_T/C,1,1
1_45015006_G/A,1,0
5_45262797_T/C,0,0
17_19657790_T/C,0,0
4_48094199_G/A,0,0
1_156135260_C/A,1,1
10_20852560_G/A,0,0
1_108923998_A/G,1,1
11_44234132_T/A,1,1
9_114206272_A/G,0,0
4_186084750_C/T,0,0
5_179125003_A/G,0,0
2_166199611_A/G,0,0
22_28695808_G/A,0,0
8_89953355_C/G,0,0
8_143867203_G/A,0,0
6_31963712_A/T,0,0
5_112839201_G/T,1,1
6_32039219_G/A,1,1
13_32340762_T/G,1,1
6_52024830_C/T,0,0
5_172914756_T/A,1,1
1_235770159_C/T,1,1
7_92214725_A/C,1,1
17_68525906_C/T,0,0
1_215867005_A/C,1,1
17_42907578_A/G,0,0
1_247424375_T/C,1,1
11_128556402_G/T,0,0
7_117559591_T/G,1,1
1_17028610_T/C,1,1
9_99138043_G/A,1,1
20_62332613_G/A,0,0
19_55147142_C/A,1,1
3_193666374_C/G,0,1
12_66392426_G/C,0,0
13_23340905_A/G,1,1
1_67330773_T/C,0,0
2_26234224_C/A,1,1
10_74114878_C/A,0,0
4_4274670_C/T,0,0
X_22190503_G/T,1,1
16_88824813_T/G,1,1
1_12283579_G/A,1,1
17_65538311_G/T,0,0
X_154532698_T/C,1,1
12_88130544_C/T,1,1
2_240030381_G/A,0,0
9_95449276_C/T,0,0
15_66703901_C/T,0,0
16_2091131_G/A,0,0
9_6605192_G/A,1,1
X_85958978_C/T,1,1
1_215671269_G/A,0,0
17_37731787_C/T,1,1
7_100627360_G/C,0,0
X_49210608_T/G,0,0
19_38916306_T/C,1,1
2_169362370_G/A,0,0
6_49440265_C/G,1,1
7_117548732_C/A,1,1
X_71223893_C/A,1,1
3_134559325_C/T,0,0
X_24995938_C/G,0,0
2_206133107_T/G,1,1
17_18166522_G/A,1,1
19_1495571_A/T,0,0
11_103135629_T/C,0,0
1_237809008_A/G,0,0
14_19747579_C/T,0,0
1_155235007_C/T,1,1
19_1646354_C/A,1,1
X_154030795_T/A,1,1
22_50678767_A/T,1,1
12_112908717_T/G,1,0
6_12120246_G/A,0,0
5_140697598_G/A,0,0
14_102010883_G/A,0,0
1_229637152_A/C,0,0
2_3580149_C/T,0,0
3_169100921_C/T,1,1
6_65353457_C/A,1,1
3_33120403_T/C,0,0
16_2103798_G/C,1,1
15_40647025_G/A,1,1
9_137971538_C/T,0,0
8_30612400_C/G,1,0
12_12718856_A/G,0,0
12_106496150_C/T,1,1
10_110602154_A/G,0,0
3_122257275_A/C,1,1
12_6582662_G/A,0,0
1_147908049_T/G,1,1
12_49051294_G/C,1,1
11_108294959_T/C,0,0
10_69572576_G/A,0,0
1_197004703_G/A,0,0
X_153743238_T/C,1,1
14_80955833_G/T,0,0
2_218662681_T/G,1,1
5_38523518_G/T,1,1
1_216084878_C/G,1,1
10_92649866_C/T,0,0
2_205723816_C/T,0,0
20_62312903_G/A,0,0
9_136514560_C/T,0,0
12_6019213_T/G,1,1
1_26761057_C/T,1,1
11_46875894_C/T,0,0
17_11769304_C/G,1,1
3_122254191_T/G,1,1
1_237496580_G/A,0,0
2_178558528_A/G,0,0
10_93620978_C/T,1,1
9_105601322_C/T,0,0
5_139322673_T/A,0,0
3_128483868_G/A,1,1
3_179218294_G/C,1,1
X_50086360_G/A,1,1
3_48579271_G/A,1,1
4_150310305_G/A,0,0
4_20531990_C/G,0,0
5_90637913_G/A,0,0
17_1675212_G/T,0,0
2_72888378_C/G,1,1
4_78407767_C/T,1,1
17_38335070_G/A,0,0
2_233318785_G/A,0,0
X_54449191_G/C,0,0
18_75286488_C/T,0,0
3_52407961_A/G,0,0
1_171636585_C/A,0,0
16_28843113_G/A,0,0
15_31037767_C/A,1,1
12_88064026_C/G,0,0
1_40312070_G/A,1,1
16_57651309_C/A,0,0
6_111559489_G/A,0,0
X_124487217_G/T,0,0
1_202946530_A/C,0,0
10_80169265_C/T,0,0
16_30902521_G/T,0,0
6_31668565_C/T,1,1
1_94063130_G/T,1,1
12_57766913_G/T,0,0
22_21807728_G/A,1,1
1_42927684_C/A,1,1
16_89101158_G/C,0,0
2_39023112_T/G,1,1
14_68880960_A/G,0,0
16_89805302_G/A,0,0
11_64759898_T/A,1,1
20_22582468_C/T,0,0
4_127949816_T/A,0,0
1_179561327_C/T,1,1
7_129206521_C/T,1,1
22_20995962_G/C,1,1
7_6402360_C/G,1,1
19_49190294_C/T,0,0
11_118490218_G/A,0,0
17_18125230_A/G,1,1
7_17334052_C/G,0,0
6_10796238_C/T,0,0
2_222295617_T/A,0,1
1_223003668_G/A,0,0
15_89322759_G/A,0,0
17_17219018_C/T,1,1
15_43197413_C/T,0,0
5_112835055_G/A,0,0
2_165313705_T/C,1,1
4_122742064_G/T,1,1
15_72544895_C/T,0,0
X_132085692_C/T,0,0
5_34004670_G/A,0,0
1_11952736_G/A,1,1
3_9892948_C/A,0,0
6_79493612_C/G,1,1
11_93790678_C/T,0,0
11_77208719_C/A,1,1
2_151562125_G/T,1,1
X_80809033_G/A,1,1
4_81137397_C/A,1,1
7_94399051_C/T,0,0
8_56966276_C/T,0,0
15_66703279_G/A,0,0
4_47937389_G/T,1,1
X_32491438_C/A,1,1
22_25768657_C/T,0,0
6_7584202_G/T,1,1
2_178580171_A/G,0,0
3_193643415_G/A,1,1
3_50348958_C/T,0,0
11_1195046_C/T,0,0
4_3212574_A/G,0,0
1_215799126_C/T,1,1
3_190404786_T/G,1,1
16_3757337_G/A,1,1
15_72350517_C/G,1,1
3_42686662_C/T,0,0
3_52388598_C/T,1,1
16_8811180_T/A,1,1
15_74897114_T/A,0,0
20_32433584_C/T,0,0
2_85667728_C/T,1,1
22_42067172_C/T,1,1
19_47836380_G/A,1,1
16_56872787_G/C,1,1
12_49030904_G/A,1,1
2_219077309_T/C,0,0
19_41879285_G/A,0,0
6_42704462_T/C,1,1
1_42930766_G/C,1,1
X_111728223_A/G,0,0
3_120628413_A/C,0,0
14_75963402_G/A,0,0
3_97785050_G/A,1,1
16_8801798_G/C,1,1
10_31521584_C/A,1,1
6_52079899_C/T,1,1
9_42188017_C/T,0,0
16_21075479_C/T,0,0
X_100408330_C/G,1,1
8_76863896_C/T,0,0
6_97229075_T/G,0,0
15_44615365_G/T,1,1
5_149028147_G/A,1,1
5_71635160_G/T,1,1
5_138812303_G/A,1,1
13_20189387_G/A,0,0
X_38408898_C/G,1,1
9_137778006_C/G,0,1
4_177351454_G/A,0,0
14_74611614_G/A,1,1
16_16198114_C/T,0,0
12_11886000_G/A,0,0
16_83899220_C/A,0,0
14_102033419_G/A,1,1
7_107563873_G/C,0,0
7_116699739_C/T,0,0
17_43095853_T/C,0,0
12_51920758_G/C,1,1
2_218890075_C/T,0,0
4_6301471_C/A,1,1
2_178776602_G/T,0,0
17_7670626_C/T,0,0
15_33646401_G/A,0,0
13_23250628_A/G,1,1
2_71561923_T/C,0,0
2_178635164_C/G,1,1
10_87931090_G/A,1,1
4_15569390_G/A,1,1
6_129316161_C/T,1,1
10_49470203_C/A,1,1
19_12648306_G/A,0,0
1_215813752_G/T,1,1
11_77147932_C/G,1,1
22_38120888_C/T,1,1
16_28488620_G/A,1,0
16_2107955_C/T,0,0
15_48437033_A/C,1,1
15_48437777_C/A,1,1
15_67181454_G/T,1,1
1_64835420_C/T,0,0
2_178733716_A/G,0,0
11_47332635_G/C,0,0
9_72821080_A/G,1,1
1_11794385_C/T,1,0
1_10348693_G/C,0,0
14_21428198_G/A,0,0
9_407070_G/A,1,1
5_32784806_A/G,0,0
3_38566564_G/A,0,0
6_156778445_C/T,0,0
19_38565034_G/C,1,1
17_41968625_G/A,0,0
2_214781466_T/C,0,0
7_128842831_G/A,0,0
1_12349244_C/T,1,1
3_133775590_C/T,0,0
2_98396809_T/C,1,1
6_129481397_G/A,0,0
8_99717221_A/T,1,1
1_43431799_T/C,0,0
20_34942982_G/A,0,0
19_35721708_G/T,0,0
1_231421034_C/T,0,0
17_70175273_C/T,0,0
1_196745911_G/A,0,0
19_13299322_T/A,1,1
19_42376457_C/T,0,0
11_66696490_C/T,0,0
9_13168371_G/A,0,0
7_135618424_G/A,0,0
1_11145013_A/G,0,0
8_118110632_C/A,1,1
2_168935296_C/T,1,1
7_75980389_C/T,0,0
2_165380674_C/T,1,1
10_92637232_C/G,0,0
10_49524149_G/A,0,0
10_110133615_C/A,0,0
17_61861489_A/G,0,0
16_28491508_C/G,0,0
6_108074574_C/T,0,0
5_39202191_A/G,0,0
6_109715178_T/G,1,1
2_178768881_A/T,0,0
1_236749240_T/C,0,0
X_108687694_G/A,1,1
15_100048949_C/T,0,0
16_23635007_T/A,0,0
7_5978656_G/A,0,0
5_74736986_C/T,1,1
8_117822499_A/C,1,1
X_149490426_C/T,0,0
16_23607875_C/A,0,0
17_59081115_G/A,0,0
15_42736696_C/A,1,1
10_54664206_A/C,0,0
2_3643917_C/A,0,0
X_115645019_A/G,1,1
2_29531923_C/G,0,0
19_38119673_G/A,0,0
14_64795540_G/A,0,0
11_9478541_A/G,0,0
9_114290223_G/A,1,1
3_138946431_A/G,1,1
16_30716203_G/A,1,1
4_168878251_G/A,0,0
4_84789816_C/T,1,1
5_80813661_G/A,0,0
3_123352464_G/C,1,1
2_206130127_G/A,1,1
3_63988104_C/T,1,1
11_66849278_G/A,0,0
10_101008818_C/T,0,0
16_2054433_A/G,0,0
5_1293311_A/T,1,1
10_86919275_T/C,0,0
3_165030757_C/T,0,0
10_89441152_G/A,1,1
X_154461233_G/A,0,0
8_76850885_G/A,1,1
17_15260694_G/A,1,1
15_89629387_G/A,1,1
2_85551883_C/T,1,1
1_215759785_C/T,1,1
16_88436737_C/T,0,0
15_75394864_C/T,1,1
10_54378826_G/A,1,1
13_114325331_C/T,1,1
8_31067099_A/T,1,1
2_96265306_G/A,1,1
9_85958538_T/G,0,0
15_48428396_C/T,1,1
1_216247098_A/G,1,1
2_27454014_G/A,1,1
1_154992712_G/C,1,1
9_127501113_C/G,0,0
3_37000993_T/C,0,0
16_1706620_A/G,1,1
7_55142314_G/C,0,0
11_17463516_T/A,0,0
16_9768980_G/C,1,1
1_167553610_G/A,0,0
12_48141997_A/G,0,0
19_41984937_C/T,1,1
11_68761534_C/T,1,1
7_103630080_C/T,1,1
7_98910211_T/A,0,0
17_5536868_C/T,0,0
1_237784879_A/G,0,0
1_186015356_G/A,0,0
22_36288308_T/C,0,0
1_112929207_A/G,0,0
2_151724314_A/G,0,0
5_146130069_G/A,0,0
13_101399097_C/T,0,0
1_236757500_A/G,0,0
9_110800667_T/A,0,0
9_120957337_T/C,0,0
2_71656215_T/C,0,0
19_10180781_G/A,0,0
2_227008059_G/A,1,1
10_67884925_G/A,0,0
12_11268662_C/A,0,0
11_103177653_T/A,1,1
7_33387991_G/T,1,1
5_67184177_C/T,0,0
5_13824325_A/T,1,1
20_8737163_T/A,1,1
X_130165591_G/A,0,0
2_169181607_C/T,1,1
2_73909088_T/A,1,1
10_111007554_C/T,0,0
17_31163335_C/T,0,0
X_153694445_C/G,1,1
6_42704555_C/G,1,1
4_139370285_G/T,1,1
12_88071343_C/A,1,1
1_42762400_G/A,1,1
3_136327178_A/T,1,1
1_160357103_G/C,0,0
6_157200911_G/A,0,0
2_215423498_G/A,0,0
8_99818794_T/C,0,0
11_16803019_C/T,0,0
7_74057677_C/T,0,0
19_41892607_C/T,0,0
1_158627663_G/A,1,1
3_87262195_C/G,0,0
17_80113273_T/C,1,1
12_80669142_G/A,1,1
17_31214531_T/A,1,1
2_112021426_C/T,1,1
2_218812922_A/G,1,1
2_47905700_G/C,0,0
2_166045078_A/G,0,0
X_154992971_G/A,1,1
10_95606867_C/T,0,0
19_2121871_G/A,0,0
13_94578116_A/C,0,0
15_68214350_G/T,0,0
X_53196754_G/A,0,0
14_67726979_A/G,1,1
17_44075686_C/T,0,0
17_80038188_T/C,1,1
3_52362997_G/A,0,0
4_158682399_T/C,1,1
17_9023294_G/A,0,0
X_139561978_G/T,1,1
1_226894110_C/T,0,0
19_46756390_A/G,1,1
1_118023361_A/T,0,0
6_43601052_C/G,1,1
1_74182645_G/A,0,0
2_165388662_T/C,1,1
5_13769079_G/A,1,1
1_6124593_T/A,1,1
1_5967321_C/T,0,0
7_124863362_T/A,0,0
8_143440077_C/A,0,0
15_44621919_T/C,0,0
X_22076399_A/T,1,1
3_127018515_C/T,0,0
16_49637754_G/A,0,0
16_88433806_C/T,0,0
13_32346867_T/C,0,0
X_32565825_G/C,0,0
1_3602598_G/A,0,1
14_95124552_C/T,0,0
16_66972939_G/C,0,0
4_47949894_C/A,1,1
3_151338543_G/A,0,0
6_43006546_G/A,0,0
7_45000364_G/A,1,1
3_136293866_T/A,1,1
1_45333518_G/C,0,0
9_124493030_C/T,1,0
14_102000095_T/C,1,1
X_49270463_C/T,0,0
21_33263479_G/T,0,0
3_189867903_G/A,1,1
3_142462091_C/T,1,1
2_108010325_T/C,1,1
5_37165644_C/T,0,0
2_63313302_C/T,0,0
1_46194561_G/C,1,1
17_50354910_G/A,0,0
5_157472385_G/A,0,0
2_178538619_T/C,0,0
4_182736813_C/T,0,0
17_31163247_T/A,1,1
X_19706983_G/A,0,0
12_47975315_A/C,1,1
9_2029089_C/T,0,1
3_52406908_C/T,1,1
1_42929232_T/G,1,1
9_78243493_G/A,1,1
8_71216733_C/T,1,1
20_63690944_G/A,0,0
12_9756327_T/C,0,0
19_11116900_C/T,1,1
11_36575467_C/T,0,0
X_71223885_T/C,1,1
2_69328313_A/C,1,1
17_8316112_C/T,0,0
X_154861783_C/G,1,1
1_25805158_C/G,0,0
8_38419650_G/A,0,0
16_9834189_G/A,0,0
1_228215763_C/A,1,0
5_95482583_G/A,1,1
6_160136229_G/A,0,0
6_152218317_C/T,0,0
X_24737672_T/C,0,0
6_52027869_T/A,0,0
16_88432082_G/A,0,0
9_136365165_C/T,0,0
8_60852164_T/C,0,0
10_20817678_T/A,0,0
X_18604076_C/G,1,1
3_179419444_C/T,1,1
11_722511_G/A,0,0
17_56862253_T/C,1,1
6_3154905_T/C,1,1
9_134823457_C/T,0,0
1_205064428_G/A,0,0
11_77147805_G/A,1,1
3_48575243_C/A,1,1
7_5986956_A/G,0,0
9_121005961_T/C,0,0
2_219637616_C/T,0,0
15_40210159_C/G,1,1
6_51659067_G/A,1,1
X_10469712_G/A,1,1
19_18066568_C/T,0,0
16_23630408_G/T,0,0
10_71800757_T/C,1,1
4_15989780_A/T,0,0
11_26656134_G/T,1,0
14_58457773_G/C,0,0
14_102425251_G/A,1,1
18_63658615_T/C,0,0
16_89553959_A/C,1,1
15_48425435_C/A,1,1
11_118484897_A/T,0,0
19_15192271_C/A,1,1
12_121453133_C/T,1,1
11_17520868_A/C,1,1
7_108502532_C/T,0,0
11_108329203_A/G,0,0
7_107663410_T/G,1,1
1_235716727_A/C,1,1
5_151517692_A/G,0,0
19_4159764_G/A,0,0
4_47403616_T/C,1,0
8_117830298_G/A,1,1
12_32792701_A/G,0,0
2_169152903_G/C,1,1
17_50189233_G/A,1,1
19_43774551_G/T,0,0
11_57614450_G/A,1,1
18_55232588_G/A,1,1
18_22946473_C/T,1,1
17_50076671_A/T,1,1
9_121160278_A/G,0,0
3_52406318_T/A,1,1
13_51958542_G/A,0,0
X_129588933_G/C,1,1
9_110682802_T/C,1,1
6_32041090_C/T,1,1
17_8006512_G/C,0,0
X_53215977_C/A,1,1
9_137743902_G/A,0,1
11_6615203_T/C,0,0
1_65224764_G/A,0,0
X_154996984_T/C,1,1
6_43050358_C/T,1,1
6_33178328_G/T,0,0
7_150742584_C/G,0,1
16_23630235_G/C,1,1
6_3154129_G/T,1,1
7_83156320_T/C,0,0
6_157206165_A/C,1,1
3_169090098_T/C,0,0
3_136327239_C/T,1,1
2_32087520_G/A,1,1
1_198752620_G/A,0,0
15_34336458_G/A,0,0
3_53501696_T/C,0,0
12_109573373_G/A,0,0
6_69713785_G/A,1,1
10_86919417_A/T,1,1
3_97780157_A/C,1,1
10_53938872_G/A,1,1
2_169185703_A/G,0,0
7_117590352_G/A,1,1
12_21477890_G/A,0,0
14_64003219_T/C,0,0
8_143935214_C/T,0,0
2_178662396_G/T,0,0
X_132628441_C/T,0,0
8_27463408_G/T,0,0
10_102835272_G/A,1,1
6_152331446_T/A,0,0
17_82029580_G/A,0,1
1_156136074_C/G,1,1
16_71978295_C/T,0,0
5_87268712_A/G,0,0
7_92221952_G/A,1,1
7_116778930_T/C,0,0
17_50626541_G/A,0,0
3_9442131_A/C,0,0
11_47342157_C/T,1,1
6_32835202_G/A,0,0
X_48688727_G/A,0,0
2_219567825_G/T,1,1
5_36984735_G/T,1,1
5_56881569_G/C,1,1
9_77220082_G/A,1,1
17_31233008_G/A,1,1
2_178741668_A/G,0,0
7_117614686_A/G,0,0
16_2116551_G/C,1,1
2_17932443_A/G,0,0
8_38428043_C/A,1,1
1_114716090_A/T,1,1
2_181538226_G/A,0,0
20_38570848_G/A,1,1
11_1099574_G/A,0,0
14_95107895_G/A,0,0
3_9448563_C/A,1,1
1_26697380_G/A,0,1
19_11120144_G/T,1,1
6_144187035_C/A,0,0
6_152308551_C/A,1,1
X_131274800_G/A,1,1
22_41469180_C/T,1,1
19_7542671_G/C,1,1
2_233328509_C/T,1,1
7_152315305_T/C,0,0
6_56615997_A/G,0,0
7_98955175_G/A,0,0
2_188999286_G/T,1,1
3_30691453_T/C,1,1
3_48584370_G/C,0,0
15_51486191_G/A,0,0
12_5949162_G/A,0,0
15_100051585_C/T,0,0
11_66012946_C/T,1,1
4_186285765_G/A,1,1
3_25737383_C/T,0,0
17_31358511_C/T,0,0
8_64604807_G/A,1,1
20_63661896_C/T,0,0
5_150390023_G/C,1,1
X_100407903_T/A,1,1
15_100879925_G/A,0,0
16_30980571_T/G,1,1
19_19198200_G/T,1,1
5_42695040_T/G,0,0
18_45063500_G/T,0,0
7_21558938_T/C,0,0
16_2111031_T/A,0,1
19_10113961_C/T,0,0
11_64810086_C/T,0,0
12_110919133_C/T,1,1
17_18151453_G/A,0,0
4_71339467_C/T,0,0
1_119723389_A/T,1,1
17_31235614_G/T,1,1
1_2229264_C/T,0,0
18_2729380_C/T,1,1
3_120641647_G/A,1,1
15_48430759_T/G,0,1
2_202467518_G/A,1,1
6_99323535_G/A,0,0
7_6003713_A/G,0,0
X_108571455_C/T,1,1
8_99717371_C/T,1,1
17_50199555_C/A,1,1
18_33646354_G/A,1,1
12_8843262_C/T,0,0
16_89532498_G/T,1,1
14_23429044_C/T,1,1
X_104013418_G/A,0,0
X_80676938_G/A,1,1
X_108692800_C/G,1,1
6_32843868_A/G,0,0
7_114629924_A/G,0,0
10_86899831_G/A,1,1
1_102912158_C/T,1,1
12_101367975_A/G,0,0
14_67726988_C/T,0,0
19_15807421_G/A,0,0
12_88090781_G/A,1,1
18_23554972_G/A,1,1
19_8089558_G/A,0,0
12_88050387_G/T,0,0
11_26656400_C/T,0,0
22_17188388_G/A,0,0
19_37893082_G/A,0,0
6_33176055_A/G,0,0
X_77688929_T/A,1,1
6_75154425_A/G,0,0
10_101018934_G/A,0,0
9_114162742_C/G,0,0
20_2400338_G/A,0,1
19_38500898_C/T,1,1
8_124549766_G/A,0,0
8_30703093_C/T,1,1
17_1661130_G/A,0,0
9_6605181_C/G,1,1
15_89328537_T/G,1,1
6_135448400_G/A,1,1
9_77205368_C/T,0,0
8_71216978_C/A,1,1
11_108272852_G/C,1,1
6_49451523_C/T,1,1
22_29480340_C/T,0,0
X_153508361_C/G,0,0
3_38756689_G/A,0,0
18_70057798_G/A,1,1
13_51970696_G/A,1,1
12_88080397_T/G,1,1
9_122519300_C/A,0,0
2_240758478_G/T,0,0
11_108292673_A/G,0,0
4_110621169_C/G,1,1
2_203870636_G/C,1,1
2_21012588_C/T,0,0
1_216289394_C/T,0,0
6_75102664_C/T,1,1
16_89740016_T/A,0,0
X_48523985_T/C,1,1
16_8847801_G/C,1,1
1_68438212_T/C,1,1
9_439364_G/A,0,0
10_47322744_C/T,1,1
20_32435950_C/T,0,0
3_4811337_A/G,1,1
7_94911044_C/G,0,0
16_3592776_C/T,0,0
5_13758902_G/A,1,1
12_10054345_G/A,0,0
18_7024388_C/T,1,1
1_119968183_C/T,0,0
18_33744382_C/T,1,1
11_2445453_G/C,1,1
19_46608893_G/A,0,0
X_152945427_T/C,0,0
13_32340561_T/G,1,1
2_202377513_G/A,1,1
6_65295933_G/T,0,0
4_99611158_A/T,0,0
5_132608707_C/T,0,0
2_178572382_G/A,1,1
6_33443046_C/T,1,1
14_64793498_G/T,1,1
1_108943941_A/G,0,0
16_23603529_C/T,1,1
3_155828342_G/A,0,0
2_47806535_T/A,0,0
15_48497297_A/C,1,1
2_29072150_A/G,0,0
1_2412485_G/C,0,0
6_49451693_G/A,1,1
4_5689305_C/T,1,1
X_45070359_T/C,1,1
12_25245310_C/T,0,0
6_33296643_C/T,0,0
3_69965083_T/C,0,0
1_25812759_C/T,0,0
12_102844409_A/C,1,1
13_51950057_T/C,1,1
5_112827934_G/T,0,0
16_10909111_A/T,1,1
13_32346825_A/T,1,1
19_918623_G/A,1,1
8_144516029_C/T,0,1
11_77211338_G/A,1,1
1_1046736_G/A,1,1
8_76704280_C/T,0,0
12_19314828_A/G,0,0
6_65344036_A/T,1,1
10_84201915_G/A,0,1
5_80864943_G/A,1,1
12_13608730_G/C,1,1
2_201650133_T/C,0,0
2_232163552_T/C,0,0
11_78478609_G/A,0,0
7_21852465_A/T,1,1
17_39462095_G/C,0,0
3_136151857_G/A,1,1
11_44126884_A/G,0,0
3_128055731_T/G,1,1
21_43072048_G/A,1,1
9_127824959_A/G,1,1
15_34242107_G/C,1,1
12_98516065_C/T,0,0
X_53546581_G/T,0,0
22_32491139_A/T,1,1
13_32340335_C/T,1,1
12_114366163_A/C,1,1
5_37139371_C/T,1,1
2_174748739_A/T,0,0
14_75047076_A/G,0,0
1_40074147_G/A,1,1
2_219279847_A/G,1,1
9_137162895_C/A,1,1
19_8601033_G/A,0,0
21_45505182_C/T,1,1
2_178604051_A/C,1,1
X_49219344_G/A,1,1
8_117799849_G/A,1,1
11_77189386_C/A,1,1
8_76984016_C/T,1,1
17_81812885_C/T,0,0
5_37120244_C/T,0,0
11_94459489_T/C,0,0
9_137162659_G/C,1,1
11_128839377_G/T,1,1
16_30025351_G/A,0,0
9_36236842_A/G,0,0
6_43525200_C/T,0,0
4_56484813_T/G,0,0
11_22377563_C/A,0,0
15_48489980_C/A,1,1
12_49951191_G/A,1,1
1_151399600_T/C,0,0
4_1001882_G/T,1,1
12_132659435_A/G,0,0
17_43076604_A/G,0,0
X_103790562_C/T,0,0
15_76283826_C/T,1,1
3_38603923_G/C,1,1
22_20982467_T/C,0,0
15_34254347_C/T,1,1
1_62598779_T/C,0,0
12_88084679_A/G,0,0
16_2040152_G/A,0,0
7_21787579_A/G,0,0
1_228335096_C/T,0,0
1_17044843_T/C,1,1
7_94618869_A/G,1,1
12_51721662_G/A,0,0
3_48576903_G/C,1,1
22_37139116_C/T,1,1
X_22212903_G/C,1,1
2_42048839_G/T,1,1
19_11113420_G/T,1,1
1_215970751_A/T,1,1
16_3591073_A/T,1,1
18_62154563_C/T,1,1
15_90761104_C/T,0,0
2_219421359_A/C,1,1
14_23419993_C/A,1,1
2_189110245_C/T,0,0
1_216175303_C/T,1,1
X_153740138_G/T,1,1
9_131068220_G/A,0,0
8_99170037_A/G,1,1
1_53211180_C/T,0,0
3_69959311_C/A,1,1
12_32850806_C/T,0,0
2_232136504_A/G,0,0
15_51450186_C/T,0,0
5_34937404_C/T,1,1
2_151540389_C/T,0,0
15_45108860_G/A,1,1
7_151572693_A/G,1,1
17_75729297_C/G,1,1
3_52452161_G/C,0,0
12_56004923_G/T,1,1
16_3731196_C/A,1,1
6_32857386_G/A,0,0
16_1452781_C/G,0,0
6_52050244_G/T,1,1
3_11031239_C/T,0,0
X_153866729_T/C,1,1
8_118933137_C/A,1,1
13_32331009_C/T,1,1
6_51959994_C/T,1,1
1_201316692_C/T,1,1
2_210648518_T/C,0,0
1_210919966_A/G,1,1
5_13793996_C/T,0,0
8_99642207_G/T,1,1
18_46483592_G/T,0,0
15_93020173_C/T,1,1
14_21391035_C/T,1,1
19_1621914_G/A,0,0
3_179219600_A/C,0,0
11_46893085_C/T,1,1
15_48505139_C/G,1,1
2_70959970_C/A,1,1
16_67942717_C/T,0,0
17_31225198_T/G,1,1
2_47478407_C/G,0,0
3_49122354_A/G,0,0
22_50219389_G/C,0,0
13_32371021_A/G,0,0
5_149896355_C/T,1,1
16_1362740_A/T,1,1
15_48515433_A/C,1,1
4_189955041_G/A,1,0
12_32733789_A/C,0,0
5_95514896_G/A,1,1
18_46522197_C/T,1,1
21_44899069_C/A,1,1
8_86578688_C/A,1,1
3_93877152_T/A,1,0
3_179201375_A/G,0,0
10_119030036_T/A,0,0
7_147977961_C/T,0,0
3_131243453_G/A,0,0
3_24127631_G/A,1,1
14_81143349_G/A,1,1
19_7559073_C/T,0,0
11_10752724_T/C,1,1
17_80036680_C/T,0,0
3_47123289_T/C,0,0
6_131579235_A/G,0,0
10_71799629_G/A,1,0
9_77317677_A/G,0,0
17_31261751_G/C,1,1
17_80084779_C/T,1,1
16_3728820_G/T,1,1
10_17103149_C/T,1,1
12_132668503_C/T,1,1
1_23799006_A/G,1,1
5_38484782_G/A,1,1
2_58198663_C/G,1,1
X_3010084_C/T,0,0
1_43437702_C/T,1,1
18_27985624_C/G,1,1
12_47977655_T/C,1,1
20_18526476_G/A,1,1
7_105565448_C/T,0,0
17_81651644_C/A,1,1
3_124477247_A/T,0,0
2_177440964_G/A,1,1
6_33437678_G/A,0,1
12_31083891_C/T,1,1
15_26583344_C/A,1,1
22_50523671_A/T,0,0
1_215639239_C/G,1,1
13_32337651_C/A,1,1
9_32542407_A/G,0,0
12_103759159_C/T,0,0
3_129977111_T/C,0,0
12_102839216_C/A,1,1
4_55359403_C/A,1,1
12_88077221_C/T,1,1
22_41150117_G/A,0,0
17_10525777_A/G,0,0
2_227050122_C/G,1,1
17_64496473_G/A,1,1
9_35556010_A/G,0,0
2_237540864_C/T,0,0
7_138722026_C/G,1,1
19_16997318_G/A,0,0
22_50244149_A/G,0,1
X_67721964_G/A,1,1
2_73491027_C/G,1,1
8_47970768_C/T,0,0
7_69599655_T/G,1,1
15_42359807_T/C,1,1
4_56469663_C/A,0,0
19_55154055_T/G,1,1
1_181733612_A/G,0,0
14_23432703_C/G,1,1
X_47214417_G/A,0,0
X_69616478_C/G,1,1
15_63746981_T/C,0,0
7_157367414_T/C,1,1
8_64798471_G/T,0,0
3_4362224_G/A,1,1
17_75836341_G/A,1,1
16_28482105_C/G,1,1
19_48157024_C/T,0,0
17_747729_G/A,1,1
20_62840729_A/T,0,0
19_38585047_C/T,0,0
5_157333344_T/C,0,0
12_114679547_G/A,0,0
7_55160277_A/G,0,0
6_42978968_G/A,0,0
2_47412413_G/A,1,1
1_205663126_G/A,0,0
2_232087528_G/T,0,0
6_33444588_A/T,1,1
12_11267802_T/G,0,0
2_151600514_C/T,0,0
X_14850573_C/T,0,0
19_51746839_T/A,0,0
17_75752310_G/A,0,0
14_23424118_C/G,1,1
1_216289353_G/T,1,1
1_3411760_C/G,0,0
1_209634567_G/C,1,1
6_7571527_C/T,1,1
16_8812994_G/T,1,1
X_32441218_T/C,0,0
3_146110325_A/C,1,1
16_1764439_A/G,0,0
2_178727178_A/G,0,0
4_127939858_T/A,0,0
16_56498452_T/G,0,0
12_23740971_G/A,1,1
4_127930793_A/G,0,0
11_65867960_G/T,0,0
17_3640218_T/C,0,0
1_229432330_C/T,1,1
19_35733108_G/C,0,1
17_42573550_G/A,0,0
5_37142449_A/G,0,0
1_3412426_A/C,0,0
10_277442_G/A,0,0
4_55113391_C/T,0,1
16_2765432_G/A,0,0
6_51836465_T/C,0,0
9_136477367_G/A,0,0
5_75677927_A/G,0,0
1_168293143_G/A,1,1
17_58357514_G/T,0,0
2_47801047_G/T,1,1
5_80654943_G/A,0,0
22_19766792_A/G,0,0
15_45111851_G/A,1,1
22_29489329_G/A,0,0
21_46132092_G/A,0,0
6_83170439_T/G,0,0
17_42690744_C/A,0,0
7_155811909_G/A,1,1
12_32755777_G/T,1,1
1_23865551_G/A,1,1
7_83981442_G/A,1,1
14_50614398_T/C,1,1
16_3731405_G/A,0,0
16_30188244_C/T,1,1
3_81499228_G/T,1,1
3_94039889_T/C,0,0
8_93922230_G/A,0,0
17_43063374_C/G,1,1
17_8086063_T/C,1,1
20_34854574_C/T,0,0
5_112838840_T/C,0,0
2_26727991_G/A,1,1
X_102715133_G/A,0,0
15_48421609_A/T,1,1
22_50626594_T/C,1,1
1_1930304_A/G,1,1
6_26104252_G/A,1,1
12_110339290_C/T,1,1
7_117590362_C/A,1,1
2_135916233_C/A,1,1
14_24260060_T/C,1,1
8_144413373_G/C,0,0
19_56050418_G/A,0,0
5_157488332_G/T,0,0
16_88835851_T/G,1,1
20_10412997_T/G,1,1
4_169602513_C/T,1,1
11_86250329_A/C,0,0
2_120982730_G/A,0,0
19_38448681_G/A,0,0
14_87950719_T/C,0,0
11_46704903_G/A,0,0
6_65495316_C/T,1,1
9_128594347_C/T,1,1
1_208028958_G/A,0,0
15_98935314_A/T,1,1
15_90948686_C/T,0,0
19_46608219_C/A,0,0
14_64786454_G/A,1,1
2_127423172_G/A,1,1
11_72237631_G/A,0,0
17_50196346_C/A,1,1
2_178589875_G/C,1,1
1_1232836_C/T,0,0
3_24127610_C/A,1,1
2_222297044_C/G,1,1
3_42404114_A/G,0,0
5_139308162_G/A,0,0
X_49212755_C/T,1,1
6_73635412_C/T,0,0
5_112707804_C/A,0,0
7_107698085_T/C,1,1
10_68175425_A/G,0,0
17_61847116_G/A,0,0
9_130885122_C/G,0,0
2_21008269_G/A,0,0
7_21600093_A/G,0,0
11_20607053_A/G,0,0
11_89284804_C/G,1,1
X_20195143_G/A,1,1
7_92213371_C/A,1,1
22_50528510_A/G,1,1
2_43960549_A/C,1,1
2_148483315_C/G,0,0
10_87864142_G/T,0,0
X_53403566_C/T,1,1
12_76347053_G/A,1,1
4_55969062_G/C,1,1
3_48593265_T/C,1,1
11_77162852_G/A,1,1
19_49865409_T/G,0,0
X_634734_C/G,1,1
9_2073339_C/T,1,1
10_93068388_G/A,0,0
9_14759902_C/A,1,1
16_67174680_G/C,0,0
2_165381106_A/T,1,1
8_23702664_G/A,0,0
5_90863827_T/C,0,0
7_92226682_C/T,1,0
2_47803614_G/T,1,1
11_71438902_T/C,1,1
1_161624624_G/C,0,0
12_32868965_G/A,1,1
15_92992924_G/A,1,1
6_117288764_T/C,0,0
9_134754288_C/T,1,1
2_208325877_C/T,0,0
10_75028488_G/C,1,1
1_68439571_A/C,1,1
X_153982842_G/A,0,0
11_130915925_T/C,0,0
X_136659287_C/T,1,1
4_127893361_A/G,0,0
1_186069676_G/C,0,0
11_46893041_G/A,0,0
16_1495434_C/T,0,0
19_5212094_G/A,0,0
11_47333267_C/T,1,1
5_176888537_C/T,0,0
17_14207186_C/G,0,0
17_81868455_C/T,0,0
2_27224820_C/T,1,1
5_128335215_A/C,1,1
X_31679567_C/T,0,0
9_131523040_C/G,0,0
3_129434060_A/G,1,1
X_133699930_A/G,0,0
1_235702867_G/A,0,0
4_67753825_C/T,1,1
7_55155917_G/T,1,1
2_219232668_C/T,0,0
1_155236441_T/C,1,1
9_99035397_C/G,0,0
2_71516244_T/C,1,1
5_177280740_A/G,1,1
12_8849689_G/A,0,0
1_56929497_A/G,0,0
7_2926764_G/A,0,0
6_152189339_G/C,0,0
2_148947019_A/T,1,1
17_80113344_G/A,1,1
11_47815512_A/G,0,0
3_38580984_G/A,1,1
11_74042175_C/T,0,0
13_23336015_G/A,1,1
15_48508612_G/A,1,1
20_10641614_A/G,0,1
3_8733936_G/A,0,0
8_104381289_C/T,1,1
10_43119544_C/T,0,0
2_151553425_G/A,0,0
5_150120925_T/A,1,1
2_88691710_C/T,0,0
9_136503285_G/C,0,0
14_73198042_G/A,1,1
1_63414133_C/T,1,1
19_17874204_G/A,1,1
X_13756659_A/C,1,0
2_11610946_G/C,0,0
2_219284786_C/T,0,0
X_38421059_C/T,1,1
1_198696722_A/G,0,0
9_136365201_C/G,0,0
8_142875879_C/T,1,1
4_89822309_T/C,0,0
11_67608398_A/G,0,0
19_45766363_C/T,0,0
15_66703669_G/A,0,0
8_54626178_C/T,1,1
5_159326753_C/T,1,1
7_74043024_A/G,0,0
4_5729318_G/A,0,0
21_31668493_T/C,1,1
6_52066079_T/C,1,1
X_139537063_A/T,1,1
X_131278536_C/T,1,0
X_109624853_G/A,0,0
X_53405388_C/T,1,1
10_37219143_C/A,0,0
1_42757782_C/A,1,1
13_23334208_G/A,0,1
2_47408412_C/T,0,0
18_23545006_T/C,1,1
5_16616650_A/C,1,1
19_54118323_A/C,0,0
19_50323201_C/T,0,0
1_1968786_C/T,0,0
2_21013370_G/A,1,1
22_20991684_G/A,1,1
16_28482157_G/T,1,1
17_61685974_G/A,0,0
11_108287642_G/T,1,1
16_72108811_G/A,0,0
15_26548056_C/T,0,1
14_102930166_C/T,0,0
2_218893264_G/A,1,1
2_201767262_G/C,1,1
16_1352101_G/A,1,1
7_21748632_G/A,1,0
3_11025811_C/G,1,1
9_134824714_G/A,0,0
7_100621073_G/C,0,0
15_48434593_C/A,1,1
4_54709520_A/G,0,0
12_116012902_C/T,1,1
9_34648114_G/C,1,1
1_53210822_T/A,1,0
6_7583052_A/C,0,0
11_93812029_C/T,0,0
3_4658231_C/T,0,0
2_240873023_G/C,1,1
7_44229416_C/T,0,0
12_40259525_A/T,0,0
17_78131696_G/A,0,0
2_29196773_G/T,0,0
X_65534485_C/T,0,0
6_51659080_T/G,0,0
15_48432865_C/G,1,1
17_80113365_G/T,1,1
16_86567457_A/T,1,1
20_62475503_G/A,0,0
3_10067319_T/C,1,1
11_694901_C/T,0,0
20_34929442_G/A,0,0
13_32316497_G/T,1,1
9_126693274_G/C,1,1
19_51366312_G/A,0,0
9_136515487_G/C,0,0
10_71615572_C/A,0,0
19_15187126_G/A,1,1
13_32336692_G/T,0,0
19_17877738_G/A,0,0
15_23647608_A/T,0,1
17_31159009_G/A,1,1
4_85994739_A/T,0,0
6_42698454_G/A,0,0
7_117627771_G/A,1,1
8_89946281_A/C,0,0
16_68681033_G/A,0,0
X_154904526_T/C,1,1
1_118987628_C/G,0,0
6_142770703_C/A,1,1
9_34485240_G/A,1,0
6_129440889_A/T,0,0
16_89810935_C/T,0,0
1_26457864_A/G,1,1
1_43338633_C/T,1,1
20_32792658_C/T,0,0
6_83176031_T/C,0,0
1_156875609_A/T,1,1
2_73450670_C/A,1,1
22_42209872_C/T,0,0
16_49636098_C/T,0,0
1_1354215_G/T,0,0
5_87332582_C/T,0,0
5_112842795_C/T,0,0
3_142497144_C/T,0,0
4_102690653_G/A,0,0
9_131518525_C/A,0,0
1_156115035_T/A,1,1
2_32136930_A/G,1,1
6_123497242_T/C,0,0
6_25966584_G/A,0,0
5_132385355_G/A,1,1
1_161192159_T/C,0,0
19_11113620_G/A,1,1
4_107931817_C/T,0,0
8_33512036_T/C,0,0
1_193135572_A/T,1,1
1_26773649_C/A,0,0
19_11021969_T/G,1,1
5_90644729_C/A,0,0
4_95154621_G/A,1,1
17_61683581_T/C,0,0
17_50196366_C/T,1,1
12_102852875_C/T,1,1
17_40819545_A/G,1,1
14_45188996_A/G,0,0
3_87276340_G/T,0,0
7_128854137_C/T,0,0
16_1216975_A/G,1,1
1_47280786_G/A,0,0
19_38499718_G/A,1,1
22_37757965_C/T,0,0
12_76346298_G/A,1,1
14_102930329_T/C,1,1
19_50415751_G/T,0,0
X_22212904_G/C,1,1
3_141529766_T/C,0,0
15_72351235_C/A,1,1
7_21698099_C/T,0,0
11_62521508_A/T,0,0
X_48911571_T/C,0,0
12_88136729_G/A,1,1
11_9178867_G/A,0,0
10_54079340_C/T,0,0
17_41813049_C/T,0,0
18_51076653_C/T,1,1
11_46079168_T/C,1,1
X_154899949_G/A,1,1
18_63658597_T/C,0,0
20_23047894_G/T,1,1
16_30996993_G/T,0,0
22_36766174_A/G,0,0
1_26762241_A/G,1,0
10_133373331_C/G,1,1
16_3731235_C/T,1,1
16_23192432_C/T,0,0
1_183186366_G/A,1,1
15_84862721_C/T,0,0
20_36919445_A/G,0,0
17_31163243_G/T,1,1
11_65536319_C/T,1,1
X_129576495_T/C,0,0
8_27792053_G/T,1,1
3_10032831_G/T,1,1
7_2526901_G/A,0,0
3_179204509_G/A,1,1
18_49953314_C/T,0,0
19_12665803_T/C,0,0
4_127930752_C/T,1,1
9_131069051_G/C,1,1
11_46894748_T/G,1,1
11_65654707_G/A,0,0
12_49951088_C/T,0,0
22_19766510_C/T,0,0
14_50267814_G/A,1,1
7_128838430_G/A,1,1
5_110761329_G/A,0,0
2_106452276_C/T,0,0
7_150952854_C/T,1,1
11_77184717_T/C,1,1
3_9453820_C/T,1,1
2_54618178_C/G,1,1
15_48497343_C/T,1,1
3_49022733_G/A,1,1
6_109766833_G/A,1,1
9_14841453_C/A,0,0
17_31261709_A/G,1,1
X_31968337_A/G,1,1
17_18155209_G/A,1,1
17_50198481_A/T,1,1
15_30905329_G/A,0,0
19_15160896_G/T,1,1
1_10365435_G/C,0,0
9_108878028_C/T,1,1
5_55220693_G/A,0,0
13_32355080_T/G,0,0
7_140801478_C/G,1,1
19_38460528_G/C,0,0
9_127682509_C/T,1,1
14_59359477_G/A,0,0
1_247425489_G/C,0,0
14_81143640_C/A,1,1
2_209954194_C/T,1,1
X_37803981_G/A,0,0
11_27368896_G/C,0,0
4_102612537_T/C,0,0
6_45437945_A/C,1,1
20_31259566_C/A,0,0
1_1043554_C/T,0,0
7_128849410_G/A,0,0
22_46384624_T/C,0,0
15_98891506_G/A,1,1
20_63697022_A/G,0,0
6_56459060_G/A,1,0
9_98844113_A/T,0,0
13_96987006_C/T,0,0
11_112086955_C/G,0,0
6_101802420_G/A,0,0
3_48467498_C/T,0,0
17_80108517_C/G,0,0
1_186306725_G/A,0,0
3_126989541_C/T,0,0
21_43058832_A/G,1,1
5_1294232_G/A,0,0
15_44598838_T/C,1,1
6_7575396_T/A,1,1
11_47333641_G/A,0,1
17_73201702_C/T,0,0
15_101051730_C/T,0,0
12_101830670_C/T,0,0
1_44978393_C/T,0,0
8_1771598_G/A,1,1
16_9834148_G/C,1,1
19_38543543_C/T,0,0
12_132672654_G/A,0,0
9_72791959_A/C,1,1
9_128522817_G/T,1,1
15_42389098_T/G,1,1
12_49039820_A/C,0,0
12_50108022_A/C,1,1
16_88646778_A/G,0,0
8_124549784_G/A,0,0
12_124325537_C/T,0,0
7_100648637_C/G,0,0
18_58390674_G/T,0,0
16_2094014_C/T,1,1
19_11033519_T/A,1,1
13_38861546_A/G,0,0
15_84840110_C/T,0,0
11_72238080_C/T,0,0
4_25156191_G/C,0,0
5_95522138_G/A,1,1
10_71740837_C/T,1,1
14_64419871_G/T,1,1
16_28902054_C/T,0,0
1_94079350_G/C,1,1
9_13176135_C/T,1,1
13_23879293_C/T,0,0
9_95449273_T/G,0,0
17_43082456_G/A,0,0
3_52402666_G/A,0,0
17_82082388_G/A,0,0
1_108950393_A/G,0,0
1_10282464_G/A,0,0
14_50595596_A/C,1,1
15_80162244_A/G,1,1
14_102027538_T/C,0,0
11_34456170_A/G,0,0
1_1041360_C/T,0,0
1_119741819_C/T,0,0
4_143700513_T/A,0,0
9_34647830_A/G,1,1
2_39058765_A/G,1,1
11_118505816_T/C,0,0
17_66788904_G/A,0,0
1_235800318_A/G,1,1
2_227276478_G/T,1,1
15_88847909_A/C,1,1
11_108282751_A/G,0,0
11_108330295_A/G,0,0
6_52055586_C/T,1,1
16_2100409_C/T,1,1
9_95459599_C/T,1,1
1_26697538_C/T,1,1
1_42930867_C/T,1,1
3_195779775_G/T,0,0
3_38585748_C/T,0,0
18_31592983_T/C,1,1
17_31327806_T/G,1,1
10_17126766_G/A,1,1
17_75752220_C/T,0,0
10_42791700_G/A,0,1
1_226071412_C/G,0,1
19_19543390_C/T,0,0
2_151695577_C/T,1,1
6_54169558_C/T,1,1
1_229432426_C/G,1,1
4_6289005_C/T,1,1
22_50526580_C/A,0,0
21_44287010_A/T,1,1
5_42711312_G/T,1,1
15_41817452_G/A,0,0
11_72195675_C/T,1,1
19_45364455_G/A,0,0
4_154744799_G/A,1,1
22_20064551_T/C,0,0
1_186137610_G/C,0,0
13_110170582_C/A,1,1
15_48420794_C/A,1,1
16_27754223_G/A,0,0
22_36349107_C/G,1,1
9_136500726_C/T,0,0
13_32332948_A/C,0,0
3_189984591_C/T,1,1
7_94426024_T/G,0,0
20_17969958_C/T,0,0
16_870758_G/A,0,0
2_73600832_T/C,0,0
17_31235703_G/A,0,0
7_74043922_T/C,1,1
8_144360829_C/A,0,0
3_4815144_T/C,1,1
17_61780984_A/T,0,0
11_108319978_C/T,0,0
17_31336428_T/C,0,0
9_128630376_G/A,1,1
8_89955338_G/A,1,1
6_136872254_G/A,1,1
16_23634995_T/C,0,0
2_237378895_G/T,0,0
1_219927937_C/T,0,0
16_177088_C/A,0,1
17_31249039_G/T,1,1
X_108568674_G/A,1,1
11_102796755_T/C,0,0
11_77192108_C/T,1,1
1_183236572_C/A,0,0
13_32330981_T/A,0,0
16_28482104_C/A,1,1
6_45512311_C/T,1,1
19_12897829_C/T,0,0
16_89183555_C/T,0,0
6_152463508_G/A,1,1
1_15438470_G/A,0,0
19_48416138_C/T,1,1
13_48465033_T/A,1,1
9_69227788_C/T,1,1
1_46192159_G/C,1,1
1_151815253_C/T,0,0
1_237627988_C/A,0,0
9_14868743_C/A,1,1
3_52331311_T/C,1,1
16_67651515_G/A,1,1
5_112837736_G/A,0,0
4_183664009_C/T,1,1
15_75354477_T/G,0,0
19_38457546_G/A,1,1
7_99195281_G/A,0,0
8_99870834_G/A,0,0
8_1771245_G/A,1,1
5_122076895_G/A,0,0
8_54621572_C/A,1,1
5_132588749_C/T,1,1
5_90653288_C/G,0,0
18_57601699_G/A,1,1
7_117642594_G/C,1,1
4_186603590_G/A,0,1
14_81143610_G/T,1,1
2_165170543_A/G,0,0
4_158706776_T/G,1,1
13_23355090_G/A,0,0
16_3013708_C/T,1,1
2_202552832_A/G,0,0
17_63941903_C/T,1,1
7_44147692_T/C,1,1
11_64591682_C/A,0,0
7_130383725_T/C,0,0
2_151502805_C/T,0,0
4_183685273_T/C,0,0
18_23548005_C/A,1,1
19_13135768_C/T,0,0
1_116398650_T/C,0,0
17_80353531_G/A,0,0
9_136370362_G/A,1,1
21_46112332_G/A,0,1
7_107698042_T/A,1,1
15_58679179_A/T,1,1
6_32830090_C/T,1,1
14_101894507_C/T,0,0
7_117627640_C/G,1,1
5_177993025_G/T,1,1
1_21978416_A/C,0,0
17_31327535_C/T,1,1
2_33585644_G/A,0,0
4_989535_C/T,0,0
17_35422223_C/T,0,0
10_17100096_G/A,0,0
12_76348162_C/T,1,1
5_13901251_C/A,1,1
1_167128212_C/T,0,0
3_122282237_G/C,1,1
17_80117007_G/C,1,1
3_48591897_C/A,1,1
8_81660535_G/A,0,0
10_27067161_T/C,0,0
7_44145522_C/G,1,1
6_56594062_C/T,0,0
14_104952107_G/A,0,0
14_24151254_C/T,0,0
3_119402300_G/C,0,0
3_139518430_C/T,0,0
22_50463316_G/A,0,0
1_9720793_G/A,1,1
5_223556_A/G,0,0
1_155910505_G/A,0,0
3_25751185_G/A,1,1
X_48523989_G/A,1,1
22_41499761_A/G,0,0
9_108878635_C/A,1,1
21_42418475_T/C,0,0
7_120275034_T/C,0,0
9_116699701_A/G,0,0
6_5368858_C/T,0,0
Y_2787377_C/A,1,1
19_8085424_G/A,0,0
15_73332261_G/C,1,1
1_6576550_C/G,0,0
10_110644600_A/C,0,0
15_44564560_C/A,1,1
X_19515191_G/A,0,0
1_11952621_A/G,1,1
9_114258595_G/A,1,1
10_47350561_G/A,0,0
19_7083635_T/G,0,0
11_14358799_G/A,0,0
X_22133583_G/T,1,1
16_29888613_C/T,0,0
10_87709196_G/A,0,0
9_105618094_T/A,1,1
19_12896422_G/A,1,1
2_240869246_C/G,1,1
1_197133348_A/G,1,1
12_30674707_C/T,1,1
19_48796448_T/C,0,0
19_11120108_C/G,1,1
7_107674170_T/C,1,1
15_33067222_G/A,0,0
19_38565528_G/A,0,0
1_99891616_G/A,1,1
8_132906901_G/A,1,1
16_28477591_G/A,0,0
9_101424954_C/T,1,1
2_178753123_C/T,1,1
5_95522257_G/T,1,1
1_23796711_G/A,1,1
3_179234169_G/A,1,1
19_46756369_T/A,1,1
14_24259959_C/A,1,1
1_181580662_C/T,0,0
1_237649944_T/G,1,1
5_146340404_G/A,1,1
1_155360337_A/C,1,1
X_19354535_A/G,1,0
17_80058646_A/T,1,1
1_241508651_C/G,1,1
9_130452246_C/G,0,0
7_94425611_G/T,1,1
4_105236831_G/A,0,0
12_43772304_C/T,0,0
X_134475279_T/C,1,1
12_132672290_C/A,0,0
17_47284509_T/G,1,1
5_161331083_G/A,1,1
2_28781815_G/C,1,1
16_67659708_G/T,0,0
10_88941239_G/A,0,0
2_178613939_T/A,1,1
2_227256026_G/A,1,1
2_240874014_T/G,1,1
16_67658253_G/C,0,0
5_78964605_T/C,0,0
14_45181477_C/T,1,1
1_169544327_T/C,0,0
5_112842899_T/C,0,0
11_77190786_C/T,0,0
12_12165232_C/T,1,1
17_47292473_G/A,1,1
5_132392574_C/A,1,1
5_150125464_C/A,0,0
9_136518799_G/A,0,0
3_49132500_A/C,1,1
17_58709857_A/G,1,1
16_2088520_A/C,0,0
9_34372710_G/T,1,1
X_29399256_A/C,0,1
6_142768403_C/T,0,0
17_35101038_T/G,1,1
14_87993150_T/C,0,0
18_58537631_T/C,0,0
17_18148845_G/C,0,0
17_50190869_C/G,1,1
2_162310847_T/C,0,0
19_11235647_G/T,1,1
18_13671960_C/T,0,0
4_105453613_T/C,0,0
6_79487342_T/A,1,1
3_55479448_T/C,1,1
13_48463757_A/T,0,0
19_49182706_C/T,0,0
X_48261816_G/A,1,1
3_122261875_C/T,0,0
9_95446990_C/T,0,0
9_128536476_C/T,1,1
12_42144626_G/C,0,0
X_139561988_T/G,1,1
X_100406878_C/A,1,1
19_15191466_G/A,1,1
1_228279317_G/A,0,0
2_240737135_G/T,0,1
7_107783036_C/A,1,1
7_116700149_A/G,0,0
5_71643873_T/C,1,1
19_43733659_G/A,1,1
15_89642262_C/G,0,1
X_71223879_C/T,1,1
4_662174_G/A,1,1
22_20993755_G/T,1,1
11_72237610_G/A,0,0
9_127825284_C/A,1,1
1_68439325_T/A,1,1
17_44880646_T/C,1,1
1_53196949_G/T,0,0
20_35511548_C/A,0,0
2_214983661_G/A,0,0
20_46043211_C/T,0,0
8_117818531_C/G,1,1
16_1200269_A/T,0,0
5_179137929_G/T,0,0
16_1526017_G/A,1,1
16_30716161_G/A,0,0
6_56535283_G/A,1,1
5_151567591_G/A,0,0
16_3782858_C/T,0,0
13_100155023_T/C,0,0
4_39205629_T/C,0,0
17_47941814_G/A,1,1
7_82805786_G/A,0,0
17_31336379_G/T,1,1
14_95126696_T/G,0,0
19_13298633_C/T,0,0
9_77357752_C/A,0,0
17_80112921_A/G,1,1
2_26191558_C/A,1,1
15_71814042_T/C,1,1
14_102438206_G/A,1,1
22_25770127_G/A,1,1
3_133947263_G/A,0,0
11_64806303_G/A,0,0
6_7583226_A/G,0,0
7_80673982_G/C,1,1
8_71299219_A/C,1,1
15_58563718_G/A,0,0
15_90761041_T/C,0,0
1_171636010_A/T,1,1
17_65537679_G/A,1,1
2_240868892_C/A,0,0
17_18278009_C/T,0,0
2_47818835_A/G,0,0
22_30949810_A/G,1,1
1_64178555_A/C,0,0
9_110697334_C/T,1,1
17_18119931_C/G,0,0
3_101246107_T/C,1,1
2_169175314_C/T,0,0
12_115961316_G/A,1,1
15_66781493_C/T,0,0
18_55257314_C/T,1,1
17_76085726_C/T,1,1
13_112833002_C/T,0,1
1_193125139_G/A,0,0
2_47800915_C/T,1,1
12_88096969_C/A,1,1
15_89293832_G/T,1,1
4_113358668_C/T,0,0
1_21564126_G/A,1,1
9_6602108_C/A,1,1
3_120674979_T/C,1,1
15_75384363_G/A,0,0
16_83899324_A/C,0,0
2_151493370_G/A,1,1
3_193637195_A/T,1,1
2_47476572_G/C,1,1
2_27453741_T/A,1,1
14_39159552_T/C,1,1
4_47937047_A/G,1,1
1_68429875_A/T,1,1
10_89214995_C/T,1,1
12_7208574_A/G,0,0
5_13776577_G/A,1,1
14_99909370_C/T,0,0
1_244858176_T/A,0,0
8_142917154_C/T,0,0
3_179234154_A/C,0,0
5_157214254_G/A,1,1
3_52423294_A/C,0,1
X_70033441_G/A,1,1
11_67490816_C/A,0,0
1_229432590_G/A,0,0
19_38706052_G/A,1,1
17_42538338_G/A,1,1
2_233768319_G/C,1,1
X_153740599_C/A,1,1
11_77172746_A/G,1,1
4_54280472_A/G,0,0
X_153725391_C/T,0,1
15_92991490_A/G,1,1
10_71362170_C/T,0,0
7_92214741_C/A,1,1
2_108775809_C/G,0,0
X_154903965_T/C,1,1
8_41981892_G/A,1,1
7_5987190_C/A,0,0
1_211667207_C/G,1,1
1_25563125_C/T,0,0
17_50199893_C/T,1,1
9_95973003_T/C,0,0
X_154348863_C/G,1,1
5_132616131_G/C,1,1
9_35685742_C/G,1,1
16_2084605_C/T,0,0
15_48492465_A/T,1,1
19_13928031_G/A,1,1
5_112840865_T/G,0,0
12_47987667_G/A,1,1
2_50053352_T/C,0,0
X_49074881_A/T,1,1
13_102674472_T/A,0,0
11_66694147_C/G,1,1
1_43337859_G/A,1,1
3_49098352_C/A,1,1
20_63489037_C/T,1,1
2_73572704_G/A,0,0
19_38452995_A/T,1,1
7_150947849_A/G,0,0
11_121165317_C/T,1,1
12_110296666_G/A,1,1
1_1014181_C/T,0,0
12_79832471_G/A,1,1
5_1294358_G/A,0,0
1_94011330_A/G,1,1
6_21594719_C/T,1,1
7_44147738_C/A,1,1
7_107915521_A/C,0,0
8_1771213_C/A,1,1
6_51627118_T/C,1,1
13_48345079_G/C,1,1
17_1680979_A/T,0,0
8_41977290_C/A,1,1
11_71435581_A/G,1,1
16_89746891_C/T,1,1
X_68840057_G/A,0,0
19_10138477_C/G,0,0
17_7675993_C/T,1,1
12_124950060_C/A,1,1
22_36926059_C/T,0,0
16_29813338_C/G,1,1
12_40251266_A/G,0,0
13_23337454_T/C,0,0
11_108247037_T/C,0,0
12_106430394_C/G,1,1
2_27312749_G/T,1,1
10_71646545_C/A,0,0
17_17797501_C/A,0,0
6_75151928_T/C,0,0
5_13737313_C/T,0,0
2_241767855_C/T,0,0
8_43158679_G/A,0,0
2_206304824_A/T,0,0
7_74061140_G/A,1,1
10_128110420_C/T,0,0
8_144057076_G/A,0,0
2_151627583_C/G,0,0
19_38727022_C/T,0,0
7_93132773_T/C,0,0
17_42909323_G/T,1,0
4_1023920_G/T,0,0
5_140114378_T/C,1,1
1_21577502_C/A,1,1
13_47949502_A/T,0,0
16_548121_G/A,0,0
10_69386376_C/T,0,0
8_144084041_G/C,1,1
7_152149029_A/G,0,1
12_49040442_C/T,0,1
2_218812739_C/A,0,0
4_183693918_A/G,0,0
9_137097826_A/G,1,1
10_58789318_G/A,0,0
2_178569410_A/T,1,1
13_32363203_C/T,0,0
6_148519584_G/C,0,0
17_80112619_C/A,1,1
22_28710020_T/A,1,1
2_127292726_T/G,1,1
5_13901574_C/G,1,1
19_15728881_G/A,0,0
9_136418662_C/T,0,0
6_156778370_G/A,0,0
2_47374013_C/T,0,0
6_31669359_C/G,1,1
12_109586098_G/A,1,1
11_118471952_C/T,1,1
22_35768281_G/T,0,0
11_66230847_G/T,0,0
17_11902838_G/A,1,1
1_152312450_G/T,0,0
16_27628697_A/G,0,0
1_42752371_T/C,1,1
1_22091450_A/G,1,1
X_77652132_C/T,0,0
2_47482889_A/G,0,0
21_18332105_T/A,0,1
19_18787515_A/T,1,1
17_79115602_C/T,0,0
3_33024272_A/G,0,0
9_100252440_T/G,1,1
9_132901670_A/T,0,0
8_54720128_G/A,1,1
2_169206040_C/T,0,0
16_2044665_G/A,0,0
17_61780402_C/G,1,1
20_35504246_C/T,0,0
22_35347131_G/C,0,0
7_74195293_A/G,0,0
4_47951429_C/A,1,1
1_240207086_T/C,0,0
2_73452087_A/T,1,1
17_82911767_A/G,0,0
12_47987267_A/T,1,1
5_126559256_G/T,1,1
16_31201765_C/T,0,0
12_9595332_C/T,0,0
5_37184879_C/A,1,1
21_39197176_G/A,0,0
15_63675040_G/A,0,0
X_154904061_A/G,1,1
19_56422992_A/G,0,0
7_150951643_C/T,1,1
15_45368192_C/G,1,1
12_4912665_C/T,0,0
4_38137274_G/A,0,0
2_219157636_A/G,0,0
11_130209476_C/T,0,0
17_7221558_C/T,0,0
6_89951269_C/T,0,0
16_8847799_A/T,1,1
9_95111478_C/T,0,0
6_133462706_C/T,0,0
8_38427972_C/T,1,1
11_2394992_C/A,0,0
2_178621369_C/G,1,1
19_15529728_G/A,1,1
21_46334511_G/T,1,1
1_216078139_C/T,1,1
5_78839428_T/A,1,1
2_219449093_G/A,0,0
16_2289586_G/A,1,1
1_113585502_G/A,0,0
2_73452621_G/T,1,1
9_137234239_C/A,0,0
13_101726676_A/G,0,0
21_18294368_C/T,1,1
6_42077099_G/A,1,1
8_76983806_G/A,1,1
2_47475101_A/C,0,0
6_109446404_G/T,0,0
1_173857529_C/G,1,1
11_94467894_C/T,1,1
2_161872385_G/C,1,1
11_22257745_G/A,0,0
2_237387643_C/G,0,0
4_83284519_C/T,0,0
2_233772285_T/C,1,1
4_103144562_C/T,0,0
16_68679975_G/A,1,1
3_52402842_C/T,0,1
4_151701488_C/G,0,0
15_34793544_T/G,1,1
2_47800018_T/C,0,0
14_21401035_G/A,1,1
20_10641636_C/T,0,1
10_84208276_G/T,1,1
10_93594008_T/C,1,1
16_31462744_T/G,1,1
2_227308951_C/A,1,1
15_28270784_G/A,1,1
1_99870582_G/A,1,1
20_2403729_C/T,0,0
19_11128086_G/T,1,1
4_73406739_C/T,0,0
1_94051655_C/T,0,0
9_13222232_C/A,1,1
17_44379722_G/A,0,0
19_49862276_A/G,0,0
4_113358353_C/T,0,0
18_31386820_G/T,1,1
17_42543700_G/A,1,1
19_13235239_G/C,0,0
2_25744261_T/C,0,0
X_38304791_C/T,1,1
1_196715690_T/C,0,0
11_1240251_C/T,0,0
17_44378463_G/A,1,1
11_119048548_T/C,0,0
14_67754168_A/T,1,1
4_54290525_G/A,0,0
6_42704558_C/T,1,1
1_99870800_A/T,1,1
3_169116480_C/G,0,0
19_50414895_C/T,0,0
1_156868562_T/A,1,1
19_55661071_C/T,1,0
16_2116910_C/G,1,1
7_40274566_G/A,0,0
14_22845829_G/T,0,0
20_63688163_C/T,0,0
4_78384126_C/T,1,1
15_34240703_C/A,0,0
X_40074820_G/A,1,1
11_88335084_T/G,1,1
2_189006937_G/T,1,1
6_56619960_C/T,0,0
4_186084068_G/A,0,0
1_942598_G/A,0,0
5_38503978_G/A,1,1
4_157341334_G/T,1,1
10_53866759_A/T,1,1
1_230659523_A/G,0,0
8_144515447_T/C,0,0
19_32864165_A/G,1,1
19_13207766_C/T,0,0
13_23337467_G/A,1,1
2_178663446_C/T,0,0
11_36575038_G/A,0,0
1_39350840_A/T,0,0
6_39909834_C/T,1,1
9_136515598_C/T,0,0
2_227025811_C/A,1,1
7_128848849_C/A,1,1
6_7563738_C/G,0,0
5_129461632_G/A,0,0
7_94426007_G/A,1,1
9_339065_A/G,0,0
12_64737003_C/T,1,1
17_65537551_G/A,0,0
16_724777_A/G,0,0
7_50503992_C/G,1,1
15_90809249_G/A,1,1
1_202335059_C/A,1,1
1_181732414_C/T,0,0
17_50188937_C/T,1,1
7_21591331_T/C,0,0
5_141528708_G/C,0,0
19_1220623_C/T,1,1
9_96012468_A/G,0,0
1_8359812_C/T,0,0
11_66849716_G/A,0,0
1_220102172_A/C,0,0
8_27461662_G/T,0,0
15_48470685_A/G,1,1
4_5753048_C/T,0,0
2_73572423_C/T,1,1
9_32473039_A/G,0,0
14_56801966_G/A,0,0
17_50197776_C/A,1,1
19_44908786_A/C,1,1
17_80099704_C/T,1,1
9_2718708_C/T,0,0
15_48505102_C/T,1,1
10_104060195_C/T,0,0
3_50384230_C/A,0,0
3_48591531_C/T,0,0
12_6022889_C/A,1,1
6_3225218_G/T,1,1
3_41234297_G/C,1,0
19_4839314_C/T,0,0
2_26279243_C/T,1,1
2_236036646_C/T,0,0
6_129342396_C/G,1,1
X_83873149_A/C,0,0
19_3585744_G/A,0,0
9_25677694_G/A,0,0
17_65160868_C/T,1,1
2_44942443_G/T,1,1
8_107321951_T/C,0,0
5_45267103_C/T,1,1
2_47803678_T/G,1,1
4_54707210_G/A,0,0
18_58579000_A/G,0,0
X_106206383_C/T,0,0
1_45330515_C/G,1,1
X_8585387_C/A,1,1
16_2117794_G/A,1,1
16_88429828_A/T,0,0
8_99511513_G/A,1,1
6_129190288_G/A,0,0
9_127658373_A/G,1,1
12_2584567_A/T,0,0
2_110660000_C/T,0,0
1_154273920_C/T,1,1
1_11997316_A/C,1,1
7_5982916_A/G,0,0
11_77112771_C/T,0,0
9_101429931_C/A,1,1
2_151567279_C/T,0,0
15_40170089_C/T,0,0
13_48456316_A/G,1,1
6_79513722_A/C,0,0
X_136349693_C/T,0,0
17_36537743_C/T,0,0
1_11240462_G/A,0,0
14_65101570_T/C,0,0
18_12340220_G/A,1,1
18_23560294_C/T,1,1
5_128259758_G/A,0,0
1_20639952_C/T,1,1
15_80180126_C/A,1,1
11_6617427_G/A,1,1
X_129569302_T/C,1,1
9_116699635_G/A,0,0
16_2070455_G/A,1,1
15_42410633_A/G,1,1
2_218814090_G/T,1,1
16_56499811_A/G,0,0
8_99818529_C/T,1,1
3_33065495_A/G,1,1
17_31227527_G/C,1,1
14_104701671_C/G,0,0
16_3758050_T/C,1,1
2_237325618_A/G,0,0
3_32997218_G/A,0,0
1_11829253_G/A,0,0
20_2660326_T/C,0,0
1_161802083_G/C,0,0
16_2084239_C/T,0,0
17_31327630_C/G,0,0
2_222232182_G/T,1,1
20_8658619_T/C,0,0
16_1526797_C/T,1,1
14_94383083_G/A,1,0
6_24658597_G/C,1,1
3_148741767_A/G,0,0
11_83177720_G/A,0,0
15_90785079_C/T,1,1
3_179218251_C/T,0,0
7_117540287_C/T,1,1
1_23808324_C/T,1,1
2_237371769_G/T,0,0
2_71570300_G/A,1,1
11_129877385_T/C,0,0
6_30924352_A/G,1,1
19_39507151_C/T,0,0
16_68698394_C/T,0,0
16_13948011_T/C,0,0
2_227290053_G/A,1,1
13_23760143_G/C,0,0
20_10645993_C/T,1,1
4_152652769_C/G,0,1
X_32411911_A/G,0,0
7_87403248_G/A,1,1
1_16992485_C/T,1,1
2_27221260_G/T,1,1
14_100239779_A/T,1,1
X_130129617_G/A,0,0
4_83273599_G/A,1,1
2_227293192_G/C,1,1
X_134486514_C/G,1,1
2_178578804_A/G,1,1
4_46262104_G/A,1,1
11_94429917_T/C,0,0
6_50843275_C/G,0,0
19_11059806_A/G,0,0
21_46132103_G/A,1,1
1_228359915_G/A,0,0
6_131879960_C/T,1,1
22_49883839_G/A,0,0
20_44413735_A/G,0,1
17_18157033_T/C,1,1
2_1477211_G/A,0,0
18_23907548_A/G,1,1
1_42931127_C/T,1,1
7_65982178_G/C,0,0
12_120738451_G/A,1,1
17_63545150_C/A,0,0
1_28993490_T/G,1,1
5_149978349_C/T,1,1
5_150297994_C/T,0,0
11_6628814_C/T,0,0
1_162766059_C/T,0,0
19_4512205_T/C,0,0
15_63725320_G/A,0,0
17_28563430_C/G,1,1
17_10543162_C/G,1,1
2_181549633_C/T,1,1
4_121828271_T/G,1,1
9_127824351_A/T,1,1
16_18794685_T/C,1,1
2_148462651_G/A,0,0
4_54729438_A/C,0,0
5_132384155_G/A,1,1
13_23331138_T/C,0,0
9_133443378_G/A,1,1
2_47803513_T/G,1,1
15_89333185_G/T,0,0
4_15601424_A/G,0,0
7_152148810_G/A,1,0
17_8007523_C/T,1,1
2_120990038_T/C,0,0
5_132640686_C/G,0,0
15_48738447_C/T,0,0
8_143215392_C/T,0,0
2_227298690_G/C,1,1
13_51946337_C/G,1,1
12_109557079_T/C,0,0
19_1226461_C/G,0,0
9_136687313_C/T,0,0
15_33153926_A/T,0,1
2_44338530_T/G,0,0
18_55228907_T/C,1,1
3_25732322_T/C,0,0
4_15527657_G/A,1,1
18_55234548_C/A,1,1
22_46346545_G/A,1,1
15_42388996_G/A,1,1
15_48600169_T/A,1,1
14_95107640_T/C,0,0
X_108606861_C/T,0,0
17_31330500_T/C,1,1
9_134763701_C/T,0,0
14_23400708_C/T,1,1
4_168511777_G/A,0,0
6_26026974_A/C,0,0
16_3740551_T/C,1,1
10_43100697_C/T,0,0
20_8789560_G/A,0,0
12_47993825_C/T,1,1
5_93585399_A/C,0,0
4_5640643_G/C,1,1
5_38489196_C/T,0,0
10_93600697_G/A,1,1
19_11107401_G/A,1,1
3_52402390_G/A,0,0
1_215782146_C/T,1,1
3_38847186_T/C,0,0
1_156115184_G/T,1,1
5_170108503_C/T,0,0
20_35502482_A/T,0,0
11_89227895_T/A,1,1
20_3562361_C/T,0,0
X_70028037_G/C,1,1
15_89305206_C/T,0,0
12_7065849_C/A,1,1
18_21791425_A/G,0,0
2_43832052_C/T,0,0
7_116525089_G/T,0,0
17_80471829_T/C,1,1
8_133239013_G/A,0,0
2_151490451_C/T,0,0
7_117480113_G/T,1,1
17_82441854_G/A,0,0
18_31592975_T/G,1,1
10_47350287_T/C,0,0
20_44981926_C/T,1,1
X_71141913_C/T,1,1
2_47478463_A/C,1,1
15_51212431_A/G,0,0
7_44151030_G/C,1,1
9_2088583_G/T,1,1
1_63428937_T/A,0,0
14_91343608_A/G,0,0
20_44419784_G/C,1,1
14_87984443_C/T,1,1
X_78658059_C/T,0,0
1_111981693_C/A,1,1
7_124851915_A/G,0,0
11_125602918_C/T,0,0
6_137876075_G/A,1,1
20_63442425_T/A,1,1
19_35295796_G/A,0,1
7_150958168_C/T,0,0
2_71568305_G/A,1,1
7_21658834_C/T,1,1
16_3663476_C/T,0,0
12_76347102_T/A,1,1
1_11167473_A/G,1,1
18_26861191_A/T,0,0
9_127818714_A/G,1,1
11_66871432_G/A,1,1
11_118491916_A/G,0,0
11_64759655_C/A,1,1
1_32898136_G/C,0,0
17_35101324_G/T,0,0
11_89178393_C/G,1,1
17_42909353_T/G,1,1
1_214630663_G/C,1,1
17_17798017_G/A,1,0
5_132588836_A/T,1,1
12_51915487_C/A,1,1
17_46932172_G/A,0,0
5_83105046_T/C,1,1
15_48756095_C/A,0,0
3_189864241_G/C,1,1
5_112837979_C/T,0,0
4_107945425_G/C,1,1
19_54131384_T/C,0,0
4_82429340_G/C,0,0
5_13824250_C/T,0,0
13_23341298_G/A,1,1
5_37187514_C/T,1,1
7_92501549_T/C,0,0
2_3575351_G/A,1,1
17_8006707_C/A,1,1
2_46376588_C/T,0,0
6_53508652_G/A,0,0
11_71441259_C/A,1,1
4_1974902_C/T,1,1
1_235664590_C/T,0,0
9_17394804_T/C,0,0
17_8075670_C/T,1,1
10_89228246_T/A,1,1
17_70175692_G/A,1,1
2_178548943_G/A,1,1
8_144512704_G/C,0,0
16_1519930_G/A,1,1
21_44063687_C/T,1,1
5_177191907_G/A,0,0
2_240875995_T/C,0,0
14_24151962_C/T,0,0
8_22616133_A/C,0,0
15_48515386_C/A,1,1
6_152427756_A/G,0,0
11_68781854_A/G,0,0
2_237359205_C/T,1,1
13_50930681_A/G,1,1
6_89932626_A/G,0,0
14_99176115_G/A,1,1
14_74508867_G/T,0,0
18_22416112_G/A,0,0
18_74135838_A/G,0,0
12_110323058_A/G,1,1
4_168878059_G/A,0,0
17_47307562_A/G,0,0
X_149487057_T/G,1,1
2_186625496_G/C,1,1
19_43535132_C/T,0,0
6_52062662_T/C,1,1
16_9834220_G/T,1,1
3_9440581_C/T,0,0
6_72260765_C/A,0,0
11_119100402_A/G,1,1
16_2110926_C/G,1,1
3_52393026_G/A,1,1
5_149883481_G/A,1,1
12_47985048_C/T,1,1
7_76064952_G/T,1,1
15_81334820_C/T,0,0
11_2583454_G/A,1,1
2_169272946_T/G,0,0
15_71813499_C/T,0,0
5_34937560_G/T,1,1
5_128311365_A/C,1,1
2_149579601_G/A,1,1
1_116395189_C/T,0,0
2_162435396_C/T,0,1
8_144316692_G/A,0,0
X_25004862_C/A,0,0
17_31335032_G/T,1,1
X_108591591_G/A,1,1
X_149487063_A/G,1,1
17_28529117_C/A,1,1
13_101376826_C/T,1,1
7_152649358_T/C,0,0
20_42885815_A/G,1,1
1_12261043_G/A,1,1
2_47445659_T/G,1,1
5_177283827_G/A,1,1
X_40064348_G/A,1,1
X_71109277_A/G,0,0
13_48465326_C/A,1,1
22_23692166_T/C,0,0
20_36927253_C/G,1,1
11_108250727_C/G,1,1
6_46793679_T/A,0,0
20_34269032_C/G,0,0
6_118523803_G/A,0,1
5_112838116_T/G,1,1
15_75380722_C/T,1,1
11_77114272_A/T,0,0
1_10295726_G/A,0,0
13_21701255_A/G,0,0
18_23912812_C/G,0,0
5_1260567_G/T,0,0
X_31478319_A/G,0,0
15_25371213_G/A,0,0
2_178547032_G/C,1,1
21_46001315_C/T,1,1
1_216207432_C/T,1,1
17_7675123_G/C,1,1
19_11030797_C/T,0,0
2_73451849_A/G,0,0
15_48488403_C/T,1,1
11_823589_T/C,1,1
1_23696343_G/A,1,1
8_10608496_G/A,1,1
14_102876522_G/C,0,0
11_108244927_C/T,1,1
12_109109951_T/A,0,0
17_19675557_G/T,1,1
X_108582938_G/T,1,1
14_96876121_G/A,1,1
11_66514679_G/A,1,1
21_45455890_C/T,0,0
1_158678411_G/A,1,1
17_61968034_C/T,1,1
2_179443283_G/A,0,0
12_132664442_T/C,1,1
11_77162119_G/C,1,1
20_36919450_G/A,1,1
14_36519012_C/T,1,1
X_32468584_C/A,1,1
11_2583546_G/A,1,1
1_156135275_A/G,1,1
X_48515795_T/A,1,1
2_60545972_T/C,1,0
17_59061055_T/C,0,0
3_30674228_C/T,1,1
15_48474293_C/T,1,1
9_123367583_C/A,1,1
10_49524662_C/T,0,0
2_166052945_T/C,1,1
9_98473185_C/T,0,0
20_19964983_C/T,0,0
13_20082015_G/A,1,1
16_30709608_C/G,1,1
3_10034538_T/C,1,1
8_19939499_C/T,0,1
17_31181736_T/G,1,1
2_178573262_T/C,0,0
10_87727390_G/A,0,0
7_30621495_G/T,1,1
3_121539464_G/A,0,0
20_2400406_C/T,0,0
7_138861415_C/T,0,0
21_34792525_G/T,0,0
1_216251079_C/A,1,1
5_138933873_A/C,0,0
X_111401282_T/C,1,1
1_152307197_C/T,1,1
3_114350307_G/C,1,1
14_64070728_G/A,0,0
1_215628865_G/A,0,0
10_70869791_G/A,1,1
X_38367298_C/T,1,1
15_48472665_A/G,1,1
1_119421937_C/T,0,0
8_144436300_G/C,0,0
14_67783217_G/T,1,1
18_31592959_G/A,1,1
1_11790704_A/G,0,0
16_88732503_G/A,0,0
11_46723205_G/A,0,0
3_113379513_C/T,0,0
1_45508931_C/A,1,1
5_141951533_G/A,0,0
11_6391938_T/C,0,0
20_46056209_G/A,0,0
2_71682607_G/A,1,1
19_45353248_G/C,1,1
14_23431459_A/G,1,1
3_149140461_A/G,0,0
3_136443400_T/A,1,1
2_218814379_G/A,1,1
1_160313092_A/G,0,0
X_108581028_G/A,1,1
4_102722910_A/T,0,0
15_67181296_C/A,1,1
3_43080106_C/T,1,1
1_154588258_G/A,0,0
X_148978005_G/A,1,1
2_188988626_G/T,1,1
1_99891301_G/A,1,1
17_31226638_T/A,1,1
19_8957439_G/A,0,1
19_40801253_G/A,0,0
17_44383675_A/G,1,1
6_63806270_A/T,1,1
X_70035577_G/A,1,1
6_33443703_G/T,1,1
19_1220641_C/T,1,1
X_25013763_C/A,1,1
3_184352042_G/A,1,1
10_70598454_G/A,1,1
16_89769971_G/A,0,0
12_116015208_A/G,0,0
15_48505075_C/T,1,1
12_21852506_C/T,1,1
17_50186505_C/A,1,1
17_10528782_G/A,1,1
2_20012498_C/T,0,0
X_77830888_A/T,1,1
1_215640724_G/C,1,1
14_95096066_T/G,0,0
19_50323670_G/A,1,1
2_165310476_A/G,1,1
X_22219085_C/T,1,1
2_149582173_T/C,0,0
8_3387547_G/C,1,1
8_120313957_T/C,0,0
1_167880511_G/A,0,0
X_41520556_A/C,1,1
2_199323904_T/C,0,0
20_48644497_G/A,0,0
18_31545858_C/T,0,0
11_101961958_A/T,0,1
13_23336847_G/T,0,0
7_124852992_A/G,0,0
1_209789669_G/A,1,1
17_42900946_C/T,1,1
11_103174082_T/A,1,1
19_13135300_C/T,0,0
17_47946670_G/T,1,1
19_54982650_C/T,0,0
1_228212584_C/G,0,0
9_135786469_C/A,0,0
11_30899619_C/T,0,0
4_105276408_T/C,0,0
14_75963381_C/A,0,0
3_48580912_C/T,0,0
5_13817579_C/T,0,0
16_55698005_G/C,1,0
16_68812265_T/A,1,1
18_44952322_C/G,1,1
12_64737109_T/G,1,1
7_94426495_G/A,1,1
16_67659024_C/T,0,0
2_73490001_C/G,1,1
2_237348631_T/C,0,0
9_92722749_T/C,0,0
3_52359961_C/T,1,1
2_165754705_T/C,0,0
8_16164122_G/C,1,1
11_121304483_G/A,0,0
4_1225559_G/A,0,0
9_95461898_C/T,0,0
12_896478_G/A,0,0
7_44149976_C/T,1,1
14_64795378_G/A,1,1
15_72731304_G/A,1,1
16_57917373_G/A,0,0
1_26697217_G/A,0,0
2_47806636_C/T,0,0
9_35685277_C/T,0,0
2_178624637_A/C,0,0
17_40632194_C/T,1,1
5_80672740_G/T,1,1
1_10232430_G/A,0,0
5_71626729_C/T,0,0
4_8871531_C/T,0,0
3_30674230_C/T,0,0
19_45353082_C/G,1,1
3_12590866_A/G,0,0
2_32115711_A/T,1,1
17_7673777_G/C,1,1
2_232482610_T/A,1,1
17_4899365_G/A,1,1
15_73325332_C/G,0,1
19_54241060_G/A,0,0
6_142764919_T/C,0,0
1_158652551_C/T,1,1
16_89792484_G/C,1,1
15_48448773_C/A,1,1
8_132480371_G/C,0,0
X_108577971_G/A,1,1
6_73600399_A/C,0,0
8_41977270_T/G,0,0
X_153930002_G/A,0,0
1_201053481_C/T,1,1
12_120994317_C/G,0,0
2_17765007_C/G,0,0
2_32064234_G/T,1,1
5_13721174_C/A,0,0
6_56557418_T/C,0,0
3_141609432_A/G,0,0
9_95117376_G/C,0,0
7_92517291_A/G,0,0
16_81946254_G/C,0,0
12_7695606_G/C,0,0
19_35851344_A/G,0,0
16_28937524_G/A,1,1
11_103203777_G/A,1,1
3_127003353_C/T,0,0
5_80654433_C/T,0,0
4_120798288_A/G,0,0
7_70790248_C/T,0,0
X_108667184_G/A,1,1
4_122742447_C/T,0,0
2_219567373_G/T,0,0
14_67762353_G/T,1,1
1_215674722_C/A,1,1
11_6633009_C/A,1,1
17_68524922_G/T,0,0
21_43058887_G/A,0,0
X_70035446_C/T,1,1
14_21348268_G/A,0,0
13_32371030_T/A,1,1
18_10705664_C/A,1,1
1_197002637_C/T,1,1
1_201365621_C/T,1,1
3_155596325_G/A,0,1
20_19970856_C/T,0,0
6_157207091_G/T,1,1
3_123640306_A/G,0,0
17_31337455_C/G,1,1
16_23445812_C/T,1,1
14_102408571_T/C,0,0
8_132882555_C/A,0,0
16_53825863_G/A,1,1
6_75151995_C/T,0,0
12_95956922_G/A,0,0
2_189571787_T/C,1,1
4_150735342_A/G,0,0
20_63413569_G/T,1,1
17_75486382_G/T,0,0
8_3188962_G/A,0,0
X_77682901_T/C,0,0
8_38057220_G/A,0,0
2_178533683_G/C,1,1
7_93132918_C/T,0,0
X_12885991_T/C,0,0
2_73452180_A/T,1,1
11_15972830_C/T,0,0
2_188999383_G/T,1,1
19_41422371_G/T,1,1
9_123374673_C/T,0,0
X_25007188_C/G,0,0
2_151575762_G/C,1,1
14_73955855_A/G,0,0
14_75775562_T/C,0,0
21_45504010_G/A,1,1
2_151666278_T/A,1,1
1_183223316_C/G,1,1
18_45916574_G/T,1,1
11_556900_C/T,0,0
1_228275992_G/A,0,0
3_189964057_T/A,0,0
1_216199931_C/T,1,1
19_56027743_G/A,0,0
19_45364873_G/A,1,1
3_48581267_C/T,1,1
18_23921502_C/T,0,0
6_75097252_C/T,1,1
2_71600752_G/T,0,0
15_48448811_G/C,1,1
9_128533802_A/G,0,0
12_49032280_C/T,0,0
10_52282224_T/C,0,0
10_70598557_G/A,0,0
19_48121230_G/A,0,0
11_121118320_C/T,1,1
7_47890747_C/T,0,0
X_80728794_T/C,0,0
1_216089012_C/T,1,1
18_23543500_T/C,1,1
7_94420624_C/T,0,0
11_792314_G/A,0,0
21_34370667_C/T,0,0
9_35090266_G/A,1,1
17_31230318_C/T,1,1
2_120989488_C/T,1,1
19_41975668_C/A,1,1
9_441399_C/T,0,0
9_133071416_G/C,0,0
7_44228884_A/G,0,0
10_8069573_G/A,1,1
5_13708167_A/G,0,0
8_47935859_C/G,0,0
2_3644028_C/T,0,0
18_23560431_A/T,1,1
7_21564351_G/A,0,0
11_26516844_C/T,0,0
8_96160657_G/A,0,0
19_49646605_G/A,0,0
19_46756839_C/A,1,1
2_15553474_C/T,1,1
12_49054394_C/T,1,1
16_68819367_G/A,0,0
7_128814901_C/T,0,0
2_178704724_A/G,0,0
2_178759173_C/T,1,1
15_88847380_C/T,1,1
22_20994622_C/A,1,1
4_99618973_G/A,1,1
1_12002088_C/T,1,1
X_43843729_G/A,0,0
1_155480632_T/C,0,0
8_67118807_A/G,0,0
2_96799217_C/A,0,0
12_10420495_C/G,0,0
5_224504_C/T,1,1
2_69329327_A/G,0,0
2_227022107_C/T,1,1
9_114168671_T/C,0,0
2_1484596_A/T,1,1
2_43826490_G/T,0,0
5_141584122_A/G,1,1
17_41822221_A/T,1,1
13_52024683_A/C,1,1
X_32816539_C/T,0,0
17_75736681_C/T,0,0
20_56249015_C/T,0,0
13_32394734_T/G,1,1
2_216415113_C/T,1,1
1_119949019_G/A,1,1
X_47574540_G/A,1,1
1_198731664_T/C,0,0
8_22128688_G/A,0,0
8_118933022_G/A,0,0
6_56553258_G/A,0,0
12_47978393_G/A,0,0
9_96012432_G/T,0,0
5_132588772_A/G,0,0
18_31391193_C/G,1,1
3_38606699_C/A,0,0
12_49041074_G/A,0,0
5_168519124_A/G,0,0
5_96793809_A/G,0,0
19_3784238_T/C,0,0
21_44900408_G/A,1,1
1_203721328_T/G,0,0
17_82079558_G/A,0,0
17_63943846_C/T,1,1
17_31235961_T/A,1,1
6_79042911_G/A,1,1
6_31968732_G/A,0,0
16_89773323_T/G,0,0
10_87965290_A/T,1,1
14_21327696_C/T,0,0
22_41178434_G/C,0,0
10_128104819_C/G,0,0
14_67761543_A/G,0,0
17_50190000_C/T,1,1
X_67711413_A/T,1,1
14_67752347_G/A,0,0
7_143321435_A/G,0,0
14_101994701_A/G,1,1
1_156137213_T/A,1,1
8_37744646_A/G,1,1
11_10568499_T/C,0,0
7_92201357_G/A,1,1
3_38554550_C/A,1,1
5_13882806_G/A,1,1
2_71526268_C/T,0,0
6_52073542_C/T,1,1
3_33114401_C/T,0,0
6_49440324_C/A,1,1
19_54729745_C/T,0,0
20_63439605_A/G,1,1
14_67726156_G/A,1,1
14_21211903_C/T,0,0
4_5731644_C/T,0,0
2_151663737_G/C,1,1
16_1363082_G/C,0,0
19_15161427_G/C,0,0
2_50236905_G/A,1,1
X_154380979_C/A,1,0
6_121321770_C/T,0,0
17_41771646_C/T,1,1
1_35901519_G/A,1,1
9_35556307_G/C,1,1
5_13766090_C/G,0,0
3_193658917_C/T,1,1
10_28614603_C/T,1,1
5_7899950_C/T,0,0
14_65669467_T/G,0,0
2_189003762_G/T,1,1
10_68201899_C/T,0,0
7_48279015_T/C,0,0
15_89777028_C/T,0,1
2_74371585_C/A,0,0
14_64791718_C/T,1,1
7_124859008_T/C,0,0
20_34997125_C/T,0,0
X_100408236_T/G,1,1
22_50625228_C/A,1,1
13_32340171_T/A,1,1
X_47182197_C/T,0,0
6_116437192_C/T,0,0
19_35730114_C/G,0,0
3_136316939_A/C,1,1
9_35076970_C/T,1,1
X_19355385_T/G,1,1
2_178567112_T/C,0,0
17_61744471_G/A,1,1
19_11116901_A/G,1,1
1_1342450_C/A,0,1
X_3324770_C/T,0,0
19_17145404_G/T,1,1
7_130383720_G/A,0,0
3_186854494_C/G,0,0
X_54455497_G/A,1,1
22_20993730_C/A,1,1
20_10644383_A/G,0,0
8_43140541_G/A,0,0
8_9016406_G/A,1,1
13_32336694_C/G,1,1
10_49470783_A/G,0,0
11_66863948_C/G,0,0
22_42631414_G/C,1,1
19_18076318_C/A,1,1
X_53573795_A/C,1,1
17_50195045_A/G,1,1
16_88811655_C/G,1,1
7_100104095_C/T,1,1
2_112028453_C/T,0,0
5_132389022_G/T,1,1
12_14796914_G/A,1,1
6_31967819_C/G,0,0
15_45105775_C/T,1,1
X_37803886_C/A,1,1
3_14156385_G/A,0,0
15_92979146_C/A,1,1
18_23561491_G/C,1,1
2_218812937_T/C,0,0
2_135911179_G/C,0,0
22_40418493_G/T,0,0
17_82092931_G/A,0,0
2_178528307_G/A,1,1
2_190983690_G/T,1,1
14_23425789_G/A,1,1
12_47980008_C/T,1,1
1_97573759_C/A,1,1
1_40074172_C/T,0,0
16_23635680_A/T,1,1
1_153828011_A/C,1,1
3_30691493_G/A,1,1
1_1051756_G/C,0,0
3_58433679_G/A,0,0
16_2064305_C/G,1,1
16_954602_G/T,0,0
6_157206668_C/T,1,0
1_172600108_G/A,0,0
17_44915444_C/T,0,1
11_34453164_C/T,0,0
19_50399034_C/A,0,0
6_7584928_C/T,1,1
1_205211476_G/C,0,0
12_47989804_C/T,0,1
11_17119785_C/A,1,1
1_234609071_G/A,0,0
12_49047992_G/T,1,1
12_76346569_T/G,0,0
21_45480521_G/T,1,1
19_33302253_G/A,0,0
2_165994297_T/C,1,0
X_41787284_C/A,1,1
13_51935697_T/G,1,1
3_24122897_A/G,1,1
22_17600054_G/A,0,0
1_115701295_A/G,0,0
6_83857353_C/T,0,0
10_45382650_C/T,0,0
5_90802783_T/C,0,0
15_90747491_G/A,1,1
18_21384359_C/T,1,1
1_237491867_A/G,0,0
14_21345145_C/T,1,1
2_64990153_T/C,0,0
14_91315692_C/T,0,0
16_78424945_C/T,0,0
5_60944952_C/T,0,0
21_45477891_C/T,1,1
12_11268104_G/A,1,0
9_136497442_G/A,0,0
3_71015614_A/G,0,0
6_78982987_G/A,1,1
11_93797615_G/A,0,0
17_39471347_C/T,0,0
10_70600591_G/A,0,0
3_138946668_C/A,1,1
1_56940892_C/T,1,1
9_2645010_A/T,1,1
1_54758583_C/T,0,0
9_136508000_C/T,0,0
1_11237996_T/C,0,0
X_31875374_C/G,1,1
2_142960633_A/G,1,0
X_108626309_G/T,1,1
20_21708613_C/T,0,0
19_853327_A/C,1,1
3_50302288_T/C,0,0
11_68049295_G/A,1,1
20_42472555_T/C,0,0
12_45216366_G/A,0,0
9_135758439_G/C,1,1
12_2605768_C/T,0,0
1_94031118_G/A,0,0
14_23424902_A/G,1,1
12_123752318_A/G,0,0
1_46277957_T/C,0,0
4_54703722_A/T,1,1
15_38299411_G/A,1,1
15_51563432_T/C,0,0
10_104045786_G/A,0,0
10_94590755_C/T,0,0
10_119672558_C/T,1,1
10_99793624_G/A,1,1
4_41263260_T/A,0,0
2_151531870_T/C,0,0
20_18560669_C/T,0,0
1_119422019_T/G,1,1
7_128844879_C/A,0,0
7_44151053_C/T,1,1
1_183225663_C/T,1,1
11_6566909_G/A,0,0
X_18918741_T/C,0,0
18_51049299_C/T,0,0
6_152447467_C/T,0,0
3_184144615_C/T,1,1
11_119054224_A/G,1,1
13_100262832_G/T,1,1
16_1985976_C/G,1,1
1_6468091_C/T,0,0
1_215680211_C/A,1,1
2_237378826_C/T,0,0
16_48170945_G/A,0,0
7_195662_G/A,0,0
X_154904049_A/T,1,1
10_69921930_C/T,1,1
7_107791047_C/A,1,1
16_88438900_G/A,0,0
10_68121873_G/A,0,0
14_28767971_A/G,1,1
20_63688338_C/A,0,0
12_132754739_C/T,0,0
5_177294529_G/A,0,0
X_134475237_C/A,1,1
6_18122246_C/T,1,1
2_210605146_A/G,0,0
12_47976918_C/G,1,1
3_11022458_G/A,1,1
15_48241544_C/T,0,0
17_50195312_C/T,1,1
14_45181697_A/G,0,0
2_218814543_A/G,1,1
7_117559600_T/G,1,1
1_16050598_C/T,1,1
1_94007632_A/C,1,1
1_201316677_G/T,0,1
15_48247390_T/A,1,1
16_2091866_C/A,1,1
16_88430777_C/T,1,1
11_126271462_T/C,0,0
9_136200740_G/T,1,1
4_39477112_C/G,0,0
2_214983751_G/A,0,0
16_23630018_C/T,0,0
2_73602307_A/G,0,0
X_31774182_C/T,0,0
19_15187128_C/T,1,1
5_132618214_G/A,0,0
2_74369459_C/T,0,0
11_77158295_G/T,1,1
17_44855003_T/A,1,1
X_154947767_C/A,1,1
3_133775524_T/C,0,0
13_38856164_G/T,1,1
4_78438614_T/C,0,0
15_67066155_A/C,1,1
19_18396264_G/T,0,0
1_244054696_G/T,1,1
4_78489071_A/G,0,0
11_32434734_G/A,0,0
16_56885275_G/A,1,1
14_92039579_T/A,0,1
6_7582813_C/T,1,1
X_70033475_G/C,1,1
1_216078176_G/A,1,1
11_65546886_C/A,0,0
7_35231503_C/T,1,0
1_158636725_C/T,0,0
9_21994317_G/A,0,0
10_103882740_G/A,0,0
X_13756598_A/G,0,0
X_38411923_A/T,1,1
8_86576017_A/G,0,0
1_214640736_A/G,0,0
1_108934784_C/T,0,0
7_92097673_G/C,0,0
16_77434503_C/T,0,0
8_86654011_C/A,1,1
5_112843037_T/C,0,0
2_127428841_G/T,0,0
16_30716414_A/C,0,0
16_1207067_T/C,0,0
X_85303483_G/C,0,0
7_128851630_T/G,1,1
9_95107101_C/A,1,1
6_32079045_C/T,0,0
13_32380115_G/C,1,1
1_97234995_C/G,1,1
12_47987637_C/G,1,1
13_85794952_C/T,1,1
4_113355902_A/C,0,0
9_113286793_G/A,0,0
3_142449564_T/C,0,0
X_77688899_G/A,0,0
10_27077527_A/G,0,0
1_164807594_T/C,1,1
3_193637193_A/T,1,1
2_216477210_G/A,1,1
7_94413912_G/T,1,1
17_72122813_C/A,1,1
17_75522185_C/T,0,0
3_122284342_G/A,0,0
16_74726273_G/A,1,1
17_42911375_C/T,0,0
2_178579702_G/A,1,1
22_31768864_G/A,1,1
3_14129519_C/T,0,0
20_8727395_T/C,1,1
6_42704556_A/T,1,1
14_100277479_G/A,1,1
7_70763034_G/T,0,0
13_32340714_C/G,1,1
17_42564476_C/T,1,1
16_2080181_A/T,0,0
X_154030976_T/C,0,0
14_24259703_C/T,1,1
10_119676851_C/T,1,1
9_108878131_A/C,1,1
11_57606489_T/G,1,1
2_178612096_C/T,1,1
3_129512338_T/C,0,0
19_13261526_C/G,1,1
13_32340137_G/T,1,1
5_90658017_A/G,0,0
16_1592538_C/T,0,0
5_1294349_G/C,0,0
13_101103193_G/A,0,0
9_2056722_G/A,0,0
18_33738755_C/T,1,1
18_31070813_C/T,0,0
14_45151453_T/C,0,0
18_58536224_G/A,0,0
19_46756466_G/C,1,1
12_53059684_C/T,0,0
18_62102796_G/A,1,1
6_32084609_C/T,0,0
11_126562852_A/T,0,0
5_177516824_G/A,0,0
10_49500697_C/A,1,1
19_35719806_T/A,0,0
22_46346474_A/G,0,0
6_87257891_T/G,0,1
19_15244475_C/G,0,0
8_31065048_T/C,0,0
16_4333408_C/G,0,0
3_136260478_G/T,1,1
5_112766324_A/G,1,1
10_54317331_T/C,0,0
15_42394255_G/A,1,1
5_177283790_C/G,1,1
19_46693971_C/T,0,0
2_178779379_A/C,0,0
9_36218228_C/T,1,1
9_37425994_G/A,1,1
2_73452147_A/T,1,1
11_119276108_A/T,0,0
12_132680679_A/T,0,0
1_12031794_C/T,0,0
2_188989451_T/G,1,1
5_177995870_A/G,0,0
18_23573544_C/A,1,1
2_32136970_T/C,1,1
9_127816034_G/A,0,0
14_68925651_A/T,1,1
8_55786793_C/T,0,0
6_145735379_C/G,0,0
1_150799212_T/C,0,0
4_78387525_C/T,1,1
8_144511500_T/C,0,0
12_52679785_G/C,1,1
2_47823252_C/T,1,1
6_123393673_C/T,0,0
3_11034534_G/T,1,1
5_126577124_C/A,1,1
2_169504320_C/A,0,0
2_227699193_G/T,0,0
9_132902709_G/A,1,1
12_21477833_A/G,0,0
3_142553708_T/C,0,0
X_49251711_A/G,1,1
4_41746035_G/A,0,0
X_32342259_C/T,0,0
17_46171613_A/G,0,0
20_17498878_G/A,1,1
1_196747210_A/G,1,1
10_92650494_A/G,0,0
10_69572650_T/A,1,1
10_72005899_G/A,0,0
20_50894393_A/G,0,0
7_57120869_A/C,0,0
19_48442220_C/A,1,1
1_155478131_G/C,1,1
8_27799585_C/T,0,0
4_107945426_A/T,1,1
16_31324659_C/T,0,0
10_62813861_G/C,0,0
X_153508349_C/A,0,0
11_46307985_G/A,0,0
22_50523980_C/G,0,0
12_130371306_A/G,0,1
1_181719826_C/T,1,1
2_165388777_T/C,0,0
9_13136091_C/A,1,1
2_178615306_C/G,1,1
19_15537579_C/T,1,1
9_127854353_C/A,1,1
5_112827927_A/G,1,1
15_89330113_G/A,1,1
17_17219094_G/A,0,0
1_26767986_G/T,1,1
12_47980043_C/A,1,1
2_17780738_C/G,0,0
2_112752284_G/A,0,0
16_83899487_C/T,1,1
2_215430725_G/C,1,1
12_88111767_A/C,1,1
3_11034534_G/A,1,1
X_47619639_C/A,0,0
11_2588712_G/A,1,1
2_214780611_A/C,0,0
11_89178606_G/A,1,1
1_224189731_C/T,0,0
15_50686530_C/G,1,1
15_48244751_A/G,1,1
17_44859145_C/T,1,1
9_137199574_C/A,0,0
20_6085281_G/A,1,1
16_1352018_G/A,1,1
16_2105476_T/A,1,1
9_69238787_C/T,1,1
19_38473411_C/G,1,1
17_7673839_T/G,1,1
12_109571711_C/T,1,1
X_77652299_C/T,0,0
9_289543_T/G,0,0
3_26710245_C/T,0,0
19_10315949_C/A,0,0
12_6374685_G/A,0,0
14_102964629_G/A,1,1
4_139357523_G/T,1,1
17_81906541_C/T,1,1
11_57659887_C/T,0,0
18_2732354_A/T,0,0
12_49185341_T/G,1,1
14_64803667_A/G,0,0
17_80386791_T/A,1,0
1_46273655_G/C,0,0
1_196747163_G/T,1,1
17_80190848_G/A,0,0
1_92266417_A/G,1,1
1_158645587_G/A,1,1
6_159809013_A/T,1,1
5_177267719_G/C,1,1
22_25828893_C/T,0,0
2_165387017_G/A,1,1
5_132392590_C/T,0,0
18_45943208_A/G,0,0
17_31338121_A/T,0,0
8_18069855_C/T,0,0
1_46274153_C/A,0,0
1_239908805_G/T,0,0
1_158844006_T/C,0,0
2_44342553_C/A,1,1
2_151677902_T/A,1,1
19_12665479_C/T,0,0
14_104773254_G/A,0,0
16_17470725_C/G,0,0
5_112839665_A/T,0,0
17_61857133_G/A,1,1
1_27547424_G/T,1,1
15_48448768_C/T,1,1
21_43065523_T/C,1,1
1_111777190_G/A,0,0
10_86923419_G/C,0,0
3_58148791_C/T,0,0
2_135808912_T/G,0,0
10_122506802_G/A,1,1
14_75775556_C/T,1,1
4_121848898_C/G,1,1
X_78011674_G/T,1,0
4_110618683_C/A,1,1
19_5131116_C/T,0,0
X_67711449_G/T,1,1
7_135646216_A/G,0,0
10_27961634_A/G,0,0
X_22097039_G/A,1,1
3_33065461_A/G,1,1
2_110169913_C/A,1,1
9_2643708_C/T,1,1
13_32356426_A/C,1,1
17_43093755_G/A,0,0
6_75175138_C/T,0,0
19_47836265_G/A,0,0
10_98420131_T/G,0,0
3_47409017_C/T,0,0
16_2300146_G/A,0,0
3_14165587_T/G,1,1
17_81869204_G/A,0,0
X_13767195_C/T,1,1
19_47839730_C/A,1,1
X_53413090_G/A,1,1
2_201726842_G/A,1,1
3_38630334_C/T,0,0
16_31190826_A/T,0,0
18_45063186_C/T,0,0
3_184137710_T/C,0,0
10_104041302_C/A,1,1
7_128835549_C/T,0,0
11_71441330_C/G,1,1
18_34794119_C/T,0,0
8_41937542_T/C,0,0
17_10642681_G/T,1,1
1_23825413_C/A,1,1
20_44629046_C/T,1,1
1_155900529_A/G,0,0
13_32333006_G/T,1,1
5_177294461_A/G,0,0
X_153725694_C/T,1,1
1_8359783_C/T,0,1
3_123447849_A/G,1,1
6_52056697_C/A,1,1
8_47862463_T/G,0,0
15_27955167_G/C,0,0
10_16901347_G/A,0,0
17_17796542_G/T,1,0
2_71665304_G/T,1,1
17_42329610_C/A,1,1
15_51218613_C/T,1,1
5_132587942_G/T,1,1
9_104796052_C/T,1,1
2_181548553_C/A,0,0
5_112838271_G/T,1,1
16_13920187_C/A,0,0
2_3479236_C/T,0,0
13_95577263_G/A,1,1
X_153725612_G/T,1,1
X_64919042_C/T,1,0
20_3644240_G/A,0,0
5_36114496_G/C,1,1
X_13760638_C/T,0,0
7_47368452_A/G,0,0
1_216190368_C/T,1,1
2_165312081_G/A,1,1
10_28611923_G/A,1,1
6_35509740_C/T,0,0
3_42686266_G/T,0,0
2_189110450_C/A,1,1
2_174748169_T/A,0,0
1_167846118_C/T,0,0
10_69880517_C/T,0,0
7_147121113_C/T,1,1
14_23415181_C/T,0,0
18_62148336_G/A,0,0
12_47985589_T/C,1,1
3_49131129_G/A,1,1
9_128636414_C/T,0,0
2_85863385_G/A,0,0
11_57599951_G/T,1,1
11_89178524_G/T,1,1
17_31229365_T/A,1,1
10_49500689_G/A,1,1
16_3254351_T/A,0,0
12_57569015_A/G,1,1
16_78386878_G/C,0,0
20_63494949_C/T,0,0
5_41160263_G/T,1,1
20_2660760_G/A,0,0
1_42456853_C/T,0,0
X_101353919_T/C,0,0
11_684919_G/A,0,0
15_89301325_G/A,1,1
6_43520961_C/T,1,1
9_95456291_G/A,0,0
16_20431274_G/A,0,0
11_113412755_A/G,0,0
6_51959924_G/A,1,1
6_73615387_G/A,1,1
9_100292978_A/G,0,0
2_203870888_C/A,1,1
4_1025095_G/C,0,0
2_165373319_G/A,1,1
1_100218739_C/A,1,1
4_109766663_T/G,0,0
8_132129753_A/G,0,1
16_68687663_C/T,0,0
18_62138982_C/T,1,1
20_44624201_C/A,1,1
17_63930360_C/T,0,0
12_8843280_C/T,0,0
16_83899145_A/T,1,1
11_103174074_C/T,1,1
16_16165815_C/A,0,0
1_160282038_C/G,1,1
5_149980388_T/G,0,0
17_31357091_G/C,1,1
X_19353147_G/A,1,1
16_2112350_G/T,1,1
1_228212413_C/T,0,0
10_102644809_C/T,0,0
12_47974742_C/T,1,1
2_47416352_T/G,1,1
9_98542011_G/A,0,0
12_49024611_C/T,1,1
17_39727699_C/T,0,0
15_74345059_G/C,0,1
1_1051811_G/A,0,0
22_36767360_T/C,0,0
12_6362242_C/T,1,1
17_78821057_C/T,0,0
X_32518098_C/T,1,1
1_228215606_G/A,0,0
19_11116857_A/T,1,1
6_42704612_C/G,1,1
15_92991506_C/T,0,0
18_49962966_G/A,1,1
2_178608018_C/T,1,1
12_32850814_G/A,1,1
12_102843764_T/A,1,1
9_6606636_G/T,0,0
2_26470595_C/A,1,1
8_99384319_T/A,1,1
19_12665370_G/A,1,1
19_50231980_C/G,0,0
7_107919072_T/C,0,0
2_47806214_T/A,0,0
17_43092297_T/C,0,0
1_220136902_T/C,0,0
11_17531512_G/A,0,0
X_154366208_C/T,0,0
17_80117677_G/A,0,0
10_50095637_A/C,0,0
4_662561_C/T,1,1
16_2105354_G/A,1,1
19_18789274_G/C,0,0
11_46719838_G/A,0,0
2_70964835_C/T,1,1
8_18064456_C/T,1,1
1_94080708_C/T,1,1
X_153691404_C/T,0,0
8_56009921_C/T,0,0
22_38145530_G/A,0,0
1_237674130_T/C,0,0
15_74338761_A/T,1,1
1_161169954_T/C,1,1
17_43074494_T/C,0,0
1_157515713_C/T,0,0
1_241506083_C/T,1,1
3_179199141_G/T,1,1
16_8813027_G/A,1,1
16_4904015_C/T,0,0
15_90760976_A/T,1,1
10_49478353_C/A,1,1
5_112842092_A/G,0,0
5_128338980_C/A,1,1
12_27737569_T/C,0,0
6_33172529_C/T,1,1
13_36819867_C/T,0,0
16_2057128_C/A,0,0
14_96833632_G/T,1,1
5_13811646_C/T,1,1
2_166199794_G/A,0,0
1_43437665_C/T,1,1
3_122262151_C/T,0,0
2_26476959_G/A,0,0
2_43846166_C/T,0,0
6_49451706_G/T,1,1
X_149482798_T/A,1,1
1_235712187_A/G,0,0
19_15949451_T/G,0,0
4_158708423_C/T,1,1
8_41933554_T/A,1,0
5_138444771_C/T,0,0
17_70175405_T/C,0,0
14_102039443_T/A,0,1
1_197060962_C/A,1,1
14_23425789_G/C,1,1
7_21606653_C/T,1,1
3_122261693_C/A,0,0
13_51950277_A/G,1,1
11_65047566_C/T,1,1
11_103168869_G/A,1,1
19_13212490_G/A,0,1
6_129505317_G/A,1,1
1_237639151_G/A,0,0
3_43080919_G/A,0,0
12_908538_C/T,0,0
16_89740864_T/G,0,0
17_47253879_G/A,0,0
7_107683537_G/T,1,1
18_31092296_G/A,0,0
17_38337632_C/A,1,1
14_90404691_T/C,1,1
14_23425970_C/T,1,1
1_42930719_G/C,0,0
1_160283563_C/A,0,0
6_165662647_G/T,0,0
21_45510150_G/A,0,0
5_53107172_C/T,1,1
3_55474514_G/T,0,0
17_44385567_G/C,1,1
14_73198060_C/A,1,1
9_137162205_C/T,1,1
20_59022866_G/T,1,1
5_150368868_C/T,0,0
16_3589115_G/T,1,1
10_13294530_C/T,0,0
11_2777975_G/A,1,1
11_47338664_C/A,1,1
19_50409609_C/T,0,0
15_34792132_G/A,1,1
12_49955559_C/A,1,1
15_48472632_G/A,1,1
16_30751568_C/T,0,0
2_219562460_G/A,0,0
6_108074578_C/T,1,1
X_111720137_A/G,0,0
8_41708977_T/A,1,1
13_23336166_A/G,0,0
7_65974330_A/G,0,0
10_50132867_G/A,0,0
7_93105852_C/T,0,0
10_133267986_C/T,0,0
12_109483612_G/T,1,1
15_42736528_G/A,0,0
12_128697348_A/G,0,0
16_28903148_G/A,1,1
15_55223967_A/G,1,1
11_6615279_G/C,0,0
1_183237387_T/C,0,0
16_68815518_T/C,0,0
20_46035785_C/T,0,0
7_45084206_C/T,0,0
14_23428987_C/G,1,1
17_31330308_T/C,0,0
4_76739930_A/G,0,0
16_89791430_C/T,0,0
8_86671028_T/A,1,1
17_58213871_T/A,1,1
13_101074664_T/G,1,1
3_193645556_C/T,1,1
14_88416760_T/A,1,1
14_23426833_C/T,1,1
3_4818086_G/A,0,0
13_37584738_A/G,0,0
1_155438841_T/C,0,0
1_42930685_G/T,1,1
6_36293128_T/C,1,1
1_205303912_G/A,0,0
14_64787161_C/A,1,1
5_69419715_C/T,0,0
1_160356343_C/G,1,1
14_67722651_C/T,0,0
16_2088280_C/T,0,0
10_77993367_G/A,1,1
2_216420321_C/T,0,0
17_6478038_A/G,0,0
1_150553144_G/T,1,1
8_133259218_G/C,0,0
11_124637140_G/A,0,0
5_128301400_C/G,1,1
1_55007207_C/T,0,0
17_9686906_A/T,0,0
13_48349001_G/A,1,1
7_117603631_C/T,0,0
9_36223372_C/G,1,1
2_26476282_C/T,1,1
4_15514759_T/G,1,1
9_95135406_T/G,0,0
1_241500578_A/G,0,0
16_30738033_C/T,1,1
9_5304563_A/C,0,0
X_153725928_A/C,1,1
3_138946461_A/T,1,1
17_7676211_C/T,1,1
5_112767187_A/T,1,1
2_70275112_G/A,0,0
21_42385430_A/G,1,1
9_96301966_T/C,1,1
17_2666062_G/A,1,1
2_218263537_C/T,0,0
7_21884395_C/T,0,0
18_45912331_C/T,0,0
15_38299400_G/A,0,0
3_38551230_A/G,0,0
17_63481113_G/A,1,1
15_89210794_G/A,1,1
2_219570888_C/T,0,0
17_31358558_A/G,0,0
5_179124993_G/A,1,1
2_108006188_T/C,1,1
X_37793715_C/T,1,1
8_144516420_G/A,0,0
8_63085998_G/A,0,0
X_103788470_T/G,1,1
16_8811637_G/A,1,1
18_55228846_C/A,1,1
10_71805922_C/T,0,0
1_161306764_T/C,1,1
15_48456642_C/A,1,1
8_144474622_G/A,0,0
12_116237500_T/C,0,0
2_169202870_G/A,1,1
6_52054135_T/A,1,1
18_58330896_A/G,0,0
13_51946422_C/G,0,0
7_100627441_G/A,0,0
5_128318201_C/T,0,0
19_50407359_G/A,0,0
17_8015818_C/T,1,1
2_5693080_C/A,1,1
2_37138581_G/C,0,1
1_244855481_G/A,0,0
1_216217510_C/A,1,1
5_37038739_G/C,1,1
5_78839391_T/C,1,1
1_170552147_G/A,0,0
X_108580533_G/C,1,1
19_38499697_T/G,1,1
22_38112509_G/A,0,0
8_99853608_G/A,0,0
11_45914653_C/T,0,0
15_89317389_G/T,1,1
5_80875817_A/G,0,0
6_128883358_G/A,1,1
12_47977157_T/C,1,1
7_117611671_T/C,1,1
19_13371686_A/G,1,1
X_50915957_A/T,0,0
12_47987618_C/T,1,1
10_43113648_T/C,1,1
6_116916214_T/A,1,1
4_186276358_C/G,1,1
17_65541539_A/G,0,0
1_34761289_G/A,1,1
6_152413357_A/G,0,0
11_108289040_C/G,0,0
6_3225181_C/T,1,1
15_40414893_C/T,0,0
20_63472166_A/G,1,1
6_33437835_G/C,1,1
10_119669938_C/T,1,1
15_48437918_C/T,1,1
4_56490601_G/A,0,0
2_166242593_C/T,1,1
2_32126947_G/A,1,1
11_45913899_C/T,0,0
17_50188582_C/G,1,1
17_68515481_C/T,1,1
5_39202157_C/T,0,0
12_43778285_T/A,0,0
3_179199103_G/A,1,1
2_218270555_C/T,1,1
17_41124073_A/T,0,0
17_82752361_C/T,0,0
15_48430769_C/T,1,1
12_49031892_T/C,0,0
X_154863187_T/C,1,1
1_43448403_G/T,0,0
9_84955394_G/A,0,0
12_51786606_T/C,1,1
12_6018526_C/T,1,1
15_48494237_C/A,1,1
3_33124443_T/G,0,0
X_69957133_G/A,1,1
17_18159605_G/A,1,1
1_109606085_C/T,1,0
11_108161216_G/A,0,0
7_117542054_T/A,1,1
18_47868375_T/A,0,0
12_49026990_C/T,0,0
19_49597327_G/T,0,0
2_151503403_G/A,0,0
9_128539700_T/C,1,1
11_77160971_A/C,1,1
2_32116199_C/G,1,1
1_237806256_G/A,0,0
17_31327642_A/C,0,0
6_38906409_T/C,1,1
10_102504323_C/T,0,0
15_43017109_T/C,0,0
14_87965592_G/A,1,1
22_21772886_T/C,1,1
12_49030913_A/T,0,0
11_551965_C/T,1,1
1_205061243_A/G,1,1
15_67190412_G/C,1,1
10_12097745_C/T,1,1
6_33728102_C/T,0,0
1_119727019_C/T,0,0
1_154429212_G/A,0,0
2_71561782_C/T,0,0
16_89282980_G/A,1,1
20_46046423_C/A,0,0
5_132591354_T/G,1,1
X_103787831_T/C,1,1
1_169523900_G/C,1,1
12_41020429_G/T,1,1
X_111401331_C/A,1,1
5_78969177_G/A,1,1
9_36227459_C/T,1,1
18_44950159_G/A,0,0
6_31668537_A/C,1,1
1_97828113_C/A,1,1
1_21575746_C/T,0,0
10_87957950_T/C,0,0
3_122284314_G/A,1,1
17_31226679_C/G,1,1
1_197102408_T/C,0,0
1_1789052_C/A,1,1
7_24717264_G/A,0,0
7_74057455_G/A,0,0
4_15511382_G/T,1,1
2_166272507_G/A,0,0
16_46727371_G/A,0,0
3_190404768_T/C,1,1
15_23645076_C/T,0,0
12_128814881_C/A,0,0
8_144515813_A/T,1,1
19_54121921_C/T,0,0
1_15934313_C/T,0,0
13_23339069_T/C,0,1
6_10874214_C/A,0,0
11_108331932_G/C,0,0
17_7673775_C/G,1,1
7_37916484_G/A,0,0
2_178535050_A/C,0,0
13_83880652_G/A,0,0
12_112450359_G/T,1,1
X_77683123_A/C,0,0
2_178795128_G/A,1,1
2_178595506_C/G,1,1
1_23796944_T/G,1,1
14_102032367_C/T,0,0
5_168700650_G/A,0,0
16_2091519_C/T,0,0
6_56630332_G/A,0,0
5_34929913_C/G,1,1
10_84219201_C/T,0,0
6_56560422_G/A,0,0
7_76054895_G/A,0,0
14_28767865_C/T,1,1
6_35452794_G/C,1,1
20_50891926_T/C,0,0
X_108622816_G/A,1,1
14_59323009_G/A,0,0
5_13850777_C/T,0,0
17_41769664_G/C,1,1
2_224503651_C/T,1,1
17_7220161_C/T,0,0
12_102843780_C/A,1,1
22_29673379_C/A,0,0
11_22259520_T/G,1,1
21_46431838_C/T,1,1
14_101925148_A/G,0,0
18_10752873_G/A,0,0
4_186280122_G/C,1,1
18_62113318_T/C,1,1
10_71831899_A/G,1,1
9_439326_C/T,1,1
2_96283225_G/A,0,0
X_153867900_C/T,0,0
19_1461150_C/A,0,0
1_46192323_C/T,1,1
15_89776846_G/C,0,0
1_27552029_G/A,0,0
X_48904796_C/T,0,0
3_49124264_C/T,0,0
4_84713184_G/A,1,1
19_11041330_G/A,0,0
17_18163768_A/T,0,0
16_88435615_T/C,0,0
9_26905523_T/A,0,0
3_49642792_C/T,0,0
15_48285188_C/T,0,0
3_121993423_G/T,0,0
22_20982573_T/A,1,1
12_64495697_A/T,1,1
21_18359856_G/A,1,1
3_48579395_C/T,1,1
11_94307679_C/T,0,0
3_120674946_A/G,1,1
21_46411593_C/T,0,0
10_75029122_A/T,1,1
12_80708197_C/T,0,0
20_18546023_T/C,1,1
5_177269685_T/G,1,1
6_52025590_A/C,1,1
6_63720980_G/T,0,0
19_13135414_G/A,0,0
7_44114818_G/A,0,0
1_94080571_A/G,1,1
7_130404629_C/T,0,0
6_31865501_G/A,0,0
X_24723249_C/T,0,0
2_47795973_A/G,0,0
17_4946742_A/C,1,1
15_26560931_C/T,1,1
X_32454765_G/C,1,1
12_51914069_T/A,1,1
4_56483159_C/G,0,0
17_31260483_G/A,0,0
5_149980342_A/T,1,1
4_105236468_A/G,0,0
12_120988873_C/G,1,1
1_201069499_G/A,0,0
6_43629133_G/A,0,0
2_27231979_G/A,1,1
19_7765789_A/G,0,0
7_117664771_C/T,0,0
2_221430137_A/G,0,0
7_94425198_G/T,1,1
19_4090604_G/C,0,0
16_2040008_G/A,0,0
1_68431170_T/A,1,1
3_138946420_G/C,1,1
19_38499650_A/G,1,1
16_53692365_C/A,1,1
10_86716409_C/A,0,0
2_1487954_C/T,0,0
12_52807213_G/A,0,0
11_621442_T/A,0,0
X_640843_C/A,1,1
16_2053419_G/A,0,0
6_156778577_C/T,0,0
14_20476394_A/G,0,0
17_42210499_T/C,1,1
19_6678256_G/A,0,0
1_52383938_C/T,1,1
16_83899390_C/A,0,0
X_108692850_G/C,1,1
2_166303090_T/A,1,1
7_140924620_G/C,0,0
3_128483947_G/A,0,0
12_91055447_G/A,1,1
16_56834397_C/T,0,0
14_21385754_T/C,0,0
9_2647494_G/A,1,1
20_9372324_G/A,0,1
18_58535261_G/A,0,0
15_40212636_C/T,0,0
1_25554907_G/A,0,0
16_1791854_C/T,0,0
16_21087002_C/G,0,1
2_178689537_T/C,0,0
6_87524559_G/A,0,0
12_57766020_C/T,1,1
17_44886658_G/A,0,0
1_11934780_A/G,1,1
2_71564090_G/A,1,1
19_52211370_C/T,0,0
2_166228850_C/T,0,0
10_110584246_T/A,1,1
3_38550986_C/A,1,1
1_183239539_G/T,0,0
2_178600945_C/T,0,0
12_32841206_C/G,1,1
15_90790647_A/C,1,1
6_7582870_C/T,1,1
X_69616375_C/T,1,1
8_18062278_C/T,1,1
1_201040053_C/T,0,0
2_227051159_C/G,1,1
17_1775148_C/A,1,1
14_24262227_G/A,0,0
11_36593644_T/G,0,0
16_88732488_G/T,1,1
2_219567870_C/T,1,1
6_65405242_C/A,1,1
5_233590_C/T,0,0
6_42173631_G/A,0,0
22_50626631_G/A,0,0
9_137021488_A/C,0,0
1_149926547_T/A,1,1
3_9445701_G/A,0,0
5_177135787_A/G,0,0
5_112840978_C/G,1,1
17_36537563_A/T,1,1
16_84017286_C/A,0,0
11_108271063_G/T,1,1
1_150806805_T/C,1,1
7_117603712_A/G,0,0
X_74740459_G/C,0,0
17_31181785_G/A,1,1
13_110688004_G/A,0,0
9_137233632_G/A,1,1
13_32357740_A/T,1,1
17_47286291_T/C,1,1
14_90404693_C/G,1,1
8_41933828_C/T,0,0
20_45957595_T/A,0,0
7_41967883_C/T,0,0
10_49619742_C/G,0,0
14_102012080_G/A,1,1
1_23797719_G/T,0,0
15_34793318_C/T,0,0
X_18581942_G/T,1,1
22_31784812_A/C,1,1
15_40208700_G/T,0,0
12_47980552_A/G,1,1
2_43800918_G/T,1,1
2_39023117_A/C,1,1
5_177280757_C/T,1,1
16_67934906_C/T,1,1
12_47989226_A/T,1,1
10_87715827_T/C,0,0
8_42430121_C/T,1,1
1_11795310_C/T,0,0
2_113129619_C/T,1,1
2_169192011_G/T,0,0
22_28725270_G/T,1,1
10_132785288_G/A,1,1
17_46024075_T/C,0,0
16_2099934_A/G,1,1
2_29275217_C/T,0,0
1_68431377_C/T,1,1
8_96144971_C/T,0,0
22_28734481_C/A,1,1
8_67131950_G/C,1,1
14_49633878_C/T,0,0
9_18950934_C/T,0,0
18_57688405_G/C,0,0
3_31879681_G/A,0,1
18_51078266_T/A,0,0
16_68810342_G/A,1,1
11_66295289_G/A,1,1
10_71439873_T/C,0,0
14_24259180_G/C,1,1
X_32441257_G/A,0,0
10_47353508_G/A,1,0
1_7965348_G/T,1,0
14_87984460_G/T,0,0
2_55316105_A/G,0,0
6_136845636_C/T,1,1
8_144326466_G/A,0,0
1_209628119_T/A,1,1
3_197951288_C/T,0,0
2_73448633_T/C,0,0
3_33065495_A/C,1,1
16_28902259_C/T,0,0
13_23358462_G/T,1,1
3_121522045_A/G,0,0
16_81931546_G/C,0,0
9_137834860_G/T,0,0
14_99174414_A/G,1,1
19_13285110_A/G,0,1
19_11111519_G/T,1,1
12_80261968_G/T,1,1
X_74740433_T/G,0,0
3_142560376_G/A,0,0
17_31337370_G/T,1,1
X_154532756_C/T,0,0
11_59151950_T/A,0,0
5_35860922_G/A,0,0
17_7220606_A/G,0,0
1_150796838_G/A,0,0
12_57173841_C/T,0,0
9_116698939_C/A,0,0
2_73534843_A/G,0,0
1_228337983_C/T,0,0
6_33164402_G/A,0,0
1_193152417_C/T,0,0
15_61907385_G/C,1,1
19_32383020_C/T,0,0
3_149520982_G/A,0,0
1_169552595_C/A,1,1
1_244863733_G/T,1,1
17_40630736_G/A,0,0
6_152396837_T/C,0,0
10_49471110_T/A,1,1
16_49635917_G/A,0,0
16_1216973_C/T,0,0
1_237566634_T/C,0,0
16_2074284_G/T,1,1
1_181732835_A/G,0,1
16_5082581_T/A,1,1
5_112837581_C/T,1,1
2_178612281_G/A,0,0
1_247444122_C/T,0,0
17_17794628_T/A,0,0
17_35001328_C/T,0,0
2_107993081_A/T,0,0
2_71674261_G/A,1,1
3_4676688_T/C,0,0
12_13571830_A/G,0,0
18_58536707_T/C,0,0
3_155144358_G/C,1,1
2_166002487_G/T,0,0
1_12004553_G/T,0,0
11_9079481_A/G,0,0
2_26501752_A/G,1,1
12_48941062_G/C,1,1
2_178593444_A/G,0,0
20_18316570_G/A,0,0
16_72104614_C/A,0,0
17_42538410_G/A,1,1
2_210576406_T/G,0,0
11_68433792_C/T,0,0
17_46032235_G/A,1,1
4_112649571_G/A,0,0
15_89666966_G/A,0,0
2_148512915_C/T,0,0
3_138373060_A/G,0,0
14_24259196_G/T,1,1
14_96881181_A/C,0,0
18_31541311_C/T,0,0
3_149141381_G/A,1,1
11_108253824_C/T,1,1
9_136377958_C/T,0,0
19_4544302_C/A,1,1
9_35560624_C/T,0,0
14_102016945_G/A,0,0
2_113246809_C/T,1,1
16_3589636_G/A,0,0
1_12011547_C/G,1,1
9_2115831_G/A,1,1
6_73473496_C/T,1,1
X_77664715_A/G,0,0
2_178740924_C/T,0,0
9_101427498_G/T,1,1
3_47745960_C/T,0,0
9_77358428_C/T,0,0
2_86466718_G/A,0,0
19_11100326_T/C,0,0
5_7889259_A/G,0,0
16_15823274_G/A,0,0
X_154957009_A/G,1,1
17_13003530_A/C,1,0
2_71612667_C/A,1,1
X_154984788_G/T,1,1
1_150509685_C/A,0,1
15_78077595_G/A,1,1
2_63382095_C/G,1,1
10_100245817_T/A,1,1
12_120727067_C/T,1,1
4_121910242_C/T,0,0
7_44696993_G/A,0,0
2_74534731_G/A,0,0
10_72007893_G/T,1,1
11_119071670_C/T,0,0
X_152869040_A/G,1,1
19_17882221_T/G,1,1
1_6095358_C/G,0,0
18_45880125_C/A,1,1
7_73477238_C/T,0,0
1_92480631_G/A,0,0
15_48510089_A/G,1,1
5_36985569_C/T,1,1
17_82080562_C/T,0,0
5_1279290_C/G,1,1
X_54455447_C/A,1,1
5_95494782_C/A,0,0
9_414801_A/T,1,1
20_57564206_C/T,0,0
3_15644771_T/G,0,0
16_89548091_C/A,1,1
12_50098959_C/T,1,1
1_179342188_A/G,0,0
10_124400964_A/T,0,0
9_34650448_G/A,0,0
2_151545929_C/A,1,1
22_28725242_C/A,1,1
12_116096698_G/C,1,1
4_105275843_A/G,0,1
15_28141847_C/T,1,1
19_39830682_G/A,0,0
8_132935759_C/T,1,1
13_48381246_G/A,1,1
12_49049116_C/A,1,1
2_71574229_G/A,1,1
5_128344430_A/T,1,1
2_202542380_T/G,1,1
16_2091422_C/T,1,1
15_43616097_A/G,1,1
10_29481622_A/G,0,0
2_178533214_C/T,0,0
X_32216915_C/T,1,1
1_68431319_G/T,1,1
2_177393032_C/T,0,0
1_43427098_C/T,1,1
16_14552028_T/C,0,0
19_38119765_T/C,0,0
13_110467083_C/T,0,0
10_78009953_G/C,1,1
7_128830904_C/G,0,0
19_18787581_C/T,1,1
19_57234985_G/A,1,1
8_99832368_G/C,1,1
2_165331347_C/T,1,1
1_201077965_G/T,0,0
4_145639154_A/G,0,0
8_47962814_T/C,0,0
4_2830145_C/T,0,0
19_18929530_G/A,0,0
20_46041440_C/A,1,1
3_46714257_G/A,0,1
16_1448486_T/A,1,1
8_89980894_C/A,1,1
2_21028431_G/A,0,0
19_52805165_A/G,0,0
4_113356106_A/C,0,0
X_32565829_G/T,1,1
9_97854260_C/A,1,1
11_66849851_C/T,0,0
9_35074388_T/C,0,0
2_227245999_G/C,1,1
6_51868004_A/G,1,1
19_42907842_A/T,0,0
7_94418535_G/A,1,1
9_95240648_C/T,1,1
2_178581623_G/A,0,0
5_13867910_C/T,1,1
16_30986422_G/A,1,1
13_48001249_G/C,1,1
13_32394813_G/A,1,1
2_178579678_G/A,1,1
6_98917716_C/T,1,1
4_39454544_T/C,0,0
2_99404456_T/C,0,0
17_7673225_C/A,0,0
10_72563042_T/C,0,0
6_51754791_C/A,0,0
X_71135187_A/G,0,0
22_28703561_G/T,1,1
15_48489850_C/G,1,1
2_47466756_A/T,1,1
7_94408345_G/A,1,1
11_126306683_G/A,0,0
17_17216378_A/G,1,1
15_61983908_T/A,0,1
4_6291360_C/T,0,0
9_136677048_G/A,0,0
16_9764683_C/G,0,0
7_100817276_T/C,0,0
19_49417425_T/A,1,1
10_133366950_C/T,0,0
11_33710258_C/A,0,0
1_154575806_C/T,0,0
6_7585716_C/T,0,0
22_50525782_C/A,0,0
19_12648304_C/T,0,0
17_6694138_G/T,1,1
2_227248455_A/G,0,0
5_177405408_G/T,1,1
11_6392119_G/T,1,1
12_108526491_C/G,0,0
2_74535329_T/C,0,0
7_131509377_A/G,0,0
1_235484358_C/T,0,0
19_39785840_G/A,0,0
1_42929736_G/A,1,1
5_112842745_T/G,1,1
20_63691798_G/T,0,0
13_32336849_G/T,1,1
16_88811658_T/C,1,1
2_178534012_T/C,0,0
14_67725149_G/C,1,1
9_137234438_G/A,1,1
9_77260203_T/G,0,0
19_33301548_G/A,0,0
10_87714864_G/T,1,1
19_13135795_C/T,0,0
15_67204120_T/A,0,1
1_2303302_C/T,0,0
X_38403735_C/G,1,1
11_117432371_A/C,0,0
19_1226578_C/T,0,0
11_20638559_G/A,1,1
15_27957737_T/C,1,1
20_62325332_C/T,0,0
4_15980435_C/G,1,1
21_46112013_G/T,0,0
6_49435455_C/T,1,1
12_120739361_C/T,0,0
17_75840273_G/T,1,1
7_75980461_C/T,0,0
16_70903687_C/A,0,0
11_67487047_C/T,0,0
8_143561060_C/T,0,0
20_10672872_G/A,0,0
16_89803262_C/A,0,0
4_6694007_G/A,0,0
17_35557396_G/A,1,1
16_53652637_G/A,1,1
16_17117746_C/A,0,0
4_75564112_A/T,1,1
6_24503411_G/A,1,1
12_6025905_C/A,1,1
16_57659593_C/T,0,0
15_66703339_C/T,0,0
3_183015453_T/C,0,0
6_43007292_T/A,1,1
6_64066440_C/T,1,1
7_107690133_G/T,1,1
1_119735368_C/T,0,0
17_50197230_C/A,1,1
10_63214775_C/T,0,0
6_75950567_G/A,1,1
13_32340842_C/T,1,1
8_2090149_C/A,0,1
11_2166747_C/G,1,1
X_48685837_G/A,1,1
X_154961092_G/C,1,1
15_42963976_G/A,0,0
11_64907322_A/G,0,0
18_31595196_A/G,1,1
4_55954214_A/T,1,1
2_189571799_T/G,1,1
7_128844852_C/T,0,0
20_10647045_A/T,1,1
3_81642989_G/A,1,1
15_89325678_C/T,1,1
17_74310103_G/A,0,0
11_68386695_A/G,0,0
19_6713235_C/T,0,0
9_138117944_A/C,1,1
9_114403971_C/T,0,0
15_48744262_A/T,0,0
5_69504296_T/C,1,1
10_71740952_T/C,1,1
11_6622034_C/T,0,0
17_49706269_T/C,0,0
10_86892158_G/T,1,1
7_140801531_A/C,1,1
10_129962956_A/C,1,1
11_1251479_G/A,0,0
7_152182184_T/C,0,0
9_2161784_T/G,0,1
7_93102567_C/T,0,0
2_210595495_A/G,0,0
19_863151_C/T,0,0
19_607971_C/T,1,0
15_45362129_A/G,0,0
22_32091633_C/G,1,1
X_108655457_G/A,1,1
22_41168719_A/G,1,1
1_169597088_G/A,0,0
5_38523491_A/C,0,0
16_89791505_G/A,0,0
1_152309518_G/C,0,0
11_721351_C/G,1,0
12_101342580_G/A,0,0
15_42411336_C/T,0,0
5_13841777_A/T,1,1
17_42537396_A/G,1,1
15_90946761_G/A,0,0
11_57599992_C/T,0,0
19_15181079_C/G,1,1
18_33744597_A/G,0,0
3_9917936_C/G,0,0
19_45357545_T/C,1,1
18_31538749_A/G,1,1
16_2053422_G/A,0,0
16_89270834_T/A,1,1
3_48569399_T/C,0,0
6_33438174_T/G,1,1
19_6710846_C/A,1,1
13_32332435_T/C,0,0
2_47806470_G/T,1,1
8_86743616_C/A,0,0
3_142462088_G/A,0,0
1_10623084_C/T,0,0
5_16565788_G/A,1,1
12_88136717_G/A,1,1
X_47181988_C/T,0,0
X_24745518_T/A,0,0
9_132921940_T/G,1,1
8_28717508_G/A,0,0
11_89178558_A/G,1,1
19_11111556_G/A,1,1
11_103147790_T/A,1,1
X_11118503_G/A,1,1
19_46755610_C/G,1,1
4_106194717_C/T,1,1
1_26952082_T/C,0,1
14_101980506_A/G,1,0
X_154030924_G/A,1,1
9_128219094_C/T,1,1
6_133462748_T/C,0,0
2_227280919_G/A,1,1
14_81143856_T/C,1,1
14_88416755_C/T,1,1
5_177292120_A/C,1,1
2_178595585_G/A,1,1
11_103203772_A/G,0,0
12_32731362_C/T,1,1
1_152313385_G/A,1,1
6_131860385_A/G,1,1
15_71737994_G/A,0,0
11_2583477_A/G,1,1
2_21026859_G/A,1,1
12_50090508_C/T,1,1
9_108911128_G/T,1,1
10_104034324_C/T,0,0
8_63085816_A/G,1,1
3_48459863_T/C,0,0
1_160070021_C/A,1,1
14_96303229_C/T,0,0
1_21560625_G/C,1,1
14_55628008_C/A,0,0
5_68293707_A/G,1,1
X_45061392_A/G,0,0
16_2088119_C/T,1,1
22_46337777_A/C,1,1
